<?xml version="1.0" encoding="utf-8"?>
<!--
Taxonomy Definition Links linkbase based on XBRL standard Version 2.1.
Created by UBmatrix Taxonomy Designer 3.0.3.2436 (2009-06-02 12:18).  
Contact www.ubmatrix.com
Copyright (c) 2002-2013 UBmatrix inc., All Rights Reserved
Produced on 2013-04-19 09:53:28
-->
<linkbase
  xmlns="http://www.xbrl.org/2003/linkbase"
  xmlns:xsi="http://www.w3.org/2001/XMLSchema-instance"
  xmlns:xlink="http://www.w3.org/1999/xlink"
  xmlns:xbrldt="http://xbrl.org/2005/xbrldt"
  xsi:schemaLocation="
    http://www.xbrl.org/2003/linkbase 
      http://www.xbrl.org/2003/xbrl-linkbase-2003-12-31.xsd
    http://xbrl.org/2005/xbrldt  http://www.xbrl.org/2005/xbrldt-2005.xsd
    ">
  <roleRef xlink:type="simple"
    xlink:href="sap-20130331.xsd#ConsolidatedStatementofChangesinEquity"
    roleURI="http://www.sap.com/20130331/role/ConsolidatedStatementofChangesinEquity" />
  <arcroleRef xlink:type="simple"
    xlink:href="http://www.xbrl.org/2005/xbrldt-2005.xsd#all"
    arcroleURI="http://xbrl.org/int/dim/arcrole/all" />
  <arcroleRef xlink:type="simple"
    xlink:href="http://www.xbrl.org/2005/xbrldt-2005.xsd#hypercube-dimension"
    arcroleURI="http://xbrl.org/int/dim/arcrole/hypercube-dimension" />
  <arcroleRef xlink:type="simple"
    xlink:href="http://www.xbrl.org/2005/xbrldt-2005.xsd#dimension-domain"
    arcroleURI="http://xbrl.org/int/dim/arcrole/dimension-domain" />
  <arcroleRef xlink:type="simple"
    xlink:href="http://www.xbrl.org/2005/xbrldt-2005.xsd#domain-member"
    arcroleURI="http://xbrl.org/int/dim/arcrole/domain-member" />
  <arcroleRef xlink:type="simple"
    xlink:href="http://www.xbrl.org/2005/xbrldt-2005.xsd#dimension-default"
    arcroleURI="http://xbrl.org/int/dim/arcrole/dimension-default" />
  <definitionLink xlink:type="extended"
    xlink:role="http://www.sap.com/20130331/role/ConsolidatedStatementofChangesinEquity">
    <loc xlink:type="locator"
      xlink:label="ifrs_StatementOfChangesInEquityAbstract"
      xlink:href="http://xbrl.ifrs.org/taxonomy/2013-03-28/ifrs-cor_2013-03-28.xsd#ifrs_StatementOfChangesInEquityAbstract" />
    <loc xlink:type="locator"
      xlink:label="ifrs_StatementOfChangesInEquityTable"
      xlink:href="http://xbrl.ifrs.org/taxonomy/2013-03-28/ifrs-cor_2013-03-28.xsd#ifrs_StatementOfChangesInEquityTable" />
    <definitionArc xlink:type="arc"
      xlink:arcrole="http://xbrl.org/int/dim/arcrole/all"
      xlink:from="ifrs_StatementOfChangesInEquityAbstract"
      xlink:to="ifrs_StatementOfChangesInEquityTable"
      order="1"
      use="optional"
      xbrldt:contextElement="segment"
      xbrldt:closed="true" />
    <loc xlink:type="locator"
      xlink:label="ifrs_ComponentsOfEquityAxis"
      xlink:href="http://xbrl.ifrs.org/taxonomy/2013-03-28/ifrs-cor_2013-03-28.xsd#ifrs_ComponentsOfEquityAxis" />
    <definitionArc xlink:type="arc"
      xlink:arcrole="http://xbrl.org/int/dim/arcrole/hypercube-dimension"
      xlink:from="ifrs_StatementOfChangesInEquityTable"
      xlink:to="ifrs_ComponentsOfEquityAxis"
      order="1"
      use="optional" />
    <loc xlink:type="locator"
      xlink:label="ifrs_EquityMember"
      xlink:href="http://xbrl.ifrs.org/taxonomy/2013-03-28/ifrs-cor_2013-03-28.xsd#ifrs_EquityMember" />
    <definitionArc xlink:type="arc"
      xlink:arcrole="http://xbrl.org/int/dim/arcrole/dimension-domain"
      xlink:from="ifrs_ComponentsOfEquityAxis"
      xlink:to="ifrs_EquityMember"
      order="1"
      use="optional" />
    <loc xlink:type="locator"
      xlink:label="ifrs_EquityAttributableToOwnersOfParentMember"
      xlink:href="http://xbrl.ifrs.org/taxonomy/2013-03-28/ifrs-cor_2013-03-28.xsd#ifrs_EquityAttributableToOwnersOfParentMember" />
    <definitionArc xlink:type="arc"
      xlink:arcrole="http://xbrl.org/int/dim/arcrole/domain-member"
      xlink:from="ifrs_EquityMember" xlink:to="ifrs_EquityAttributableToOwnersOfParentMember"
      order="1"
      use="optional" />
    <loc xlink:type="locator"
      xlink:label="ifrs_IssuedCapitalMember"
      xlink:href="http://xbrl.ifrs.org/taxonomy/2013-03-28/ifrs-cor_2013-03-28.xsd#ifrs_IssuedCapitalMember" />
    <definitionArc xlink:type="arc"
      xlink:arcrole="http://xbrl.org/int/dim/arcrole/domain-member"
      xlink:from="ifrs_EquityAttributableToOwnersOfParentMember"
      xlink:to="ifrs_IssuedCapitalMember"
      order="1"
      use="optional" />
    <loc xlink:type="locator"
      xlink:label="ifrs_SharePremiumMember"
      xlink:href="http://xbrl.ifrs.org/taxonomy/2013-03-28/ifrs-cor_2013-03-28.xsd#ifrs_SharePremiumMember" />
    <definitionArc xlink:type="arc"
      xlink:arcrole="http://xbrl.org/int/dim/arcrole/domain-member"
      xlink:from="ifrs_EquityAttributableToOwnersOfParentMember"
      xlink:to="ifrs_SharePremiumMember"
      order="2"
      use="optional" />
    <loc xlink:type="locator"
      xlink:label="ifrs_RetainedEarningsMember"
      xlink:href="http://xbrl.ifrs.org/taxonomy/2013-03-28/ifrs-cor_2013-03-28.xsd#ifrs_RetainedEarningsMember" />
    <definitionArc xlink:type="arc"
      xlink:arcrole="http://xbrl.org/int/dim/arcrole/domain-member"
      xlink:from="ifrs_EquityAttributableToOwnersOfParentMember"
      xlink:to="ifrs_RetainedEarningsMember"
      order="3"
      use="optional" />
    <loc xlink:type="locator"
      xlink:label="ifrs_OtherEquityInterestMember"
      xlink:href="http://xbrl.ifrs.org/taxonomy/2013-03-28/ifrs-cor_2013-03-28.xsd#ifrs_OtherEquityInterestMember" />
    <definitionArc xlink:type="arc"
      xlink:arcrole="http://xbrl.org/int/dim/arcrole/domain-member"
      xlink:from="ifrs_EquityAttributableToOwnersOfParentMember"
      xlink:to="ifrs_OtherEquityInterestMember"
      order="4"
      use="optional" />
    <loc xlink:type="locator"
      xlink:label="ifrs_ReserveOfExchangeDifferencesOnTranslationMember"
      xlink:href="http://xbrl.ifrs.org/taxonomy/2013-03-28/ifrs-cor_2013-03-28.xsd#ifrs_ReserveOfExchangeDifferencesOnTranslationMember" />
    <definitionArc xlink:type="arc"
      xlink:arcrole="http://xbrl.org/int/dim/arcrole/domain-member"
      xlink:from="ifrs_OtherEquityInterestMember"
      xlink:to="ifrs_ReserveOfExchangeDifferencesOnTranslationMember"
      order="1"
      use="optional" />
    <loc xlink:type="locator"
      xlink:label="ifrs_ReserveOfGainsAndLossesOnRemeasuringAvailableforsaleFinancialAssetsMember"
      xlink:href="http://xbrl.ifrs.org/taxonomy/2013-03-28/ifrs-cor_2013-03-28.xsd#ifrs_ReserveOfGainsAndLossesOnRemeasuringAvailableforsaleFinancialAssetsMember" />
    <definitionArc xlink:type="arc"
      xlink:arcrole="http://xbrl.org/int/dim/arcrole/domain-member"
      xlink:from="ifrs_OtherEquityInterestMember"
      xlink:to="ifrs_ReserveOfGainsAndLossesOnRemeasuringAvailableforsaleFinancialAssetsMember"
      order="2"
      use="optional" />
    <loc xlink:type="locator"
      xlink:label="ifrs_ReserveOfCashFlowHedgesMember"
      xlink:href="http://xbrl.ifrs.org/taxonomy/2013-03-28/ifrs-cor_2013-03-28.xsd#ifrs_ReserveOfCashFlowHedgesMember" />
    <definitionArc xlink:type="arc"
      xlink:arcrole="http://xbrl.org/int/dim/arcrole/domain-member"
      xlink:from="ifrs_OtherEquityInterestMember"
      xlink:to="ifrs_ReserveOfCashFlowHedgesMember"
      order="3"
      use="optional" />
    <loc xlink:type="locator"
      xlink:label="ifrs_TreasurySharesMember"
      xlink:href="http://xbrl.ifrs.org/taxonomy/2013-03-28/ifrs-cor_2013-03-28.xsd#ifrs_TreasurySharesMember" />
    <definitionArc xlink:type="arc"
      xlink:arcrole="http://xbrl.org/int/dim/arcrole/domain-member"
      xlink:from="ifrs_EquityAttributableToOwnersOfParentMember"
      xlink:to="ifrs_TreasurySharesMember"
      order="5"
      use="optional" />
    <loc xlink:type="locator"
      xlink:label="ifrs_NoncontrollingInterestsMember"
      xlink:href="http://xbrl.ifrs.org/taxonomy/2013-03-28/ifrs-cor_2013-03-28.xsd#ifrs_NoncontrollingInterestsMember" />
    <definitionArc xlink:type="arc"
      xlink:arcrole="http://xbrl.org/int/dim/arcrole/domain-member"
      xlink:from="ifrs_EquityMember" xlink:to="ifrs_NoncontrollingInterestsMember"
      order="2"
      use="optional" />
    <loc xlink:type="locator"
      xlink:label="ifrs_StatementOfChangesInEquityLineItems"
      xlink:href="http://xbrl.ifrs.org/taxonomy/2013-03-28/ifrs-cor_2013-03-28.xsd#ifrs_StatementOfChangesInEquityLineItems" />
    <definitionArc xlink:type="arc"
      xlink:arcrole="http://xbrl.org/int/dim/arcrole/domain-member"
      xlink:from="ifrs_StatementOfChangesInEquityAbstract"
      xlink:to="ifrs_StatementOfChangesInEquityLineItems"
      order="2"
      use="optional" />
    <loc xlink:type="locator"
      xlink:label="ifrs_Equity"
      xlink:href="http://xbrl.ifrs.org/taxonomy/2013-03-28/ifrs-cor_2013-03-28.xsd#ifrs_Equity" />
    <definitionArc xlink:type="arc"
      xlink:arcrole="http://xbrl.org/int/dim/arcrole/domain-member"
      xlink:from="ifrs_StatementOfChangesInEquityLineItems"
      xlink:to="ifrs_Equity"
      order="1"
      use="optional" />
    <loc xlink:type="locator"
      xlink:label="ifrs_ChangesInEquityAbstract"
      xlink:href="http://xbrl.ifrs.org/taxonomy/2013-03-28/ifrs-cor_2013-03-28.xsd#ifrs_ChangesInEquityAbstract" />
    <definitionArc xlink:type="arc"
      xlink:arcrole="http://xbrl.org/int/dim/arcrole/domain-member"
      xlink:from="ifrs_StatementOfChangesInEquityLineItems"
      xlink:to="ifrs_ChangesInEquityAbstract"
      order="3"
      use="optional" />
    <loc xlink:type="locator"
      xlink:label="ifrs_ComprehensiveIncomeAbstract"
      xlink:href="http://xbrl.ifrs.org/taxonomy/2013-03-28/ifrs-cor_2013-03-28.xsd#ifrs_ComprehensiveIncomeAbstract" />
    <definitionArc xlink:type="arc"
      xlink:arcrole="http://xbrl.org/int/dim/arcrole/domain-member"
      xlink:from="ifrs_ChangesInEquityAbstract"
      xlink:to="ifrs_ComprehensiveIncomeAbstract"
      order="1"
      use="optional" />
    <loc xlink:type="locator"
      xlink:label="ifrs_ProfitLoss"
      xlink:href="http://xbrl.ifrs.org/taxonomy/2013-03-28/ifrs-cor_2013-03-28.xsd#ifrs_ProfitLoss" />
    <definitionArc xlink:type="arc"
      xlink:arcrole="http://xbrl.org/int/dim/arcrole/domain-member"
      xlink:from="ifrs_ComprehensiveIncomeAbstract"
      xlink:to="ifrs_ProfitLoss"
      order="1"
      use="optional" />
    <loc xlink:type="locator"
      xlink:label="ifrs_OtherComprehensiveIncome"
      xlink:href="http://xbrl.ifrs.org/taxonomy/2013-03-28/ifrs-cor_2013-03-28.xsd#ifrs_OtherComprehensiveIncome" />
    <definitionArc xlink:type="arc"
      xlink:arcrole="http://xbrl.org/int/dim/arcrole/domain-member"
      xlink:from="ifrs_ComprehensiveIncomeAbstract"
      xlink:to="ifrs_OtherComprehensiveIncome"
      order="2"
      use="optional" />
    <loc xlink:type="locator"
      xlink:label="ifrs_IncreaseDecreaseThroughSharebasedPaymentTransactions"
      xlink:href="http://xbrl.ifrs.org/taxonomy/2013-03-28/ifrs-cor_2013-03-28.xsd#ifrs_IncreaseDecreaseThroughSharebasedPaymentTransactions" />
    <definitionArc xlink:type="arc"
      xlink:arcrole="http://xbrl.org/int/dim/arcrole/domain-member"
      xlink:from="ifrs_ChangesInEquityAbstract"
      xlink:to="ifrs_IncreaseDecreaseThroughSharebasedPaymentTransactions"
      order="2"
      use="optional" />
    <loc xlink:type="locator"
      xlink:label="ifrs_DividendsPaid"
      xlink:href="http://xbrl.ifrs.org/taxonomy/2013-03-28/ifrs-cor_2013-03-28.xsd#ifrs_DividendsPaid" />
    <definitionArc xlink:type="arc"
      xlink:arcrole="http://xbrl.org/int/dim/arcrole/domain-member"
      xlink:from="ifrs_ChangesInEquityAbstract"
      xlink:to="ifrs_DividendsPaid"
      order="3"
      use="optional" />
    <loc xlink:type="locator"
      xlink:label="ifrs_IssueOfEquity"
      xlink:href="http://xbrl.ifrs.org/taxonomy/2013-03-28/ifrs-cor_2013-03-28.xsd#ifrs_IssueOfEquity" />
    <definitionArc xlink:type="arc"
      xlink:arcrole="http://xbrl.org/int/dim/arcrole/domain-member"
      xlink:from="ifrs_ChangesInEquityAbstract"
      xlink:to="ifrs_IssueOfEquity"
      order="4"
      use="optional" />
    <loc xlink:type="locator"
      xlink:label="ifrs_PurchaseOfTreasuryShares"
      xlink:href="http://xbrl.ifrs.org/taxonomy/2013-03-28/ifrs-cor_2013-03-28.xsd#ifrs_PurchaseOfTreasuryShares" />
    <definitionArc xlink:type="arc"
      xlink:arcrole="http://xbrl.org/int/dim/arcrole/domain-member"
      xlink:from="ifrs_ChangesInEquityAbstract"
      xlink:to="ifrs_PurchaseOfTreasuryShares"
      order="5"
      use="optional" />
    <loc xlink:type="locator"
      xlink:label="ifrs_CancellationOfTreasuryShares"
      xlink:href="http://xbrl.ifrs.org/taxonomy/2013-03-28/ifrs-cor_2013-03-28.xsd#ifrs_CancellationOfTreasuryShares" />
    <definitionArc xlink:type="arc"
      xlink:arcrole="http://xbrl.org/int/dim/arcrole/domain-member"
      xlink:from="ifrs_ChangesInEquityAbstract"
      xlink:to="ifrs_CancellationOfTreasuryShares"
      order="6"
      use="optional" />
    <loc xlink:type="locator"
      xlink:label="ifrs_IncreaseDecreaseThroughTreasuryShareTransactions"
      xlink:href="http://xbrl.ifrs.org/taxonomy/2013-03-28/ifrs-cor_2013-03-28.xsd#ifrs_IncreaseDecreaseThroughTreasuryShareTransactions" />
    <definitionArc xlink:type="arc"
      xlink:arcrole="http://xbrl.org/int/dim/arcrole/domain-member"
      xlink:from="ifrs_ChangesInEquityAbstract"
      xlink:to="ifrs_IncreaseDecreaseThroughTreasuryShareTransactions"
      order="7"
      use="optional" />
    <loc xlink:type="locator"
      xlink:label="ifrs_IncreaseDecreaseThroughChangesInOwnershipInterestsInSubsidiariesThatDoNotResultInLossOfControl"
      xlink:href="http://xbrl.ifrs.org/taxonomy/2013-03-28/ifrs-cor_2013-03-28.xsd#ifrs_IncreaseDecreaseThroughChangesInOwnershipInterestsInSubsidiariesThatDoNotResultInLossOfControl" />
    <definitionArc xlink:type="arc"
      xlink:arcrole="http://xbrl.org/int/dim/arcrole/domain-member"
      xlink:from="ifrs_ChangesInEquityAbstract"
      xlink:to="ifrs_IncreaseDecreaseThroughChangesInOwnershipInterestsInSubsidiariesThatDoNotResultInLossOfControl"
      order="8"
      use="optional" />
    <loc xlink:type="locator"
      xlink:label="ifrs_IncreaseDecreaseThroughTransfersAndOtherChangesEquity"
      xlink:href="http://xbrl.ifrs.org/taxonomy/2013-03-28/ifrs-cor_2013-03-28.xsd#ifrs_IncreaseDecreaseThroughTransfersAndOtherChangesEquity" />
    <definitionArc xlink:type="arc"
      xlink:arcrole="http://xbrl.org/int/dim/arcrole/domain-member"
      xlink:from="ifrs_ChangesInEquityAbstract"
      xlink:to="ifrs_IncreaseDecreaseThroughTransfersAndOtherChangesEquity"
      order="9"
      use="optional" />
  </definitionLink>
  <definitionLink xlink:type="extended"
    xlink:role="http://www.sap.com/20130331/role/ConsolidatedStatementofChangesinEquity">
    <loc xlink:type="locator"
      xlink:label="ifrs_ComponentsOfEquityAxis"
      xlink:href="http://xbrl.ifrs.org/taxonomy/2013-03-28/ifrs-cor_2013-03-28.xsd#ifrs_ComponentsOfEquityAxis" />
    <loc xlink:type="locator"
      xlink:label="ifrs_EquityMember"
      xlink:href="http://xbrl.ifrs.org/taxonomy/2013-03-28/ifrs-cor_2013-03-28.xsd#ifrs_EquityMember" />
    <definitionArc xlink:type="arc"
      xlink:arcrole="http://xbrl.org/int/dim/arcrole/dimension-default"
      xlink:from="ifrs_ComponentsOfEquityAxis"
      xlink:to="ifrs_EquityMember"
      order="2"
      use="optional" />
  </definitionLink>
</linkbase>