<?xml version="1.0" encoding="utf-8"?>
<!--
Taxonomy Calculation Links linkbase based on XBRL standard Version 2.1.
Created by UBmatrix Taxonomy Designer 3.0.3.2436 (2009-06-02 12:18).  
Contact www.ubmatrix.com
Copyright (c) 2002-2013 UBmatrix inc., All Rights Reserved
Produced on 2013-04-19 09:53:28
-->
<linkbase
  xmlns="http://www.xbrl.org/2003/linkbase"
  xmlns:xsi="http://www.w3.org/2001/XMLSchema-instance"
  xmlns:xlink="http://www.w3.org/1999/xlink"
  xsi:schemaLocation="
    http://www.xbrl.org/2003/linkbase 
      http://www.xbrl.org/2003/xbrl-linkbase-2003-12-31.xsd
    ">
  <roleRef xlink:type="simple"
    xlink:href="sap-20130331.xsd#ConsolidatedStatementofFinancialPosition"
    roleURI="http://www.sap.com/20130331/role/ConsolidatedStatementofFinancialPosition" />
  <roleRef xlink:type="simple"
    xlink:href="sap-20130331.xsd#ConsolidatedIncomeStatement"
    roleURI="http://www.sap.com/20130331/role/ConsolidatedIncomeStatement" />
  <roleRef xlink:type="simple"
    xlink:href="sap-20130331.xsd#ConsolidatedStatementofComprehensiveIncome"
    roleURI="http://www.sap.com/20130331/role/ConsolidatedStatementofComprehensiveIncome" />
  <roleRef xlink:type="simple"
    xlink:href="sap-20130331.xsd#ConsolidatedStatementofCashFlows"
    roleURI="http://www.sap.com/20130331/role/ConsolidatedStatementofCashFlows" />
  <calculationLink xlink:type="extended"
    xlink:role="http://www.sap.com/20130331/role/ConsolidatedStatementofFinancialPosition">
    <loc xlink:type="locator"
      xlink:label="ifrs_Assets"
      xlink:href="http://xbrl.ifrs.org/taxonomy/2013-03-28/ifrs-cor_2013-03-28.xsd#ifrs_Assets" />
    <loc xlink:type="locator"
      xlink:label="ifrs_CurrentAssets"
      xlink:href="http://xbrl.ifrs.org/taxonomy/2013-03-28/ifrs-cor_2013-03-28.xsd#ifrs_CurrentAssets" />
    <calculationArc xlink:type="arc"
      xlink:arcrole="http://www.xbrl.org/2003/arcrole/summation-item"
      xlink:from="ifrs_Assets" xlink:to="ifrs_CurrentAssets"
      order="1"
      weight="1"
      use="optional" />
    <loc xlink:type="locator"
      xlink:label="ifrs_CashAndCashEquivalents"
      xlink:href="http://xbrl.ifrs.org/taxonomy/2013-03-28/ifrs-cor_2013-03-28.xsd#ifrs_CashAndCashEquivalents" />
    <calculationArc xlink:type="arc"
      xlink:arcrole="http://www.xbrl.org/2003/arcrole/summation-item"
      xlink:from="ifrs_CurrentAssets" xlink:to="ifrs_CashAndCashEquivalents"
      order="1"
      weight="1"
      use="optional" />
    <loc xlink:type="locator"
      xlink:label="ifrs_OtherCurrentFinancialAssets"
      xlink:href="http://xbrl.ifrs.org/taxonomy/2013-03-28/ifrs-cor_2013-03-28.xsd#ifrs_OtherCurrentFinancialAssets" />
    <calculationArc xlink:type="arc"
      xlink:arcrole="http://www.xbrl.org/2003/arcrole/summation-item"
      xlink:from="ifrs_CurrentAssets" xlink:to="ifrs_OtherCurrentFinancialAssets"
      order="2"
      weight="1"
      use="optional" />
    <loc xlink:type="locator"
      xlink:label="ifrs_TradeAndOtherCurrentReceivables"
      xlink:href="http://xbrl.ifrs.org/taxonomy/2013-03-28/ifrs-cor_2013-03-28.xsd#ifrs_TradeAndOtherCurrentReceivables" />
    <calculationArc xlink:type="arc"
      xlink:arcrole="http://www.xbrl.org/2003/arcrole/summation-item"
      xlink:from="ifrs_CurrentAssets" xlink:to="ifrs_TradeAndOtherCurrentReceivables"
      order="3"
      weight="1"
      use="optional" />
    <loc xlink:type="locator"
      xlink:label="ifrs_OtherCurrentNonfinancialAssets"
      xlink:href="http://xbrl.ifrs.org/taxonomy/2013-03-28/ifrs-cor_2013-03-28.xsd#ifrs_OtherCurrentNonfinancialAssets" />
    <calculationArc xlink:type="arc"
      xlink:arcrole="http://www.xbrl.org/2003/arcrole/summation-item"
      xlink:from="ifrs_CurrentAssets" xlink:to="ifrs_OtherCurrentNonfinancialAssets"
      order="4"
      weight="1"
      use="optional" />
    <loc xlink:type="locator"
      xlink:label="ifrs_CurrentTaxAssets"
      xlink:href="http://xbrl.ifrs.org/taxonomy/2013-03-28/ifrs-cor_2013-03-28.xsd#ifrs_CurrentTaxAssets" />
    <calculationArc xlink:type="arc"
      xlink:arcrole="http://www.xbrl.org/2003/arcrole/summation-item"
      xlink:from="ifrs_CurrentAssets" xlink:to="ifrs_CurrentTaxAssets"
      order="5"
      weight="1"
      use="optional" />
    <loc xlink:type="locator"
      xlink:label="ifrs_NoncurrentAssets"
      xlink:href="http://xbrl.ifrs.org/taxonomy/2013-03-28/ifrs-cor_2013-03-28.xsd#ifrs_NoncurrentAssets" />
    <calculationArc xlink:type="arc"
      xlink:arcrole="http://www.xbrl.org/2003/arcrole/summation-item"
      xlink:from="ifrs_Assets" xlink:to="ifrs_NoncurrentAssets"
      order="2"
      weight="1"
      use="optional" />
    <loc xlink:type="locator"
      xlink:label="ifrs_Goodwill"
      xlink:href="http://xbrl.ifrs.org/taxonomy/2013-03-28/ifrs-cor_2013-03-28.xsd#ifrs_Goodwill" />
    <calculationArc xlink:type="arc"
      xlink:arcrole="http://www.xbrl.org/2003/arcrole/summation-item"
      xlink:from="ifrs_NoncurrentAssets" xlink:to="ifrs_Goodwill"
      order="1"
      weight="1"
      use="optional" />
    <loc xlink:type="locator"
      xlink:label="ifrs_IntangibleAssetsOtherThanGoodwill"
      xlink:href="http://xbrl.ifrs.org/taxonomy/2013-03-28/ifrs-cor_2013-03-28.xsd#ifrs_IntangibleAssetsOtherThanGoodwill" />
    <calculationArc xlink:type="arc"
      xlink:arcrole="http://www.xbrl.org/2003/arcrole/summation-item"
      xlink:from="ifrs_NoncurrentAssets" xlink:to="ifrs_IntangibleAssetsOtherThanGoodwill"
      order="2"
      weight="1"
      use="optional" />
    <loc xlink:type="locator"
      xlink:label="ifrs_PropertyPlantAndEquipment"
      xlink:href="http://xbrl.ifrs.org/taxonomy/2013-03-28/ifrs-cor_2013-03-28.xsd#ifrs_PropertyPlantAndEquipment" />
    <calculationArc xlink:type="arc"
      xlink:arcrole="http://www.xbrl.org/2003/arcrole/summation-item"
      xlink:from="ifrs_NoncurrentAssets" xlink:to="ifrs_PropertyPlantAndEquipment"
      order="3"
      weight="1"
      use="optional" />
    <loc xlink:type="locator"
      xlink:label="ifrs_OtherNoncurrentFinancialAssets"
      xlink:href="http://xbrl.ifrs.org/taxonomy/2013-03-28/ifrs-cor_2013-03-28.xsd#ifrs_OtherNoncurrentFinancialAssets" />
    <calculationArc xlink:type="arc"
      xlink:arcrole="http://www.xbrl.org/2003/arcrole/summation-item"
      xlink:from="ifrs_NoncurrentAssets" xlink:to="ifrs_OtherNoncurrentFinancialAssets"
      order="4"
      weight="1"
      use="optional" />
    <loc xlink:type="locator"
      xlink:label="ifrs_NoncurrentReceivables"
      xlink:href="http://xbrl.ifrs.org/taxonomy/2013-03-28/ifrs-cor_2013-03-28.xsd#ifrs_NoncurrentReceivables" />
    <calculationArc xlink:type="arc"
      xlink:arcrole="http://www.xbrl.org/2003/arcrole/summation-item"
      xlink:from="ifrs_NoncurrentAssets" xlink:to="ifrs_NoncurrentReceivables"
      order="5"
      weight="1"
      use="optional" />
    <loc xlink:type="locator"
      xlink:label="ifrs_OtherNoncurrentNonfinancialAssets"
      xlink:href="http://xbrl.ifrs.org/taxonomy/2013-03-28/ifrs-cor_2013-03-28.xsd#ifrs_OtherNoncurrentNonfinancialAssets" />
    <calculationArc xlink:type="arc"
      xlink:arcrole="http://www.xbrl.org/2003/arcrole/summation-item"
      xlink:from="ifrs_NoncurrentAssets" xlink:to="ifrs_OtherNoncurrentNonfinancialAssets"
      order="6"
      weight="1"
      use="optional" />
    <loc xlink:type="locator"
      xlink:label="sap_NonCurrentTaxAssets"
      xlink:href="sap-20130331.xsd#sap_NonCurrentTaxAssets" />
    <calculationArc xlink:type="arc"
      xlink:arcrole="http://www.xbrl.org/2003/arcrole/summation-item"
      xlink:from="ifrs_NoncurrentAssets" xlink:to="sap_NonCurrentTaxAssets"
      order="7"
      weight="1"
      use="optional" />
    <loc xlink:type="locator"
      xlink:label="ifrs_DeferredTaxAssets"
      xlink:href="http://xbrl.ifrs.org/taxonomy/2013-03-28/ifrs-cor_2013-03-28.xsd#ifrs_DeferredTaxAssets" />
    <calculationArc xlink:type="arc"
      xlink:arcrole="http://www.xbrl.org/2003/arcrole/summation-item"
      xlink:from="ifrs_NoncurrentAssets" xlink:to="ifrs_DeferredTaxAssets"
      order="8"
      weight="1"
      use="optional" />
    <loc xlink:type="locator"
      xlink:label="ifrs_EquityAndLiabilities"
      xlink:href="http://xbrl.ifrs.org/taxonomy/2013-03-28/ifrs-cor_2013-03-28.xsd#ifrs_EquityAndLiabilities" />
    <loc xlink:type="locator"
      xlink:label="ifrs_Liabilities"
      xlink:href="http://xbrl.ifrs.org/taxonomy/2013-03-28/ifrs-cor_2013-03-28.xsd#ifrs_Liabilities" />
    <calculationArc xlink:type="arc"
      xlink:arcrole="http://www.xbrl.org/2003/arcrole/summation-item"
      xlink:from="ifrs_EquityAndLiabilities"
      xlink:to="ifrs_Liabilities"
      order="1"
      weight="1"
      use="optional" />
    <loc xlink:type="locator"
      xlink:label="ifrs_CurrentLiabilities"
      xlink:href="http://xbrl.ifrs.org/taxonomy/2013-03-28/ifrs-cor_2013-03-28.xsd#ifrs_CurrentLiabilities" />
    <calculationArc xlink:type="arc"
      xlink:arcrole="http://www.xbrl.org/2003/arcrole/summation-item"
      xlink:from="ifrs_Liabilities" xlink:to="ifrs_CurrentLiabilities"
      order="1"
      weight="1"
      use="optional" />
    <loc xlink:type="locator"
      xlink:label="ifrs_TradeAndOtherCurrentPayables"
      xlink:href="http://xbrl.ifrs.org/taxonomy/2013-03-28/ifrs-cor_2013-03-28.xsd#ifrs_TradeAndOtherCurrentPayables" />
    <calculationArc xlink:type="arc"
      xlink:arcrole="http://www.xbrl.org/2003/arcrole/summation-item"
      xlink:from="ifrs_CurrentLiabilities" xlink:to="ifrs_TradeAndOtherCurrentPayables"
      order="1"
      weight="1"
      use="optional" />
    <loc xlink:type="locator"
      xlink:label="ifrs_CurrentTaxLiabilities"
      xlink:href="http://xbrl.ifrs.org/taxonomy/2013-03-28/ifrs-cor_2013-03-28.xsd#ifrs_CurrentTaxLiabilities" />
    <calculationArc xlink:type="arc"
      xlink:arcrole="http://www.xbrl.org/2003/arcrole/summation-item"
      xlink:from="ifrs_CurrentLiabilities" xlink:to="ifrs_CurrentTaxLiabilities"
      order="2"
      weight="1"
      use="optional" />
    <loc xlink:type="locator"
      xlink:label="ifrs_CurrentFinancialLiabilities"
      xlink:href="http://xbrl.ifrs.org/taxonomy/2013-03-28/ifrs-cor_2013-03-28.xsd#ifrs_CurrentFinancialLiabilities" />
    <calculationArc xlink:type="arc"
      xlink:arcrole="http://www.xbrl.org/2003/arcrole/summation-item"
      xlink:from="ifrs_CurrentLiabilities" xlink:to="ifrs_CurrentFinancialLiabilities"
      order="3"
      weight="1"
      use="optional" />
    <loc xlink:type="locator"
      xlink:label="ifrs_OtherCurrentNonfinancialLiabilities"
      xlink:href="http://xbrl.ifrs.org/taxonomy/2013-03-28/ifrs-cor_2013-03-28.xsd#ifrs_OtherCurrentNonfinancialLiabilities" />
    <calculationArc xlink:type="arc"
      xlink:arcrole="http://www.xbrl.org/2003/arcrole/summation-item"
      xlink:from="ifrs_CurrentLiabilities" xlink:to="ifrs_OtherCurrentNonfinancialLiabilities"
      order="4"
      weight="1"
      use="optional" />
    <loc xlink:type="locator"
      xlink:label="ifrs_CurrentProvisions"
      xlink:href="http://xbrl.ifrs.org/taxonomy/2013-03-28/ifrs-cor_2013-03-28.xsd#ifrs_CurrentProvisions" />
    <calculationArc xlink:type="arc"
      xlink:arcrole="http://www.xbrl.org/2003/arcrole/summation-item"
      xlink:from="ifrs_CurrentLiabilities" xlink:to="ifrs_CurrentProvisions"
      order="5"
      weight="1"
      use="optional" />
    <loc xlink:type="locator"
      xlink:label="sap_ProvisionTomorrowNowLitigation"
      xlink:href="sap-20130331.xsd#sap_ProvisionTomorrowNowLitigation" />
    <calculationArc xlink:type="arc"
      xlink:arcrole="http://www.xbrl.org/2003/arcrole/summation-item"
      xlink:from="ifrs_CurrentProvisions" xlink:to="sap_ProvisionTomorrowNowLitigation"
      order="1"
      weight="1"
      use="optional" />
    <loc xlink:type="locator"
      xlink:label="ifrs_OtherShorttermProvisions"
      xlink:href="http://xbrl.ifrs.org/taxonomy/2013-03-28/ifrs-cor_2013-03-28.xsd#ifrs_OtherShorttermProvisions" />
    <calculationArc xlink:type="arc"
      xlink:arcrole="http://www.xbrl.org/2003/arcrole/summation-item"
      xlink:from="ifrs_CurrentProvisions" xlink:to="ifrs_OtherShorttermProvisions"
      order="2"
      weight="1"
      use="optional" />
    <loc xlink:type="locator"
      xlink:label="ifrs_DeferredIncomeClassifiedAsCurrent"
      xlink:href="http://xbrl.ifrs.org/taxonomy/2013-03-28/ifrs-cor_2013-03-28.xsd#ifrs_DeferredIncomeClassifiedAsCurrent" />
    <calculationArc xlink:type="arc"
      xlink:arcrole="http://www.xbrl.org/2003/arcrole/summation-item"
      xlink:from="ifrs_CurrentLiabilities" xlink:to="ifrs_DeferredIncomeClassifiedAsCurrent"
      order="6"
      weight="1"
      use="optional" />
    <loc xlink:type="locator"
      xlink:label="ifrs_NoncurrentLiabilities"
      xlink:href="http://xbrl.ifrs.org/taxonomy/2013-03-28/ifrs-cor_2013-03-28.xsd#ifrs_NoncurrentLiabilities" />
    <calculationArc xlink:type="arc"
      xlink:arcrole="http://www.xbrl.org/2003/arcrole/summation-item"
      xlink:from="ifrs_Liabilities" xlink:to="ifrs_NoncurrentLiabilities"
      order="2"
      weight="1"
      use="optional" />
    <loc xlink:type="locator"
      xlink:label="ifrs_NoncurrentPayables"
      xlink:href="http://xbrl.ifrs.org/taxonomy/2013-03-28/ifrs-cor_2013-03-28.xsd#ifrs_NoncurrentPayables" />
    <calculationArc xlink:type="arc"
      xlink:arcrole="http://www.xbrl.org/2003/arcrole/summation-item"
      xlink:from="ifrs_NoncurrentLiabilities"
      xlink:to="ifrs_NoncurrentPayables"
      order="1"
      weight="1"
      use="optional" />
    <loc xlink:type="locator"
      xlink:label="sap_NonCurrentTaxLiabilities"
      xlink:href="sap-20130331.xsd#sap_NonCurrentTaxLiabilities" />
    <calculationArc xlink:type="arc"
      xlink:arcrole="http://www.xbrl.org/2003/arcrole/summation-item"
      xlink:from="ifrs_NoncurrentLiabilities"
      xlink:to="sap_NonCurrentTaxLiabilities"
      order="2"
      weight="1"
      use="optional" />
    <loc xlink:type="locator"
      xlink:label="ifrs_NoncurrentFinancialLiabilities"
      xlink:href="http://xbrl.ifrs.org/taxonomy/2013-03-28/ifrs-cor_2013-03-28.xsd#ifrs_NoncurrentFinancialLiabilities" />
    <calculationArc xlink:type="arc"
      xlink:arcrole="http://www.xbrl.org/2003/arcrole/summation-item"
      xlink:from="ifrs_NoncurrentLiabilities"
      xlink:to="ifrs_NoncurrentFinancialLiabilities"
      order="3"
      weight="1"
      use="optional" />
    <loc xlink:type="locator"
      xlink:label="ifrs_OtherNoncurrentNonfinancialLiabilities"
      xlink:href="http://xbrl.ifrs.org/taxonomy/2013-03-28/ifrs-cor_2013-03-28.xsd#ifrs_OtherNoncurrentNonfinancialLiabilities" />
    <calculationArc xlink:type="arc"
      xlink:arcrole="http://www.xbrl.org/2003/arcrole/summation-item"
      xlink:from="ifrs_NoncurrentLiabilities"
      xlink:to="ifrs_OtherNoncurrentNonfinancialLiabilities"
      order="4"
      weight="1"
      use="optional" />
    <loc xlink:type="locator"
      xlink:label="ifrs_NoncurrentProvisions"
      xlink:href="http://xbrl.ifrs.org/taxonomy/2013-03-28/ifrs-cor_2013-03-28.xsd#ifrs_NoncurrentProvisions" />
    <calculationArc xlink:type="arc"
      xlink:arcrole="http://www.xbrl.org/2003/arcrole/summation-item"
      xlink:from="ifrs_NoncurrentLiabilities"
      xlink:to="ifrs_NoncurrentProvisions"
      order="5"
      weight="1"
      use="optional" />
    <loc xlink:type="locator"
      xlink:label="ifrs_DeferredTaxLiabilities"
      xlink:href="http://xbrl.ifrs.org/taxonomy/2013-03-28/ifrs-cor_2013-03-28.xsd#ifrs_DeferredTaxLiabilities" />
    <calculationArc xlink:type="arc"
      xlink:arcrole="http://www.xbrl.org/2003/arcrole/summation-item"
      xlink:from="ifrs_NoncurrentLiabilities"
      xlink:to="ifrs_DeferredTaxLiabilities"
      order="6"
      weight="1"
      use="optional" />
    <loc xlink:type="locator"
      xlink:label="ifrs_DeferredIncomeClassifiedAsNoncurrent"
      xlink:href="http://xbrl.ifrs.org/taxonomy/2013-03-28/ifrs-cor_2013-03-28.xsd#ifrs_DeferredIncomeClassifiedAsNoncurrent" />
    <calculationArc xlink:type="arc"
      xlink:arcrole="http://www.xbrl.org/2003/arcrole/summation-item"
      xlink:from="ifrs_NoncurrentLiabilities"
      xlink:to="ifrs_DeferredIncomeClassifiedAsNoncurrent"
      order="7"
      weight="1"
      use="optional" />
    <loc xlink:type="locator"
      xlink:label="ifrs_Equity"
      xlink:href="http://xbrl.ifrs.org/taxonomy/2013-03-28/ifrs-cor_2013-03-28.xsd#ifrs_Equity" />
    <calculationArc xlink:type="arc"
      xlink:arcrole="http://www.xbrl.org/2003/arcrole/summation-item"
      xlink:from="ifrs_EquityAndLiabilities"
      xlink:to="ifrs_Equity"
      order="2"
      weight="1"
      use="optional" />
    <loc xlink:type="locator"
      xlink:label="ifrs_EquityAttributableToOwnersOfParent"
      xlink:href="http://xbrl.ifrs.org/taxonomy/2013-03-28/ifrs-cor_2013-03-28.xsd#ifrs_EquityAttributableToOwnersOfParent" />
    <calculationArc xlink:type="arc"
      xlink:arcrole="http://www.xbrl.org/2003/arcrole/summation-item"
      xlink:from="ifrs_Equity" xlink:to="ifrs_EquityAttributableToOwnersOfParent"
      order="1"
      weight="1"
      use="optional" />
    <loc xlink:type="locator"
      xlink:label="ifrs_IssuedCapital"
      xlink:href="http://xbrl.ifrs.org/taxonomy/2013-03-28/ifrs-cor_2013-03-28.xsd#ifrs_IssuedCapital" />
    <calculationArc xlink:type="arc"
      xlink:arcrole="http://www.xbrl.org/2003/arcrole/summation-item"
      xlink:from="ifrs_EquityAttributableToOwnersOfParent"
      xlink:to="ifrs_IssuedCapital"
      order="1"
      weight="1"
      use="optional" />
    <loc xlink:type="locator"
      xlink:label="ifrs_SharePremium"
      xlink:href="http://xbrl.ifrs.org/taxonomy/2013-03-28/ifrs-cor_2013-03-28.xsd#ifrs_SharePremium" />
    <calculationArc xlink:type="arc"
      xlink:arcrole="http://www.xbrl.org/2003/arcrole/summation-item"
      xlink:from="ifrs_EquityAttributableToOwnersOfParent"
      xlink:to="ifrs_SharePremium"
      order="2"
      weight="1"
      use="optional" />
    <loc xlink:type="locator"
      xlink:label="ifrs_RetainedEarnings"
      xlink:href="http://xbrl.ifrs.org/taxonomy/2013-03-28/ifrs-cor_2013-03-28.xsd#ifrs_RetainedEarnings" />
    <calculationArc xlink:type="arc"
      xlink:arcrole="http://www.xbrl.org/2003/arcrole/summation-item"
      xlink:from="ifrs_EquityAttributableToOwnersOfParent"
      xlink:to="ifrs_RetainedEarnings"
      order="3"
      weight="1"
      use="optional" />
    <loc xlink:type="locator"
      xlink:label="ifrs_OtherEquityInterest"
      xlink:href="http://xbrl.ifrs.org/taxonomy/2013-03-28/ifrs-cor_2013-03-28.xsd#ifrs_OtherEquityInterest" />
    <calculationArc xlink:type="arc"
      xlink:arcrole="http://www.xbrl.org/2003/arcrole/summation-item"
      xlink:from="ifrs_EquityAttributableToOwnersOfParent"
      xlink:to="ifrs_OtherEquityInterest"
      order="4"
      weight="1"
      use="optional" />
    <loc xlink:type="locator"
      xlink:label="ifrs_TreasuryShares"
      xlink:href="http://xbrl.ifrs.org/taxonomy/2013-03-28/ifrs-cor_2013-03-28.xsd#ifrs_TreasuryShares" />
    <calculationArc xlink:type="arc"
      xlink:arcrole="http://www.xbrl.org/2003/arcrole/summation-item"
      xlink:from="ifrs_EquityAttributableToOwnersOfParent"
      xlink:to="ifrs_TreasuryShares"
      order="5"
      weight="-1"
      use="optional" />
    <loc xlink:type="locator"
      xlink:label="ifrs_NoncontrollingInterests"
      xlink:href="http://xbrl.ifrs.org/taxonomy/2013-03-28/ifrs-cor_2013-03-28.xsd#ifrs_NoncontrollingInterests" />
    <calculationArc xlink:type="arc"
      xlink:arcrole="http://www.xbrl.org/2003/arcrole/summation-item"
      xlink:from="ifrs_Equity" xlink:to="ifrs_NoncontrollingInterests"
      order="2"
      weight="1"
      use="optional" />
  </calculationLink>
  <calculationLink xlink:type="extended"
    xlink:role="http://www.sap.com/20130331/role/ConsolidatedIncomeStatement">
    <loc xlink:type="locator"
      xlink:label="ifrs_ProfitLoss"
      xlink:href="http://xbrl.ifrs.org/taxonomy/2013-03-28/ifrs-cor_2013-03-28.xsd#ifrs_ProfitLoss" />
    <loc xlink:type="locator"
      xlink:label="ifrs_ProfitLossBeforeTax"
      xlink:href="http://xbrl.ifrs.org/taxonomy/2013-03-28/ifrs-cor_2013-03-28.xsd#ifrs_ProfitLossBeforeTax" />
    <calculationArc xlink:type="arc"
      xlink:arcrole="http://www.xbrl.org/2003/arcrole/summation-item"
      xlink:from="ifrs_ProfitLoss" xlink:to="ifrs_ProfitLossBeforeTax"
      order="1"
      weight="1"
      use="optional" />
    <loc xlink:type="locator"
      xlink:label="sap_OperatingProfit"
      xlink:href="sap-20130331.xsd#sap_OperatingProfit" />
    <calculationArc xlink:type="arc"
      xlink:arcrole="http://www.xbrl.org/2003/arcrole/summation-item"
      xlink:from="ifrs_ProfitLossBeforeTax"
      xlink:to="sap_OperatingProfit"
      order="1"
      weight="1"
      use="optional" />
    <loc xlink:type="locator"
      xlink:label="ifrs_Revenue"
      xlink:href="http://xbrl.ifrs.org/taxonomy/2013-03-28/ifrs-cor_2013-03-28.xsd#ifrs_Revenue" />
    <calculationArc xlink:type="arc"
      xlink:arcrole="http://www.xbrl.org/2003/arcrole/summation-item"
      xlink:from="sap_OperatingProfit" xlink:to="ifrs_Revenue"
      order="1"
      weight="1"
      use="optional" />
    <loc xlink:type="locator"
      xlink:label="sap_SoftwareSoftwareRelatedServiceRevenue"
      xlink:href="sap-20130331.xsd#sap_SoftwareSoftwareRelatedServiceRevenue" />
    <calculationArc xlink:type="arc"
      xlink:arcrole="http://www.xbrl.org/2003/arcrole/summation-item"
      xlink:from="ifrs_Revenue" xlink:to="sap_SoftwareSoftwareRelatedServiceRevenue"
      order="1"
      weight="1"
      use="optional" />
    <loc xlink:type="locator"
      xlink:label="sap_SoftwareCloudSubscription"
      xlink:href="sap-20130331.xsd#sap_SoftwareCloudSubscription" />
    <calculationArc xlink:type="arc"
      xlink:arcrole="http://www.xbrl.org/2003/arcrole/summation-item"
      xlink:from="sap_SoftwareSoftwareRelatedServiceRevenue"
      xlink:to="sap_SoftwareCloudSubscription"
      order="1"
      weight="1"
      use="optional" />
    <loc xlink:type="locator"
      xlink:label="sap_SoftwareRevenue"
      xlink:href="sap-20130331.xsd#sap_SoftwareRevenue" />
    <calculationArc xlink:type="arc"
      xlink:arcrole="http://www.xbrl.org/2003/arcrole/summation-item"
      xlink:from="sap_SoftwareCloudSubscription"
      xlink:to="sap_SoftwareRevenue"
      order="1"
      weight="1"
      use="optional" />
    <loc xlink:type="locator"
      xlink:label="sap_CloudSubscriptionsSupportRevenue"
      xlink:href="sap-20130331.xsd#sap_CloudSubscriptionsSupportRevenue" />
    <calculationArc xlink:type="arc"
      xlink:arcrole="http://www.xbrl.org/2003/arcrole/summation-item"
      xlink:from="sap_SoftwareCloudSubscription"
      xlink:to="sap_CloudSubscriptionsSupportRevenue"
      order="2"
      weight="1"
      use="optional" />
    <loc xlink:type="locator"
      xlink:label="sap_SupportRevenue"
      xlink:href="sap-20130331.xsd#sap_SupportRevenue" />
    <calculationArc xlink:type="arc"
      xlink:arcrole="http://www.xbrl.org/2003/arcrole/summation-item"
      xlink:from="sap_SoftwareSoftwareRelatedServiceRevenue"
      xlink:to="sap_SupportRevenue"
      order="2"
      weight="1"
      use="optional" />
    <loc xlink:type="locator"
      xlink:label="sap_ProfessionalServicesOtherServiceRevenue"
      xlink:href="sap-20130331.xsd#sap_ProfessionalServicesOtherServiceRevenue" />
    <calculationArc xlink:type="arc"
      xlink:arcrole="http://www.xbrl.org/2003/arcrole/summation-item"
      xlink:from="ifrs_Revenue" xlink:to="sap_ProfessionalServicesOtherServiceRevenue"
      order="2"
      weight="1"
      use="optional" />
    <loc xlink:type="locator"
      xlink:label="sap_ConsultingRevenue"
      xlink:href="sap-20130331.xsd#sap_ConsultingRevenue" />
    <calculationArc xlink:type="arc"
      xlink:arcrole="http://www.xbrl.org/2003/arcrole/summation-item"
      xlink:from="sap_ProfessionalServicesOtherServiceRevenue"
      xlink:to="sap_ConsultingRevenue"
      order="1"
      weight="1"
      use="optional" />
    <loc xlink:type="locator"
      xlink:label="sap_OtherServiceRevenue"
      xlink:href="sap-20130331.xsd#sap_OtherServiceRevenue" />
    <calculationArc xlink:type="arc"
      xlink:arcrole="http://www.xbrl.org/2003/arcrole/summation-item"
      xlink:from="sap_ProfessionalServicesOtherServiceRevenue"
      xlink:to="sap_OtherServiceRevenue"
      order="2"
      weight="1"
      use="optional" />
    <loc xlink:type="locator"
      xlink:label="sap_OperatingExpenses"
      xlink:href="sap-20130331.xsd#sap_OperatingExpenses" />
    <calculationArc xlink:type="arc"
      xlink:arcrole="http://www.xbrl.org/2003/arcrole/summation-item"
      xlink:from="sap_OperatingProfit" xlink:to="sap_OperatingExpenses"
      order="2"
      weight="-1"
      use="optional" />
    <loc xlink:type="locator"
      xlink:label="sap_CostSoftwareSoftwareRelatedServices"
      xlink:href="sap-20130331.xsd#sap_CostSoftwareSoftwareRelatedServices" />
    <calculationArc xlink:type="arc"
      xlink:arcrole="http://www.xbrl.org/2003/arcrole/summation-item"
      xlink:from="sap_OperatingExpenses" xlink:to="sap_CostSoftwareSoftwareRelatedServices"
      order="1"
      weight="1"
      use="optional" />
    <loc xlink:type="locator"
      xlink:label="sap_CostProfessionalServicesOtherServices"
      xlink:href="sap-20130331.xsd#sap_CostProfessionalServicesOtherServices" />
    <calculationArc xlink:type="arc"
      xlink:arcrole="http://www.xbrl.org/2003/arcrole/summation-item"
      xlink:from="sap_OperatingExpenses" xlink:to="sap_CostProfessionalServicesOtherServices"
      order="2"
      weight="1"
      use="optional" />
    <loc xlink:type="locator"
      xlink:label="ifrs_ResearchAndDevelopmentExpense"
      xlink:href="http://xbrl.ifrs.org/taxonomy/2013-03-28/ifrs-cor_2013-03-28.xsd#ifrs_ResearchAndDevelopmentExpense" />
    <calculationArc xlink:type="arc"
      xlink:arcrole="http://www.xbrl.org/2003/arcrole/summation-item"
      xlink:from="sap_OperatingExpenses" xlink:to="ifrs_ResearchAndDevelopmentExpense"
      order="3"
      weight="1"
      use="optional" />
    <loc xlink:type="locator"
      xlink:label="ifrs_SalesAndMarketingExpense"
      xlink:href="http://xbrl.ifrs.org/taxonomy/2013-03-28/ifrs-cor_2013-03-28.xsd#ifrs_SalesAndMarketingExpense" />
    <calculationArc xlink:type="arc"
      xlink:arcrole="http://www.xbrl.org/2003/arcrole/summation-item"
      xlink:from="sap_OperatingExpenses" xlink:to="ifrs_SalesAndMarketingExpense"
      order="4"
      weight="1"
      use="optional" />
    <loc xlink:type="locator"
      xlink:label="ifrs_AdministrativeExpense"
      xlink:href="http://xbrl.ifrs.org/taxonomy/2013-03-28/ifrs-cor_2013-03-28.xsd#ifrs_AdministrativeExpense" />
    <calculationArc xlink:type="arc"
      xlink:arcrole="http://www.xbrl.org/2003/arcrole/summation-item"
      xlink:from="sap_OperatingExpenses" xlink:to="ifrs_AdministrativeExpense"
      order="5"
      weight="1"
      use="optional" />
    <loc xlink:type="locator"
      xlink:label="ifrs_ExpenseOfRestructuringActivities"
      xlink:href="http://xbrl.ifrs.org/taxonomy/2013-03-28/ifrs-cor_2013-03-28.xsd#ifrs_ExpenseOfRestructuringActivities" />
    <calculationArc xlink:type="arc"
      xlink:arcrole="http://www.xbrl.org/2003/arcrole/summation-item"
      xlink:from="sap_OperatingExpenses" xlink:to="ifrs_ExpenseOfRestructuringActivities"
      order="6"
      weight="1"
      use="optional" />
    <loc xlink:type="locator"
      xlink:label="sap_TomorrowNowLitigationExpense"
      xlink:href="sap-20130331.xsd#sap_TomorrowNowLitigationExpense" />
    <calculationArc xlink:type="arc"
      xlink:arcrole="http://www.xbrl.org/2003/arcrole/summation-item"
      xlink:from="sap_OperatingExpenses" xlink:to="sap_TomorrowNowLitigationExpense"
      order="7"
      weight="1"
      use="optional" />
    <loc xlink:type="locator"
      xlink:label="ifrs_OtherOperatingIncomeExpense"
      xlink:href="http://xbrl.ifrs.org/taxonomy/2013-03-28/ifrs-cor_2013-03-28.xsd#ifrs_OtherOperatingIncomeExpense" />
    <calculationArc xlink:type="arc"
      xlink:arcrole="http://www.xbrl.org/2003/arcrole/summation-item"
      xlink:from="sap_OperatingExpenses" xlink:to="ifrs_OtherOperatingIncomeExpense"
      order="8"
      weight="-1"
      use="optional" />
    <loc xlink:type="locator"
      xlink:label="sap_OtherNonOperatingIncomeExpensesNet"
      xlink:href="sap-20130331.xsd#sap_OtherNonOperatingIncomeExpensesNet" />
    <calculationArc xlink:type="arc"
      xlink:arcrole="http://www.xbrl.org/2003/arcrole/summation-item"
      xlink:from="ifrs_ProfitLossBeforeTax"
      xlink:to="sap_OtherNonOperatingIncomeExpensesNet"
      order="2"
      weight="1"
      use="optional" />
    <loc xlink:type="locator"
      xlink:label="sap_FinancialIncomeNet"
      xlink:href="sap-20130331.xsd#sap_FinancialIncomeNet" />
    <calculationArc xlink:type="arc"
      xlink:arcrole="http://www.xbrl.org/2003/arcrole/summation-item"
      xlink:from="ifrs_ProfitLossBeforeTax"
      xlink:to="sap_FinancialIncomeNet"
      order="3"
      weight="1"
      use="optional" />
    <loc xlink:type="locator"
      xlink:label="ifrs_FinanceIncome"
      xlink:href="http://xbrl.ifrs.org/taxonomy/2013-03-28/ifrs-cor_2013-03-28.xsd#ifrs_FinanceIncome" />
    <calculationArc xlink:type="arc"
      xlink:arcrole="http://www.xbrl.org/2003/arcrole/summation-item"
      xlink:from="sap_FinancialIncomeNet" xlink:to="ifrs_FinanceIncome"
      order="1"
      weight="1"
      use="optional" />
    <loc xlink:type="locator"
      xlink:label="ifrs_FinanceCosts"
      xlink:href="http://xbrl.ifrs.org/taxonomy/2013-03-28/ifrs-cor_2013-03-28.xsd#ifrs_FinanceCosts" />
    <calculationArc xlink:type="arc"
      xlink:arcrole="http://www.xbrl.org/2003/arcrole/summation-item"
      xlink:from="sap_FinancialIncomeNet" xlink:to="ifrs_FinanceCosts"
      order="2"
      weight="-1"
      use="optional" />
    <loc xlink:type="locator"
      xlink:label="sap_FinanceCostsTomorrowNowLitigation"
      xlink:href="sap-20130331.xsd#sap_FinanceCostsTomorrowNowLitigation" />
    <calculationArc xlink:type="arc"
      xlink:arcrole="http://www.xbrl.org/2003/arcrole/summation-item"
      xlink:from="ifrs_FinanceCosts" xlink:to="sap_FinanceCostsTomorrowNowLitigation"
      order="1"
      weight="1"
      use="optional" />
    <loc xlink:type="locator"
      xlink:label="sap_OtherFinanceCosts"
      xlink:href="sap-20130331.xsd#sap_OtherFinanceCosts" />
    <calculationArc xlink:type="arc"
      xlink:arcrole="http://www.xbrl.org/2003/arcrole/summation-item"
      xlink:from="ifrs_FinanceCosts" xlink:to="sap_OtherFinanceCosts"
      order="2"
      weight="1"
      use="optional" />
    <loc xlink:type="locator"
      xlink:label="ifrs_IncomeTaxExpenseContinuingOperations"
      xlink:href="http://xbrl.ifrs.org/taxonomy/2013-03-28/ifrs-cor_2013-03-28.xsd#ifrs_IncomeTaxExpenseContinuingOperations" />
    <calculationArc xlink:type="arc"
      xlink:arcrole="http://www.xbrl.org/2003/arcrole/summation-item"
      xlink:from="ifrs_ProfitLoss" xlink:to="ifrs_IncomeTaxExpenseContinuingOperations"
      order="2"
      weight="-1"
      use="optional" />
    <loc xlink:type="locator"
      xlink:label="sap_IncomeTaxExpenseTomorrowNowLitigation"
      xlink:href="sap-20130331.xsd#sap_IncomeTaxExpenseTomorrowNowLitigation" />
    <calculationArc xlink:type="arc"
      xlink:arcrole="http://www.xbrl.org/2003/arcrole/summation-item"
      xlink:from="ifrs_IncomeTaxExpenseContinuingOperations"
      xlink:to="sap_IncomeTaxExpenseTomorrowNowLitigation"
      order="1"
      weight="1"
      use="optional" />
    <loc xlink:type="locator"
      xlink:label="sap_OtherIncomeTaxExpense"
      xlink:href="sap-20130331.xsd#sap_OtherIncomeTaxExpense" />
    <calculationArc xlink:type="arc"
      xlink:arcrole="http://www.xbrl.org/2003/arcrole/summation-item"
      xlink:from="ifrs_IncomeTaxExpenseContinuingOperations"
      xlink:to="sap_OtherIncomeTaxExpense"
      order="2"
      weight="1"
      use="optional" />
  </calculationLink>
  <calculationLink xlink:type="extended"
    xlink:role="http://www.sap.com/20130331/role/ConsolidatedStatementofComprehensiveIncome">
    <loc xlink:type="locator"
      xlink:label="ifrs_ComprehensiveIncome"
      xlink:href="http://xbrl.ifrs.org/taxonomy/2013-03-28/ifrs-cor_2013-03-28.xsd#ifrs_ComprehensiveIncome" />
    <loc xlink:type="locator"
      xlink:label="ifrs_ProfitLoss"
      xlink:href="http://xbrl.ifrs.org/taxonomy/2013-03-28/ifrs-cor_2013-03-28.xsd#ifrs_ProfitLoss" />
    <calculationArc xlink:type="arc"
      xlink:arcrole="http://www.xbrl.org/2003/arcrole/summation-item"
      xlink:from="ifrs_ComprehensiveIncome"
      xlink:to="ifrs_ProfitLoss"
      order="1"
      weight="1"
      use="optional" />
    <loc xlink:type="locator"
      xlink:label="ifrs_OtherComprehensiveIncome"
      xlink:href="http://xbrl.ifrs.org/taxonomy/2013-03-28/ifrs-cor_2013-03-28.xsd#ifrs_OtherComprehensiveIncome" />
    <calculationArc xlink:type="arc"
      xlink:arcrole="http://www.xbrl.org/2003/arcrole/summation-item"
      xlink:from="ifrs_ComprehensiveIncome"
      xlink:to="ifrs_OtherComprehensiveIncome"
      order="2"
      weight="1"
      use="optional" />
    <loc xlink:type="locator"
      xlink:label="ifrs_OtherComprehensiveIncomeNetOfTaxActuarialGainsLossesOnDefinedBenefitPlans"
      xlink:href="http://xbrl.ifrs.org/taxonomy/2013-03-28/ifrs-cor_2013-03-28.xsd#ifrs_OtherComprehensiveIncomeNetOfTaxActuarialGainsLossesOnDefinedBenefitPlans" />
    <calculationArc xlink:type="arc"
      xlink:arcrole="http://www.xbrl.org/2003/arcrole/summation-item"
      xlink:from="ifrs_OtherComprehensiveIncome"
      xlink:to="ifrs_OtherComprehensiveIncomeNetOfTaxActuarialGainsLossesOnDefinedBenefitPlans"
      order="1"
      weight="1"
      use="optional" />
    <loc xlink:type="locator"
      xlink:label="ifrs_OtherComprehensiveIncomeBeforeTaxActuarialGainsLossesOnDefinedBenefitPlans"
      xlink:href="http://xbrl.ifrs.org/taxonomy/2013-03-28/ifrs-cor_2013-03-28.xsd#ifrs_OtherComprehensiveIncomeBeforeTaxActuarialGainsLossesOnDefinedBenefitPlans" />
    <calculationArc xlink:type="arc"
      xlink:arcrole="http://www.xbrl.org/2003/arcrole/summation-item"
      xlink:from="ifrs_OtherComprehensiveIncomeNetOfTaxActuarialGainsLossesOnDefinedBenefitPlans"
      xlink:to="ifrs_OtherComprehensiveIncomeBeforeTaxActuarialGainsLossesOnDefinedBenefitPlans"
      order="1"
      weight="1"
      use="optional" />
    <loc xlink:type="locator"
      xlink:label="ifrs_IncomeTaxRelatingToDefinedBenefitPlansOfOtherComprehensiveIncome"
      xlink:href="http://xbrl.ifrs.org/taxonomy/2013-03-28/ifrs-cor_2013-03-28.xsd#ifrs_IncomeTaxRelatingToDefinedBenefitPlansOfOtherComprehensiveIncome" />
    <calculationArc xlink:type="arc"
      xlink:arcrole="http://www.xbrl.org/2003/arcrole/summation-item"
      xlink:from="ifrs_OtherComprehensiveIncomeNetOfTaxActuarialGainsLossesOnDefinedBenefitPlans"
      xlink:to="ifrs_IncomeTaxRelatingToDefinedBenefitPlansOfOtherComprehensiveIncome"
      order="2"
      weight="-1"
      use="optional" />
    <loc xlink:type="locator"
      xlink:label="ifrs_OtherComprehensiveIncomeThatWillBeReclassifiedToProfitOrLossNetOfTax"
      xlink:href="http://xbrl.ifrs.org/taxonomy/2013-03-28/ifrs-cor_2013-03-28.xsd#ifrs_OtherComprehensiveIncomeThatWillBeReclassifiedToProfitOrLossNetOfTax" />
    <calculationArc xlink:type="arc"
      xlink:arcrole="http://www.xbrl.org/2003/arcrole/summation-item"
      xlink:from="ifrs_OtherComprehensiveIncome"
      xlink:to="ifrs_OtherComprehensiveIncomeThatWillBeReclassifiedToProfitOrLossNetOfTax"
      order="2"
      weight="1"
      use="optional" />
    <loc xlink:type="locator"
      xlink:label="ifrs_OtherComprehensiveIncomeBeforeTaxExchangeDifferencesOnTranslation"
      xlink:href="http://xbrl.ifrs.org/taxonomy/2013-03-28/ifrs-cor_2013-03-28.xsd#ifrs_OtherComprehensiveIncomeBeforeTaxExchangeDifferencesOnTranslation" />
    <calculationArc xlink:type="arc"
      xlink:arcrole="http://www.xbrl.org/2003/arcrole/summation-item"
      xlink:from="ifrs_OtherComprehensiveIncomeThatWillBeReclassifiedToProfitOrLossNetOfTax"
      xlink:to="ifrs_OtherComprehensiveIncomeBeforeTaxExchangeDifferencesOnTranslation"
      order="1"
      weight="1"
      use="optional" />
    <loc xlink:type="locator"
      xlink:label="ifrs_OtherComprehensiveIncomeBeforeTaxCashFlowHedges"
      xlink:href="http://xbrl.ifrs.org/taxonomy/2013-03-28/ifrs-cor_2013-03-28.xsd#ifrs_OtherComprehensiveIncomeBeforeTaxCashFlowHedges" />
    <calculationArc xlink:type="arc"
      xlink:arcrole="http://www.xbrl.org/2003/arcrole/summation-item"
      xlink:from="ifrs_OtherComprehensiveIncomeThatWillBeReclassifiedToProfitOrLossNetOfTax"
      xlink:to="ifrs_OtherComprehensiveIncomeBeforeTaxCashFlowHedges"
      order="2"
      weight="1"
      use="optional" />
    <loc xlink:type="locator"
      xlink:label="ifrs_OtherComprehensiveIncomeBeforeTaxAvailableforsaleFinancialAssets"
      xlink:href="http://xbrl.ifrs.org/taxonomy/2013-03-28/ifrs-cor_2013-03-28.xsd#ifrs_OtherComprehensiveIncomeBeforeTaxAvailableforsaleFinancialAssets" />
    <calculationArc xlink:type="arc"
      xlink:arcrole="http://www.xbrl.org/2003/arcrole/summation-item"
      xlink:from="ifrs_OtherComprehensiveIncomeThatWillBeReclassifiedToProfitOrLossNetOfTax"
      xlink:to="ifrs_OtherComprehensiveIncomeBeforeTaxAvailableforsaleFinancialAssets"
      order="3"
      weight="1"
      use="optional" />
    <loc xlink:type="locator"
      xlink:label="ifrs_IncomeTaxRelatingToComponentsOfOtherComprehensiveIncomeThatWillBeReclassifiedToProfitOrLoss"
      xlink:href="http://xbrl.ifrs.org/taxonomy/2013-03-28/ifrs-cor_2013-03-28.xsd#ifrs_IncomeTaxRelatingToComponentsOfOtherComprehensiveIncomeThatWillBeReclassifiedToProfitOrLoss" />
    <calculationArc xlink:type="arc"
      xlink:arcrole="http://www.xbrl.org/2003/arcrole/summation-item"
      xlink:from="ifrs_OtherComprehensiveIncomeThatWillBeReclassifiedToProfitOrLossNetOfTax"
      xlink:to="ifrs_IncomeTaxRelatingToComponentsOfOtherComprehensiveIncomeThatWillBeReclassifiedToProfitOrLoss"
      order="4"
      weight="-1"
      use="optional" />
  </calculationLink>
  <calculationLink xlink:type="extended"
    xlink:role="http://www.sap.com/20130331/role/ConsolidatedStatementofCashFlows">
    <loc xlink:type="locator"
      xlink:label="ifrs_IncreaseDecreaseInCashAndCashEquivalents"
      xlink:href="http://xbrl.ifrs.org/taxonomy/2013-03-28/ifrs-cor_2013-03-28.xsd#ifrs_IncreaseDecreaseInCashAndCashEquivalents" />
    <loc xlink:type="locator"
      xlink:label="ifrs_CashFlowsFromUsedInOperatingActivities"
      xlink:href="http://xbrl.ifrs.org/taxonomy/2013-03-28/ifrs-cor_2013-03-28.xsd#ifrs_CashFlowsFromUsedInOperatingActivities" />
    <calculationArc xlink:type="arc"
      xlink:arcrole="http://www.xbrl.org/2003/arcrole/summation-item"
      xlink:from="ifrs_IncreaseDecreaseInCashAndCashEquivalents"
      xlink:to="ifrs_CashFlowsFromUsedInOperatingActivities"
      order="1"
      weight="1"
      use="optional" />
    <loc xlink:type="locator"
      xlink:label="ifrs_ProfitLoss"
      xlink:href="http://xbrl.ifrs.org/taxonomy/2013-03-28/ifrs-cor_2013-03-28.xsd#ifrs_ProfitLoss" />
    <calculationArc xlink:type="arc"
      xlink:arcrole="http://www.xbrl.org/2003/arcrole/summation-item"
      xlink:from="ifrs_CashFlowsFromUsedInOperatingActivities"
      xlink:to="ifrs_ProfitLoss"
      order="1"
      weight="1"
      use="optional" />
    <loc xlink:type="locator"
      xlink:label="ifrs_AdjustmentsForDepreciationAndAmortisationExpense"
      xlink:href="http://xbrl.ifrs.org/taxonomy/2013-03-28/ifrs-cor_2013-03-28.xsd#ifrs_AdjustmentsForDepreciationAndAmortisationExpense" />
    <calculationArc xlink:type="arc"
      xlink:arcrole="http://www.xbrl.org/2003/arcrole/summation-item"
      xlink:from="ifrs_CashFlowsFromUsedInOperatingActivities"
      xlink:to="ifrs_AdjustmentsForDepreciationAndAmortisationExpense"
      order="2"
      weight="1"
      use="optional" />
    <loc xlink:type="locator"
      xlink:label="ifrs_AdjustmentsForIncomeTaxExpense"
      xlink:href="http://xbrl.ifrs.org/taxonomy/2013-03-28/ifrs-cor_2013-03-28.xsd#ifrs_AdjustmentsForIncomeTaxExpense" />
    <calculationArc xlink:type="arc"
      xlink:arcrole="http://www.xbrl.org/2003/arcrole/summation-item"
      xlink:from="ifrs_CashFlowsFromUsedInOperatingActivities"
      xlink:to="ifrs_AdjustmentsForIncomeTaxExpense"
      order="3"
      weight="1"
      use="optional" />
    <loc xlink:type="locator"
      xlink:label="ifrs_AdjustmentsForFinanceCosts"
      xlink:href="http://xbrl.ifrs.org/taxonomy/2013-03-28/ifrs-cor_2013-03-28.xsd#ifrs_AdjustmentsForFinanceCosts" />
    <calculationArc xlink:type="arc"
      xlink:arcrole="http://www.xbrl.org/2003/arcrole/summation-item"
      xlink:from="ifrs_CashFlowsFromUsedInOperatingActivities"
      xlink:to="ifrs_AdjustmentsForFinanceCosts"
      order="4"
      weight="1"
      use="optional" />
    <loc xlink:type="locator"
      xlink:label="ifrs_AdjustmentsForLossesGainsOnDisposalOfNoncurrentAssets"
      xlink:href="http://xbrl.ifrs.org/taxonomy/2013-03-28/ifrs-cor_2013-03-28.xsd#ifrs_AdjustmentsForLossesGainsOnDisposalOfNoncurrentAssets" />
    <calculationArc xlink:type="arc"
      xlink:arcrole="http://www.xbrl.org/2003/arcrole/summation-item"
      xlink:from="ifrs_CashFlowsFromUsedInOperatingActivities"
      xlink:to="ifrs_AdjustmentsForLossesGainsOnDisposalOfNoncurrentAssets"
      order="5"
      weight="1"
      use="optional" />
    <loc xlink:type="locator"
      xlink:label="sap_GainsLossesOnDisposalFinancialAssets"
      xlink:href="sap-20130331.xsd#sap_GainsLossesOnDisposalFinancialAssets" />
    <calculationArc xlink:type="arc"
      xlink:arcrole="http://www.xbrl.org/2003/arcrole/summation-item"
      xlink:from="ifrs_CashFlowsFromUsedInOperatingActivities"
      xlink:to="sap_GainsLossesOnDisposalFinancialAssets"
      order="6"
      weight="1"
      use="optional" />
    <loc xlink:type="locator"
      xlink:label="ifrs_AdjustmentsForImpairmentLossReversalOfImpairmentLossRecognisedInProfitOrLoss"
      xlink:href="http://xbrl.ifrs.org/taxonomy/2013-03-28/ifrs-cor_2013-03-28.xsd#ifrs_AdjustmentsForImpairmentLossReversalOfImpairmentLossRecognisedInProfitOrLoss" />
    <calculationArc xlink:type="arc"
      xlink:arcrole="http://www.xbrl.org/2003/arcrole/summation-item"
      xlink:from="ifrs_CashFlowsFromUsedInOperatingActivities"
      xlink:to="ifrs_AdjustmentsForImpairmentLossReversalOfImpairmentLossRecognisedInProfitOrLoss"
      order="7"
      weight="1"
      use="optional" />
    <loc xlink:type="locator"
      xlink:label="sap_DecreaseIncreaseInAllowanceAccountsOnTradeReceivables"
      xlink:href="sap-20130331.xsd#sap_DecreaseIncreaseInAllowanceAccountsOnTradeReceivables" />
    <calculationArc xlink:type="arc"
      xlink:arcrole="http://www.xbrl.org/2003/arcrole/summation-item"
      xlink:from="ifrs_CashFlowsFromUsedInOperatingActivities"
      xlink:to="sap_DecreaseIncreaseInAllowanceAccountsOnTradeReceivables"
      order="8"
      weight="1"
      use="optional" />
    <loc xlink:type="locator"
      xlink:label="ifrs_AdjustmentsForSharebasedPayments"
      xlink:href="http://xbrl.ifrs.org/taxonomy/2013-03-28/ifrs-cor_2013-03-28.xsd#ifrs_AdjustmentsForSharebasedPayments" />
    <calculationArc xlink:type="arc"
      xlink:arcrole="http://www.xbrl.org/2003/arcrole/summation-item"
      xlink:from="ifrs_CashFlowsFromUsedInOperatingActivities"
      xlink:to="ifrs_AdjustmentsForSharebasedPayments"
      order="9"
      weight="1"
      use="optional" />
    <loc xlink:type="locator"
      xlink:label="ifrs_AdjustmentsForDecreaseIncreaseInTradeAccountReceivable"
      xlink:href="http://xbrl.ifrs.org/taxonomy/2013-03-28/ifrs-cor_2013-03-28.xsd#ifrs_AdjustmentsForDecreaseIncreaseInTradeAccountReceivable" />
    <calculationArc xlink:type="arc"
      xlink:arcrole="http://www.xbrl.org/2003/arcrole/summation-item"
      xlink:from="ifrs_CashFlowsFromUsedInOperatingActivities"
      xlink:to="ifrs_AdjustmentsForDecreaseIncreaseInTradeAccountReceivable"
      order="10"
      weight="1"
      use="optional" />
    <loc xlink:type="locator"
      xlink:label="ifrs_AdjustmentsForDecreaseIncreaseInOtherOperatingReceivables"
      xlink:href="http://xbrl.ifrs.org/taxonomy/2013-03-28/ifrs-cor_2013-03-28.xsd#ifrs_AdjustmentsForDecreaseIncreaseInOtherOperatingReceivables" />
    <calculationArc xlink:type="arc"
      xlink:arcrole="http://www.xbrl.org/2003/arcrole/summation-item"
      xlink:from="ifrs_CashFlowsFromUsedInOperatingActivities"
      xlink:to="ifrs_AdjustmentsForDecreaseIncreaseInOtherOperatingReceivables"
      order="11"
      weight="1"
      use="optional" />
    <loc xlink:type="locator"
      xlink:label="ifrs_AdjustmentsForIncreaseDecreaseInTradeAccountPayable"
      xlink:href="http://xbrl.ifrs.org/taxonomy/2013-03-28/ifrs-cor_2013-03-28.xsd#ifrs_AdjustmentsForIncreaseDecreaseInTradeAccountPayable" />
    <calculationArc xlink:type="arc"
      xlink:arcrole="http://www.xbrl.org/2003/arcrole/summation-item"
      xlink:from="ifrs_CashFlowsFromUsedInOperatingActivities"
      xlink:to="ifrs_AdjustmentsForIncreaseDecreaseInTradeAccountPayable"
      order="12"
      weight="1"
      use="optional" />
    <loc xlink:type="locator"
      xlink:label="ifrs_AdjustmentsForIncreaseDecreaseInOtherOperatingPayables"
      xlink:href="http://xbrl.ifrs.org/taxonomy/2013-03-28/ifrs-cor_2013-03-28.xsd#ifrs_AdjustmentsForIncreaseDecreaseInOtherOperatingPayables" />
    <calculationArc xlink:type="arc"
      xlink:arcrole="http://www.xbrl.org/2003/arcrole/summation-item"
      xlink:from="ifrs_CashFlowsFromUsedInOperatingActivities"
      xlink:to="ifrs_AdjustmentsForIncreaseDecreaseInOtherOperatingPayables"
      order="13"
      weight="1"
      use="optional" />
    <loc xlink:type="locator"
      xlink:label="sap_CashOutflowsDueToTomorrowNowLitigation"
      xlink:href="sap-20130331.xsd#sap_CashOutflowsDueToTomorrowNowLitigation" />
    <calculationArc xlink:type="arc"
      xlink:arcrole="http://www.xbrl.org/2003/arcrole/summation-item"
      xlink:from="ifrs_CashFlowsFromUsedInOperatingActivities"
      xlink:to="sap_CashOutflowsDueToTomorrowNowLitigation"
      order="14"
      weight="-1"
      use="optional" />
    <loc xlink:type="locator"
      xlink:label="ifrs_InterestPaidClassifiedAsOperatingActivities"
      xlink:href="http://xbrl.ifrs.org/taxonomy/2013-03-28/ifrs-cor_2013-03-28.xsd#ifrs_InterestPaidClassifiedAsOperatingActivities" />
    <calculationArc xlink:type="arc"
      xlink:arcrole="http://www.xbrl.org/2003/arcrole/summation-item"
      xlink:from="ifrs_CashFlowsFromUsedInOperatingActivities"
      xlink:to="ifrs_InterestPaidClassifiedAsOperatingActivities"
      order="15"
      weight="-1"
      use="optional" />
    <loc xlink:type="locator"
      xlink:label="ifrs_InterestReceivedClassifiedAsOperatingActivities"
      xlink:href="http://xbrl.ifrs.org/taxonomy/2013-03-28/ifrs-cor_2013-03-28.xsd#ifrs_InterestReceivedClassifiedAsOperatingActivities" />
    <calculationArc xlink:type="arc"
      xlink:arcrole="http://www.xbrl.org/2003/arcrole/summation-item"
      xlink:from="ifrs_CashFlowsFromUsedInOperatingActivities"
      xlink:to="ifrs_InterestReceivedClassifiedAsOperatingActivities"
      order="16"
      weight="1"
      use="optional" />
    <loc xlink:type="locator"
      xlink:label="ifrs_IncomeTaxesPaidRefundClassifiedAsOperatingActivities"
      xlink:href="http://xbrl.ifrs.org/taxonomy/2013-03-28/ifrs-cor_2013-03-28.xsd#ifrs_IncomeTaxesPaidRefundClassifiedAsOperatingActivities" />
    <calculationArc xlink:type="arc"
      xlink:arcrole="http://www.xbrl.org/2003/arcrole/summation-item"
      xlink:from="ifrs_CashFlowsFromUsedInOperatingActivities"
      xlink:to="ifrs_IncomeTaxesPaidRefundClassifiedAsOperatingActivities"
      order="17"
      weight="-1"
      use="optional" />
    <loc xlink:type="locator"
      xlink:label="ifrs_CashFlowsFromUsedInInvestingActivities"
      xlink:href="http://xbrl.ifrs.org/taxonomy/2013-03-28/ifrs-cor_2013-03-28.xsd#ifrs_CashFlowsFromUsedInInvestingActivities" />
    <calculationArc xlink:type="arc"
      xlink:arcrole="http://www.xbrl.org/2003/arcrole/summation-item"
      xlink:from="ifrs_IncreaseDecreaseInCashAndCashEquivalents"
      xlink:to="ifrs_CashFlowsFromUsedInInvestingActivities"
      order="2"
      weight="1"
      use="optional" />
    <loc xlink:type="locator"
      xlink:label="ifrs_CashFlowsUsedInObtainingControlOfSubsidiariesOrOtherBusinessesClassifiedAsInvestingActivities"
      xlink:href="http://xbrl.ifrs.org/taxonomy/2013-03-28/ifrs-cor_2013-03-28.xsd#ifrs_CashFlowsUsedInObtainingControlOfSubsidiariesOrOtherBusinessesClassifiedAsInvestingActivities" />
    <calculationArc xlink:type="arc"
      xlink:arcrole="http://www.xbrl.org/2003/arcrole/summation-item"
      xlink:from="ifrs_CashFlowsFromUsedInInvestingActivities"
      xlink:to="ifrs_CashFlowsUsedInObtainingControlOfSubsidiariesOrOtherBusinessesClassifiedAsInvestingActivities"
      order="1"
      weight="-1"
      use="optional" />
    <loc xlink:type="locator"
      xlink:label="ifrs_OtherCashPaymentsToAcquireEquityOrDebtInstrumentsOfOtherEntitiesClassifiedAsInvestingActivities"
      xlink:href="http://xbrl.ifrs.org/taxonomy/2013-03-28/ifrs-cor_2013-03-28.xsd#ifrs_OtherCashPaymentsToAcquireEquityOrDebtInstrumentsOfOtherEntitiesClassifiedAsInvestingActivities" />
    <calculationArc xlink:type="arc"
      xlink:arcrole="http://www.xbrl.org/2003/arcrole/summation-item"
      xlink:from="ifrs_CashFlowsFromUsedInInvestingActivities"
      xlink:to="ifrs_OtherCashPaymentsToAcquireEquityOrDebtInstrumentsOfOtherEntitiesClassifiedAsInvestingActivities"
      order="2"
      weight="-1"
      use="optional" />
    <loc xlink:type="locator"
      xlink:label="ifrs_OtherCashReceiptsFromSalesOfEquityOrDebtInstrumentsOfOtherEntitiesClassifiedAsInvestingActivities"
      xlink:href="http://xbrl.ifrs.org/taxonomy/2013-03-28/ifrs-cor_2013-03-28.xsd#ifrs_OtherCashReceiptsFromSalesOfEquityOrDebtInstrumentsOfOtherEntitiesClassifiedAsInvestingActivities" />
    <calculationArc xlink:type="arc"
      xlink:arcrole="http://www.xbrl.org/2003/arcrole/summation-item"
      xlink:from="ifrs_CashFlowsFromUsedInInvestingActivities"
      xlink:to="ifrs_OtherCashReceiptsFromSalesOfEquityOrDebtInstrumentsOfOtherEntitiesClassifiedAsInvestingActivities"
      order="3"
      weight="1"
      use="optional" />
    <loc xlink:type="locator"
      xlink:label="ifrs_ProceedsFromDisposalsOfPropertyPlantAndEquipmentIntangibleAssetsOtherThanGoodwillInvestmentPropertyAndOtherNoncurrentAssets"
      xlink:href="http://xbrl.ifrs.org/taxonomy/2013-03-28/ifrs-cor_2013-03-28.xsd#ifrs_ProceedsFromDisposalsOfPropertyPlantAndEquipmentIntangibleAssetsOtherThanGoodwillInvestmentPropertyAndOtherNoncurrentAssets" />
    <calculationArc xlink:type="arc"
      xlink:arcrole="http://www.xbrl.org/2003/arcrole/summation-item"
      xlink:from="ifrs_CashFlowsFromUsedInInvestingActivities"
      xlink:to="ifrs_ProceedsFromDisposalsOfPropertyPlantAndEquipmentIntangibleAssetsOtherThanGoodwillInvestmentPropertyAndOtherNoncurrentAssets"
      order="4"
      weight="1"
      use="optional" />
    <loc xlink:type="locator"
      xlink:label="ifrs_PurchaseOfPropertyPlantAndEquipmentIntangibleAssetsOtherThanGoodwillInvestmentPropertyAndOtherNoncurrentAssets"
      xlink:href="http://xbrl.ifrs.org/taxonomy/2013-03-28/ifrs-cor_2013-03-28.xsd#ifrs_PurchaseOfPropertyPlantAndEquipmentIntangibleAssetsOtherThanGoodwillInvestmentPropertyAndOtherNoncurrentAssets" />
    <calculationArc xlink:type="arc"
      xlink:arcrole="http://www.xbrl.org/2003/arcrole/summation-item"
      xlink:from="ifrs_CashFlowsFromUsedInInvestingActivities"
      xlink:to="ifrs_PurchaseOfPropertyPlantAndEquipmentIntangibleAssetsOtherThanGoodwillInvestmentPropertyAndOtherNoncurrentAssets"
      order="5"
      weight="-1"
      use="optional" />
    <loc xlink:type="locator"
      xlink:label="ifrs_CashFlowsFromUsedInFinancingActivities"
      xlink:href="http://xbrl.ifrs.org/taxonomy/2013-03-28/ifrs-cor_2013-03-28.xsd#ifrs_CashFlowsFromUsedInFinancingActivities" />
    <calculationArc xlink:type="arc"
      xlink:arcrole="http://www.xbrl.org/2003/arcrole/summation-item"
      xlink:from="ifrs_IncreaseDecreaseInCashAndCashEquivalents"
      xlink:to="ifrs_CashFlowsFromUsedInFinancingActivities"
      order="3"
      weight="1"
      use="optional" />
    <loc xlink:type="locator"
      xlink:label="ifrs_DividendsPaidClassifiedAsFinancingActivities"
      xlink:href="http://xbrl.ifrs.org/taxonomy/2013-03-28/ifrs-cor_2013-03-28.xsd#ifrs_DividendsPaidClassifiedAsFinancingActivities" />
    <calculationArc xlink:type="arc"
      xlink:arcrole="http://www.xbrl.org/2003/arcrole/summation-item"
      xlink:from="ifrs_CashFlowsFromUsedInFinancingActivities"
      xlink:to="ifrs_DividendsPaidClassifiedAsFinancingActivities"
      order="1"
      weight="-1"
      use="optional" />
    <loc xlink:type="locator"
      xlink:label="sap_PurchaseNon-controllingInterests"
      xlink:href="sap-20130331.xsd#sap_PurchaseNon-controllingInterests" />
    <calculationArc xlink:type="arc"
      xlink:arcrole="http://www.xbrl.org/2003/arcrole/summation-item"
      xlink:from="ifrs_CashFlowsFromUsedInFinancingActivities"
      xlink:to="sap_PurchaseNon-controllingInterests"
      order="2"
      weight="-1"
      use="optional" />
    <loc xlink:type="locator"
      xlink:label="ifrs_PaymentsToAcquireOrRedeemEntitysShares"
      xlink:href="http://xbrl.ifrs.org/taxonomy/2013-03-28/ifrs-cor_2013-03-28.xsd#ifrs_PaymentsToAcquireOrRedeemEntitysShares" />
    <calculationArc xlink:type="arc"
      xlink:arcrole="http://www.xbrl.org/2003/arcrole/summation-item"
      xlink:from="ifrs_CashFlowsFromUsedInFinancingActivities"
      xlink:to="ifrs_PaymentsToAcquireOrRedeemEntitysShares"
      order="3"
      weight="-1"
      use="optional" />
    <loc xlink:type="locator"
      xlink:label="sap_ProceedsFromReissuanceTreasuryShares"
      xlink:href="sap-20130331.xsd#sap_ProceedsFromReissuanceTreasuryShares" />
    <calculationArc xlink:type="arc"
      xlink:arcrole="http://www.xbrl.org/2003/arcrole/summation-item"
      xlink:from="ifrs_CashFlowsFromUsedInFinancingActivities"
      xlink:to="sap_ProceedsFromReissuanceTreasuryShares"
      order="4"
      weight="1"
      use="optional" />
    <loc xlink:type="locator"
      xlink:label="ifrs_ProceedsFromIssuingShares"
      xlink:href="http://xbrl.ifrs.org/taxonomy/2013-03-28/ifrs-cor_2013-03-28.xsd#ifrs_ProceedsFromIssuingShares" />
    <calculationArc xlink:type="arc"
      xlink:arcrole="http://www.xbrl.org/2003/arcrole/summation-item"
      xlink:from="ifrs_CashFlowsFromUsedInFinancingActivities"
      xlink:to="ifrs_ProceedsFromIssuingShares"
      order="5"
      weight="1"
      use="optional" />
    <loc xlink:type="locator"
      xlink:label="ifrs_ProceedsFromBorrowingsClassifiedAsFinancingActivities"
      xlink:href="http://xbrl.ifrs.org/taxonomy/2013-03-28/ifrs-cor_2013-03-28.xsd#ifrs_ProceedsFromBorrowingsClassifiedAsFinancingActivities" />
    <calculationArc xlink:type="arc"
      xlink:arcrole="http://www.xbrl.org/2003/arcrole/summation-item"
      xlink:from="ifrs_CashFlowsFromUsedInFinancingActivities"
      xlink:to="ifrs_ProceedsFromBorrowingsClassifiedAsFinancingActivities"
      order="6"
      weight="1"
      use="optional" />
    <loc xlink:type="locator"
      xlink:label="ifrs_RepaymentsOfBorrowingsClassifiedAsFinancingActivities"
      xlink:href="http://xbrl.ifrs.org/taxonomy/2013-03-28/ifrs-cor_2013-03-28.xsd#ifrs_RepaymentsOfBorrowingsClassifiedAsFinancingActivities" />
    <calculationArc xlink:type="arc"
      xlink:arcrole="http://www.xbrl.org/2003/arcrole/summation-item"
      xlink:from="ifrs_CashFlowsFromUsedInFinancingActivities"
      xlink:to="ifrs_RepaymentsOfBorrowingsClassifiedAsFinancingActivities"
      order="7"
      weight="-1"
      use="optional" />
    <loc xlink:type="locator"
      xlink:label="sap_ProceedsFromExerciseEquity-basedDerivativeFinancialInstruments"
      xlink:href="sap-20130331.xsd#sap_ProceedsFromExerciseEquity-basedDerivativeFinancialInstruments" />
    <calculationArc xlink:type="arc"
      xlink:arcrole="http://www.xbrl.org/2003/arcrole/summation-item"
      xlink:from="ifrs_CashFlowsFromUsedInFinancingActivities"
      xlink:to="sap_ProceedsFromExerciseEquity-basedDerivativeFinancialInstruments"
      order="8"
      weight="1"
      use="optional" />
    <loc xlink:type="locator"
      xlink:label="sap_PurchaseEquityBasedDerivativeInstrumentsHedgeForCashSettledShareBasedPaymentPlans"
      xlink:href="sap-20130331.xsd#sap_PurchaseEquityBasedDerivativeInstrumentsHedgeForCashSettledShareBasedPaymentPlans" />
    <calculationArc xlink:type="arc"
      xlink:arcrole="http://www.xbrl.org/2003/arcrole/summation-item"
      xlink:from="ifrs_CashFlowsFromUsedInFinancingActivities"
      xlink:to="sap_PurchaseEquityBasedDerivativeInstrumentsHedgeForCashSettledShareBasedPaymentPlans"
      order="9"
      weight="-1"
      use="optional" />
    <loc xlink:type="locator"
      xlink:label="ifrs_EffectOfExchangeRateChangesOnCashAndCashEquivalents"
      xlink:href="http://xbrl.ifrs.org/taxonomy/2013-03-28/ifrs-cor_2013-03-28.xsd#ifrs_EffectOfExchangeRateChangesOnCashAndCashEquivalents" />
    <calculationArc xlink:type="arc"
      xlink:arcrole="http://www.xbrl.org/2003/arcrole/summation-item"
      xlink:from="ifrs_IncreaseDecreaseInCashAndCashEquivalents"
      xlink:to="ifrs_EffectOfExchangeRateChangesOnCashAndCashEquivalents"
      order="4"
      weight="1"
      use="optional" />
  </calculationLink>
</linkbase>