<?xml version="1.0" encoding="UTF-8" standalone="no" ?><?xml-stylesheet type="text/xsl" href="file:/C:/Programs/XPE40/resources/System/XbrlFormula2008Trace-toHtml.xsl"?><formulaTrace type="Full Report" version="4.0.0.2125" date="Tue May 09 10:42:39 PDT 2017" baseURI="C:/Users/Charlie/Documents/CurrentVersions/DigitalFinancialReporting/MemberArrangementPatterns/2017-05-07/MAP05-MultipleCharacteristics/MultipleCharacteristics-SampleInstance.xml" xmlns:xlink="http://www.w3.org/1999/xlink" xmlns:link="http://www.xbrl.org/2003/linkbase" xmlns:xsi="http://www.w3.org/2001/XMLSchema-instance" xmlns:xbrli="http://www.xbrl.org/2003/instance" xmlns:iso4217="http://www.xbrl.org/2003/iso4217" xsi:schemaLocation="http://xbrl.org/2006/xbrldi xbrldi-2006.xsd" >
 <assertionTest cnt="1" id="MemberAggregation_SalesByCountry" message="SATISFIED: (OK) The reported total 6000000 for the concept pattern:Sales agrees to the aggregate of each reported member." satisfied="satisfied" test="$VARIABLE_Total=6000000 eq sum($VARIABLE_Each=[2000000 4000000 ])" type="valueAssertion" value="true" />
 <assertionTest cnt="2" id="MemberAggregation_SalesByCountry" message="SATISFIED: (OK) The reported total 6000000 for the concept pattern:Sales agrees to the aggregate of each reported member." satisfied="satisfied" test="$VARIABLE_Total=6000000 eq sum($VARIABLE_Each=[4000000 2000000 ])" type="valueAssertion" value="true" />
 <assertionTest cnt="3" id="MemberAggregation_SalesByCountry" message="SATISFIED: (OK) The reported total 4000000 for the concept pattern:Sales agrees to the aggregate of each reported member." satisfied="satisfied" test="$VARIABLE_Total=4000000 eq sum($VARIABLE_Each=[2000000 2000000 ])" type="valueAssertion" value="true" />
 <assertionTest cnt="4" id="MemberAggregation_SalesByCountry" message="SATISFIED: (OK) The reported total 4000000 for the concept pattern:Sales agrees to the aggregate of each reported member." satisfied="satisfied" test="$VARIABLE_Total=4000000 eq sum($VARIABLE_Each=[2000000 2000000 ])" type="valueAssertion" value="true" />
 <assertionTest cnt="4" id="MemberAggregation_SalesByCountry" message="SATISFIED: (OK) The reported total 4000000 for the concept pattern:Sales agrees to the aggregate of each reported member." satisfied="satisfied" test="$VARIABLE_Total=4000000 eq sum($VARIABLE_Each=[2000000 2000000 ])" type="valueAssertion" value="true" />
 <assertionTest cnt="1" id="MemberAggregation_SalesByGeographicArea" message="SATISFIED: (OK) The reported total 10000000 for the concept pattern:Sales agrees to the aggregate of each reported member." satisfied="satisfied" test="$VARIABLE_Total=10000000 eq sum($VARIABLE_Each=[4000000 6000000 ])" type="valueAssertion" value="true" />
 <assertionTest cnt="2" id="MemberAggregation_SalesByGeographicArea" message="SATISFIED: (OK) The reported total 10000000 for the concept pattern:Sales agrees to the aggregate of each reported member." satisfied="satisfied" test="$VARIABLE_Total=10000000 eq sum($VARIABLE_Each=[4000000 6000000 ])" type="valueAssertion" value="true" />
 <assertionTest cnt="1" count="14" id="Exists_Sales" satisfied="satisfied" test="[14]" type="existenceAssertion" value="14" />
 <assertionReport count="7">
 <assertionTest cnt="1" id="MemberAggregation_SalesByCountry" message="SATISFIED: (OK) The reported total 6000000 for the concept pattern:Sales agrees to the aggregate of each reported member." satisfied="satisfied" test="$VARIABLE_Total=6000000 eq sum($VARIABLE_Each=[2000000 4000000 ])" type="valueAssertion" value="true" />
 <assertionTest cnt="2" id="MemberAggregation_SalesByCountry" message="SATISFIED: (OK) The reported total 6000000 for the concept pattern:Sales agrees to the aggregate of each reported member." satisfied="satisfied" test="$VARIABLE_Total=6000000 eq sum($VARIABLE_Each=[4000000 2000000 ])" type="valueAssertion" value="true" />
 <assertionTest cnt="3" id="MemberAggregation_SalesByCountry" message="SATISFIED: (OK) The reported total 4000000 for the concept pattern:Sales agrees to the aggregate of each reported member." satisfied="satisfied" test="$VARIABLE_Total=4000000 eq sum($VARIABLE_Each=[2000000 2000000 ])" type="valueAssertion" value="true" />
 <assertionTest cnt="4" id="MemberAggregation_SalesByCountry" message="SATISFIED: (OK) The reported total 4000000 for the concept pattern:Sales agrees to the aggregate of each reported member." satisfied="satisfied" test="$VARIABLE_Total=4000000 eq sum($VARIABLE_Each=[2000000 2000000 ])" type="valueAssertion" value="true" />
 <assertionTest cnt="1" id="MemberAggregation_SalesByGeographicArea" message="SATISFIED: (OK) The reported total 10000000 for the concept pattern:Sales agrees to the aggregate of each reported member." satisfied="satisfied" test="$VARIABLE_Total=10000000 eq sum($VARIABLE_Each=[4000000 6000000 ])" type="valueAssertion" value="true" />
 <assertionTest cnt="2" id="MemberAggregation_SalesByGeographicArea" message="SATISFIED: (OK) The reported total 10000000 for the concept pattern:Sales agrees to the aggregate of each reported member." satisfied="satisfied" test="$VARIABLE_Total=10000000 eq sum($VARIABLE_Each=[4000000 6000000 ])" type="valueAssertion" value="true" />
 <assertionTest cnt="1" count="14" id="Exists_Sales" satisfied="satisfied" test="[14]" type="existenceAssertion" value="14" />
  </assertionReport>
 <summary notSatisfiedAssertionCount="0" firedAssertionCount="7" duration="774ms" outputContextCount="0" outputUnitCount="0" firedFormulaCount="0" compiledFormulaCount="0" satisifiedAssertionCount="7" outputFactCount="0" compiledAssertionCount="3" />
</formulaTrace>
