<?xml version="1.0" encoding="utf-8"?>
<!--
Taxonomy Presentation Links linkbase based on XBRL standard Version 2.1.
Created by UBmatrix Taxonomy Designer 3.0.3.2436 (2009-06-02 13:18).  
Contact www.ubmatrix.com
Copyright (c) 2002-2013 UBmatrix inc., All Rights Reserved
Produced on 2013-05-30 10:30:28
-->
<linkbase
  xmlns="http://www.xbrl.org/2003/linkbase"
  xmlns:xsi="http://www.w3.org/2001/XMLSchema-instance"
  xmlns:xlink="http://www.w3.org/1999/xlink"
  xsi:schemaLocation="
    http://www.xbrl.org/2003/linkbase 
      http://www.xbrl.org/2003/xbrl-linkbase-2003-12-31.xsd
    ">
  <roleRef xlink:type="simple"
    xlink:href="MultipleCharacteristics.xsd#SalesAnalysisByGeographicArea"
    roleURI="http://xbrlsite.azurewebsites.net/DigitalFinancialReporting/MemberArrangementPatterns/MultipleCharacteristics/SalesAnalysisByGeographicArea" />
  <presentationLink xlink:type="extended"
    xlink:role="http://xbrlsite.azurewebsites.net/DigitalFinancialReporting/MemberArrangementPatterns/MultipleCharacteristics/SalesAnalysisByGeographicArea">
    <loc xlink:type="locator"
      xlink:label="pattern_SalesAnalysisByGeographicAreaTable"
      xlink:href="MultipleCharacteristics.xsd#pattern_SalesAnalysisByGeographicAreaTable" />
    <loc xlink:type="locator"
      xlink:label="frm_LegalEntityAxis"
      xlink:href="http://xbrlsite.azurewebsites.net/DigitalFinancialReporting/Schemas/2017-05-07/frm.xsd#frm_LegalEntityAxis" />
    <presentationArc xlink:type="arc"
      xlink:arcrole="http://www.xbrl.org/2003/arcrole/parent-child"
      xlink:from="pattern_SalesAnalysisByGeographicAreaTable"
      xlink:to="frm_LegalEntityAxis"
      order="1"
      use="optional" />
    <loc xlink:type="locator"
      xlink:label="frm_ConsolidatedEntityMember"
      xlink:href="http://xbrlsite.azurewebsites.net/DigitalFinancialReporting/Schemas/2017-05-07/frm.xsd#frm_ConsolidatedEntityMember" />
    <presentationArc xlink:type="arc"
      xlink:arcrole="http://www.xbrl.org/2003/arcrole/parent-child"
      xlink:from="frm_LegalEntityAxis" xlink:to="frm_ConsolidatedEntityMember"
      order="1"
      use="optional" />
    <loc xlink:type="locator"
      xlink:label="frm_GeographicAreaAxis"
      xlink:href="http://xbrlsite.azurewebsites.net/DigitalFinancialReporting/Schemas/2017-05-07/frm.xsd#frm_GeographicAreaAxis" />
    <presentationArc xlink:type="arc"
      xlink:arcrole="http://www.xbrl.org/2003/arcrole/parent-child"
      xlink:from="pattern_SalesAnalysisByGeographicAreaTable"
      xlink:to="frm_GeographicAreaAxis"
      order="2"
      use="optional" />
    <loc xlink:type="locator"
      xlink:label="frm_GeographicAreasAllMember"
      xlink:href="http://xbrlsite.azurewebsites.net/DigitalFinancialReporting/Schemas/2017-05-07/frm.xsd#frm_GeographicAreasAllMember" />
    <presentationArc xlink:type="arc"
      xlink:arcrole="http://www.xbrl.org/2003/arcrole/parent-child"
      xlink:from="frm_GeographicAreaAxis" xlink:to="frm_GeographicAreasAllMember"
      order="1"
      use="optional" />
    <loc xlink:type="locator"
      xlink:label="frm_NorthAmericaRegionMember"
      xlink:href="http://xbrlsite.azurewebsites.net/DigitalFinancialReporting/Schemas/2017-05-07/frm.xsd#frm_NorthAmericaRegionMember" />
    <presentationArc xlink:type="arc"
      xlink:arcrole="http://www.xbrl.org/2003/arcrole/parent-child"
      xlink:from="frm_GeographicAreasAllMember"
      xlink:to="frm_NorthAmericaRegionMember"
      order="1"
      use="optional" />
    <loc xlink:type="locator"
      xlink:label="frm_EuropeRegionMember"
      xlink:href="http://xbrlsite.azurewebsites.net/DigitalFinancialReporting/Schemas/2017-05-07/frm.xsd#frm_EuropeRegionMember" />
    <presentationArc xlink:type="arc"
      xlink:arcrole="http://www.xbrl.org/2003/arcrole/parent-child"
      xlink:from="frm_GeographicAreasAllMember"
      xlink:to="frm_EuropeRegionMember"
      order="2"
      use="optional" />
    <loc xlink:type="locator"
      xlink:label="pattern_CountryAxis"
      xlink:href="MultipleCharacteristics.xsd#pattern_CountryAxis" />
    <presentationArc xlink:type="arc"
      xlink:arcrole="http://www.xbrl.org/2003/arcrole/parent-child"
      xlink:from="pattern_SalesAnalysisByGeographicAreaTable"
      xlink:to="pattern_CountryAxis"
      order="3"
      use="optional" />
    <loc xlink:type="locator"
      xlink:label="pattern_CountriesAllMember"
      xlink:href="MultipleCharacteristics.xsd#pattern_CountriesAllMember" />
    <presentationArc xlink:type="arc"
      xlink:arcrole="http://www.xbrl.org/2003/arcrole/parent-child"
      xlink:from="pattern_CountryAxis" xlink:to="pattern_CountriesAllMember"
      order="1"
      use="optional" />
    <loc xlink:type="locator"
      xlink:label="pattern_UnitedStatesMember"
      xlink:href="MultipleCharacteristics.xsd#pattern_UnitedStatesMember" />
    <presentationArc xlink:type="arc"
      xlink:arcrole="http://www.xbrl.org/2003/arcrole/parent-child"
      xlink:from="pattern_CountriesAllMember"
      xlink:to="pattern_UnitedStatesMember"
      order="1"
      use="optional" />
    <loc xlink:type="locator"
      xlink:label="pattern_CanadaMember"
      xlink:href="MultipleCharacteristics.xsd#pattern_CanadaMember" />
    <presentationArc xlink:type="arc"
      xlink:arcrole="http://www.xbrl.org/2003/arcrole/parent-child"
      xlink:from="pattern_CountriesAllMember"
      xlink:to="pattern_CanadaMember"
      order="2"
      use="optional" />
    <loc xlink:type="locator"
      xlink:label="pattern_UnitedKingdomMember"
      xlink:href="MultipleCharacteristics.xsd#pattern_UnitedKingdomMember" />
    <presentationArc xlink:type="arc"
      xlink:arcrole="http://www.xbrl.org/2003/arcrole/parent-child"
      xlink:from="pattern_CountriesAllMember"
      xlink:to="pattern_UnitedKingdomMember"
      order="3"
      use="optional" />
    <loc xlink:type="locator"
      xlink:label="pattern_GermanyMember"
      xlink:href="MultipleCharacteristics.xsd#pattern_GermanyMember" />
    <presentationArc xlink:type="arc"
      xlink:arcrole="http://www.xbrl.org/2003/arcrole/parent-child"
      xlink:from="pattern_CountriesAllMember"
      xlink:to="pattern_GermanyMember"
      order="4"
      use="optional" />
    <loc xlink:type="locator"
      xlink:label="pattern_SalesAnalysisByGeographicAreaLineItems"
      xlink:href="MultipleCharacteristics.xsd#pattern_SalesAnalysisByGeographicAreaLineItems" />
    <presentationArc xlink:type="arc"
      xlink:arcrole="http://www.xbrl.org/2003/arcrole/parent-child"
      xlink:from="pattern_SalesAnalysisByGeographicAreaTable"
      xlink:to="pattern_SalesAnalysisByGeographicAreaLineItems"
      order="4"
      use="optional" />
    <loc xlink:type="locator"
      xlink:label="pattern_SalesAnalysisByGeographicAreaHierarchy"
      xlink:href="MultipleCharacteristics.xsd#pattern_SalesAnalysisByGeographicAreaHierarchy" />
    <presentationArc xlink:type="arc"
      xlink:arcrole="http://www.xbrl.org/2003/arcrole/parent-child"
      xlink:from="pattern_SalesAnalysisByGeographicAreaLineItems"
      xlink:to="pattern_SalesAnalysisByGeographicAreaHierarchy"
      order="1"
      use="optional" />
    <loc xlink:type="locator"
      xlink:label="pattern_Sales"
      xlink:href="MultipleCharacteristics.xsd#pattern_Sales" />
    <presentationArc xlink:type="arc"
      xlink:arcrole="http://www.xbrl.org/2003/arcrole/parent-child"
      xlink:from="pattern_SalesAnalysisByGeographicAreaHierarchy"
      xlink:to="pattern_Sales"
      order="1"
      use="optional" />
  </presentationLink>
</linkbase>