<?xml version="1.0" encoding="utf-8"?>
<!--
Taxonomy Definition Links linkbase based on XBRL standard Version 2.1.
Created by UBmatrix Taxonomy Designer 3.0.3.2433 (2009-05-15 09:36).  
Contact www.ubmatrix.com
Copyright (c) 2002-2011 UBmatrix inc., All Rights Reserved
Produced on 2011-07-20 06:43:43
-->
<linkbase
  xmlns="http://www.xbrl.org/2003/linkbase"
  xmlns:xsi="http://www.w3.org/2001/XMLSchema-instance"
  xmlns:xlink="http://www.w3.org/1999/xlink"
  xmlns:xbrldt="http://xbrl.org/2005/xbrldt"
  xsi:schemaLocation="
    http://www.xbrl.org/2003/linkbase 
      http://www.xbrl.org/2003/xbrl-linkbase-2003-12-31.xsd
    http://xbrl.org/2005/xbrldt  http://www.xbrl.org/2005/xbrldt-2005.xsd
    ">
  <roleRef xlink:type="simple"
    xlink:href="Reclassification.xsd#PropertyPlantAndEquipmentByComponent"
    roleURI="http://xbrlsite.azurewebsites.net/DigitalFinancialReporting/BusinessUseCases/Reclassification/PropertyPlantAndEquipmentByComponent" />
  <arcroleRef xlink:type="simple"
    xlink:href="http://www.xbrl.org/2005/xbrldt-2005.xsd#domain-member"
    arcroleURI="http://xbrl.org/int/dim/arcrole/domain-member" />
  <arcroleRef xlink:type="simple"
    xlink:href="http://www.xbrl.org/2005/xbrldt-2005.xsd#all"
    arcroleURI="http://xbrl.org/int/dim/arcrole/all" />
  <arcroleRef xlink:type="simple"
    xlink:href="http://www.xbrl.org/2005/xbrldt-2005.xsd#hypercube-dimension"
    arcroleURI="http://xbrl.org/int/dim/arcrole/hypercube-dimension" />
  <arcroleRef xlink:type="simple"
    xlink:href="http://www.xbrl.org/2005/xbrldt-2005.xsd#dimension-domain"
    arcroleURI="http://xbrl.org/int/dim/arcrole/dimension-domain" />
  <definitionLink xlink:type="extended"
    xlink:role="http://xbrlsite.azurewebsites.net/DigitalFinancialReporting/BusinessUseCases/Reclassification/PropertyPlantAndEquipmentByComponent">
    <loc xlink:type="locator"
      xlink:label="pattern_PropertyPlantEquipmentByComponentLineItems"
      xlink:href="Reclassification.xsd#pattern_PropertyPlantEquipmentByComponentLineItems" />
    <loc xlink:type="locator"
      xlink:label="pattern_PropertyPlantEquipmentNetRollUp"
      xlink:href="Reclassification.xsd#pattern_PropertyPlantEquipmentNetRollUp" />
    <definitionArc xlink:type="arc"
      xlink:arcrole="http://xbrl.org/int/dim/arcrole/domain-member"
      xlink:from="pattern_PropertyPlantEquipmentByComponentLineItems"
      xlink:to="pattern_PropertyPlantEquipmentNetRollUp"
      order="1"
      use="optional" />
    <loc xlink:type="locator"
      xlink:label="pattern_Land"
      xlink:href="Reclassification.xsd#pattern_Land" />
    <definitionArc xlink:type="arc"
      xlink:arcrole="http://xbrl.org/int/dim/arcrole/domain-member"
      xlink:from="pattern_PropertyPlantEquipmentNetRollUp"
      xlink:to="pattern_Land"
      order="1"
      use="optional" />
    <loc xlink:type="locator"
      xlink:label="pattern_BuildingsNet"
      xlink:href="Reclassification.xsd#pattern_BuildingsNet" />
    <definitionArc xlink:type="arc"
      xlink:arcrole="http://xbrl.org/int/dim/arcrole/domain-member"
      xlink:from="pattern_PropertyPlantEquipmentNetRollUp"
      xlink:to="pattern_BuildingsNet"
      order="2"
      use="optional" />
    <loc xlink:type="locator"
      xlink:label="pattern_FurnitureAndFixturesNet"
      xlink:href="Reclassification.xsd#pattern_FurnitureAndFixturesNet" />
    <definitionArc xlink:type="arc"
      xlink:arcrole="http://xbrl.org/int/dim/arcrole/domain-member"
      xlink:from="pattern_PropertyPlantEquipmentNetRollUp"
      xlink:to="pattern_FurnitureAndFixturesNet"
      order="3"
      use="optional" />
    <loc xlink:type="locator"
      xlink:label="pattern_ComputerEquipmentNet"
      xlink:href="Reclassification.xsd#pattern_ComputerEquipmentNet" />
    <definitionArc xlink:type="arc"
      xlink:arcrole="http://xbrl.org/int/dim/arcrole/domain-member"
      xlink:from="pattern_PropertyPlantEquipmentNetRollUp"
      xlink:to="pattern_ComputerEquipmentNet"
      order="4"
      use="optional" />
    <loc xlink:type="locator"
      xlink:label="pattern_OtherPropertyPlantAndEquipmentNet"
      xlink:href="Reclassification.xsd#pattern_OtherPropertyPlantAndEquipmentNet" />
    <definitionArc xlink:type="arc"
      xlink:arcrole="http://xbrl.org/int/dim/arcrole/domain-member"
      xlink:from="pattern_PropertyPlantEquipmentNetRollUp"
      xlink:to="pattern_OtherPropertyPlantAndEquipmentNet"
      order="5"
      use="optional" />
    <loc xlink:type="locator"
      xlink:label="pattern_PropertyPlantAndEquipmentNet"
      xlink:href="Reclassification.xsd#pattern_PropertyPlantAndEquipmentNet" />
    <definitionArc xlink:type="arc"
      xlink:arcrole="http://xbrl.org/int/dim/arcrole/domain-member"
      xlink:from="pattern_PropertyPlantEquipmentNetRollUp"
      xlink:to="pattern_PropertyPlantAndEquipmentNet"
      order="6"
      use="optional" />
    <loc xlink:type="locator"
      xlink:label="pattern_PropertyPlantEquipmentByComponentTable"
      xlink:href="Reclassification.xsd#pattern_PropertyPlantEquipmentByComponentTable" />
    <definitionArc xlink:type="arc"
      xlink:arcrole="http://xbrl.org/int/dim/arcrole/all"
      xlink:from="pattern_PropertyPlantEquipmentByComponentLineItems"
      xlink:to="pattern_PropertyPlantEquipmentByComponentTable"
      order="2"
      use="optional"
      xbrldt:contextElement="segment"
      xbrldt:closed="true" />
    <loc xlink:type="locator"
      xlink:label="frm_LegalEntityAxis"
      xlink:href="http://xbrlsite.azurewebsites.net/DigitalFinancialReporting/Schemas/2017-05-07/frm.xsd#frm_LegalEntityAxis" />
    <definitionArc xlink:type="arc"
      xlink:arcrole="http://xbrl.org/int/dim/arcrole/hypercube-dimension"
      xlink:from="pattern_PropertyPlantEquipmentByComponentTable"
      xlink:to="frm_LegalEntityAxis"
      order="1"
      use="optional" />
    <loc xlink:type="locator"
      xlink:label="frm_ConsolidatedEntityMember"
      xlink:href="http://xbrlsite.azurewebsites.net/DigitalFinancialReporting/Schemas/2017-05-07/frm.xsd#frm_ConsolidatedEntityMember" />
    <definitionArc xlink:type="arc"
      xlink:arcrole="http://xbrl.org/int/dim/arcrole/dimension-domain"
      xlink:from="frm_LegalEntityAxis" xlink:to="frm_ConsolidatedEntityMember"
      order="1"
      use="optional" />
    <loc xlink:type="locator"
      xlink:label="frm_ReportDateAxis"
      xlink:href="http://xbrlsite.azurewebsites.net/DigitalFinancialReporting/Schemas/2017-05-07/frm.xsd#frm_ReportDateAxis" />
    <definitionArc xlink:type="arc"
      xlink:arcrole="http://xbrl.org/int/dim/arcrole/hypercube-dimension"
      xlink:from="pattern_PropertyPlantEquipmentByComponentTable"
      xlink:to="frm_ReportDateAxis"
      order="2"
      use="optional" />
    <loc xlink:type="locator"
      xlink:label="pattern_ReportAsOfMarch22011Member"
      xlink:href="Reclassification.xsd#pattern_ReportAsOfMarch22011Member" />
    <definitionArc xlink:type="arc"
      xlink:arcrole="http://xbrl.org/int/dim/arcrole/dimension-domain"
      xlink:from="frm_ReportDateAxis" xlink:to="pattern_ReportAsOfMarch22011Member"
      order="1"
      use="optional" />
    <loc xlink:type="locator"
      xlink:label="pattern_ReportAsOfFebruary182010Member"
      xlink:href="Reclassification.xsd#pattern_ReportAsOfFebruary182010Member" />
    <definitionArc xlink:type="arc"
      xlink:arcrole="http://xbrl.org/int/dim/arcrole/dimension-domain"
      xlink:from="frm_ReportDateAxis" xlink:to="pattern_ReportAsOfFebruary182010Member"
      order="2"
      use="optional" />
  </definitionLink>
</linkbase>