<?xml version="1.0" encoding="UTF-8"?>
<?xml-stylesheet type="text/xsl" href="file:/C:/Programs/XPE40/resources/System/CalcTrace-toHtml.xsl"?>
<CalculationTrace Date="03:14:31" PhysicalUri="C:/Users/Charlie/Documents/CurrentVersions/DigitalFinancialReporting/BusinessUseCases/2017-05-07/BUC43-Reclassification/Reclassification-SampleInstance.xml">
     <ExtendedLinkRole roleUri="http://xbrlsite.azurewebsites.net/DigitalFinancialReporting/BusinessUseCases/Reclassification/PropertyPlantAndEquipmentByComponent">
          <Context id="I-2010" instant="2010-12-31">
               <Unit id="U-Monetary">
                    <Rollup>
                         <To balance="debit" computed="false"
                              conceptNS="http://xbrlsite.azurewebsites.net/DigitalFinancialReporting/BusinessUseCases/Reclassification"
                              conceptName="Land"
                              conceptQName="pattern:Land"
                              contextID="I-2010" decimals="INF"
                              duplicate="false" duration="3 ms"
                              effective="5,347,000" instance="5347000"
                              label="Land" precision=""
                              relationshipToFrom="item"
                              roleUri="http://xbrlsite.azurewebsites.net/DigitalFinancialReporting/BusinessUseCases/Reclassification/PropertyPlantAndEquipmentByComponent"
                              unitID="U-Monetary" weight="1.0"/>
                         <To balance="debit" computed="false"
                              conceptNS="http://xbrlsite.azurewebsites.net/DigitalFinancialReporting/BusinessUseCases/Reclassification"
                              conceptName="BuildingsNet"
                              conceptQName="pattern:BuildingsNet"
                              contextID="I-2010" decimals="INF"
                              duplicate="false" duration="0 ms"
                              effective="244,508,000"
                              instance="244508000"
                              label="Buildings, Net" precision=""
                              relationshipToFrom="item"
                              roleUri="http://xbrlsite.azurewebsites.net/DigitalFinancialReporting/BusinessUseCases/Reclassification/PropertyPlantAndEquipmentByComponent"
                              unitID="U-Monetary" weight="1.0"/>
                         <To balance="debit" computed="false"
                              conceptNS="http://xbrlsite.azurewebsites.net/DigitalFinancialReporting/BusinessUseCases/Reclassification"
                              conceptName="FurnitureAndFixturesNet"
                              conceptQName="pattern:FurnitureAndFixturesNet"
                              contextID="I-2010" decimals="INF"
                              duplicate="false" duration="0 ms"
                              effective="34,457,000" instance="34457000"
                              label="Furniture and Fixtures, Net"
                              precision="" relationshipToFrom="item"
                              roleUri="http://xbrlsite.azurewebsites.net/DigitalFinancialReporting/BusinessUseCases/Reclassification/PropertyPlantAndEquipmentByComponent"
                              unitID="U-Monetary" weight="1.0"/>
                         <To balance="debit" computed="false"
                              conceptNS="http://xbrlsite.azurewebsites.net/DigitalFinancialReporting/BusinessUseCases/Reclassification"
                              conceptName="ComputerEquipmentNet"
                              conceptQName="pattern:ComputerEquipmentNet"
                              contextID="I-2010" decimals="INF"
                              duplicate="false" duration="0 ms"
                              effective="4,169,000" instance="4169000"
                              label="Computer Equipment, Net"
                              precision="" relationshipToFrom="item"
                              roleUri="http://xbrlsite.azurewebsites.net/DigitalFinancialReporting/BusinessUseCases/Reclassification/PropertyPlantAndEquipmentByComponent"
                              unitID="U-Monetary" weight="1.0"/>
                         <To balance="debit" computed="false"
                              conceptNS="http://xbrlsite.azurewebsites.net/DigitalFinancialReporting/BusinessUseCases/Reclassification"
                              conceptName="OtherPropertyPlantAndEquipmentNet"
                              conceptQName="pattern:OtherPropertyPlantAndEquipmentNet"
                              contextID="I-2010" decimals="INF"
                              duplicate="false" duration="0 ms"
                              effective="6,702,000" instance="6702000"
                              label="Other Property, Plant and Equipment, Net"
                              precision="" relationshipToFrom="item"
                              roleUri="http://xbrlsite.azurewebsites.net/DigitalFinancialReporting/BusinessUseCases/Reclassification/PropertyPlantAndEquipmentByComponent"
                              unitID="U-Monetary" weight="1.0"/>
                         <From balance="debit" bound="true"
                              computed="false"
                              conceptNS="http://xbrlsite.azurewebsites.net/DigitalFinancialReporting/BusinessUseCases/Reclassification"
                              conceptName="PropertyPlantAndEquipmentNet"
                              conceptQName="pattern:PropertyPlantAndEquipmentNet"
                              consistent="true" contextID="I-2010"
                              decimals="INF" duplicate="false"
                              duration="60 ms" effective="295,183,000"
                              instance="295183000"
                              label="Property, Plant and Equipment, Net"
                              precision="INF" success="true"
                              toSumDecimals="15"
                              toSumEffective="295,183,000" unitID="U-Monetary"/>
                    </Rollup>
               </Unit>
          </Context>
          <Context id="I-2009" instant="2009-12-31">
               <Unit id="U-Monetary">
                    <Rollup>
                         <To balance="debit" computed="false"
                              conceptNS="http://xbrlsite.azurewebsites.net/DigitalFinancialReporting/BusinessUseCases/Reclassification"
                              conceptName="Land"
                              conceptQName="pattern:Land"
                              contextID="I-2009" decimals="INF"
                              duplicate="false" duration="0 ms"
                              effective="1,147,000" instance="1147000"
                              label="Land" precision=""
                              relationshipToFrom="item"
                              roleUri="http://xbrlsite.azurewebsites.net/DigitalFinancialReporting/BusinessUseCases/Reclassification/PropertyPlantAndEquipmentByComponent"
                              unitID="U-Monetary" weight="1.0"/>
                         <To balance="debit" computed="false"
                              conceptNS="http://xbrlsite.azurewebsites.net/DigitalFinancialReporting/BusinessUseCases/Reclassification"
                              conceptName="BuildingsNet"
                              conceptQName="pattern:BuildingsNet"
                              contextID="I-2009" decimals="INF"
                              duplicate="false" duration="0 ms"
                              effective="366,375,000"
                              instance="366375000"
                              label="Buildings, Net" precision=""
                              relationshipToFrom="item"
                              roleUri="http://xbrlsite.azurewebsites.net/DigitalFinancialReporting/BusinessUseCases/Reclassification/PropertyPlantAndEquipmentByComponent"
                              unitID="U-Monetary" weight="1.0"/>
                         <To balance="debit" computed="false"
                              conceptNS="http://xbrlsite.azurewebsites.net/DigitalFinancialReporting/BusinessUseCases/Reclassification"
                              conceptName="FurnitureAndFixturesNet"
                              conceptQName="pattern:FurnitureAndFixturesNet"
                              contextID="I-2009" decimals="INF"
                              duplicate="false" duration="5 ms"
                              effective="34,457,000" instance="34457000"
                              label="Furniture and Fixtures, Net"
                              precision="" relationshipToFrom="item"
                              roleUri="http://xbrlsite.azurewebsites.net/DigitalFinancialReporting/BusinessUseCases/Reclassification/PropertyPlantAndEquipmentByComponent"
                              unitID="U-Monetary" weight="1.0"/>
                         <To balance="debit" computed="false"
                              conceptNS="http://xbrlsite.azurewebsites.net/DigitalFinancialReporting/BusinessUseCases/Reclassification"
                              conceptName="ComputerEquipmentNet"
                              conceptQName="pattern:ComputerEquipmentNet"
                              contextID="I-2009" decimals="INF"
                              duplicate="false" duration="1 ms"
                              effective="5,313,000" instance="5313000"
                              label="Computer Equipment, Net"
                              precision="" relationshipToFrom="item"
                              roleUri="http://xbrlsite.azurewebsites.net/DigitalFinancialReporting/BusinessUseCases/Reclassification/PropertyPlantAndEquipmentByComponent"
                              unitID="U-Monetary" weight="1.0"/>
                         <To balance="debit" computed="false"
                              conceptNS="http://xbrlsite.azurewebsites.net/DigitalFinancialReporting/BusinessUseCases/Reclassification"
                              conceptName="OtherPropertyPlantAndEquipmentNet"
                              conceptQName="pattern:OtherPropertyPlantAndEquipmentNet"
                              contextID="I-2009" decimals="INF"
                              duplicate="false" duration="0 ms"
                              effective="6,149,000" instance="6149000"
                              label="Other Property, Plant and Equipment, Net"
                              precision="" relationshipToFrom="item"
                              roleUri="http://xbrlsite.azurewebsites.net/DigitalFinancialReporting/BusinessUseCases/Reclassification/PropertyPlantAndEquipmentByComponent"
                              unitID="U-Monetary" weight="1.0"/>
                         <From balance="debit" bound="true"
                              computed="false"
                              conceptNS="http://xbrlsite.azurewebsites.net/DigitalFinancialReporting/BusinessUseCases/Reclassification"
                              conceptName="PropertyPlantAndEquipmentNet"
                              conceptQName="pattern:PropertyPlantAndEquipmentNet"
                              consistent="true" contextID="I-2009"
                              decimals="INF" duplicate="false"
                              duration="7 ms" effective="413,441,000"
                              instance="413441000"
                              label="Property, Plant and Equipment, Net"
                              precision="INF" success="true"
                              toSumDecimals="15"
                              toSumEffective="413,441,000" unitID="U-Monetary"/>
                    </Rollup>
               </Unit>
          </Context>
     </ExtendedLinkRole>
     <Statistics duplicates="0" duration="287 ms" fail="0"
          inconsistent="0" pass="2" total="2"/>
</CalculationTrace>
