<?xml version="1.0" encoding="UTF-8" standalone="no" ?><?xml-stylesheet type="text/xsl" href="file:/C:/Programs/XPE40/resources/System/XbrlFormula2008Trace-toHtml.xsl"?><formulaTrace type="Full Report" version="4.0.0.2125" date="Tue May 09 15:10:38 PDT 2017" baseURI="C:/Users/Charlie/Documents/CurrentVersions/DigitalFinancialReporting/BusinessUseCases/2017-05-07/BUC11-MultiplePeriodsCompoundFact/MultiplePeriodsCompoundFact-SampleInstance.xml" xmlns:xlink="http://www.w3.org/1999/xlink" xmlns:link="http://www.xbrl.org/2003/linkbase" xmlns:xsi="http://www.w3.org/2001/XMLSchema-instance" xmlns:xbrli="http://www.xbrl.org/2003/instance" xmlns:iso4217="http://www.xbrl.org/2003/iso4217" xsi:schemaLocation="http://xbrl.org/2006/xbrldi xbrldi-2006.xsd" >
 <assertionTest cnt="1" id="Assertion_MemberAggregation_LeaseholdLandAndBuildingsLandArea" satisfied="satisfied" test="$VARIABLE_Total=101000 = sum($VARIABLE_Each=[1000 100000 ])" type="valueAssertion" value="true" />
 <assertionTest cnt="1" id="Assertion_MemberAggregation_LeaseholdLandAndBuildingsValueAtCost" satisfied="satisfied" test="$VARIABLE_Total=55000 = sum($VARIABLE_Each=[50000 5000 ])" type="valueAssertion" value="true" />
 <assertionTest cnt="2" id="Assertion_MemberAggregation_LeaseholdLandAndBuildingsValueAtCost" satisfied="satisfied" test="$VARIABLE_Total=44000 = sum($VARIABLE_Each=[4000 40000 ])" type="valueAssertion" value="true" />
 <assertionReport count="3">
 <assertionTest cnt="1" id="Assertion_MemberAggregation_LeaseholdLandAndBuildingsLandArea" satisfied="satisfied" test="$VARIABLE_Total=101000 = sum($VARIABLE_Each=[1000 100000 ])" type="valueAssertion" value="true" />
 <assertionTest cnt="1" id="Assertion_MemberAggregation_LeaseholdLandAndBuildingsValueAtCost" satisfied="satisfied" test="$VARIABLE_Total=55000 = sum($VARIABLE_Each=[50000 5000 ])" type="valueAssertion" value="true" />
 <assertionTest cnt="2" id="Assertion_MemberAggregation_LeaseholdLandAndBuildingsValueAtCost" satisfied="satisfied" test="$VARIABLE_Total=44000 = sum($VARIABLE_Each=[4000 40000 ])" type="valueAssertion" value="true" />
  </assertionReport>
 <summary notSatisfiedAssertionCount="0" firedAssertionCount="3" duration="715ms" outputContextCount="0" outputUnitCount="0" firedFormulaCount="0" compiledFormulaCount="0" satisifiedAssertionCount="3" outputFactCount="0" compiledAssertionCount="2" />
</formulaTrace>
