<?xml version="1.0" encoding="utf-8"?>
<!--
Taxonomy Label Links linkbase based on XBRL standard Version 2.1.
Created by UBmatrix Taxonomy Designer 3.0.3.2436 (2009-06-02 13:18).  
Contact www.ubmatrix.com
Copyright (c) 2002-2017 UBmatrix inc., All Rights Reserved
Produced on 2017-05-10 07:08:13
-->
<linkbase
  xmlns="http://www.xbrl.org/2003/linkbase"
  xmlns:xsi="http://www.w3.org/2001/XMLSchema-instance"
  xmlns:xlink="http://www.w3.org/1999/xlink"
  xsi:schemaLocation="
    http://www.xbrl.org/2003/linkbase 
      http://www.xbrl.org/2003/xbrl-linkbase-2003-12-31.xsd
    ">
  <labelLink xlink:type="extended"
    xlink:role="http://www.xbrl.org/2003/role/link">
    <loc xlink:type="locator"
      xlink:label="pattern_CaliforniaMember"
      xlink:href="MultiplePeriodsCompoundFact.xsd#pattern_CaliforniaMember" />
    <labelArc xlink:type="arc"
      xlink:arcrole="http://www.xbrl.org/2003/arcrole/concept-label"
      xlink:from="pattern_CaliforniaMember"
      xlink:to="pattern_CaliforniaMember_lbl" />
    <label xlink:type="resource"
      xlink:label="pattern_CaliforniaMember_lbl"
      xml:lang="en"
      xlink:role="http://www.xbrl.org/2003/role/documentation">Duis metus. Donec pulvinar nonummy erat.</label>
    <label xlink:type="resource"
      xlink:label="pattern_CaliforniaMember_lbl"
      xml:lang="en"
      xlink:role="http://www.xbrl.org/2003/role/label">California [Member]</label>
    <loc xlink:type="locator"
      xlink:label="pattern_LeaseholdLandAndBuildingsDescriptionOfFacility"
      xlink:href="MultiplePeriodsCompoundFact.xsd#pattern_LeaseholdLandAndBuildingsDescriptionOfFacility" />
    <labelArc xlink:type="arc"
      xlink:arcrole="http://www.xbrl.org/2003/arcrole/concept-label"
      xlink:from="pattern_LeaseholdLandAndBuildingsDescriptionOfFacility"
      xlink:to="pattern_LeaseholdLandAndBuildingsDescriptionOfFacility_lbl" />
    <label xlink:type="resource"
      xlink:label="pattern_LeaseholdLandAndBuildingsDescriptionOfFacility_lbl"
      xml:lang="en"
      xlink:role="http://www.xbrl.org/2003/role/documentation">Duis sapien diam, dapibus sed, dictum quis, interdum ac, erat.</label>
    <label xlink:type="resource"
      xlink:label="pattern_LeaseholdLandAndBuildingsDescriptionOfFacility_lbl"
      xml:lang="en"
      xlink:role="http://www.xbrl.org/2003/role/label">Leasehold Land and Buildings, Description of Facility</label>
    <loc xlink:type="locator"
      xlink:label="pattern_LeaseholdLandAndBuildingsLandArea"
      xlink:href="MultiplePeriodsCompoundFact.xsd#pattern_LeaseholdLandAndBuildingsLandArea" />
    <labelArc xlink:type="arc"
      xlink:arcrole="http://www.xbrl.org/2003/arcrole/concept-label"
      xlink:from="pattern_LeaseholdLandAndBuildingsLandArea"
      xlink:to="pattern_LeaseholdLandAndBuildingsLandArea_lbl" />
    <label xlink:type="resource"
      xlink:label="pattern_LeaseholdLandAndBuildingsLandArea_lbl"
      xml:lang="en"
      xlink:role="http://www.xbrl.org/2003/role/documentation">Pellentesque pede felis, rhoncus accumsan, luctus ut, facilisis vitae, tortor. Suspendisse potenti.</label>
    <label xlink:type="resource"
      xlink:label="pattern_LeaseholdLandAndBuildingsLandArea_lbl"
      xml:lang="en"
      xlink:role="http://www.xbrl.org/2003/role/label">Leasehold Land and Buildings, Land Area</label>
    <loc xlink:type="locator"
      xlink:label="pattern_LeaseholdLandAndBuildingsLocation"
      xlink:href="MultiplePeriodsCompoundFact.xsd#pattern_LeaseholdLandAndBuildingsLocation" />
    <labelArc xlink:type="arc"
      xlink:arcrole="http://www.xbrl.org/2003/arcrole/concept-label"
      xlink:from="pattern_LeaseholdLandAndBuildingsLocation"
      xlink:to="pattern_LeaseholdLandAndBuildingsLocation_lbl" />
    <label xlink:type="resource"
      xlink:label="pattern_LeaseholdLandAndBuildingsLocation_lbl"
      xml:lang="en"
      xlink:role="http://www.xbrl.org/2003/role/documentation">Sed mauris. Nulla facilisi. Fusce tristique posuere ipsum. Nulla facilisi.</label>
    <label xlink:type="resource"
      xlink:label="pattern_LeaseholdLandAndBuildingsLocation_lbl"
      xml:lang="en"
      xlink:role="http://www.xbrl.org/2003/role/label">Leasehold Land and Buildings, Location</label>
    <loc xlink:type="locator"
      xlink:label="pattern_LeaseholdLandAndBuildingsTenureStartDate"
      xlink:href="MultiplePeriodsCompoundFact.xsd#pattern_LeaseholdLandAndBuildingsTenureStartDate" />
    <labelArc xlink:type="arc"
      xlink:arcrole="http://www.xbrl.org/2003/arcrole/concept-label"
      xlink:from="pattern_LeaseholdLandAndBuildingsTenureStartDate"
      xlink:to="pattern_LeaseholdLandAndBuildingsTenureStartDate_lbl" />
    <label xlink:type="resource"
      xlink:label="pattern_LeaseholdLandAndBuildingsTenureStartDate_lbl"
      xml:lang="en"
      xlink:role="http://www.xbrl.org/2003/role/documentation">Nunc in elit non metus viverra sollicitudin.</label>
    <label xlink:type="resource"
      xlink:label="pattern_LeaseholdLandAndBuildingsTenureStartDate_lbl"
      xml:lang="en"
      xlink:role="http://www.xbrl.org/2003/role/label">Leasehold Land and Buildings, Tenure Start Date</label>
    <loc xlink:type="locator"
      xlink:label="pattern_LeaseholdLandAndBuildingsTenure"
      xlink:href="MultiplePeriodsCompoundFact.xsd#pattern_LeaseholdLandAndBuildingsTenure" />
    <labelArc xlink:type="arc"
      xlink:arcrole="http://www.xbrl.org/2003/arcrole/concept-label"
      xlink:from="pattern_LeaseholdLandAndBuildingsTenure"
      xlink:to="pattern_LeaseholdLandAndBuildingsTenure_lbl" />
    <label xlink:type="resource"
      xlink:label="pattern_LeaseholdLandAndBuildingsTenure_lbl"
      xml:lang="en"
      xlink:role="http://www.xbrl.org/2003/role/documentation">Vivamus quis nunc. Proin porta tincidunt nunc.</label>
    <label xlink:type="resource"
      xlink:label="pattern_LeaseholdLandAndBuildingsTenure_lbl"
      xml:lang="en"
      xlink:role="http://www.xbrl.org/2003/role/label">Leasehold Land and Buildings, Tenure</label>
    <loc xlink:type="locator"
      xlink:label="pattern_LeaseholdLandAndBuildingsValueAtCost"
      xlink:href="MultiplePeriodsCompoundFact.xsd#pattern_LeaseholdLandAndBuildingsValueAtCost" />
    <labelArc xlink:type="arc"
      xlink:arcrole="http://www.xbrl.org/2003/arcrole/concept-label"
      xlink:from="pattern_LeaseholdLandAndBuildingsValueAtCost"
      xlink:to="pattern_LeaseholdLandAndBuildingsValueAtCost_lbl" />
    <label xlink:type="resource"
      xlink:label="pattern_LeaseholdLandAndBuildingsValueAtCost_lbl"
      xml:lang="en"
      xlink:role="http://www.xbrl.org/2003/role/documentation">Sed eu nibh. Fusce vitae mi. Sed dapibus venenatis ipsum. Sed in purus.</label>
    <label xlink:type="resource"
      xlink:label="pattern_LeaseholdLandAndBuildingsValueAtCost_lbl"
      xml:lang="en"
      xlink:role="http://www.xbrl.org/2003/role/label">Leasehold Land and Buildings, Value at Cost</label>
    <loc xlink:type="locator"
      xlink:label="pattern_LeaseholdLandBuildingHierarchy"
      xlink:href="MultiplePeriodsCompoundFact.xsd#pattern_LeaseholdLandBuildingHierarchy" />
    <labelArc xlink:type="arc"
      xlink:arcrole="http://www.xbrl.org/2003/arcrole/concept-label"
      xlink:from="pattern_LeaseholdLandBuildingHierarchy"
      xlink:to="pattern_LeaseholdLandBuildingHierarchy_lbl" />
    <label xlink:type="resource"
      xlink:label="pattern_LeaseholdLandBuildingHierarchy_lbl"
      xml:lang="en"
      xlink:role="http://www.xbrl.org/2003/role/documentation">Nam lorem. Ut ut risus nec nibh dictum posuere.</label>
    <label xlink:type="resource"
      xlink:label="pattern_LeaseholdLandBuildingHierarchy_lbl"
      xml:lang="en"
      xlink:role="http://www.xbrl.org/2003/role/label">Leasehold Land and Building [Hierarchy]</label>
    <loc xlink:type="locator"
      xlink:label="pattern_LeaseholdLandBuildingIdentifierAxis"
      xlink:href="MultiplePeriodsCompoundFact.xsd#pattern_LeaseholdLandBuildingIdentifierAxis" />
    <labelArc xlink:type="arc"
      xlink:arcrole="http://www.xbrl.org/2003/arcrole/concept-label"
      xlink:from="pattern_LeaseholdLandBuildingIdentifierAxis"
      xlink:to="pattern_LeaseholdLandBuildingIdentifierAxis_lbl" />
    <label xlink:type="resource"
      xlink:label="pattern_LeaseholdLandBuildingIdentifierAxis_lbl"
      xml:lang="en"
      xlink:role="http://www.xbrl.org/2003/role/documentation">Ut venenatis, velit a accumsan interdum, odio metus mollis mauris, non pharetra augue arcu eu felis.</label>
    <label xlink:type="resource"
      xlink:label="pattern_LeaseholdLandBuildingIdentifierAxis_lbl"
      xml:lang="en"
      xlink:role="http://www.xbrl.org/2003/role/label">Leasehold Land and Building, Identifier [Axis]</label>
    <loc xlink:type="locator"
      xlink:label="pattern_LeaseholdLandBuildingLineItems"
      xlink:href="MultiplePeriodsCompoundFact.xsd#pattern_LeaseholdLandBuildingLineItems" />
    <labelArc xlink:type="arc"
      xlink:arcrole="http://www.xbrl.org/2003/arcrole/concept-label"
      xlink:from="pattern_LeaseholdLandBuildingLineItems"
      xlink:to="pattern_LeaseholdLandBuildingLineItems_lbl" />
    <label xlink:type="resource"
      xlink:label="pattern_LeaseholdLandBuildingLineItems_lbl"
      xml:lang="en"
      xlink:role="http://www.xbrl.org/2003/role/documentation">Pellentesque pede felis, rhoncus accumsan, luctus ut, facilisis vitae, tortor. Suspendisse potenti.</label>
    <label xlink:type="resource"
      xlink:label="pattern_LeaseholdLandBuildingLineItems_lbl"
      xml:lang="en"
      xlink:role="http://www.xbrl.org/2003/role/label">Leasehold Land and Building [Line Items]</label>
    <loc xlink:type="locator"
      xlink:label="pattern_LeaseholdLandBuildingsTable"
      xlink:href="MultiplePeriodsCompoundFact.xsd#pattern_LeaseholdLandBuildingsTable" />
    <labelArc xlink:type="arc"
      xlink:arcrole="http://www.xbrl.org/2003/arcrole/concept-label"
      xlink:from="pattern_LeaseholdLandBuildingsTable"
      xlink:to="pattern_LeaseholdLandBuildingsTable_lbl" />
    <label xlink:type="resource"
      xlink:label="pattern_LeaseholdLandBuildingsTable_lbl"
      xml:lang="en"
      xlink:role="http://www.xbrl.org/2003/role/documentation">Nam rhoncus mi. Nunc eu dui non mauris interdum tincidunt. Sed magna felis, accumsan a, fermentum quis, varius sed, ipsum.</label>
    <label xlink:type="resource"
      xlink:label="pattern_LeaseholdLandBuildingsTable_lbl"
      xml:lang="en"
      xlink:role="http://www.xbrl.org/2003/role/label">Leasehold Land and Buildings [Table]</label>
    <loc xlink:type="locator"
      xlink:label="pattern_LeaseholdsAllMember"
      xlink:href="MultiplePeriodsCompoundFact.xsd#pattern_LeaseholdsAllMember" />
    <labelArc xlink:type="arc"
      xlink:arcrole="http://www.xbrl.org/2003/arcrole/concept-label"
      xlink:from="pattern_LeaseholdsAllMember"
      xlink:to="pattern_LeaseholdsAllMember_lbl" />
    <label xlink:type="resource"
      xlink:label="pattern_LeaseholdsAllMember_lbl"
      xml:lang="en"
      xlink:role="http://www.xbrl.org/2003/role/documentation">Fusce venenatis. Maecenas tincidunt, ipsum in fringilla hendrerit, dolor metus eleifend neque, vel tincidunt mi nunc a purus.</label>
    <label xlink:type="resource"
      xlink:label="pattern_LeaseholdsAllMember_lbl"
      xml:lang="en"
      xlink:role="http://www.xbrl.org/2003/role/label">Leaseholds, All [Member]</label>
    <loc xlink:type="locator"
      xlink:label="pattern_OregonMember"
      xlink:href="MultiplePeriodsCompoundFact.xsd#pattern_OregonMember" />
    <labelArc xlink:type="arc"
      xlink:arcrole="http://www.xbrl.org/2003/arcrole/concept-label"
      xlink:from="pattern_OregonMember" xlink:to="pattern_OregonMember_lbl" />
    <label xlink:type="resource"
      xlink:label="pattern_OregonMember_lbl"
      xml:lang="en"
      xlink:role="http://www.xbrl.org/2003/role/documentation">Fusce gravida, ligula a placerat placerat, leo erat euismod lectus, et lacinia justo libero non pede.</label>
    <label xlink:type="resource"
      xlink:label="pattern_OregonMember_lbl"
      xml:lang="en"
      xlink:role="http://www.xbrl.org/2003/role/label">Oregon [Member]</label>
    <loc xlink:type="locator"
      xlink:label="pattern_SeattleWarehouseUnder20YearLeaseMember"
      xlink:href="MultiplePeriodsCompoundFact.xsd#pattern_SeattleWarehouseUnder20YearLeaseMember" />
    <labelArc xlink:type="arc"
      xlink:arcrole="http://www.xbrl.org/2003/arcrole/concept-label"
      xlink:from="pattern_SeattleWarehouseUnder20YearLeaseMember"
      xlink:to="pattern_SeattleWarehouseUnder20YearLeaseMember_lbl" />
    <label xlink:type="resource"
      xlink:label="pattern_SeattleWarehouseUnder20YearLeaseMember_lbl"
      xml:lang="en"
      xlink:role="http://www.xbrl.org/2003/role/documentation">Praesent id mauris. Sed dapibus dui quis lectus. Donec id sem. Integer sit amet diam ac nibh consequat vestibulum.</label>
    <label xlink:type="resource"
      xlink:label="pattern_SeattleWarehouseUnder20YearLeaseMember_lbl"
      xml:lang="en"
      xlink:role="http://www.xbrl.org/2003/role/label">Seattle Warehouse Under 20 Year Lease [Member]</label>
    <loc xlink:type="locator"
      xlink:label="pattern_StateAxis"
      xlink:href="MultiplePeriodsCompoundFact.xsd#pattern_StateAxis" />
    <labelArc xlink:type="arc"
      xlink:arcrole="http://www.xbrl.org/2003/arcrole/concept-label"
      xlink:from="pattern_StateAxis" xlink:to="pattern_StateAxis_lbl" />
    <label xlink:type="resource"
      xlink:label="pattern_StateAxis_lbl" xml:lang="en"
      xlink:role="http://www.xbrl.org/2003/role/documentation">Nullam dui orci, scelerisque porttitor, volutpat a, porttitor a, enim. Sed lobortis. Maecenas scelerisque ullamcorper libero.</label>
    <label xlink:type="resource"
      xlink:label="pattern_StateAxis_lbl" xml:lang="en"
      xlink:role="http://www.xbrl.org/2003/role/label">State [Axis]</label>
    <loc xlink:type="locator"
      xlink:label="pattern_StatesAllMember"
      xlink:href="MultiplePeriodsCompoundFact.xsd#pattern_StatesAllMember" />
    <labelArc xlink:type="arc"
      xlink:arcrole="http://www.xbrl.org/2003/arcrole/concept-label"
      xlink:from="pattern_StatesAllMember" xlink:to="pattern_StatesAllMember_lbl" />
    <label xlink:type="resource"
      xlink:label="pattern_StatesAllMember_lbl"
      xml:lang="en"
      xlink:role="http://www.xbrl.org/2003/role/documentation">Sed rhoncus mi in wisi. Nullam nibh dui, molestie vitae, imperdiet non, ornare at, elit.</label>
    <label xlink:type="resource"
      xlink:label="pattern_StatesAllMember_lbl"
      xml:lang="en"
      xlink:role="http://www.xbrl.org/2003/role/label">States, All [Member]</label>
    <loc xlink:type="locator"
      xlink:label="pattern_TacomaWarehouseUnder15YearLeaseMember"
      xlink:href="MultiplePeriodsCompoundFact.xsd#pattern_TacomaWarehouseUnder15YearLeaseMember" />
    <labelArc xlink:type="arc"
      xlink:arcrole="http://www.xbrl.org/2003/arcrole/concept-label"
      xlink:from="pattern_TacomaWarehouseUnder15YearLeaseMember"
      xlink:to="pattern_TacomaWarehouseUnder15YearLeaseMember_lbl" />
    <label xlink:type="resource"
      xlink:label="pattern_TacomaWarehouseUnder15YearLeaseMember_lbl"
      xml:lang="en"
      xlink:role="http://www.xbrl.org/2003/role/documentation">Pellentesque habitant morbi tristique senectus et netus et malesuada fames ac turpis egestas. Fusce suscipit pede ut erat. Sed rutrum.</label>
    <label xlink:type="resource"
      xlink:label="pattern_TacomaWarehouseUnder15YearLeaseMember_lbl"
      xml:lang="en"
      xlink:role="http://www.xbrl.org/2003/role/label">Tacoma Warehouse Under 15 Year Lease [Member]</label>
    <loc xlink:type="locator"
      xlink:label="pattern_WashingtonMember"
      xlink:href="MultiplePeriodsCompoundFact.xsd#pattern_WashingtonMember" />
    <labelArc xlink:type="arc"
      xlink:arcrole="http://www.xbrl.org/2003/arcrole/concept-label"
      xlink:from="pattern_WashingtonMember"
      xlink:to="pattern_WashingtonMember_lbl" />
    <label xlink:type="resource"
      xlink:label="pattern_WashingtonMember_lbl"
      xml:lang="en"
      xlink:role="http://www.xbrl.org/2003/role/documentation">Duis sapien diam, dapibus sed, dictum quis, interdum ac, erat. Suspendisse urna.</label>
    <label xlink:type="resource"
      xlink:label="pattern_WashingtonMember_lbl"
      xml:lang="en"
      xlink:role="http://www.xbrl.org/2003/role/label">Washington [Member]</label>
  </labelLink>
</linkbase>