<?xml version="1.0" encoding="utf-8"?>
<!-- Created by Charles Hoffman, CPA: 2013-05-15 -->
<xbrl xmlns="http://www.xbrl.org/2003/instance" 
      xmlns:xbrli="http://www.xbrl.org/2003/instance"
      xmlns:link="http://www.xbrl.org/2003/linkbase" 
      xmlns:xlink="http://www.w3.org/1999/xlink" 
      xmlns:xsi="http://www.w3.org/2001/XMLSchema-instance" 
      xmlns:xbrldi="http://xbrl.org/2006/xbrldi" 
       
      xmlns:frm="http://xbrlsite.azurewebsites.net/DigitalFinancialReporting/Schemas/frm"
      xmlns:pattern="http://xbrlsite.azurewebsites.net/DigitalFinancialReporting/BusinessUseCases/MultiplePeriodsCompoundFact" 
      xmlns:iso4217="http://www.xbrl.org/2003/iso4217" 
      xsi:schemaLocation="http://xbrl.org/2006/xbrldi http://www.xbrl.org/2006/xbrldi-2006.xsd">

   <link:schemaRef xlink:type="simple" xlink:href="MultiplePeriodsCompoundFact.xsd" />
  	<link:linkbaseRef xlink:type='simple' xlink:href='MultiplePeriodsCompoundFact-formula.xml' xlink:arcrole='http://www.w3.org/1999/xlink/properties/linkbase'/>
   
   <!-- Leaseholds -->
   <context id="D-2010-LIA">
      <!-- Leasehold Improvements, Leasehold A, Current Period, For Period -->
      <entity>
         <identifier scheme="http://www.SampleCompany.com">SAMP</identifier>
         <segment>
           <xbrldi:explicitMember dimension="frm:LegalEntityAxis">frm:ConsolidatedEntityMember</xbrldi:explicitMember>
           <xbrldi:explicitMember dimension="pattern:LeaseholdLandBuildingIdentifierAxis">pattern:TacomaWarehouseUnder15YearLeaseMember</xbrldi:explicitMember>
           <xbrldi:explicitMember dimension="pattern:StateAxis">pattern:WashingtonMember</xbrldi:explicitMember>
         </segment>
      </entity>
      <period>
         <startDate>2010-01-01</startDate>
         <endDate>2010-12-31</endDate>
      </period>
   </context>
   <context id="I-2010-LIA">
      <!-- Leasehold Improvements, Leasehold A, Current Period, As of -->
      <entity>
         <identifier scheme="http://www.SampleCompany.com">SAMP</identifier>
         <segment>
           <xbrldi:explicitMember dimension="frm:LegalEntityAxis">frm:ConsolidatedEntityMember</xbrldi:explicitMember>
           <xbrldi:explicitMember dimension="pattern:LeaseholdLandBuildingIdentifierAxis">pattern:TacomaWarehouseUnder15YearLeaseMember</xbrldi:explicitMember>
           <xbrldi:explicitMember dimension="pattern:StateAxis">pattern:WashingtonMember</xbrldi:explicitMember>
         </segment>
      </entity>
      <period>
         <instant>2010-12-31</instant>
      </period>
   </context>
   <context id="I-2009-LIA">
      <!-- Leasehold Improvements, Leasehold A, Prior Period, As of -->
      <entity>
         <identifier scheme="http://www.SampleCompany.com">SAMP</identifier>
         <segment>
           <xbrldi:explicitMember dimension="frm:LegalEntityAxis">frm:ConsolidatedEntityMember</xbrldi:explicitMember>
           <xbrldi:explicitMember dimension="pattern:LeaseholdLandBuildingIdentifierAxis">pattern:TacomaWarehouseUnder15YearLeaseMember</xbrldi:explicitMember>
           <xbrldi:explicitMember dimension="pattern:StateAxis">pattern:WashingtonMember</xbrldi:explicitMember>
         </segment>
      </entity>
      <period>
         <instant>2009-12-31</instant>
      </period>
   </context>
   <context id="D-2010-LIB">
      <!-- Leasehold Improvements, Leasehold B, Current Period, For Period -->
      <entity>
         <identifier scheme="http://www.SampleCompany.com">SAMP</identifier>
         <segment>
           <xbrldi:explicitMember dimension="frm:LegalEntityAxis">frm:ConsolidatedEntityMember</xbrldi:explicitMember>
           <xbrldi:explicitMember dimension="pattern:LeaseholdLandBuildingIdentifierAxis">pattern:SeattleWarehouseUnder20YearLeaseMember</xbrldi:explicitMember>
           <xbrldi:explicitMember dimension="pattern:StateAxis">pattern:WashingtonMember</xbrldi:explicitMember>
         </segment>
      </entity>
      <period>
         <startDate>2010-01-01</startDate>
         <endDate>2010-12-31</endDate>
      </period>
   </context>
   <context id="I-2010-LIB">
      <!-- Leasehold Improvements, Leasehold B, Current Period, As of -->
      <entity>
         <identifier scheme="http://www.SampleCompany.com">SAMP</identifier>
         <segment>
           <xbrldi:explicitMember dimension="frm:LegalEntityAxis">frm:ConsolidatedEntityMember</xbrldi:explicitMember>
           <xbrldi:explicitMember dimension="pattern:LeaseholdLandBuildingIdentifierAxis">pattern:SeattleWarehouseUnder20YearLeaseMember</xbrldi:explicitMember>
           <xbrldi:explicitMember dimension="pattern:StateAxis">pattern:WashingtonMember</xbrldi:explicitMember>
         </segment>
      </entity>
      <period>
         <instant>2010-12-31</instant>
      </period>
   </context>
   <context id="I-2009-LIB">
      <!-- Leasehold Improvements, Leasehold B, Prior Period, As of -->
      <entity>
         <identifier scheme="http://www.SampleCompany.com">SAMP</identifier>
         <segment>
           <xbrldi:explicitMember dimension="frm:LegalEntityAxis">frm:ConsolidatedEntityMember</xbrldi:explicitMember>
           <xbrldi:explicitMember dimension="pattern:LeaseholdLandBuildingIdentifierAxis">pattern:SeattleWarehouseUnder20YearLeaseMember</xbrldi:explicitMember>
           <xbrldi:explicitMember dimension="pattern:StateAxis">pattern:WashingtonMember</xbrldi:explicitMember>
         </segment>
      </entity>
      <period>
         <instant>2009-12-31</instant>
      </period>
   </context>
   <context id="I-2010-LI-ALL">
      <!-- Leasehold Improvements, All Leaseholds, Current Period, As of -->
      <entity>
         <identifier scheme="http://www.SampleCompany.com">SAMP</identifier>
         <segment>
           <xbrldi:explicitMember dimension="frm:LegalEntityAxis">frm:ConsolidatedEntityMember</xbrldi:explicitMember>
           <xbrldi:explicitMember dimension="pattern:LeaseholdLandBuildingIdentifierAxis">pattern:LeaseholdsAllMember</xbrldi:explicitMember>
           <xbrldi:explicitMember dimension="pattern:StateAxis">pattern:WashingtonMember</xbrldi:explicitMember>
         </segment>
      </entity>
      <period>
         <instant>2010-12-31</instant>
      </period>
   </context>
   <context id="I-2009-LI-ALL">
      <!-- Leasehold Improvements, All Leaseholds, Prior Period, As of -->
      <entity>
         <identifier scheme="http://www.SampleCompany.com">SAMP</identifier>
         <segment>
           <xbrldi:explicitMember dimension="frm:LegalEntityAxis">frm:ConsolidatedEntityMember</xbrldi:explicitMember>
           <xbrldi:explicitMember dimension="pattern:LeaseholdLandBuildingIdentifierAxis">pattern:LeaseholdsAllMember</xbrldi:explicitMember>
           <xbrldi:explicitMember dimension="pattern:StateAxis">pattern:WashingtonMember</xbrldi:explicitMember>
         </segment>
      </entity>
      <period>
         <instant>2009-12-31</instant>
      </period>
   </context>



   <unit id="U-Monetary">
      <measure>iso4217:USD</measure>
   </unit>
   <unit id="U-Pure">
      <!-- Pure; no measure, pure number -->
     <measure>pure</measure>
   </unit>

   <pattern:LeaseholdLandAndBuildingsLocation contextRef="D-2010-LIA">Tacoma, Washington</pattern:LeaseholdLandAndBuildingsLocation>
   <pattern:LeaseholdLandAndBuildingsDescriptionOfFacility contextRef="D-2010-LIA">Warehouse</pattern:LeaseholdLandAndBuildingsDescriptionOfFacility>
   <pattern:LeaseholdLandAndBuildingsTenure contextRef="D-2010-LIA">Fifteen year lease</pattern:LeaseholdLandAndBuildingsTenure>
   <pattern:LeaseholdLandAndBuildingsTenureStartDate contextRef="D-2010-LIA">2000-01-01</pattern:LeaseholdLandAndBuildingsTenureStartDate>
   <pattern:LeaseholdLandAndBuildingsLandArea contextRef="I-2010-LIA" unitRef="U-Pure" decimals="INF">1000</pattern:LeaseholdLandAndBuildingsLandArea>
   <pattern:LeaseholdLandAndBuildingsValueAtCost contextRef="I-2010-LIA" unitRef="U-Monetary" decimals="INF">5000</pattern:LeaseholdLandAndBuildingsValueAtCost>
   <pattern:LeaseholdLandAndBuildingsValueAtCost contextRef="I-2009-LIA" unitRef="U-Monetary" decimals="INF">4000</pattern:LeaseholdLandAndBuildingsValueAtCost>

   <pattern:LeaseholdLandAndBuildingsLocation contextRef="D-2010-LIB">Seattle, Washington</pattern:LeaseholdLandAndBuildingsLocation>
   <pattern:LeaseholdLandAndBuildingsDescriptionOfFacility contextRef="D-2010-LIB">Warehouse</pattern:LeaseholdLandAndBuildingsDescriptionOfFacility>
   <pattern:LeaseholdLandAndBuildingsTenure contextRef="D-2010-LIB">Twenty year lease</pattern:LeaseholdLandAndBuildingsTenure>
   <pattern:LeaseholdLandAndBuildingsTenureStartDate contextRef="D-2010-LIB">2000-01-01</pattern:LeaseholdLandAndBuildingsTenureStartDate>
   <pattern:LeaseholdLandAndBuildingsLandArea contextRef="I-2010-LIB" unitRef="U-Pure" decimals="INF">100000</pattern:LeaseholdLandAndBuildingsLandArea>
   <pattern:LeaseholdLandAndBuildingsValueAtCost contextRef="I-2010-LIB" unitRef="U-Monetary" decimals="INF">50000</pattern:LeaseholdLandAndBuildingsValueAtCost>
   <pattern:LeaseholdLandAndBuildingsValueAtCost contextRef="I-2009-LIB" unitRef="U-Monetary" decimals="INF">40000</pattern:LeaseholdLandAndBuildingsValueAtCost>


   <pattern:LeaseholdLandAndBuildingsLandArea contextRef="I-2010-LI-ALL" unitRef="U-Pure" decimals="INF">101000</pattern:LeaseholdLandAndBuildingsLandArea>
   <pattern:LeaseholdLandAndBuildingsValueAtCost contextRef="I-2010-LI-ALL" unitRef="U-Monetary" decimals="INF">55000</pattern:LeaseholdLandAndBuildingsValueAtCost>
   <pattern:LeaseholdLandAndBuildingsValueAtCost contextRef="I-2009-LI-ALL" unitRef="U-Monetary" decimals="INF">44000</pattern:LeaseholdLandAndBuildingsValueAtCost>


</xbrl>
