<?xml version="1.0" encoding="utf-8"?>
<!--
Taxonomy Definition Links linkbase based on XBRL standard Version 2.1.
Created by UBmatrix Taxonomy Designer 3.0.3.2436 (2009-06-02 13:18).  
Contact www.ubmatrix.com
Copyright (c) 2002-2017 UBmatrix inc., All Rights Reserved
Produced on 2017-05-09 06:33:17
-->
<linkbase
  xmlns="http://www.xbrl.org/2003/linkbase"
  xmlns:xsi="http://www.w3.org/2001/XMLSchema-instance"
  xmlns:xlink="http://www.w3.org/1999/xlink"
  xmlns:xbrldt="http://xbrl.org/2005/xbrldt"
  xsi:schemaLocation="
    http://www.xbrl.org/2003/linkbase 
      http://www.xbrl.org/2003/xbrl-linkbase-2003-12-31.xsd
    http://xbrl.org/2005/xbrldt  http://www.xbrl.org/2005/xbrldt-2005.xsd
    ">
  <roleRef xlink:type="simple"
    xlink:href="RollForward.xsd#RollForwardOfLand"
    roleURI="http://xbrlsite.azurewebsites.net/DigitalFinancialReporting/ConceptArrangementPatterns/RollForward/RollForwardOfLand" />
  <arcroleRef xlink:type="simple"
    xlink:href="http://www.xbrl.org/2005/xbrldt-2005.xsd#domain-member"
    arcroleURI="http://xbrl.org/int/dim/arcrole/domain-member" />
  <arcroleRef xlink:type="simple"
    xlink:href="http://www.xbrl.org/2005/xbrldt-2005.xsd#all"
    arcroleURI="http://xbrl.org/int/dim/arcrole/all" />
  <arcroleRef xlink:type="simple"
    xlink:href="http://www.xbrl.org/2005/xbrldt-2005.xsd#hypercube-dimension"
    arcroleURI="http://xbrl.org/int/dim/arcrole/hypercube-dimension" />
  <arcroleRef xlink:type="simple"
    xlink:href="http://www.xbrl.org/2005/xbrldt-2005.xsd#dimension-domain"
    arcroleURI="http://xbrl.org/int/dim/arcrole/dimension-domain" />
  <definitionLink xlink:type="extended"
    xlink:role="http://xbrlsite.azurewebsites.net/DigitalFinancialReporting/ConceptArrangementPatterns/RollForward/RollForwardOfLand">
    <loc xlink:type="locator"
      xlink:label="pattern_LandChangesLineItems"
      xlink:href="RollForward.xsd#pattern_LandChangesLineItems" />
    <loc xlink:type="locator"
      xlink:label="pattern_RollForwardLandRollForward"
      xlink:href="RollForward.xsd#pattern_RollForwardLandRollForward" />
    <definitionArc xlink:type="arc"
      xlink:arcrole="http://xbrl.org/int/dim/arcrole/domain-member"
      xlink:from="pattern_LandChangesLineItems"
      xlink:to="pattern_RollForwardLandRollForward"
      order="1"
      use="optional" />
    <loc xlink:type="locator"
      xlink:label="pattern_Land"
      xlink:href="RollForward.xsd#pattern_Land" />
    <definitionArc xlink:type="arc"
      xlink:arcrole="http://xbrl.org/int/dim/arcrole/domain-member"
      xlink:from="pattern_RollForwardLandRollForward"
      xlink:to="pattern_Land"
      order="1"
      use="optional" />
    <loc xlink:type="locator"
      xlink:label="pattern_LandAdditions"
      xlink:href="RollForward.xsd#pattern_LandAdditions" />
    <definitionArc xlink:type="arc"
      xlink:arcrole="http://xbrl.org/int/dim/arcrole/domain-member"
      xlink:from="pattern_RollForwardLandRollForward"
      xlink:to="pattern_LandAdditions"
      order="2"
      use="optional" />
    <loc xlink:type="locator"
      xlink:label="pattern_LandDisposals"
      xlink:href="RollForward.xsd#pattern_LandDisposals" />
    <definitionArc xlink:type="arc"
      xlink:arcrole="http://xbrl.org/int/dim/arcrole/domain-member"
      xlink:from="pattern_RollForwardLandRollForward"
      xlink:to="pattern_LandDisposals"
      order="3"
      use="optional" />
    <loc xlink:type="locator"
      xlink:label="pattern_LandTranslationDifference"
      xlink:href="RollForward.xsd#pattern_LandTranslationDifference" />
    <definitionArc xlink:type="arc"
      xlink:arcrole="http://xbrl.org/int/dim/arcrole/domain-member"
      xlink:from="pattern_RollForwardLandRollForward"
      xlink:to="pattern_LandTranslationDifference"
      order="4"
      use="optional" />
    <loc xlink:type="locator"
      xlink:label="pattern_LandChangesTable"
      xlink:href="RollForward.xsd#pattern_LandChangesTable" />
    <definitionArc xlink:type="arc"
      xlink:arcrole="http://xbrl.org/int/dim/arcrole/all"
      xlink:from="pattern_LandChangesLineItems"
      xlink:to="pattern_LandChangesTable"
      order="2"
      use="optional"
      xbrldt:contextElement="segment"
      xbrldt:closed="true" />
    <loc xlink:type="locator"
      xlink:label="frm_LegalEntityAxis"
      xlink:href="http://xbrlsite.azurewebsites.net/DigitalFinancialReporting/Schemas/2017-05-07/frm.xsd#frm_LegalEntityAxis" />
    <definitionArc xlink:type="arc"
      xlink:arcrole="http://xbrl.org/int/dim/arcrole/hypercube-dimension"
      xlink:from="pattern_LandChangesTable"
      xlink:to="frm_LegalEntityAxis"
      order="1"
      use="optional" />
    <loc xlink:type="locator"
      xlink:label="frm_ConsolidatedEntityMember"
      xlink:href="http://xbrlsite.azurewebsites.net/DigitalFinancialReporting/Schemas/2017-05-07/frm.xsd#frm_ConsolidatedEntityMember" />
    <definitionArc xlink:type="arc"
      xlink:arcrole="http://xbrl.org/int/dim/arcrole/dimension-domain"
      xlink:from="frm_LegalEntityAxis" xlink:to="frm_ConsolidatedEntityMember"
      order="1"
      use="optional" />
  </definitionLink>
</linkbase>