<?xml version="1.0" encoding="utf-8"?>
<!--
Taxonomy Label Links linkbase based on XBRL standard Version 2.1.
Created by UBmatrix Taxonomy Designer 3.0.3.2436 (2009-06-02 13:18).  
Contact www.ubmatrix.com
Copyright (c) 2002-2017 UBmatrix inc., All Rights Reserved
Produced on 2017-05-09 06:33:17
-->
<linkbase
  xmlns="http://www.xbrl.org/2003/linkbase"
  xmlns:xsi="http://www.w3.org/2001/XMLSchema-instance"
  xmlns:xlink="http://www.w3.org/1999/xlink"
  xsi:schemaLocation="
    http://www.xbrl.org/2003/linkbase 
      http://www.xbrl.org/2003/xbrl-linkbase-2003-12-31.xsd
    ">
  <roleRef xlink:type="simple"
    xlink:href="http://www.xbrl.org/lrr/role/negated-2009-12-16.xsd#negatedLabel"
    roleURI="http://www.xbrl.org/2009/role/negatedLabel" />
  <labelLink xlink:type="extended"
    xlink:role="http://www.xbrl.org/2003/role/link">
    <loc xlink:type="locator"
      xlink:label="pattern_LandAdditions"
      xlink:href="RollForward.xsd#pattern_LandAdditions" />
    <labelArc xlink:type="arc"
      xlink:arcrole="http://www.xbrl.org/2003/arcrole/concept-label"
      xlink:from="pattern_LandAdditions" xlink:to="pattern_LandAdditions_lbl" />
    <label xlink:type="resource"
      xlink:label="pattern_LandAdditions_lbl"
      xml:lang="en"
      xlink:role="http://www.xbrl.org/2003/role/documentation">Praesent fringilla feugiat magna. Suspendisse et lorem eu risus convallis placerat. Suspendisse potenti. Donec malesuada lorem id mi.</label>
    <label xlink:type="resource"
      xlink:label="pattern_LandAdditions_lbl"
      xml:lang="en"
      xlink:role="http://www.xbrl.org/2003/role/label">Land, Additions</label>
    <loc xlink:type="locator"
      xlink:label="pattern_LandChangesLineItems"
      xlink:href="RollForward.xsd#pattern_LandChangesLineItems" />
    <labelArc xlink:type="arc"
      xlink:arcrole="http://www.xbrl.org/2003/arcrole/concept-label"
      xlink:from="pattern_LandChangesLineItems"
      xlink:to="pattern_LandChangesLineItems_lbl" />
    <label xlink:type="resource"
      xlink:label="pattern_LandChangesLineItems_lbl"
      xml:lang="en"
      xlink:role="http://www.xbrl.org/2003/role/documentation">Suspendisse vestibulum augue eu justo. Pellentesque habitant morbi tristique senectus et netus et malesuada fames ac turpis egestas.</label>
    <label xlink:type="resource"
      xlink:label="pattern_LandChangesLineItems_lbl"
      xml:lang="en"
      xlink:role="http://www.xbrl.org/2003/role/label">Land Changes [Line Items]</label>
    <loc xlink:type="locator"
      xlink:label="pattern_LandChangesTable"
      xlink:href="RollForward.xsd#pattern_LandChangesTable" />
    <labelArc xlink:type="arc"
      xlink:arcrole="http://www.xbrl.org/2003/arcrole/concept-label"
      xlink:from="pattern_LandChangesTable"
      xlink:to="pattern_LandChangesTable_lbl" />
    <label xlink:type="resource"
      xlink:label="pattern_LandChangesTable_lbl"
      xml:lang="en"
      xlink:role="http://www.xbrl.org/2003/role/documentation">Etiam feugiat massa nec nibh. Curabitur fermentum mattis eros. Pellentesque pede felis, rhoncus accumsan, luctus ut, facilisis vitae, tortor. Suspendisse potenti.</label>
    <label xlink:type="resource"
      xlink:label="pattern_LandChangesTable_lbl"
      xml:lang="en"
      xlink:role="http://www.xbrl.org/2003/role/label">Land Changes [Table]</label>
    <loc xlink:type="locator"
      xlink:label="pattern_LandDisposals"
      xlink:href="RollForward.xsd#pattern_LandDisposals" />
    <labelArc xlink:type="arc"
      xlink:arcrole="http://www.xbrl.org/2003/arcrole/concept-label"
      xlink:from="pattern_LandDisposals" xlink:to="pattern_LandDisposals_lbl" />
    <label xlink:type="resource"
      xlink:label="pattern_LandDisposals_lbl"
      xml:lang="en"
      xlink:role="http://www.xbrl.org/2003/role/documentation">Proin elit sem, ornare non, ullamcorper vel, sollicitudin a, lacus. Mauris tincidunt cursus est.</label>
    <label xlink:type="resource"
      xlink:label="pattern_LandDisposals_lbl"
      xml:lang="en"
      xlink:role="http://www.xbrl.org/2003/role/label">Land, Disposals</label>
    <label xlink:type="resource"
      xlink:label="pattern_LandDisposals_lbl"
      xml:lang="en"
      xlink:role="http://www.xbrl.org/2009/role/negatedLabel">Land, Disposals</label>
    <loc xlink:type="locator"
      xlink:label="pattern_LandTranslationDifference"
      xlink:href="RollForward.xsd#pattern_LandTranslationDifference" />
    <labelArc xlink:type="arc"
      xlink:arcrole="http://www.xbrl.org/2003/arcrole/concept-label"
      xlink:from="pattern_LandTranslationDifference"
      xlink:to="pattern_LandTranslationDifference_lbl" />
    <label xlink:type="resource"
      xlink:label="pattern_LandTranslationDifference_lbl"
      xml:lang="en"
      xlink:role="http://www.xbrl.org/2003/role/documentation">Nam rhoncus mi. Nunc eu dui non mauris interdum tincidunt. Sed magna felis, accumsan a, fermentum quis, varius sed, ipsum. Nullam leo. Donec eros.</label>
    <label xlink:type="resource"
      xlink:label="pattern_LandTranslationDifference_lbl"
      xml:lang="en"
      xlink:role="http://www.xbrl.org/2003/role/label">Land, Translation Difference</label>
    <loc xlink:type="locator"
      xlink:label="pattern_Land"
      xlink:href="RollForward.xsd#pattern_Land" />
    <labelArc xlink:type="arc"
      xlink:arcrole="http://www.xbrl.org/2003/arcrole/concept-label"
      xlink:from="pattern_Land" xlink:to="pattern_Land_lbl" />
    <label xlink:type="resource"
      xlink:label="pattern_Land_lbl" xml:lang="en"
      xlink:role="http://www.xbrl.org/2003/role/documentation">Etiam ipsum orci, gravida nec, feugiat ut, malesuada quis, mauris. Etiam porttitor. Ut venenatis, velit a accumsan interdum, odio metus mollis mauris, non pharetra augue arcu eu felis.</label>
    <label xlink:type="resource"
      xlink:label="pattern_Land_lbl" xml:lang="en"
      xlink:role="http://www.xbrl.org/2003/role/periodEndLabel">Land, Ending Balance</label>
    <label xlink:type="resource"
      xlink:label="pattern_Land_lbl" xml:lang="en"
      xlink:role="http://www.xbrl.org/2003/role/periodStartLabel">Land, Beginning Balance</label>
    <label xlink:type="resource"
      xlink:label="pattern_Land_lbl" xml:lang="en"
      xlink:role="http://www.xbrl.org/2003/role/label">Land</label>
    <loc xlink:type="locator"
      xlink:label="pattern_RollForwardLandRollForward"
      xlink:href="RollForward.xsd#pattern_RollForwardLandRollForward" />
    <labelArc xlink:type="arc"
      xlink:arcrole="http://www.xbrl.org/2003/arcrole/concept-label"
      xlink:from="pattern_RollForwardLandRollForward"
      xlink:to="pattern_RollForwardLandRollForward_lbl" />
    <label xlink:type="resource"
      xlink:label="pattern_RollForwardLandRollForward_lbl"
      xml:lang="en"
      xlink:role="http://www.xbrl.org/2003/role/documentation">Praesent eleifend dignissim eros. Proin feugiat lobortis mi. Nunc congue. Fusce venenatis. Maecenas tincidunt, ipsum in fringilla hendrerit, dolor metus eleifend neque, vel tincidunt mi nunc a purus.</label>
    <label xlink:type="resource"
      xlink:label="pattern_RollForwardLandRollForward_lbl"
      xml:lang="en"
      xlink:role="http://www.xbrl.org/2003/role/label">Roll Forward of Land [Roll Forward]</label>
  </labelLink>
</linkbase>