<?xml version="1.0" encoding="UTF-8" standalone="no" ?><?xml-stylesheet type="text/xsl" href="file:/C:/Programs/XPE40/resources/System/XbrlFormula2008Trace-toHtml.xsl"?><formulaTrace type="Full Report" version="4.0.0.2125" date="Tue May 09 08:03:05 PDT 2017" baseURI="C:/Users/Charlie/Documents/CurrentVersions/DigitalFinancialReporting/Metapatterns/2017-05-07/02-RollUp/RollUp-SampleInstance.xml" xmlns:xlink="http://www.w3.org/1999/xlink" xmlns:link="http://www.xbrl.org/2003/linkbase" xmlns:xsi="http://www.w3.org/2001/XMLSchema-instance" xmlns:xbrli="http://www.xbrl.org/2003/instance" xmlns:iso4217="http://www.xbrl.org/2003/iso4217" xsi:schemaLocation="http://xbrl.org/2006/xbrldi xbrldi-2006.xsd" >
 <assertionTest cnt="1" id="RollUp_PropertyPlantAndEquipmentNet" message="SATISFIED: (OK) The reported value of $295,183,000 for the roll up of pattern:PropertyPlantAndEquipmentNet agrees to the sum of its pieces." satisfied="satisfied" test="$PropertyPlantAndEquipmentNet=295183000 = (sum(($Land=5347000 , $BuildingsNet=244508000 , $FurnitureAndFixturesNet=34457000 ,&#xA;  $ComputerEquipmentNet=4169000 , $OtherPropertyPlantAndEquipmentNet=6702000)))" type="valueAssertion" value="true" />
 <assertionTest cnt="2" id="RollUp_PropertyPlantAndEquipmentNet" message="SATISFIED: (OK) The reported value of $413,441,000 for the roll up of pattern:PropertyPlantAndEquipmentNet agrees to the sum of its pieces." satisfied="satisfied" test="$PropertyPlantAndEquipmentNet=413441000 = (sum(($Land=1147000 , $BuildingsNet=366375000 , $FurnitureAndFixturesNet=34457000 ,&#xA;  $ComputerEquipmentNet=5313000 , $OtherPropertyPlantAndEquipmentNet=6149000)))" type="valueAssertion" value="true" />
 <assertionTest cnt="1" count="2" id="Exists_PropertyPlantAndEquipmentNet" satisfied="satisfied" test="[2]" type="existenceAssertion" value="2" />
 <assertionReport count="3">
 <assertionTest cnt="1" id="RollUp_PropertyPlantAndEquipmentNet" message="SATISFIED: (OK) The reported value of $295,183,000 for the roll up of pattern:PropertyPlantAndEquipmentNet agrees to the sum of its pieces." satisfied="satisfied" test="$PropertyPlantAndEquipmentNet=295183000 = (sum(($Land=5347000 , $BuildingsNet=244508000 , $FurnitureAndFixturesNet=34457000 ,&#xA;  $ComputerEquipmentNet=4169000 , $OtherPropertyPlantAndEquipmentNet=6702000)))" type="valueAssertion" value="true" />
 <assertionTest cnt="2" id="RollUp_PropertyPlantAndEquipmentNet" message="SATISFIED: (OK) The reported value of $413,441,000 for the roll up of pattern:PropertyPlantAndEquipmentNet agrees to the sum of its pieces." satisfied="satisfied" test="$PropertyPlantAndEquipmentNet=413441000 = (sum(($Land=1147000 , $BuildingsNet=366375000 , $FurnitureAndFixturesNet=34457000 ,&#xA;  $ComputerEquipmentNet=5313000 , $OtherPropertyPlantAndEquipmentNet=6149000)))" type="valueAssertion" value="true" />
 <assertionTest cnt="1" count="2" id="Exists_PropertyPlantAndEquipmentNet" satisfied="satisfied" test="[2]" type="existenceAssertion" value="2" />
  </assertionReport>
 <summary notSatisfiedAssertionCount="0" firedAssertionCount="3" duration="1126ms" outputContextCount="0" outputUnitCount="0" firedFormulaCount="0" compiledFormulaCount="0" satisifiedAssertionCount="3" outputFactCount="0" compiledAssertionCount="2" />
</formulaTrace>
