<?xml version="1.0" encoding="UTF-8"?>
<?xml-stylesheet type="text/xsl" href="file:/C:/Programs/XPE40/resources/System/CalcTrace-toHtml.xsl"?>
<CalculationTrace Date="03:06:19" PhysicalUri="C:/Users/Charlie/Documents/CurrentVersions/DigitalFinancialReporting/BusinessUseCases/2017-05-07/BUC04-NestedRollUp/NestedRollUp-SampleInstance.xml">
     <ExtendedLinkRole roleUri="http://xbrlsite.azurewebsites.net/DigitalFinancialReporting/BusinessUseCases/NestedRollUp/IncomeTaxExpenseBenefit">
          <Context from="2010-01-01" id="D-2010" to="2010-12-31">
               <Unit id="U-Monetary">
                    <Rollup>
                         <To balance="debit" computed="false"
                              conceptNS="http://xbrlsite.azurewebsites.net/DigitalFinancialReporting/BusinessUseCases/NestedRollUp"
                              conceptName="IncomeTaxExpenseBenefitCurrentForeign"
                              conceptQName="pattern:IncomeTaxExpenseBenefitCurrentForeign"
                              contextID="D-2010" decimals="INF"
                              duplicate="false" duration="3 ms"
                              effective="200,000" instance="200000"
                              label="Income Tax Expense (Benefit), Current, Foreign"
                              precision="" relationshipToFrom="item"
                              roleUri="http://xbrlsite.azurewebsites.net/DigitalFinancialReporting/BusinessUseCases/NestedRollUp/IncomeTaxExpenseBenefit"
                              unitID="U-Monetary" weight="1.0"/>
                         <To balance="debit" computed="false"
                              conceptNS="http://xbrlsite.azurewebsites.net/DigitalFinancialReporting/BusinessUseCases/NestedRollUp"
                              conceptName="IncomeTaxExpenseBenefitCurrentDomestic"
                              conceptQName="pattern:IncomeTaxExpenseBenefitCurrentDomestic"
                              contextID="D-2010" decimals="INF"
                              duplicate="false" duration="0 ms"
                              effective="50,000" instance="50000"
                              label="Income Tax Expense (Benefit), Current, Domestic"
                              precision="" relationshipToFrom="item"
                              roleUri="http://xbrlsite.azurewebsites.net/DigitalFinancialReporting/BusinessUseCases/NestedRollUp/IncomeTaxExpenseBenefit"
                              unitID="U-Monetary" weight="1.0"/>
                         <From balance="debit" bound="true"
                              computed="false"
                              conceptNS="http://xbrlsite.azurewebsites.net/DigitalFinancialReporting/BusinessUseCases/NestedRollUp"
                              conceptName="IncomeTaxExpenseBenefitCurrent"
                              conceptQName="pattern:IncomeTaxExpenseBenefitCurrent"
                              consistent="true" contextID="D-2010"
                              decimals="INF" duplicate="false"
                              duration="60 ms" effective="250,000"
                              instance="250000"
                              label="Income Tax Expense (Benefit), Current"
                              precision="INF" success="true"
                              toSumDecimals="15"
                              toSumEffective="250,000" unitID="U-Monetary"/>
                    </Rollup>
                    <Rollup>
                         <To balance="debit" computed="false"
                              conceptNS="http://xbrlsite.azurewebsites.net/DigitalFinancialReporting/BusinessUseCases/NestedRollUp"
                              conceptName="IncomeTaxExpenseBenefitDeferredForeign"
                              conceptQName="pattern:IncomeTaxExpenseBenefitDeferredForeign"
                              contextID="D-2010" decimals="INF"
                              duplicate="false" duration="0 ms"
                              effective="200,000" instance="200000"
                              label="Income Tax Expense (Benefit), Deferred, Foreign"
                              precision="" relationshipToFrom="item"
                              roleUri="http://xbrlsite.azurewebsites.net/DigitalFinancialReporting/BusinessUseCases/NestedRollUp/IncomeTaxExpenseBenefit"
                              unitID="U-Monetary" weight="1.0"/>
                         <To balance="debit" computed="false"
                              conceptNS="http://xbrlsite.azurewebsites.net/DigitalFinancialReporting/BusinessUseCases/NestedRollUp"
                              conceptName="IncomeTaxExpenseBenefitDeferredDomestic"
                              conceptQName="pattern:IncomeTaxExpenseBenefitDeferredDomestic"
                              contextID="D-2010" decimals="INF"
                              duplicate="false" duration="0 ms"
                              effective="50,000" instance="50000"
                              label="Income Tax Expense (Benefit), Deferred, Domestic"
                              precision="" relationshipToFrom="item"
                              roleUri="http://xbrlsite.azurewebsites.net/DigitalFinancialReporting/BusinessUseCases/NestedRollUp/IncomeTaxExpenseBenefit"
                              unitID="U-Monetary" weight="1.0"/>
                         <From balance="debit" bound="true"
                              computed="false"
                              conceptNS="http://xbrlsite.azurewebsites.net/DigitalFinancialReporting/BusinessUseCases/NestedRollUp"
                              conceptName="IncomeTaxExpenseBenefitDeferred"
                              conceptQName="pattern:IncomeTaxExpenseBenefitDeferred"
                              consistent="true" contextID="D-2010"
                              decimals="INF" duplicate="false"
                              duration="0 ms" effective="250,000"
                              instance="250000"
                              label="Income Tax Expense (Benefit), Deferred"
                              precision="INF" success="true"
                              toSumDecimals="15"
                              toSumEffective="250,000" unitID="U-Monetary"/>
                    </Rollup>
                    <Rollup>
                         <To balance="debit" computed="false"
                              conceptNS="http://xbrlsite.azurewebsites.net/DigitalFinancialReporting/BusinessUseCases/NestedRollUp"
                              conceptName="IncomeTaxExpenseBenefitCurrent"
                              conceptQName="pattern:IncomeTaxExpenseBenefitCurrent"
                              contextID="D-2010" decimals="INF"
                              duplicate="false" duration="0 ms"
                              effective="250,000" instance="250000"
                              label="Income Tax Expense (Benefit), Current"
                              precision="" relationshipToFrom="item"
                              roleUri="http://xbrlsite.azurewebsites.net/DigitalFinancialReporting/BusinessUseCases/NestedRollUp/IncomeTaxExpenseBenefit"
                              unitID="U-Monetary" weight="1.0"/>
                         <To balance="debit" computed="false"
                              conceptNS="http://xbrlsite.azurewebsites.net/DigitalFinancialReporting/BusinessUseCases/NestedRollUp"
                              conceptName="IncomeTaxExpenseBenefitDeferred"
                              conceptQName="pattern:IncomeTaxExpenseBenefitDeferred"
                              contextID="D-2010" decimals="INF"
                              duplicate="false" duration="0 ms"
                              effective="250,000" instance="250000"
                              label="Income Tax Expense (Benefit), Deferred"
                              precision="" relationshipToFrom="item"
                              roleUri="http://xbrlsite.azurewebsites.net/DigitalFinancialReporting/BusinessUseCases/NestedRollUp/IncomeTaxExpenseBenefit"
                              unitID="U-Monetary" weight="1.0"/>
                         <From balance="debit" bound="true"
                              computed="false"
                              conceptNS="http://xbrlsite.azurewebsites.net/DigitalFinancialReporting/BusinessUseCases/NestedRollUp"
                              conceptName="IncomeTaxExpenseBenefit"
                              conceptQName="pattern:IncomeTaxExpenseBenefit"
                              consistent="true" contextID="D-2010"
                              decimals="INF" duplicate="false"
                              duration="0 ms" effective="500,000"
                              instance="500000"
                              label="Income Tax Expense (Benefit)"
                              precision="INF" success="true"
                              toSumDecimals="15"
                              toSumEffective="500,000" unitID="U-Monetary"/>
                    </Rollup>
               </Unit>
          </Context>
          <Context from="2009-01-01" id="D-2009" to="2009-12-31">
               <Unit id="U-Monetary">
                    <Rollup>
                         <To balance="debit" computed="false"
                              conceptNS="http://xbrlsite.azurewebsites.net/DigitalFinancialReporting/BusinessUseCases/NestedRollUp"
                              conceptName="IncomeTaxExpenseBenefitCurrentForeign"
                              conceptQName="pattern:IncomeTaxExpenseBenefitCurrentForeign"
                              contextID="D-2009" decimals="INF"
                              duplicate="false" duration="0 ms"
                              effective="250,000" instance="250000"
                              label="Income Tax Expense (Benefit), Current, Foreign"
                              precision="" relationshipToFrom="item"
                              roleUri="http://xbrlsite.azurewebsites.net/DigitalFinancialReporting/BusinessUseCases/NestedRollUp/IncomeTaxExpenseBenefit"
                              unitID="U-Monetary" weight="1.0"/>
                         <To balance="debit" computed="false"
                              conceptNS="http://xbrlsite.azurewebsites.net/DigitalFinancialReporting/BusinessUseCases/NestedRollUp"
                              conceptName="IncomeTaxExpenseBenefitCurrentDomestic"
                              conceptQName="pattern:IncomeTaxExpenseBenefitCurrentDomestic"
                              contextID="D-2009" decimals="INF"
                              duplicate="false" duration="0 ms"
                              effective="250,000" instance="250000"
                              label="Income Tax Expense (Benefit), Current, Domestic"
                              precision="" relationshipToFrom="item"
                              roleUri="http://xbrlsite.azurewebsites.net/DigitalFinancialReporting/BusinessUseCases/NestedRollUp/IncomeTaxExpenseBenefit"
                              unitID="U-Monetary" weight="1.0"/>
                         <From balance="debit" bound="true"
                              computed="false"
                              conceptNS="http://xbrlsite.azurewebsites.net/DigitalFinancialReporting/BusinessUseCases/NestedRollUp"
                              conceptName="IncomeTaxExpenseBenefitCurrent"
                              conceptQName="pattern:IncomeTaxExpenseBenefitCurrent"
                              consistent="true" contextID="D-2009"
                              decimals="INF" duplicate="false"
                              duration="0 ms" effective="500,000"
                              instance="500000"
                              label="Income Tax Expense (Benefit), Current"
                              precision="INF" success="true"
                              toSumDecimals="15"
                              toSumEffective="500,000" unitID="U-Monetary"/>
                    </Rollup>
                    <Rollup>
                         <To balance="debit" computed="false"
                              conceptNS="http://xbrlsite.azurewebsites.net/DigitalFinancialReporting/BusinessUseCases/NestedRollUp"
                              conceptName="IncomeTaxExpenseBenefitDeferredForeign"
                              conceptQName="pattern:IncomeTaxExpenseBenefitDeferredForeign"
                              contextID="D-2009" decimals="INF"
                              duplicate="false" duration="0 ms"
                              effective="250,000" instance="250000"
                              label="Income Tax Expense (Benefit), Deferred, Foreign"
                              precision="" relationshipToFrom="item"
                              roleUri="http://xbrlsite.azurewebsites.net/DigitalFinancialReporting/BusinessUseCases/NestedRollUp/IncomeTaxExpenseBenefit"
                              unitID="U-Monetary" weight="1.0"/>
                         <To balance="debit" computed="false"
                              conceptNS="http://xbrlsite.azurewebsites.net/DigitalFinancialReporting/BusinessUseCases/NestedRollUp"
                              conceptName="IncomeTaxExpenseBenefitDeferredDomestic"
                              conceptQName="pattern:IncomeTaxExpenseBenefitDeferredDomestic"
                              contextID="D-2009" decimals="INF"
                              duplicate="false" duration="0 ms"
                              effective="250,000" instance="250000"
                              label="Income Tax Expense (Benefit), Deferred, Domestic"
                              precision="" relationshipToFrom="item"
                              roleUri="http://xbrlsite.azurewebsites.net/DigitalFinancialReporting/BusinessUseCases/NestedRollUp/IncomeTaxExpenseBenefit"
                              unitID="U-Monetary" weight="1.0"/>
                         <From balance="debit" bound="true"
                              computed="false"
                              conceptNS="http://xbrlsite.azurewebsites.net/DigitalFinancialReporting/BusinessUseCases/NestedRollUp"
                              conceptName="IncomeTaxExpenseBenefitDeferred"
                              conceptQName="pattern:IncomeTaxExpenseBenefitDeferred"
                              consistent="true" contextID="D-2009"
                              decimals="INF" duplicate="false"
                              duration="0 ms" effective="500,000"
                              instance="500000"
                              label="Income Tax Expense (Benefit), Deferred"
                              precision="INF" success="true"
                              toSumDecimals="15"
                              toSumEffective="500,000" unitID="U-Monetary"/>
                    </Rollup>
                    <Rollup>
                         <To balance="debit" computed="false"
                              conceptNS="http://xbrlsite.azurewebsites.net/DigitalFinancialReporting/BusinessUseCases/NestedRollUp"
                              conceptName="IncomeTaxExpenseBenefitCurrent"
                              conceptQName="pattern:IncomeTaxExpenseBenefitCurrent"
                              contextID="D-2009" decimals="INF"
                              duplicate="false" duration="0 ms"
                              effective="500,000" instance="500000"
                              label="Income Tax Expense (Benefit), Current"
                              precision="" relationshipToFrom="item"
                              roleUri="http://xbrlsite.azurewebsites.net/DigitalFinancialReporting/BusinessUseCases/NestedRollUp/IncomeTaxExpenseBenefit"
                              unitID="U-Monetary" weight="1.0"/>
                         <To balance="debit" computed="false"
                              conceptNS="http://xbrlsite.azurewebsites.net/DigitalFinancialReporting/BusinessUseCases/NestedRollUp"
                              conceptName="IncomeTaxExpenseBenefitDeferred"
                              conceptQName="pattern:IncomeTaxExpenseBenefitDeferred"
                              contextID="D-2009" decimals="INF"
                              duplicate="false" duration="0 ms"
                              effective="500,000" instance="500000"
                              label="Income Tax Expense (Benefit), Deferred"
                              precision="" relationshipToFrom="item"
                              roleUri="http://xbrlsite.azurewebsites.net/DigitalFinancialReporting/BusinessUseCases/NestedRollUp/IncomeTaxExpenseBenefit"
                              unitID="U-Monetary" weight="1.0"/>
                         <From balance="debit" bound="true"
                              computed="false"
                              conceptNS="http://xbrlsite.azurewebsites.net/DigitalFinancialReporting/BusinessUseCases/NestedRollUp"
                              conceptName="IncomeTaxExpenseBenefit"
                              conceptQName="pattern:IncomeTaxExpenseBenefit"
                              consistent="true" contextID="D-2009"
                              decimals="INF" duplicate="false"
                              duration="0 ms" effective="1,000,000"
                              instance="1000000"
                              label="Income Tax Expense (Benefit)"
                              precision="INF" success="true"
                              toSumDecimals="15"
                              toSumEffective="1,000,000" unitID="U-Monetary"/>
                    </Rollup>
               </Unit>
          </Context>
     </ExtendedLinkRole>
     <Statistics duplicates="0" duration="281 ms" fail="0"
          inconsistent="0" pass="6" total="6"/>
</CalculationTrace>
