<?xml version="1.0" encoding="utf-8"?>
<!--
Taxonomy Definition Links linkbase based on XBRL standard Version 2.1.
Created by UBmatrix Taxonomy Designer 3.0.3.2433 (2009-05-15 09:36).  
Contact www.ubmatrix.com
Copyright (c) 2002-2011 UBmatrix inc., All Rights Reserved
Produced on 2011-07-16 09:20:58
-->
<linkbase
  xmlns="http://www.xbrl.org/2003/linkbase"
  xmlns:xsi="http://www.w3.org/2001/XMLSchema-instance"
  xmlns:xlink="http://www.w3.org/1999/xlink"
  xmlns:xbrldt="http://xbrl.org/2005/xbrldt"
  xsi:schemaLocation="
    http://www.xbrl.org/2003/linkbase 
      http://www.xbrl.org/2003/xbrl-linkbase-2003-12-31.xsd
    http://xbrl.org/2005/xbrldt  http://www.xbrl.org/2005/xbrldt-2005.xsd
    ">
  <roleRef xlink:type="simple"
    xlink:href="NestedRollUp.xsd#PropertyPlantAndEquipmentByComponent"
    roleURI="http://xbrlsite.azurewebsites.net/DigitalFinancialReporting/BusinessUseCases/NestedRollUp/IncomeTaxExpenseBenefit" />
  <arcroleRef xlink:type="simple"
    xlink:href="http://www.xbrl.org/2005/xbrldt-2005.xsd#domain-member"
    arcroleURI="http://xbrl.org/int/dim/arcrole/domain-member" />
  <arcroleRef xlink:type="simple"
    xlink:href="http://www.xbrl.org/2005/xbrldt-2005.xsd#all"
    arcroleURI="http://xbrl.org/int/dim/arcrole/all" />
  <arcroleRef xlink:type="simple"
    xlink:href="http://www.xbrl.org/2005/xbrldt-2005.xsd#hypercube-dimension"
    arcroleURI="http://xbrl.org/int/dim/arcrole/hypercube-dimension" />
  <arcroleRef xlink:type="simple"
    xlink:href="http://www.xbrl.org/2005/xbrldt-2005.xsd#dimension-domain"
    arcroleURI="http://xbrl.org/int/dim/arcrole/dimension-domain" />
  <definitionLink xlink:type="extended"
    xlink:role="http://xbrlsite.azurewebsites.net/DigitalFinancialReporting/BusinessUseCases/NestedRollUp/IncomeTaxExpenseBenefit">
    <loc xlink:type="locator"
      xlink:label="pattern_IncomeTaxExpenseBenefitLineItems"
      xlink:href="NestedRollUp.xsd#pattern_IncomeTaxExpenseBenefitLineItems" />
    <loc xlink:type="locator"
      xlink:label="pattern_IncomeTaxExpenseBenefitRollUp"
      xlink:href="NestedRollUp.xsd#pattern_IncomeTaxExpenseBenefitRollUp" />
    <definitionArc xlink:type="arc"
      xlink:arcrole="http://xbrl.org/int/dim/arcrole/domain-member"
      xlink:from="pattern_IncomeTaxExpenseBenefitLineItems"
      xlink:to="pattern_IncomeTaxExpenseBenefitRollUp"
      order="1"
      use="optional" />
    <loc xlink:type="locator"
      xlink:label="pattern_IncomeTaxExpenseBenefitCurrentRollUp"
      xlink:href="NestedRollUp.xsd#pattern_IncomeTaxExpenseBenefitCurrentRollUp" />
    <definitionArc xlink:type="arc"
      xlink:arcrole="http://xbrl.org/int/dim/arcrole/domain-member"
      xlink:from="pattern_IncomeTaxExpenseBenefitRollUp"
      xlink:to="pattern_IncomeTaxExpenseBenefitCurrentRollUp"
      order="1"
      use="optional" />
    <loc xlink:type="locator"
      xlink:label="pattern_IncomeTaxExpenseBenefitCurrentForeign"
      xlink:href="NestedRollUp.xsd#pattern_IncomeTaxExpenseBenefitCurrentForeign" />
    <definitionArc xlink:type="arc"
      xlink:arcrole="http://xbrl.org/int/dim/arcrole/domain-member"
      xlink:from="pattern_IncomeTaxExpenseBenefitCurrentRollUp"
      xlink:to="pattern_IncomeTaxExpenseBenefitCurrentForeign"
      order="1"
      use="optional" />
    <loc xlink:type="locator"
      xlink:label="pattern_IncomeTaxExpenseBenefitCurrentDomestic"
      xlink:href="NestedRollUp.xsd#pattern_IncomeTaxExpenseBenefitCurrentDomestic" />
    <definitionArc xlink:type="arc"
      xlink:arcrole="http://xbrl.org/int/dim/arcrole/domain-member"
      xlink:from="pattern_IncomeTaxExpenseBenefitCurrentRollUp"
      xlink:to="pattern_IncomeTaxExpenseBenefitCurrentDomestic"
      order="2"
      use="optional" />
    <loc xlink:type="locator"
      xlink:label="pattern_IncomeTaxExpenseBenefitCurrent"
      xlink:href="NestedRollUp.xsd#pattern_IncomeTaxExpenseBenefitCurrent" />
    <definitionArc xlink:type="arc"
      xlink:arcrole="http://xbrl.org/int/dim/arcrole/domain-member"
      xlink:from="pattern_IncomeTaxExpenseBenefitCurrentRollUp"
      xlink:to="pattern_IncomeTaxExpenseBenefitCurrent"
      order="3"
      use="optional" />
    <loc xlink:type="locator"
      xlink:label="pattern_IncomeTaxExpenseBenefitDeferredRollUp"
      xlink:href="NestedRollUp.xsd#pattern_IncomeTaxExpenseBenefitDeferredRollUp" />
    <definitionArc xlink:type="arc"
      xlink:arcrole="http://xbrl.org/int/dim/arcrole/domain-member"
      xlink:from="pattern_IncomeTaxExpenseBenefitRollUp"
      xlink:to="pattern_IncomeTaxExpenseBenefitDeferredRollUp"
      order="2"
      use="optional" />
    <loc xlink:type="locator"
      xlink:label="pattern_IncomeTaxExpenseBenefitDeferredForeign"
      xlink:href="NestedRollUp.xsd#pattern_IncomeTaxExpenseBenefitDeferredForeign" />
    <definitionArc xlink:type="arc"
      xlink:arcrole="http://xbrl.org/int/dim/arcrole/domain-member"
      xlink:from="pattern_IncomeTaxExpenseBenefitDeferredRollUp"
      xlink:to="pattern_IncomeTaxExpenseBenefitDeferredForeign"
      order="1"
      use="optional" />
    <loc xlink:type="locator"
      xlink:label="pattern_IncomeTaxExpenseBenefitDeferredDomestic"
      xlink:href="NestedRollUp.xsd#pattern_IncomeTaxExpenseBenefitDeferredDomestic" />
    <definitionArc xlink:type="arc"
      xlink:arcrole="http://xbrl.org/int/dim/arcrole/domain-member"
      xlink:from="pattern_IncomeTaxExpenseBenefitDeferredRollUp"
      xlink:to="pattern_IncomeTaxExpenseBenefitDeferredDomestic"
      order="2"
      use="optional" />
    <loc xlink:type="locator"
      xlink:label="pattern_IncomeTaxExpenseBenefitDeferred"
      xlink:href="NestedRollUp.xsd#pattern_IncomeTaxExpenseBenefitDeferred" />
    <definitionArc xlink:type="arc"
      xlink:arcrole="http://xbrl.org/int/dim/arcrole/domain-member"
      xlink:from="pattern_IncomeTaxExpenseBenefitDeferredRollUp"
      xlink:to="pattern_IncomeTaxExpenseBenefitDeferred"
      order="3"
      use="optional" />
    <loc xlink:type="locator"
      xlink:label="pattern_IncomeTaxExpenseBenefit"
      xlink:href="NestedRollUp.xsd#pattern_IncomeTaxExpenseBenefit" />
    <definitionArc xlink:type="arc"
      xlink:arcrole="http://xbrl.org/int/dim/arcrole/domain-member"
      xlink:from="pattern_IncomeTaxExpenseBenefitRollUp"
      xlink:to="pattern_IncomeTaxExpenseBenefit"
      order="3"
      use="optional" />
    <loc xlink:type="locator"
      xlink:label="pattern_IncomeTaxExpenseBenefitByComponentTable"
      xlink:href="NestedRollUp.xsd#pattern_IncomeTaxExpenseBenefitByComponentTable" />
    <definitionArc xlink:type="arc"
      xlink:arcrole="http://xbrl.org/int/dim/arcrole/all"
      xlink:from="pattern_IncomeTaxExpenseBenefitLineItems"
      xlink:to="pattern_IncomeTaxExpenseBenefitByComponentTable"
      order="2"
      use="optional"
      xbrldt:contextElement="segment"
      xbrldt:closed="true" />
    <loc xlink:type="locator"
      xlink:label="frm_LegalEntityAxis"
      xlink:href="http://xbrlsite.azurewebsites.net/DigitalFinancialReporting/Schemas/2017-05-07/frm.xsd#frm_LegalEntityAxis" />
    <definitionArc xlink:type="arc"
      xlink:arcrole="http://xbrl.org/int/dim/arcrole/hypercube-dimension"
      xlink:from="pattern_IncomeTaxExpenseBenefitByComponentTable"
      xlink:to="frm_LegalEntityAxis"
      order="1"
      use="optional" />
    <loc xlink:type="locator"
      xlink:label="frm_ConsolidatedEntityMember"
      xlink:href="http://xbrlsite.azurewebsites.net/DigitalFinancialReporting/Schemas/2017-05-07/frm.xsd#frm_ConsolidatedEntityMember" />
    <definitionArc xlink:type="arc"
      xlink:arcrole="http://xbrl.org/int/dim/arcrole/dimension-domain"
      xlink:from="frm_LegalEntityAxis" xlink:to="frm_ConsolidatedEntityMember"
      order="1"
      use="optional" />
  </definitionLink>
</linkbase>