<?xml version="1.0" encoding="utf-8"?>
<!--
Taxonomy Label Links linkbase based on XBRL standard Version 2.1.
Created by UBmatrix Taxonomy Designer 3.0.3.2433 (2009-05-15 09:36).  
Contact www.ubmatrix.com
Copyright (c) 2002-2011 UBmatrix inc., All Rights Reserved
Produced on 2011-07-16 09:20:58
-->
<linkbase
  xmlns="http://www.xbrl.org/2003/linkbase"
  xmlns:xsi="http://www.w3.org/2001/XMLSchema-instance"
  xmlns:xlink="http://www.w3.org/1999/xlink"
  xsi:schemaLocation="
    http://www.xbrl.org/2003/linkbase 
      http://www.xbrl.org/2003/xbrl-linkbase-2003-12-31.xsd
    ">
  <labelLink xlink:type="extended"
    xlink:role="http://www.xbrl.org/2003/role/link">
    <loc xlink:type="locator"
      xlink:label="pattern_IncomeTaxExpenseBenefitByComponentTable"
      xlink:href="NestedRollUp.xsd#pattern_IncomeTaxExpenseBenefitByComponentTable" />
    <labelArc xlink:type="arc"
      xlink:arcrole="http://www.xbrl.org/2003/arcrole/concept-label"
      xlink:from="pattern_IncomeTaxExpenseBenefitByComponentTable"
      xlink:to="pattern_IncomeTaxExpenseBenefitByComponentTable_lbl" />
    <label xlink:type="resource"
      xlink:label="pattern_IncomeTaxExpenseBenefitByComponentTable_lbl"
      xml:lang="en"
      xlink:role="http://www.xbrl.org/2003/role/documentation">Ut venenatis, velit a accumsan interdum, odio metus mollis mauris, non pharetra augue arcu eu felis.</label>
    <label xlink:type="resource"
      xlink:label="pattern_IncomeTaxExpenseBenefitByComponentTable_lbl"
      xml:lang="en"
      xlink:role="http://www.xbrl.org/2003/role/label">Income Tax Expense (Benefit), by Component [Table]</label>
    <loc xlink:type="locator"
      xlink:label="pattern_IncomeTaxExpenseBenefitCurrentDomestic"
      xlink:href="NestedRollUp.xsd#pattern_IncomeTaxExpenseBenefitCurrentDomestic" />
    <labelArc xlink:type="arc"
      xlink:arcrole="http://www.xbrl.org/2003/arcrole/concept-label"
      xlink:from="pattern_IncomeTaxExpenseBenefitCurrentDomestic"
      xlink:to="pattern_IncomeTaxExpenseBenefitCurrentDomestic_lbl" />
    <label xlink:type="resource"
      xlink:label="pattern_IncomeTaxExpenseBenefitCurrentDomestic_lbl"
      xml:lang="en"
      xlink:role="http://www.xbrl.org/2003/role/documentation">Curabitur fermentum mattis eros. Pellentesque pede felis, rhoncus accumsan, luctus ut, facilisis vitae, tortor.</label>
    <label xlink:type="resource"
      xlink:label="pattern_IncomeTaxExpenseBenefitCurrentDomestic_lbl"
      xml:lang="en"
      xlink:role="http://www.xbrl.org/2003/role/label">Income Tax Expense (Benefit), Current, Domestic</label>
    <loc xlink:type="locator"
      xlink:label="pattern_IncomeTaxExpenseBenefitCurrentForeign"
      xlink:href="NestedRollUp.xsd#pattern_IncomeTaxExpenseBenefitCurrentForeign" />
    <labelArc xlink:type="arc"
      xlink:arcrole="http://www.xbrl.org/2003/arcrole/concept-label"
      xlink:from="pattern_IncomeTaxExpenseBenefitCurrentForeign"
      xlink:to="pattern_IncomeTaxExpenseBenefitCurrentForeign_lbl" />
    <label xlink:type="resource"
      xlink:label="pattern_IncomeTaxExpenseBenefitCurrentForeign_lbl"
      xml:lang="en"
      xlink:role="http://www.xbrl.org/2003/role/documentation">Duis metus. Donec pulvinar nonummy erat. In vel justo at urna rutrum ultrices. Cras consectetuer orci non lorem.</label>
    <label xlink:type="resource"
      xlink:label="pattern_IncomeTaxExpenseBenefitCurrentForeign_lbl"
      xml:lang="en"
      xlink:role="http://www.xbrl.org/2003/role/label">Income Tax Expense (Benefit), Current, Foreign</label>
    <loc xlink:type="locator"
      xlink:label="pattern_IncomeTaxExpenseBenefitCurrentRollUp"
      xlink:href="NestedRollUp.xsd#pattern_IncomeTaxExpenseBenefitCurrentRollUp" />
    <labelArc xlink:type="arc"
      xlink:arcrole="http://www.xbrl.org/2003/arcrole/concept-label"
      xlink:from="pattern_IncomeTaxExpenseBenefitCurrentRollUp"
      xlink:to="pattern_IncomeTaxExpenseBenefitCurrentRollUp_lbl" />
    <label xlink:type="resource"
      xlink:label="pattern_IncomeTaxExpenseBenefitCurrentRollUp_lbl"
      xml:lang="en"
      xlink:role="http://www.xbrl.org/2003/role/documentation">Pellentesque habitant morbi tristique senectus et netus et malesuada fames ac turpis egestas. Fusce suscipit pede ut erat. Sed rutrum.</label>
    <label xlink:type="resource"
      xlink:label="pattern_IncomeTaxExpenseBenefitCurrentRollUp_lbl"
      xml:lang="en"
      xlink:role="http://www.xbrl.org/2003/role/label">Income Tax Expense (Benefit), Current [Roll Up]</label>
    <loc xlink:type="locator"
      xlink:label="pattern_IncomeTaxExpenseBenefitCurrent"
      xlink:href="NestedRollUp.xsd#pattern_IncomeTaxExpenseBenefitCurrent" />
    <labelArc xlink:type="arc"
      xlink:arcrole="http://www.xbrl.org/2003/arcrole/concept-label"
      xlink:from="pattern_IncomeTaxExpenseBenefitCurrent"
      xlink:to="pattern_IncomeTaxExpenseBenefitCurrent_lbl" />
    <label xlink:type="resource"
      xlink:label="pattern_IncomeTaxExpenseBenefitCurrent_lbl"
      xml:lang="en"
      xlink:role="http://www.xbrl.org/2003/role/documentation">Nam lorem. Ut ut risus nec nibh dictum posuere. Phasellus eleifend, diam vitae dapibus pulvinar, erat ligula auctor dui, eget congue justo lorem hendrerit tellus.</label>
    <label xlink:type="resource"
      xlink:label="pattern_IncomeTaxExpenseBenefitCurrent_lbl"
      xml:lang="en"
      xlink:role="http://www.xbrl.org/2003/role/label">Income Tax Expense (Benefit), Current</label>
    <loc xlink:type="locator"
      xlink:label="pattern_IncomeTaxExpenseBenefitDeferredDomestic"
      xlink:href="NestedRollUp.xsd#pattern_IncomeTaxExpenseBenefitDeferredDomestic" />
    <labelArc xlink:type="arc"
      xlink:arcrole="http://www.xbrl.org/2003/arcrole/concept-label"
      xlink:from="pattern_IncomeTaxExpenseBenefitDeferredDomestic"
      xlink:to="pattern_IncomeTaxExpenseBenefitDeferredDomestic_lbl" />
    <label xlink:type="resource"
      xlink:label="pattern_IncomeTaxExpenseBenefitDeferredDomestic_lbl"
      xml:lang="en"
      xlink:role="http://www.xbrl.org/2003/role/documentation">Fusce gravida, ligula a placerat placerat, leo erat euismod lectus, et lacinia justo libero non pede.</label>
    <label xlink:type="resource"
      xlink:label="pattern_IncomeTaxExpenseBenefitDeferredDomestic_lbl"
      xml:lang="en"
      xlink:role="http://www.xbrl.org/2003/role/label">Income Tax Expense (Benefit), Deferred, Domestic</label>
    <loc xlink:type="locator"
      xlink:label="pattern_IncomeTaxExpenseBenefitDeferredForeign"
      xlink:href="NestedRollUp.xsd#pattern_IncomeTaxExpenseBenefitDeferredForeign" />
    <labelArc xlink:type="arc"
      xlink:arcrole="http://www.xbrl.org/2003/arcrole/concept-label"
      xlink:from="pattern_IncomeTaxExpenseBenefitDeferredForeign"
      xlink:to="pattern_IncomeTaxExpenseBenefitDeferredForeign_lbl" />
    <label xlink:type="resource"
      xlink:label="pattern_IncomeTaxExpenseBenefitDeferredForeign_lbl"
      xml:lang="en"
      xlink:role="http://www.xbrl.org/2003/role/documentation">Nam rhoncus mi. Nunc eu dui non mauris interdum tincidunt. Sed magna felis, accumsan a, fermentum quis, varius sed, ipsum.</label>
    <label xlink:type="resource"
      xlink:label="pattern_IncomeTaxExpenseBenefitDeferredForeign_lbl"
      xml:lang="en"
      xlink:role="http://www.xbrl.org/2003/role/label">Income Tax Expense (Benefit), Deferred, Foreign</label>
    <loc xlink:type="locator"
      xlink:label="pattern_IncomeTaxExpenseBenefitDeferredRollUp"
      xlink:href="NestedRollUp.xsd#pattern_IncomeTaxExpenseBenefitDeferredRollUp" />
    <labelArc xlink:type="arc"
      xlink:arcrole="http://www.xbrl.org/2003/arcrole/concept-label"
      xlink:from="pattern_IncomeTaxExpenseBenefitDeferredRollUp"
      xlink:to="pattern_IncomeTaxExpenseBenefitDeferredRollUp_lbl" />
    <label xlink:type="resource"
      xlink:label="pattern_IncomeTaxExpenseBenefitDeferredRollUp_lbl"
      xml:lang="en"
      xlink:role="http://www.xbrl.org/2003/role/documentation">Lorem ipsum dolor sit amet, consectetuer adipiscing elit. Praesent id mauris. Sed dapibus dui quis lectus.</label>
    <label xlink:type="resource"
      xlink:label="pattern_IncomeTaxExpenseBenefitDeferredRollUp_lbl"
      xml:lang="en"
      xlink:role="http://www.xbrl.org/2003/role/label">Income Tax Expense (Benefit), Deferred [Roll Up]</label>
    <loc xlink:type="locator"
      xlink:label="pattern_IncomeTaxExpenseBenefitDeferred"
      xlink:href="NestedRollUp.xsd#pattern_IncomeTaxExpenseBenefitDeferred" />
    <labelArc xlink:type="arc"
      xlink:arcrole="http://www.xbrl.org/2003/arcrole/concept-label"
      xlink:from="pattern_IncomeTaxExpenseBenefitDeferred"
      xlink:to="pattern_IncomeTaxExpenseBenefitDeferred_lbl" />
    <label xlink:type="resource"
      xlink:label="pattern_IncomeTaxExpenseBenefitDeferred_lbl"
      xml:lang="en"
      xlink:role="http://www.xbrl.org/2003/role/documentation">Phasellus eleifend, diam vitae dapibus pulvinar, erat ligula auctor dui, eget congue justo lorem hendrerit tellus.</label>
    <label xlink:type="resource"
      xlink:label="pattern_IncomeTaxExpenseBenefitDeferred_lbl"
      xml:lang="en"
      xlink:role="http://www.xbrl.org/2003/role/label">Income Tax Expense (Benefit), Deferred</label>
    <loc xlink:type="locator"
      xlink:label="pattern_IncomeTaxExpenseBenefitLineItems"
      xlink:href="NestedRollUp.xsd#pattern_IncomeTaxExpenseBenefitLineItems" />
    <labelArc xlink:type="arc"
      xlink:arcrole="http://www.xbrl.org/2003/arcrole/concept-label"
      xlink:from="pattern_IncomeTaxExpenseBenefitLineItems"
      xlink:to="pattern_IncomeTaxExpenseBenefitLineItems_lbl" />
    <label xlink:type="resource"
      xlink:label="pattern_IncomeTaxExpenseBenefitLineItems_lbl"
      xml:lang="en"
      xlink:role="http://www.xbrl.org/2003/role/documentation">Ut venenatis, velit a accumsan interdum, odio metus mollis mauris, non pharetra augue arcu eu felis.</label>
    <label xlink:type="resource"
      xlink:label="pattern_IncomeTaxExpenseBenefitLineItems_lbl"
      xml:lang="en"
      xlink:role="http://www.xbrl.org/2003/role/label">Income Tax Expense (Benefit) [Line Items]</label>
    <loc xlink:type="locator"
      xlink:label="pattern_IncomeTaxExpenseBenefitRollUp"
      xlink:href="NestedRollUp.xsd#pattern_IncomeTaxExpenseBenefitRollUp" />
    <labelArc xlink:type="arc"
      xlink:arcrole="http://www.xbrl.org/2003/arcrole/concept-label"
      xlink:from="pattern_IncomeTaxExpenseBenefitRollUp"
      xlink:to="pattern_IncomeTaxExpenseBenefitRollUp_lbl" />
    <label xlink:type="resource"
      xlink:label="pattern_IncomeTaxExpenseBenefitRollUp_lbl"
      xml:lang="en"
      xlink:role="http://www.xbrl.org/2003/role/documentation">Fusce venenatis. Maecenas tincidunt, ipsum in fringilla hendrerit, dolor metus eleifend neque, vel tincidunt mi nunc a purus.</label>
    <label xlink:type="resource"
      xlink:label="pattern_IncomeTaxExpenseBenefitRollUp_lbl"
      xml:lang="en"
      xlink:role="http://www.xbrl.org/2003/role/label">Income Tax Expense (Benefit) [Roll Up]</label>
    <loc xlink:type="locator"
      xlink:label="pattern_IncomeTaxExpenseBenefit"
      xlink:href="NestedRollUp.xsd#pattern_IncomeTaxExpenseBenefit" />
    <labelArc xlink:type="arc"
      xlink:arcrole="http://www.xbrl.org/2003/arcrole/concept-label"
      xlink:from="pattern_IncomeTaxExpenseBenefit"
      xlink:to="pattern_IncomeTaxExpenseBenefit_lbl" />
    <label xlink:type="resource"
      xlink:label="pattern_IncomeTaxExpenseBenefit_lbl"
      xml:lang="en"
      xlink:role="http://www.xbrl.org/2003/role/documentation">Fusce gravida, ligula a placerat placerat, leo erat euismod lectus, et lacinia justo libero non pede.</label>
    <label xlink:type="resource"
      xlink:label="pattern_IncomeTaxExpenseBenefit_lbl"
      xml:lang="en"
      xlink:role="http://www.xbrl.org/2003/role/label">Income Tax Expense (Benefit)</label>
    <label xlink:type="resource"
      xlink:label="pattern_IncomeTaxExpenseBenefit_lbl"
      xml:lang="en"
      xlink:role="http://www.xbrl.org/2003/role/totalLabel">Income Tax Expense (Benefit), Total</label>
  </labelLink>
</linkbase>