<?xml version="1.0" encoding="UTF-8" standalone="no" ?><?xml-stylesheet type="text/xsl" href="file:/C:/Programs/XPE40/resources/System/XbrlFormula2008Trace-toHtml.xsl"?><formulaTrace type="Full Report" version="4.0.0.2125" date="Wed May 10 16:21:29 PDT 2017" baseURI="C:/Users/Charlie/Documents/CurrentVersions/DigitalFinancialReporting/BusinessUseCases/2017-05-07/BUC58-PivotTable/PivotTable-SampleInstance.xml" xmlns:xlink="http://www.w3.org/1999/xlink" xmlns:link="http://www.xbrl.org/2003/linkbase" xmlns:xsi="http://www.w3.org/2001/XMLSchema-instance" xmlns:xbrli="http://www.xbrl.org/2003/instance" xmlns:iso4217="http://www.xbrl.org/2003/iso4217" xsi:schemaLocation="http://xbrl.org/2006/xbrldi xbrldi-2006.xsd" >
 <assertionTest cnt="1" id="Assertion_MemberAggregation_Sales_GeographicAreaAxis" satisfied="satisfied" test="$VARIABLE_Total=32038000 = sum($VARIABLE_Each=[11901000 5639000 4284000 10214000 ])" type="valueAssertion" value="true" />
 <assertionTest cnt="2" id="Assertion_MemberAggregation_Sales_GeographicAreaAxis" satisfied="satisfied" test="$VARIABLE_Total=35805000 = sum($VARIABLE_Each=[12649000 10374000 8411000 4371000 ])" type="valueAssertion" value="true" />
 <assertionTest cnt="3" id="Assertion_MemberAggregation_Sales_GeographicAreaAxis" satisfied="satisfied" test="$VARIABLE_Total=32465000 = sum($VARIABLE_Each=[8722000 10396000 10137000 3210000 ])" type="valueAssertion" value="true" />
 <assertionTest cnt="1" id="Assertion_MemberAggregation_Sales_BusinessSegmentAxis" satisfied="satisfied" test="$VARIABLE_Total=32038000 = sum($VARIABLE_Each=[2433000 6675000 2749000 20181000 ])" type="valueAssertion" value="true" />
 <assertionTest cnt="2" id="Assertion_MemberAggregation_Sales_BusinessSegmentAxis" satisfied="satisfied" test="$VARIABLE_Total=35805000 = sum($VARIABLE_Each=[9168000 18150000 1973000 6514000 ])" type="valueAssertion" value="true" />
 <assertionTest cnt="3" id="Assertion_MemberAggregation_Sales_BusinessSegmentAxis" satisfied="satisfied" test="$VARIABLE_Total=32465000 = sum($VARIABLE_Each=[9615000 5752000 1823000 15275000 ])" type="valueAssertion" value="true" />
 <assertionTest cnt="1" count="27" id="ASSERTION_Exists_Sales" satisfied="satisfied" test="[27]" type="existenceAssertion" value="27" />
 <assertionReport count="7">
 <assertionTest cnt="1" id="Assertion_MemberAggregation_Sales_GeographicAreaAxis" satisfied="satisfied" test="$VARIABLE_Total=32038000 = sum($VARIABLE_Each=[11901000 5639000 4284000 10214000 ])" type="valueAssertion" value="true" />
 <assertionTest cnt="2" id="Assertion_MemberAggregation_Sales_GeographicAreaAxis" satisfied="satisfied" test="$VARIABLE_Total=35805000 = sum($VARIABLE_Each=[12649000 10374000 8411000 4371000 ])" type="valueAssertion" value="true" />
 <assertionTest cnt="3" id="Assertion_MemberAggregation_Sales_GeographicAreaAxis" satisfied="satisfied" test="$VARIABLE_Total=32465000 = sum($VARIABLE_Each=[8722000 10396000 10137000 3210000 ])" type="valueAssertion" value="true" />
 <assertionTest cnt="1" id="Assertion_MemberAggregation_Sales_BusinessSegmentAxis" satisfied="satisfied" test="$VARIABLE_Total=32038000 = sum($VARIABLE_Each=[2433000 6675000 2749000 20181000 ])" type="valueAssertion" value="true" />
 <assertionTest cnt="2" id="Assertion_MemberAggregation_Sales_BusinessSegmentAxis" satisfied="satisfied" test="$VARIABLE_Total=35805000 = sum($VARIABLE_Each=[9168000 18150000 1973000 6514000 ])" type="valueAssertion" value="true" />
 <assertionTest cnt="3" id="Assertion_MemberAggregation_Sales_BusinessSegmentAxis" satisfied="satisfied" test="$VARIABLE_Total=32465000 = sum($VARIABLE_Each=[9615000 5752000 1823000 15275000 ])" type="valueAssertion" value="true" />
 <assertionTest cnt="1" count="27" id="ASSERTION_Exists_Sales" satisfied="satisfied" test="[27]" type="existenceAssertion" value="27" />
  </assertionReport>
 <summary notSatisfiedAssertionCount="0" firedAssertionCount="7" duration="770ms" outputContextCount="0" outputUnitCount="0" firedFormulaCount="0" compiledFormulaCount="0" satisifiedAssertionCount="7" outputFactCount="0" compiledAssertionCount="3" />
</formulaTrace>
