<?xml version="1.0" encoding="us-ascii"?>
<!--
Taxonomy Presentation Links linkbase based on XBRL standard Version 2.1.
Created by UBmatrix Taxonomy Designer 3.0.3.2436 (2009-06-02 13:18).  
Contact www.ubmatrix.com
Copyright (c) 2002-2018 UBmatrix inc., All Rights Reserved
Produced on 2018-09-24 08:24:34
-->
<linkbase
  xmlns="http://www.xbrl.org/2003/linkbase"
  xmlns:xsi="http://www.w3.org/2001/XMLSchema-instance"
  xmlns:xlink="http://www.w3.org/1999/xlink"
  xsi:schemaLocation="
    http://www.xbrl.org/2003/linkbase 
      http://www.xbrl.org/2003/xbrl-linkbase-2003-12-31.xsd
    ">
  <roleRef xlink:type="simple"
    xlink:href="basic.xsd#BalanceSheet"
    roleURI="http://www.xbrlsite.com/basic/role/BalanceSheet" />
  <roleRef xlink:type="simple"
    xlink:href="basic.xsd#IncomeStatement"
    roleURI="http://www.xbrlsite.com/basic/role/IncomeStatement" />
  <roleRef xlink:type="simple"
    xlink:href="basic.xsd#CashFlowStatement"
    roleURI="http://www.xbrlsite.com/basic/role/CashFlowStatement" />
  <roleRef xlink:type="simple"
    xlink:href="http://www.xbrl.org/lrr/role/negated-2009-12-16.xsd#negatedLabel"
    roleURI="http://www.xbrl.org/2009/role/negatedLabel" />
  <roleRef xlink:type="simple"
    xlink:href="basic.xsd#CashAndCashEquivalents"
    roleURI="http://www.xbrlsite.com/basic/role/CashAndCashEquivalents" />
  <roleRef xlink:type="simple"
    xlink:href="basic.xsd#Receivables"
    roleURI="http://www.xbrlsite.com/basic/role/Receivables" />
  <roleRef xlink:type="simple"
    xlink:href="basic.xsd#Inventories"
    roleURI="http://www.xbrlsite.com/basic/role/Inventories" />
  <roleRef xlink:type="simple"
    xlink:href="basic.xsd#PropertyPlantAndEquipment"
    roleURI="http://www.xbrlsite.com/basic/role/PropertyPlantAndEquipment" />
  <roleRef xlink:type="simple"
    xlink:href="basic.xsd#AccountsPayable"
    roleURI="http://www.xbrlsite.com/basic/role/AccountsPayable" />
  <roleRef xlink:type="simple"
    xlink:href="basic.xsd#LongTermDebt"
    roleURI="http://www.xbrlsite.com/basic/role/LongTermDebt" />
  <roleRef xlink:type="simple"
    xlink:href="basic.xsd#RetainedEarnings"
    roleURI="http://www.xbrlsite.com/basic/role/RetainedEarnings" />
  <roleRef xlink:type="simple"
    xlink:href="basic.xsd#InventoriesDetail"
    roleURI="http://www.xbrlsite.com/basic/role/InventoriesDetail" />
  <roleRef xlink:type="simple"
    xlink:href="basic.xsd#FinishedGoodsDetail"
    roleURI="http://www.xbrlsite.com/basic/role/FinishedGoodsDetail" />
  <roleRef xlink:type="simple"
    xlink:href="basic.xsd#GeneralLedgerTrialBalance"
    roleURI="http://www.xbrlsite.com/basic/role/GeneralLedgerTrialBalance" />
  <presentationLink xlink:type="extended"
    xlink:role="http://www.xbrlsite.com/basic/role/BalanceSheet">
    <loc xlink:type="locator"
      xlink:label="basic_BalanceSheetAbstract"
      xlink:href="basic.xsd#basic_BalanceSheetAbstract" />
    <loc xlink:type="locator"
      xlink:label="basic_AssetsRollUp"
      xlink:href="basic.xsd#basic_AssetsRollUp" />
    <presentationArc xlink:type="arc"
      xlink:arcrole="http://www.xbrl.org/2003/arcrole/parent-child"
      xlink:from="basic_BalanceSheetAbstract"
      xlink:to="basic_AssetsRollUp"
      order="1"
      use="optional" />
    <loc xlink:type="locator"
      xlink:label="basic_CurrentAssetsRollUp"
      xlink:href="basic.xsd#basic_CurrentAssetsRollUp" />
    <presentationArc xlink:type="arc"
      xlink:arcrole="http://www.xbrl.org/2003/arcrole/parent-child"
      xlink:from="basic_AssetsRollUp" xlink:to="basic_CurrentAssetsRollUp"
      order="1"
      use="optional" />
    <loc xlink:type="locator"
      xlink:label="basic_CashAndCashEquivalents"
      xlink:href="basic.xsd#basic_CashAndCashEquivalents" />
    <presentationArc xlink:type="arc"
      xlink:arcrole="http://www.xbrl.org/2003/arcrole/parent-child"
      xlink:from="basic_CurrentAssetsRollUp"
      xlink:to="basic_CashAndCashEquivalents"
      order="1"
      use="optional" />
    <loc xlink:type="locator"
      xlink:label="basic_Receivables"
      xlink:href="basic.xsd#basic_Receivables" />
    <presentationArc xlink:type="arc"
      xlink:arcrole="http://www.xbrl.org/2003/arcrole/parent-child"
      xlink:from="basic_CurrentAssetsRollUp"
      xlink:to="basic_Receivables"
      order="2"
      use="optional" />
    <loc xlink:type="locator"
      xlink:label="basic_Inventories"
      xlink:href="basic.xsd#basic_Inventories" />
    <presentationArc xlink:type="arc"
      xlink:arcrole="http://www.xbrl.org/2003/arcrole/parent-child"
      xlink:from="basic_CurrentAssetsRollUp"
      xlink:to="basic_Inventories"
      order="3"
      use="optional" />
    <loc xlink:type="locator"
      xlink:label="basic_CurrentAssets"
      xlink:href="basic.xsd#basic_CurrentAssets" />
    <presentationArc xlink:type="arc"
      xlink:arcrole="http://www.xbrl.org/2003/arcrole/parent-child"
      xlink:from="basic_CurrentAssetsRollUp"
      xlink:to="basic_CurrentAssets"
      order="4"
      use="optional" />
    <loc xlink:type="locator"
      xlink:label="basic_NoncurrentAssetsRollUp"
      xlink:href="basic.xsd#basic_NoncurrentAssetsRollUp" />
    <presentationArc xlink:type="arc"
      xlink:arcrole="http://www.xbrl.org/2003/arcrole/parent-child"
      xlink:from="basic_AssetsRollUp" xlink:to="basic_NoncurrentAssetsRollUp"
      order="2"
      use="optional" />
    <loc xlink:type="locator"
      xlink:label="basic_PropertyPlantAndEquipment"
      xlink:href="basic.xsd#basic_PropertyPlantAndEquipment" />
    <presentationArc xlink:type="arc"
      xlink:arcrole="http://www.xbrl.org/2003/arcrole/parent-child"
      xlink:from="basic_NoncurrentAssetsRollUp"
      xlink:to="basic_PropertyPlantAndEquipment"
      order="1"
      use="optional" />
    <loc xlink:type="locator"
      xlink:label="basic_NoncurrentAssets"
      xlink:href="basic.xsd#basic_NoncurrentAssets" />
    <presentationArc xlink:type="arc"
      xlink:arcrole="http://www.xbrl.org/2003/arcrole/parent-child"
      xlink:from="basic_NoncurrentAssetsRollUp"
      xlink:to="basic_NoncurrentAssets"
      order="2"
      use="optional" />
    <loc xlink:type="locator"
      xlink:label="basic_Assets"
      xlink:href="basic.xsd#basic_Assets" />
    <presentationArc xlink:type="arc"
      xlink:arcrole="http://www.xbrl.org/2003/arcrole/parent-child"
      xlink:from="basic_BalanceSheetAbstract"
      xlink:to="basic_Assets"
      order="2"
      use="optional" />
    <loc xlink:type="locator"
      xlink:label="basic_LiabilitiesAndEquityRollUp"
      xlink:href="basic.xsd#basic_LiabilitiesAndEquityRollUp" />
    <presentationArc xlink:type="arc"
      xlink:arcrole="http://www.xbrl.org/2003/arcrole/parent-child"
      xlink:from="basic_BalanceSheetAbstract"
      xlink:to="basic_LiabilitiesAndEquityRollUp"
      order="3"
      use="optional" />
    <loc xlink:type="locator"
      xlink:label="basic_LiabilitiesRollUp"
      xlink:href="basic.xsd#basic_LiabilitiesRollUp" />
    <presentationArc xlink:type="arc"
      xlink:arcrole="http://www.xbrl.org/2003/arcrole/parent-child"
      xlink:from="basic_LiabilitiesAndEquityRollUp"
      xlink:to="basic_LiabilitiesRollUp"
      order="1"
      use="optional" />
    <loc xlink:type="locator"
      xlink:label="basic_CurrentLiabilitiesRollUp"
      xlink:href="basic.xsd#basic_CurrentLiabilitiesRollUp" />
    <presentationArc xlink:type="arc"
      xlink:arcrole="http://www.xbrl.org/2003/arcrole/parent-child"
      xlink:from="basic_LiabilitiesRollUp" xlink:to="basic_CurrentLiabilitiesRollUp"
      order="1"
      use="optional" />
    <loc xlink:type="locator"
      xlink:label="basic_AccountsPayable"
      xlink:href="basic.xsd#basic_AccountsPayable" />
    <presentationArc xlink:type="arc"
      xlink:arcrole="http://www.xbrl.org/2003/arcrole/parent-child"
      xlink:from="basic_CurrentLiabilitiesRollUp"
      xlink:to="basic_AccountsPayable"
      order="1"
      use="optional" />
    <loc xlink:type="locator"
      xlink:label="basic_CurrentLiabilities"
      xlink:href="basic.xsd#basic_CurrentLiabilities" />
    <presentationArc xlink:type="arc"
      xlink:arcrole="http://www.xbrl.org/2003/arcrole/parent-child"
      xlink:from="basic_CurrentLiabilitiesRollUp"
      xlink:to="basic_CurrentLiabilities"
      order="2"
      use="optional" />
    <loc xlink:type="locator"
      xlink:label="basic_NoncurrentLiabilitiesRollUp"
      xlink:href="basic.xsd#basic_NoncurrentLiabilitiesRollUp" />
    <presentationArc xlink:type="arc"
      xlink:arcrole="http://www.xbrl.org/2003/arcrole/parent-child"
      xlink:from="basic_LiabilitiesRollUp" xlink:to="basic_NoncurrentLiabilitiesRollUp"
      order="2"
      use="optional" />
    <loc xlink:type="locator"
      xlink:label="basic_LongtermDebt"
      xlink:href="basic.xsd#basic_LongtermDebt" />
    <presentationArc xlink:type="arc"
      xlink:arcrole="http://www.xbrl.org/2003/arcrole/parent-child"
      xlink:from="basic_NoncurrentLiabilitiesRollUp"
      xlink:to="basic_LongtermDebt"
      order="1"
      use="optional" />
    <loc xlink:type="locator"
      xlink:label="basic_NoncurrentLiabilities"
      xlink:href="basic.xsd#basic_NoncurrentLiabilities" />
    <presentationArc xlink:type="arc"
      xlink:arcrole="http://www.xbrl.org/2003/arcrole/parent-child"
      xlink:from="basic_NoncurrentLiabilitiesRollUp"
      xlink:to="basic_NoncurrentLiabilities"
      order="2"
      use="optional" />
    <loc xlink:type="locator"
      xlink:label="basic_Liabilities"
      xlink:href="basic.xsd#basic_Liabilities" />
    <presentationArc xlink:type="arc"
      xlink:arcrole="http://www.xbrl.org/2003/arcrole/parent-child"
      xlink:from="basic_LiabilitiesRollUp" xlink:to="basic_Liabilities"
      order="3"
      use="optional" />
    <loc xlink:type="locator"
      xlink:label="basic_EquityRollUp"
      xlink:href="basic.xsd#basic_EquityRollUp" />
    <presentationArc xlink:type="arc"
      xlink:arcrole="http://www.xbrl.org/2003/arcrole/parent-child"
      xlink:from="basic_LiabilitiesAndEquityRollUp"
      xlink:to="basic_EquityRollUp"
      order="2"
      use="optional" />
    <loc xlink:type="locator"
      xlink:label="basic_RetainedEarnings"
      xlink:href="basic.xsd#basic_RetainedEarnings" />
    <presentationArc xlink:type="arc"
      xlink:arcrole="http://www.xbrl.org/2003/arcrole/parent-child"
      xlink:from="basic_EquityRollUp" xlink:to="basic_RetainedEarnings"
      order="1"
      use="optional" />
    <loc xlink:type="locator"
      xlink:label="basic_Equity"
      xlink:href="basic.xsd#basic_Equity" />
    <presentationArc xlink:type="arc"
      xlink:arcrole="http://www.xbrl.org/2003/arcrole/parent-child"
      xlink:from="basic_EquityRollUp" xlink:to="basic_Equity"
      order="2"
      use="optional" />
    <loc xlink:type="locator"
      xlink:label="basic_LiabilitiesAndEquity"
      xlink:href="basic.xsd#basic_LiabilitiesAndEquity" />
    <presentationArc xlink:type="arc"
      xlink:arcrole="http://www.xbrl.org/2003/arcrole/parent-child"
      xlink:from="basic_LiabilitiesAndEquityRollUp"
      xlink:to="basic_LiabilitiesAndEquity"
      order="3"
      use="optional" />
  </presentationLink>
  <presentationLink xlink:type="extended"
    xlink:role="http://www.xbrlsite.com/basic/role/IncomeStatement">
    <loc xlink:type="locator"
      xlink:label="basic_NetIncomeLossRollUp"
      xlink:href="basic.xsd#basic_NetIncomeLossRollUp" />
    <loc xlink:type="locator"
      xlink:label="basic_GrossProfitRollUp"
      xlink:href="basic.xsd#basic_GrossProfitRollUp" />
    <presentationArc xlink:type="arc"
      xlink:arcrole="http://www.xbrl.org/2003/arcrole/parent-child"
      xlink:from="basic_NetIncomeLossRollUp"
      xlink:to="basic_GrossProfitRollUp"
      order="1"
      use="optional" />
    <loc xlink:type="locator"
      xlink:label="basic_Sales"
      xlink:href="basic.xsd#basic_Sales" />
    <presentationArc xlink:type="arc"
      xlink:arcrole="http://www.xbrl.org/2003/arcrole/parent-child"
      xlink:from="basic_GrossProfitRollUp" xlink:to="basic_Sales"
      order="1"
      use="optional" />
    <loc xlink:type="locator"
      xlink:label="basic_CostsOfSales"
      xlink:href="basic.xsd#basic_CostsOfSales" />
    <presentationArc xlink:type="arc"
      xlink:arcrole="http://www.xbrl.org/2003/arcrole/parent-child"
      xlink:from="basic_GrossProfitRollUp" xlink:to="basic_CostsOfSales"
      order="2"
      use="optional" />
    <loc xlink:type="locator"
      xlink:label="basic_GrossProfitLoss"
      xlink:href="basic.xsd#basic_GrossProfitLoss" />
    <presentationArc xlink:type="arc"
      xlink:arcrole="http://www.xbrl.org/2003/arcrole/parent-child"
      xlink:from="basic_GrossProfitRollUp" xlink:to="basic_GrossProfitLoss"
      order="3"
      use="optional" />
    <loc xlink:type="locator"
      xlink:label="basic_DepreciationAndAmortization"
      xlink:href="basic.xsd#basic_DepreciationAndAmortization" />
    <presentationArc xlink:type="arc"
      xlink:arcrole="http://www.xbrl.org/2003/arcrole/parent-child"
      xlink:from="basic_NetIncomeLossRollUp"
      xlink:to="basic_DepreciationAndAmortization"
      order="2"
      use="optional" />
    <loc xlink:type="locator"
      xlink:label="basic_NetIncomeLoss"
      xlink:href="basic.xsd#basic_NetIncomeLoss" />
    <presentationArc xlink:type="arc"
      xlink:arcrole="http://www.xbrl.org/2003/arcrole/parent-child"
      xlink:from="basic_NetIncomeLossRollUp"
      xlink:to="basic_NetIncomeLoss"
      order="3"
      use="optional" />
  </presentationLink>
  <presentationLink xlink:type="extended"
    xlink:role="http://www.xbrlsite.com/basic/role/CashFlowStatement">
    <loc xlink:type="locator"
      xlink:label="basic_CashFlowStatementRollForward"
      xlink:href="basic.xsd#basic_CashFlowStatementRollForward" />
    <loc xlink:type="locator"
      xlink:label="basic_NetCashFlowRollUp"
      xlink:href="basic.xsd#basic_NetCashFlowRollUp" />
    <presentationArc xlink:type="arc"
      xlink:arcrole="http://www.xbrl.org/2003/arcrole/parent-child"
      xlink:from="basic_CashFlowStatementRollForward"
      xlink:to="basic_NetCashFlowRollUp"
      order="1"
      use="optional" />
    <loc xlink:type="locator"
      xlink:label="basic_NetCashFlowOperatingActivitiesRollUp"
      xlink:href="basic.xsd#basic_NetCashFlowOperatingActivitiesRollUp" />
    <presentationArc xlink:type="arc"
      xlink:arcrole="http://www.xbrl.org/2003/arcrole/parent-child"
      xlink:from="basic_NetCashFlowRollUp" xlink:to="basic_NetCashFlowOperatingActivitiesRollUp"
      order="1"
      use="optional" />
    <loc xlink:type="locator"
      xlink:label="basic_CollectionReceivables"
      xlink:href="basic.xsd#basic_CollectionReceivables" />
    <presentationArc xlink:type="arc"
      xlink:arcrole="http://www.xbrl.org/2003/arcrole/parent-child"
      xlink:from="basic_NetCashFlowOperatingActivitiesRollUp"
      xlink:to="basic_CollectionReceivables"
      order="1"
      use="optional" />
    <loc xlink:type="locator"
      xlink:label="basic_PaymentOfAccountsPayable"
      xlink:href="basic.xsd#basic_PaymentOfAccountsPayable" />
    <presentationArc xlink:type="arc"
      xlink:arcrole="http://www.xbrl.org/2003/arcrole/parent-child"
      xlink:from="basic_NetCashFlowOperatingActivitiesRollUp"
      xlink:to="basic_PaymentOfAccountsPayable"
      preferredLabel="http://www.xbrl.org/2009/role/negatedLabel"
      order="2"
      use="optional" />
    <loc xlink:type="locator"
      xlink:label="basic_NetCashFlowOperatingActivities"
      xlink:href="basic.xsd#basic_NetCashFlowOperatingActivities" />
    <presentationArc xlink:type="arc"
      xlink:arcrole="http://www.xbrl.org/2003/arcrole/parent-child"
      xlink:from="basic_NetCashFlowOperatingActivitiesRollUp"
      xlink:to="basic_NetCashFlowOperatingActivities"
      order="3"
      use="optional" />
    <loc xlink:type="locator"
      xlink:label="basic_NetCashFlowFinancingActivitiesRollUp"
      xlink:href="basic.xsd#basic_NetCashFlowFinancingActivitiesRollUp" />
    <presentationArc xlink:type="arc"
      xlink:arcrole="http://www.xbrl.org/2003/arcrole/parent-child"
      xlink:from="basic_NetCashFlowRollUp" xlink:to="basic_NetCashFlowFinancingActivitiesRollUp"
      order="2"
      use="optional" />
    <loc xlink:type="locator"
      xlink:label="basic_AdditionalLongtermBorrowings2"
      xlink:href="basic.xsd#basic_AdditionalLongtermBorrowings2" />
    <presentationArc xlink:type="arc"
      xlink:arcrole="http://www.xbrl.org/2003/arcrole/parent-child"
      xlink:from="basic_NetCashFlowFinancingActivitiesRollUp"
      xlink:to="basic_AdditionalLongtermBorrowings2"
      order="1"
      use="optional" />
    <loc xlink:type="locator"
      xlink:label="basic_RepaymentLongtermBorrowings2"
      xlink:href="basic.xsd#basic_RepaymentLongtermBorrowings2" />
    <presentationArc xlink:type="arc"
      xlink:arcrole="http://www.xbrl.org/2003/arcrole/parent-child"
      xlink:from="basic_NetCashFlowFinancingActivitiesRollUp"
      xlink:to="basic_RepaymentLongtermBorrowings2"
      preferredLabel="http://www.xbrl.org/2009/role/negatedLabel"
      order="2"
      use="optional" />
    <loc xlink:type="locator"
      xlink:label="basic_NetCashFlowFinancingActivities"
      xlink:href="basic.xsd#basic_NetCashFlowFinancingActivities" />
    <presentationArc xlink:type="arc"
      xlink:arcrole="http://www.xbrl.org/2003/arcrole/parent-child"
      xlink:from="basic_NetCashFlowFinancingActivitiesRollUp"
      xlink:to="basic_NetCashFlowFinancingActivities"
      order="3"
      use="optional" />
    <loc xlink:type="locator"
      xlink:label="basic_NetCashFlowInvestingActivitiesRollUp"
      xlink:href="basic.xsd#basic_NetCashFlowInvestingActivitiesRollUp" />
    <presentationArc xlink:type="arc"
      xlink:arcrole="http://www.xbrl.org/2003/arcrole/parent-child"
      xlink:from="basic_NetCashFlowRollUp" xlink:to="basic_NetCashFlowInvestingActivitiesRollUp"
      order="3"
      use="optional" />
    <loc xlink:type="locator"
      xlink:label="basic_CapitalAdditionsPropertyPlantAndEquipment2"
      xlink:href="basic.xsd#basic_CapitalAdditionsPropertyPlantAndEquipment2" />
    <presentationArc xlink:type="arc"
      xlink:arcrole="http://www.xbrl.org/2003/arcrole/parent-child"
      xlink:from="basic_NetCashFlowInvestingActivitiesRollUp"
      xlink:to="basic_CapitalAdditionsPropertyPlantAndEquipment2"
      preferredLabel="http://www.xbrl.org/2009/role/negatedLabel"
      order="1"
      use="optional" />
    <loc xlink:type="locator"
      xlink:label="basic_NetCashFlowInvestingActivities"
      xlink:href="basic.xsd#basic_NetCashFlowInvestingActivities" />
    <presentationArc xlink:type="arc"
      xlink:arcrole="http://www.xbrl.org/2003/arcrole/parent-child"
      xlink:from="basic_NetCashFlowInvestingActivitiesRollUp"
      xlink:to="basic_NetCashFlowInvestingActivities"
      order="2"
      use="optional" />
    <loc xlink:type="locator"
      xlink:label="basic_NetCashFlow"
      xlink:href="basic.xsd#basic_NetCashFlow" />
    <presentationArc xlink:type="arc"
      xlink:arcrole="http://www.xbrl.org/2003/arcrole/parent-child"
      xlink:from="basic_NetCashFlowRollUp" xlink:to="basic_NetCashFlow"
      order="4"
      use="optional" />
    <loc xlink:type="locator"
      xlink:label="basic_CashAndCashEquivalents"
      xlink:href="basic.xsd#basic_CashAndCashEquivalents" />
    <presentationArc xlink:type="arc"
      xlink:arcrole="http://www.xbrl.org/2003/arcrole/parent-child"
      xlink:from="basic_CashFlowStatementRollForward"
      xlink:to="basic_CashAndCashEquivalents"
      preferredLabel="http://www.xbrl.org/2003/role/periodStartLabel"
      order="2"
      use="optional" />
  </presentationLink>
  <presentationLink xlink:type="extended"
    xlink:role="http://www.xbrlsite.com/basic/role/CashFlowStatement">
    <loc xlink:type="locator"
      xlink:label="basic_CashFlowStatementRollForward"
      xlink:href="basic.xsd#basic_CashFlowStatementRollForward" />
    <loc xlink:type="locator"
      xlink:label="basic_CashAndCashEquivalents"
      xlink:href="basic.xsd#basic_CashAndCashEquivalents" />
    <presentationArc xlink:type="arc"
      xlink:arcrole="http://www.xbrl.org/2003/arcrole/parent-child"
      xlink:from="basic_CashFlowStatementRollForward"
      xlink:to="basic_CashAndCashEquivalents"
      preferredLabel="http://www.xbrl.org/2003/role/periodEndLabel"
      order="3"
      use="optional" />
  </presentationLink>
  <presentationLink xlink:type="extended"
    xlink:role="http://www.xbrlsite.com/basic/role/CashAndCashEquivalents">
    <loc xlink:type="locator"
      xlink:label="basic_CashCashEquivalentsRollForward"
      xlink:href="basic.xsd#basic_CashCashEquivalentsRollForward" />
    <loc xlink:type="locator"
      xlink:label="basic_CashAndCashEquivalents"
      xlink:href="basic.xsd#basic_CashAndCashEquivalents" />
    <presentationArc xlink:type="arc"
      xlink:arcrole="http://www.xbrl.org/2003/arcrole/parent-child"
      xlink:from="basic_CashCashEquivalentsRollForward"
      xlink:to="basic_CashAndCashEquivalents"
      preferredLabel="http://www.xbrl.org/2003/role/periodStartLabel"
      order="1"
      use="optional" />
    <loc xlink:type="locator"
      xlink:label="basic_CollectionReceivables"
      xlink:href="basic.xsd#basic_CollectionReceivables" />
    <presentationArc xlink:type="arc"
      xlink:arcrole="http://www.xbrl.org/2003/arcrole/parent-child"
      xlink:from="basic_CashCashEquivalentsRollForward"
      xlink:to="basic_CollectionReceivables"
      order="2"
      use="optional" />
    <loc xlink:type="locator"
      xlink:label="basic_PaymentOfAccountsPayable"
      xlink:href="basic.xsd#basic_PaymentOfAccountsPayable" />
    <presentationArc xlink:type="arc"
      xlink:arcrole="http://www.xbrl.org/2003/arcrole/parent-child"
      xlink:from="basic_CashCashEquivalentsRollForward"
      xlink:to="basic_PaymentOfAccountsPayable"
      preferredLabel="http://www.xbrl.org/2009/role/negatedLabel"
      order="3"
      use="optional" />
    <loc xlink:type="locator"
      xlink:label="basic_AdditionalLongtermBorrowings2"
      xlink:href="basic.xsd#basic_AdditionalLongtermBorrowings2" />
    <presentationArc xlink:type="arc"
      xlink:arcrole="http://www.xbrl.org/2003/arcrole/parent-child"
      xlink:from="basic_CashCashEquivalentsRollForward"
      xlink:to="basic_AdditionalLongtermBorrowings2"
      order="4"
      use="optional" />
    <loc xlink:type="locator"
      xlink:label="basic_RepaymentLongtermBorrowings2"
      xlink:href="basic.xsd#basic_RepaymentLongtermBorrowings2" />
    <presentationArc xlink:type="arc"
      xlink:arcrole="http://www.xbrl.org/2003/arcrole/parent-child"
      xlink:from="basic_CashCashEquivalentsRollForward"
      xlink:to="basic_RepaymentLongtermBorrowings2"
      preferredLabel="http://www.xbrl.org/2009/role/negatedLabel"
      order="5"
      use="optional" />
    <loc xlink:type="locator"
      xlink:label="basic_CapitalAdditionsPropertyPlantAndEquipment2"
      xlink:href="basic.xsd#basic_CapitalAdditionsPropertyPlantAndEquipment2" />
    <presentationArc xlink:type="arc"
      xlink:arcrole="http://www.xbrl.org/2003/arcrole/parent-child"
      xlink:from="basic_CashCashEquivalentsRollForward"
      xlink:to="basic_CapitalAdditionsPropertyPlantAndEquipment2"
      preferredLabel="http://www.xbrl.org/2009/role/negatedLabel"
      order="6"
      use="optional" />
  </presentationLink>
  <presentationLink xlink:type="extended"
    xlink:role="http://www.xbrlsite.com/basic/role/CashAndCashEquivalents">
    <loc xlink:type="locator"
      xlink:label="basic_CashCashEquivalentsRollForward"
      xlink:href="basic.xsd#basic_CashCashEquivalentsRollForward" />
    <loc xlink:type="locator"
      xlink:label="basic_CashAndCashEquivalents"
      xlink:href="basic.xsd#basic_CashAndCashEquivalents" />
    <presentationArc xlink:type="arc"
      xlink:arcrole="http://www.xbrl.org/2003/arcrole/parent-child"
      xlink:from="basic_CashCashEquivalentsRollForward"
      xlink:to="basic_CashAndCashEquivalents"
      preferredLabel="http://www.xbrl.org/2003/role/periodEndLabel"
      order="7"
      use="optional" />
  </presentationLink>
  <presentationLink xlink:type="extended"
    xlink:role="http://www.xbrlsite.com/basic/role/Receivables">
    <loc xlink:type="locator"
      xlink:label="basic_ReceivablesRollForward"
      xlink:href="basic.xsd#basic_ReceivablesRollForward" />
    <loc xlink:type="locator"
      xlink:label="basic_Receivables"
      xlink:href="basic.xsd#basic_Receivables" />
    <presentationArc xlink:type="arc"
      xlink:arcrole="http://www.xbrl.org/2003/arcrole/parent-child"
      xlink:from="basic_ReceivablesRollForward"
      xlink:to="basic_Receivables"
      preferredLabel="http://www.xbrl.org/2003/role/periodStartLabel"
      order="1"
      use="optional" />
    <loc xlink:type="locator"
      xlink:label="basic_Sales2"
      xlink:href="basic.xsd#basic_Sales2" />
    <presentationArc xlink:type="arc"
      xlink:arcrole="http://www.xbrl.org/2003/arcrole/parent-child"
      xlink:from="basic_ReceivablesRollForward"
      xlink:to="basic_Sales2"
      order="2"
      use="optional" />
    <loc xlink:type="locator"
      xlink:label="basic_CollectionReceivables2"
      xlink:href="basic.xsd#basic_CollectionReceivables2" />
    <presentationArc xlink:type="arc"
      xlink:arcrole="http://www.xbrl.org/2003/arcrole/parent-child"
      xlink:from="basic_ReceivablesRollForward"
      xlink:to="basic_CollectionReceivables2"
      preferredLabel="http://www.xbrl.org/2009/role/negatedLabel"
      order="3"
      use="optional" />
    <loc xlink:type="locator"
      xlink:label="basic_AdditionsToAllowanceForBadDebts"
      xlink:href="basic.xsd#basic_AdditionsToAllowanceForBadDebts" />
    <presentationArc xlink:type="arc"
      xlink:arcrole="http://www.xbrl.org/2003/arcrole/parent-child"
      xlink:from="basic_ReceivablesRollForward"
      xlink:to="basic_AdditionsToAllowanceForBadDebts"
      preferredLabel="http://www.xbrl.org/2009/role/negatedLabel"
      order="4"
      use="optional" />
    <loc xlink:type="locator"
      xlink:label="basic_BadDebtsWrittenOff"
      xlink:href="basic.xsd#basic_BadDebtsWrittenOff" />
    <presentationArc xlink:type="arc"
      xlink:arcrole="http://www.xbrl.org/2003/arcrole/parent-child"
      xlink:from="basic_ReceivablesRollForward"
      xlink:to="basic_BadDebtsWrittenOff"
      preferredLabel="http://www.xbrl.org/2009/role/negatedLabel"
      order="5"
      use="optional" />
  </presentationLink>
  <presentationLink xlink:type="extended"
    xlink:role="http://www.xbrlsite.com/basic/role/Receivables">
    <loc xlink:type="locator"
      xlink:label="basic_ReceivablesRollForward"
      xlink:href="basic.xsd#basic_ReceivablesRollForward" />
    <loc xlink:type="locator"
      xlink:label="basic_Receivables"
      xlink:href="basic.xsd#basic_Receivables" />
    <presentationArc xlink:type="arc"
      xlink:arcrole="http://www.xbrl.org/2003/arcrole/parent-child"
      xlink:from="basic_ReceivablesRollForward"
      xlink:to="basic_Receivables"
      preferredLabel="http://www.xbrl.org/2003/role/periodEndLabel"
      order="6"
      use="optional" />
  </presentationLink>
  <presentationLink xlink:type="extended"
    xlink:role="http://www.xbrlsite.com/basic/role/Inventories">
    <loc xlink:type="locator"
      xlink:label="basic_InventoriesRollForward"
      xlink:href="basic.xsd#basic_InventoriesRollForward" />
    <loc xlink:type="locator"
      xlink:label="basic_Inventories"
      xlink:href="basic.xsd#basic_Inventories" />
    <presentationArc xlink:type="arc"
      xlink:arcrole="http://www.xbrl.org/2003/arcrole/parent-child"
      xlink:from="basic_InventoriesRollForward"
      xlink:to="basic_Inventories"
      preferredLabel="http://www.xbrl.org/2003/role/periodStartLabel"
      order="1"
      use="optional" />
    <loc xlink:type="locator"
      xlink:label="basic_PurchasesOfInventoryForSale"
      xlink:href="basic.xsd#basic_PurchasesOfInventoryForSale" />
    <presentationArc xlink:type="arc"
      xlink:arcrole="http://www.xbrl.org/2003/arcrole/parent-child"
      xlink:from="basic_InventoriesRollForward"
      xlink:to="basic_PurchasesOfInventoryForSale"
      order="2"
      use="optional" />
    <loc xlink:type="locator"
      xlink:label="basic_CostsOfSales2"
      xlink:href="basic.xsd#basic_CostsOfSales2" />
    <presentationArc xlink:type="arc"
      xlink:arcrole="http://www.xbrl.org/2003/arcrole/parent-child"
      xlink:from="basic_InventoriesRollForward"
      xlink:to="basic_CostsOfSales2"
      preferredLabel="http://www.xbrl.org/2009/role/negatedLabel"
      order="3"
      use="optional" />
    <loc xlink:type="locator"
      xlink:label="basic_InventoryWrittenOff"
      xlink:href="basic.xsd#basic_InventoryWrittenOff" />
    <presentationArc xlink:type="arc"
      xlink:arcrole="http://www.xbrl.org/2003/arcrole/parent-child"
      xlink:from="basic_InventoriesRollForward"
      xlink:to="basic_InventoryWrittenOff"
      preferredLabel="http://www.xbrl.org/2009/role/negatedLabel"
      order="4"
      use="optional" />
  </presentationLink>
  <presentationLink xlink:type="extended"
    xlink:role="http://www.xbrlsite.com/basic/role/Inventories">
    <loc xlink:type="locator"
      xlink:label="basic_InventoriesRollForward"
      xlink:href="basic.xsd#basic_InventoriesRollForward" />
    <loc xlink:type="locator"
      xlink:label="basic_Inventories"
      xlink:href="basic.xsd#basic_Inventories" />
    <presentationArc xlink:type="arc"
      xlink:arcrole="http://www.xbrl.org/2003/arcrole/parent-child"
      xlink:from="basic_InventoriesRollForward"
      xlink:to="basic_Inventories"
      preferredLabel="http://www.xbrl.org/2003/role/periodEndLabel"
      order="5"
      use="optional" />
  </presentationLink>
  <presentationLink xlink:type="extended"
    xlink:role="http://www.xbrlsite.com/basic/role/PropertyPlantAndEquipment">
    <loc xlink:type="locator"
      xlink:label="basic_PropertyPlantEquipmentRollForward"
      xlink:href="basic.xsd#basic_PropertyPlantEquipmentRollForward" />
    <loc xlink:type="locator"
      xlink:label="basic_PropertyPlantAndEquipment"
      xlink:href="basic.xsd#basic_PropertyPlantAndEquipment" />
    <presentationArc xlink:type="arc"
      xlink:arcrole="http://www.xbrl.org/2003/arcrole/parent-child"
      xlink:from="basic_PropertyPlantEquipmentRollForward"
      xlink:to="basic_PropertyPlantAndEquipment"
      preferredLabel="http://www.xbrl.org/2003/role/periodStartLabel"
      order="1"
      use="optional" />
    <loc xlink:type="locator"
      xlink:label="basic_CapitalAdditionsPropertyPlantAndEquipment"
      xlink:href="basic.xsd#basic_CapitalAdditionsPropertyPlantAndEquipment" />
    <presentationArc xlink:type="arc"
      xlink:arcrole="http://www.xbrl.org/2003/arcrole/parent-child"
      xlink:from="basic_PropertyPlantEquipmentRollForward"
      xlink:to="basic_CapitalAdditionsPropertyPlantAndEquipment"
      order="2"
      use="optional" />
    <loc xlink:type="locator"
      xlink:label="basic_DepreciationAndAmortization2"
      xlink:href="basic.xsd#basic_DepreciationAndAmortization2" />
    <presentationArc xlink:type="arc"
      xlink:arcrole="http://www.xbrl.org/2003/arcrole/parent-child"
      xlink:from="basic_PropertyPlantEquipmentRollForward"
      xlink:to="basic_DepreciationAndAmortization2"
      preferredLabel="http://www.xbrl.org/2009/role/negatedLabel"
      order="3"
      use="optional" />
    <loc xlink:type="locator"
      xlink:label="basic_PropertyPlantAndEquipmentWrittenOff"
      xlink:href="basic.xsd#basic_PropertyPlantAndEquipmentWrittenOff" />
    <presentationArc xlink:type="arc"
      xlink:arcrole="http://www.xbrl.org/2003/arcrole/parent-child"
      xlink:from="basic_PropertyPlantEquipmentRollForward"
      xlink:to="basic_PropertyPlantAndEquipmentWrittenOff"
      preferredLabel="http://www.xbrl.org/2009/role/negatedLabel"
      order="4"
      use="optional" />
  </presentationLink>
  <presentationLink xlink:type="extended"
    xlink:role="http://www.xbrlsite.com/basic/role/PropertyPlantAndEquipment">
    <loc xlink:type="locator"
      xlink:label="basic_PropertyPlantEquipmentRollForward"
      xlink:href="basic.xsd#basic_PropertyPlantEquipmentRollForward" />
    <loc xlink:type="locator"
      xlink:label="basic_PropertyPlantAndEquipment"
      xlink:href="basic.xsd#basic_PropertyPlantAndEquipment" />
    <presentationArc xlink:type="arc"
      xlink:arcrole="http://www.xbrl.org/2003/arcrole/parent-child"
      xlink:from="basic_PropertyPlantEquipmentRollForward"
      xlink:to="basic_PropertyPlantAndEquipment"
      preferredLabel="http://www.xbrl.org/2003/role/periodEndLabel"
      order="5"
      use="optional" />
  </presentationLink>
  <presentationLink xlink:type="extended"
    xlink:role="http://www.xbrlsite.com/basic/role/AccountsPayable">
    <loc xlink:type="locator"
      xlink:label="basic_AccountsPayableRollForward"
      xlink:href="basic.xsd#basic_AccountsPayableRollForward" />
    <loc xlink:type="locator"
      xlink:label="basic_AccountsPayable"
      xlink:href="basic.xsd#basic_AccountsPayable" />
    <presentationArc xlink:type="arc"
      xlink:arcrole="http://www.xbrl.org/2003/arcrole/parent-child"
      xlink:from="basic_AccountsPayableRollForward"
      xlink:to="basic_AccountsPayable"
      preferredLabel="http://www.xbrl.org/2003/role/periodStartLabel"
      order="1"
      use="optional" />
    <loc xlink:type="locator"
      xlink:label="basic_PurchasesOfInventoryForSale2"
      xlink:href="basic.xsd#basic_PurchasesOfInventoryForSale2" />
    <presentationArc xlink:type="arc"
      xlink:arcrole="http://www.xbrl.org/2003/arcrole/parent-child"
      xlink:from="basic_AccountsPayableRollForward"
      xlink:to="basic_PurchasesOfInventoryForSale2"
      order="2"
      use="optional" />
    <loc xlink:type="locator"
      xlink:label="basic_PaymentOfAccountsPayable2"
      xlink:href="basic.xsd#basic_PaymentOfAccountsPayable2" />
    <presentationArc xlink:type="arc"
      xlink:arcrole="http://www.xbrl.org/2003/arcrole/parent-child"
      xlink:from="basic_AccountsPayableRollForward"
      xlink:to="basic_PaymentOfAccountsPayable2"
      preferredLabel="http://www.xbrl.org/2009/role/negatedLabel"
      order="3"
      use="optional" />
  </presentationLink>
  <presentationLink xlink:type="extended"
    xlink:role="http://www.xbrlsite.com/basic/role/AccountsPayable">
    <loc xlink:type="locator"
      xlink:label="basic_AccountsPayableRollForward"
      xlink:href="basic.xsd#basic_AccountsPayableRollForward" />
    <loc xlink:type="locator"
      xlink:label="basic_AccountsPayable"
      xlink:href="basic.xsd#basic_AccountsPayable" />
    <presentationArc xlink:type="arc"
      xlink:arcrole="http://www.xbrl.org/2003/arcrole/parent-child"
      xlink:from="basic_AccountsPayableRollForward"
      xlink:to="basic_AccountsPayable"
      preferredLabel="http://www.xbrl.org/2003/role/periodEndLabel"
      order="4"
      use="optional" />
  </presentationLink>
  <presentationLink xlink:type="extended"
    xlink:role="http://www.xbrlsite.com/basic/role/LongTermDebt">
    <loc xlink:type="locator"
      xlink:label="basic_LongtermDebtRollForward"
      xlink:href="basic.xsd#basic_LongtermDebtRollForward" />
    <loc xlink:type="locator"
      xlink:label="basic_LongtermDebt"
      xlink:href="basic.xsd#basic_LongtermDebt" />
    <presentationArc xlink:type="arc"
      xlink:arcrole="http://www.xbrl.org/2003/arcrole/parent-child"
      xlink:from="basic_LongtermDebtRollForward"
      xlink:to="basic_LongtermDebt"
      preferredLabel="http://www.xbrl.org/2003/role/periodStartLabel"
      order="1"
      use="optional" />
    <loc xlink:type="locator"
      xlink:label="basic_AdditionalLongtermBorrowings"
      xlink:href="basic.xsd#basic_AdditionalLongtermBorrowings" />
    <presentationArc xlink:type="arc"
      xlink:arcrole="http://www.xbrl.org/2003/arcrole/parent-child"
      xlink:from="basic_LongtermDebtRollForward"
      xlink:to="basic_AdditionalLongtermBorrowings"
      order="2"
      use="optional" />
    <loc xlink:type="locator"
      xlink:label="basic_RepaymentLongtermBorrowings"
      xlink:href="basic.xsd#basic_RepaymentLongtermBorrowings" />
    <presentationArc xlink:type="arc"
      xlink:arcrole="http://www.xbrl.org/2003/arcrole/parent-child"
      xlink:from="basic_LongtermDebtRollForward"
      xlink:to="basic_RepaymentLongtermBorrowings"
      preferredLabel="http://www.xbrl.org/2009/role/negatedLabel"
      order="3"
      use="optional" />
  </presentationLink>
  <presentationLink xlink:type="extended"
    xlink:role="http://www.xbrlsite.com/basic/role/LongTermDebt">
    <loc xlink:type="locator"
      xlink:label="basic_LongtermDebtRollForward"
      xlink:href="basic.xsd#basic_LongtermDebtRollForward" />
    <loc xlink:type="locator"
      xlink:label="basic_LongtermDebt"
      xlink:href="basic.xsd#basic_LongtermDebt" />
    <presentationArc xlink:type="arc"
      xlink:arcrole="http://www.xbrl.org/2003/arcrole/parent-child"
      xlink:from="basic_LongtermDebtRollForward"
      xlink:to="basic_LongtermDebt"
      preferredLabel="http://www.xbrl.org/2003/role/periodEndLabel"
      order="4"
      use="optional" />
  </presentationLink>
  <presentationLink xlink:type="extended"
    xlink:role="http://www.xbrlsite.com/basic/role/RetainedEarnings">
    <loc xlink:type="locator"
      xlink:label="basic_RetainedEarningsRollForward"
      xlink:href="basic.xsd#basic_RetainedEarningsRollForward" />
    <loc xlink:type="locator"
      xlink:label="basic_RetainedEarnings"
      xlink:href="basic.xsd#basic_RetainedEarnings" />
    <presentationArc xlink:type="arc"
      xlink:arcrole="http://www.xbrl.org/2003/arcrole/parent-child"
      xlink:from="basic_RetainedEarningsRollForward"
      xlink:to="basic_RetainedEarnings"
      preferredLabel="http://www.xbrl.org/2003/role/periodStartLabel"
      order="1"
      use="optional" />
    <loc xlink:type="locator"
      xlink:label="basic_NetIncomeLoss"
      xlink:href="basic.xsd#basic_NetIncomeLoss" />
    <presentationArc xlink:type="arc"
      xlink:arcrole="http://www.xbrl.org/2003/arcrole/parent-child"
      xlink:from="basic_RetainedEarningsRollForward"
      xlink:to="basic_NetIncomeLoss"
      order="2"
      use="optional" />
  </presentationLink>
  <presentationLink xlink:type="extended"
    xlink:role="http://www.xbrlsite.com/basic/role/RetainedEarnings">
    <loc xlink:type="locator"
      xlink:label="basic_RetainedEarningsRollForward"
      xlink:href="basic.xsd#basic_RetainedEarningsRollForward" />
    <loc xlink:type="locator"
      xlink:label="basic_RetainedEarnings"
      xlink:href="basic.xsd#basic_RetainedEarnings" />
    <presentationArc xlink:type="arc"
      xlink:arcrole="http://www.xbrl.org/2003/arcrole/parent-child"
      xlink:from="basic_RetainedEarningsRollForward"
      xlink:to="basic_RetainedEarnings"
      preferredLabel="http://www.xbrl.org/2003/role/periodEndLabel"
      order="3"
      use="optional" />
  </presentationLink>
  <presentationLink xlink:type="extended"
    xlink:role="http://www.xbrlsite.com/basic/role/InventoriesDetail">
    <loc xlink:type="locator"
      xlink:label="basic_InventoriesRollUp"
      xlink:href="basic.xsd#basic_InventoriesRollUp" />
    <loc xlink:type="locator"
      xlink:label="basic_FinishedGoods"
      xlink:href="basic.xsd#basic_FinishedGoods" />
    <presentationArc xlink:type="arc"
      xlink:arcrole="http://www.xbrl.org/2003/arcrole/parent-child"
      xlink:from="basic_InventoriesRollUp" xlink:to="basic_FinishedGoods"
      order="1"
      use="optional" />
    <loc xlink:type="locator"
      xlink:label="basic_WorkInProgress"
      xlink:href="basic.xsd#basic_WorkInProgress" />
    <presentationArc xlink:type="arc"
      xlink:arcrole="http://www.xbrl.org/2003/arcrole/parent-child"
      xlink:from="basic_InventoriesRollUp" xlink:to="basic_WorkInProgress"
      order="2"
      use="optional" />
    <loc xlink:type="locator"
      xlink:label="basic_RawMaterial"
      xlink:href="basic.xsd#basic_RawMaterial" />
    <presentationArc xlink:type="arc"
      xlink:arcrole="http://www.xbrl.org/2003/arcrole/parent-child"
      xlink:from="basic_InventoriesRollUp" xlink:to="basic_RawMaterial"
      order="3"
      use="optional" />
    <loc xlink:type="locator"
      xlink:label="basic_Inventories"
      xlink:href="basic.xsd#basic_Inventories" />
    <presentationArc xlink:type="arc"
      xlink:arcrole="http://www.xbrl.org/2003/arcrole/parent-child"
      xlink:from="basic_InventoriesRollUp" xlink:to="basic_Inventories"
      order="4"
      use="optional" />
  </presentationLink>
  <presentationLink xlink:type="extended"
    xlink:role="http://www.xbrlsite.com/basic/role/FinishedGoodsDetail">
    <loc xlink:type="locator"
      xlink:label="basic_FinishedGoodsRollUp"
      xlink:href="basic.xsd#basic_FinishedGoodsRollUp" />
    <loc xlink:type="locator"
      xlink:label="basic_ProductAlpha"
      xlink:href="basic.xsd#basic_ProductAlpha" />
    <presentationArc xlink:type="arc"
      xlink:arcrole="http://www.xbrl.org/2003/arcrole/parent-child"
      xlink:from="basic_FinishedGoodsRollUp"
      xlink:to="basic_ProductAlpha"
      order="1"
      use="optional" />
    <loc xlink:type="locator"
      xlink:label="basic_ProductBravo"
      xlink:href="basic.xsd#basic_ProductBravo" />
    <presentationArc xlink:type="arc"
      xlink:arcrole="http://www.xbrl.org/2003/arcrole/parent-child"
      xlink:from="basic_FinishedGoodsRollUp"
      xlink:to="basic_ProductBravo"
      order="2"
      use="optional" />
    <loc xlink:type="locator"
      xlink:label="basic_FinishedGoods"
      xlink:href="basic.xsd#basic_FinishedGoods" />
    <presentationArc xlink:type="arc"
      xlink:arcrole="http://www.xbrl.org/2003/arcrole/parent-child"
      xlink:from="basic_FinishedGoodsRollUp"
      xlink:to="basic_FinishedGoods"
      order="3"
      use="optional" />
  </presentationLink>
  <presentationLink xlink:type="extended"
    xlink:role="http://www.xbrlsite.com/basic/role/GeneralLedgerTrialBalance">
    <loc xlink:type="locator"
      xlink:label="basic_GeneralLedgerTrialBalanceRollUp"
      xlink:href="basic.xsd#basic_GeneralLedgerTrialBalanceRollUp" />
    <loc xlink:type="locator"
      xlink:label="basic_CashAndCashEquivalents"
      xlink:href="basic.xsd#basic_CashAndCashEquivalents" />
    <presentationArc xlink:type="arc"
      xlink:arcrole="http://www.xbrl.org/2003/arcrole/parent-child"
      xlink:from="basic_GeneralLedgerTrialBalanceRollUp"
      xlink:to="basic_CashAndCashEquivalents"
      order="1"
      use="optional" />
    <loc xlink:type="locator"
      xlink:label="basic_Receivables"
      xlink:href="basic.xsd#basic_Receivables" />
    <presentationArc xlink:type="arc"
      xlink:arcrole="http://www.xbrl.org/2003/arcrole/parent-child"
      xlink:from="basic_GeneralLedgerTrialBalanceRollUp"
      xlink:to="basic_Receivables"
      order="2"
      use="optional" />
    <loc xlink:type="locator"
      xlink:label="basic_Inventories"
      xlink:href="basic.xsd#basic_Inventories" />
    <presentationArc xlink:type="arc"
      xlink:arcrole="http://www.xbrl.org/2003/arcrole/parent-child"
      xlink:from="basic_GeneralLedgerTrialBalanceRollUp"
      xlink:to="basic_Inventories"
      order="3"
      use="optional" />
    <loc xlink:type="locator"
      xlink:label="basic_PropertyPlantAndEquipment"
      xlink:href="basic.xsd#basic_PropertyPlantAndEquipment" />
    <presentationArc xlink:type="arc"
      xlink:arcrole="http://www.xbrl.org/2003/arcrole/parent-child"
      xlink:from="basic_GeneralLedgerTrialBalanceRollUp"
      xlink:to="basic_PropertyPlantAndEquipment"
      order="4"
      use="optional" />
    <loc xlink:type="locator"
      xlink:label="basic_AccountsPayable"
      xlink:href="basic.xsd#basic_AccountsPayable" />
    <presentationArc xlink:type="arc"
      xlink:arcrole="http://www.xbrl.org/2003/arcrole/parent-child"
      xlink:from="basic_GeneralLedgerTrialBalanceRollUp"
      xlink:to="basic_AccountsPayable"
      preferredLabel="http://www.xbrl.org/2009/role/negatedLabel"
      order="5"
      use="optional" />
    <loc xlink:type="locator"
      xlink:label="basic_LongtermDebt"
      xlink:href="basic.xsd#basic_LongtermDebt" />
    <presentationArc xlink:type="arc"
      xlink:arcrole="http://www.xbrl.org/2003/arcrole/parent-child"
      xlink:from="basic_GeneralLedgerTrialBalanceRollUp"
      xlink:to="basic_LongtermDebt"
      preferredLabel="http://www.xbrl.org/2009/role/negatedLabel"
      order="6"
      use="optional" />
    <loc xlink:type="locator"
      xlink:label="basic_RetainedEarnings"
      xlink:href="basic.xsd#basic_RetainedEarnings" />
    <presentationArc xlink:type="arc"
      xlink:arcrole="http://www.xbrl.org/2003/arcrole/parent-child"
      xlink:from="basic_GeneralLedgerTrialBalanceRollUp"
      xlink:to="basic_RetainedEarnings"
      preferredLabel="http://www.xbrl.org/2009/role/negatedLabel"
      order="7"
      use="optional" />
    <loc xlink:type="locator"
      xlink:label="basic_GeneralLedgerTrialBalance"
      xlink:href="basic.xsd#basic_GeneralLedgerTrialBalance" />
    <presentationArc xlink:type="arc"
      xlink:arcrole="http://www.xbrl.org/2003/arcrole/parent-child"
      xlink:from="basic_GeneralLedgerTrialBalanceRollUp"
      xlink:to="basic_GeneralLedgerTrialBalance"
      order="8"
      use="optional" />
  </presentationLink>
</linkbase>