<?xml version="1.0" encoding="us-ascii"?>
<!--
Taxonomy Label Links linkbase based on XBRL standard Version 2.1.
Created by UBmatrix Taxonomy Designer 3.0.3.2436 (2009-06-02 13:18).  
Contact www.ubmatrix.com
Copyright (c) 2002-2018 UBmatrix inc., All Rights Reserved
Produced on 2018-09-24 08:24:34
-->
<linkbase
  xmlns="http://www.xbrl.org/2003/linkbase"
  xmlns:xsi="http://www.w3.org/2001/XMLSchema-instance"
  xmlns:xlink="http://www.w3.org/1999/xlink"
  xsi:schemaLocation="
    http://www.xbrl.org/2003/linkbase 
      http://www.xbrl.org/2003/xbrl-linkbase-2003-12-31.xsd
    ">
  <roleRef xlink:type="simple"
    xlink:href="http://www.xbrl.org/lrr/role/negated-2009-12-16.xsd#negatedLabel"
    roleURI="http://www.xbrl.org/2009/role/negatedLabel" />
  <labelLink xlink:type="extended"
    xlink:role="http://www.xbrl.org/2003/role/link">
    <loc xlink:type="locator"
      xlink:label="basic_AccountsPayableRollForward"
      xlink:href="basic.xsd#basic_AccountsPayableRollForward" />
    <labelArc xlink:type="arc"
      xlink:arcrole="http://www.xbrl.org/2003/arcrole/concept-label"
      xlink:from="basic_AccountsPayableRollForward"
      xlink:to="basic_AccountsPayableRollForward_lbl" />
    <label xlink:type="resource"
      xlink:label="basic_AccountsPayableRollForward_lbl"
      xml:lang="en"
      xlink:role="http://www.xbrl.org/2003/role/label">Accounts Payable [Roll Forward]</label>
    <loc xlink:type="locator"
      xlink:label="basic_AccountsPayable"
      xlink:href="basic.xsd#basic_AccountsPayable" />
    <labelArc xlink:type="arc"
      xlink:arcrole="http://www.xbrl.org/2003/arcrole/concept-label"
      xlink:from="basic_AccountsPayable" xlink:to="basic_AccountsPayable_lbl" />
    <label xlink:type="resource"
      xlink:label="basic_AccountsPayable_lbl"
      xml:lang="en"
      xlink:role="http://www.xbrl.org/2003/role/periodEndLabel">Accounts Payable, Ending Balance</label>
    <label xlink:type="resource"
      xlink:label="basic_AccountsPayable_lbl"
      xml:lang="en"
      xlink:role="http://www.xbrl.org/2003/role/periodStartLabel">Accounts Payable, Beginning Balance</label>
    <label xlink:type="resource"
      xlink:label="basic_AccountsPayable_lbl"
      xml:lang="en"
      xlink:role="http://www.xbrl.org/2003/role/label">Accounts Payable</label>
    <label xlink:type="resource"
      xlink:label="basic_AccountsPayable_lbl"
      xml:lang="en"
      xlink:role="http://www.xbrl.org/2009/role/negatedLabel">Accounts Payable</label>
    <loc xlink:type="locator"
      xlink:label="basic_AdditionalLongtermBorrowings2"
      xlink:href="basic.xsd#basic_AdditionalLongtermBorrowings2" />
    <labelArc xlink:type="arc"
      xlink:arcrole="http://www.xbrl.org/2003/arcrole/concept-label"
      xlink:from="basic_AdditionalLongtermBorrowings2"
      xlink:to="basic_AdditionalLongtermBorrowings2_lbl" />
    <label xlink:type="resource"
      xlink:label="basic_AdditionalLongtermBorrowings2_lbl"
      xml:lang="en"
      xlink:role="http://www.xbrl.org/2003/role/label">Additional Long-term Borrowings 2</label>
    <loc xlink:type="locator"
      xlink:label="basic_AdditionalLongtermBorrowings"
      xlink:href="basic.xsd#basic_AdditionalLongtermBorrowings" />
    <labelArc xlink:type="arc"
      xlink:arcrole="http://www.xbrl.org/2003/arcrole/concept-label"
      xlink:from="basic_AdditionalLongtermBorrowings"
      xlink:to="basic_AdditionalLongtermBorrowings_lbl" />
    <label xlink:type="resource"
      xlink:label="basic_AdditionalLongtermBorrowings_lbl"
      xml:lang="en"
      xlink:role="http://www.xbrl.org/2003/role/label">Additional Long-term Borrowings</label>
    <loc xlink:type="locator"
      xlink:label="basic_AdditionsToAllowanceForBadDebts"
      xlink:href="basic.xsd#basic_AdditionsToAllowanceForBadDebts" />
    <labelArc xlink:type="arc"
      xlink:arcrole="http://www.xbrl.org/2003/arcrole/concept-label"
      xlink:from="basic_AdditionsToAllowanceForBadDebts"
      xlink:to="basic_AdditionsToAllowanceForBadDebts_lbl" />
    <label xlink:type="resource"
      xlink:label="basic_AdditionsToAllowanceForBadDebts_lbl"
      xml:lang="en"
      xlink:role="http://www.xbrl.org/2003/role/label">Additions to Allowance for Bad Debts</label>
    <label xlink:type="resource"
      xlink:label="basic_AdditionsToAllowanceForBadDebts_lbl"
      xml:lang="en"
      xlink:role="http://www.xbrl.org/2009/role/negatedLabel">Additions to Allowance for Bad Debts</label>
    <loc xlink:type="locator"
      xlink:label="basic_AssetsRollUp"
      xlink:href="basic.xsd#basic_AssetsRollUp" />
    <labelArc xlink:type="arc"
      xlink:arcrole="http://www.xbrl.org/2003/arcrole/concept-label"
      xlink:from="basic_AssetsRollUp" xlink:to="basic_AssetsRollUp_lbl" />
    <label xlink:type="resource"
      xlink:label="basic_AssetsRollUp_lbl" xml:lang="en"
      xlink:role="http://www.xbrl.org/2003/role/label">Assets [Roll Up]</label>
    <loc xlink:type="locator"
      xlink:label="basic_Assets"
      xlink:href="basic.xsd#basic_Assets" />
    <labelArc xlink:type="arc"
      xlink:arcrole="http://www.xbrl.org/2003/arcrole/concept-label"
      xlink:from="basic_Assets" xlink:to="basic_Assets_lbl" />
    <label xlink:type="resource"
      xlink:label="basic_Assets_lbl" xml:lang="en"
      xlink:role="http://www.xbrl.org/2003/role/label">Assets</label>
    <loc xlink:type="locator"
      xlink:label="basic_BadDebtsWrittenOff"
      xlink:href="basic.xsd#basic_BadDebtsWrittenOff" />
    <labelArc xlink:type="arc"
      xlink:arcrole="http://www.xbrl.org/2003/arcrole/concept-label"
      xlink:from="basic_BadDebtsWrittenOff"
      xlink:to="basic_BadDebtsWrittenOff_lbl" />
    <label xlink:type="resource"
      xlink:label="basic_BadDebtsWrittenOff_lbl"
      xml:lang="en"
      xlink:role="http://www.xbrl.org/2003/role/label">Bad Debts Written Off</label>
    <label xlink:type="resource"
      xlink:label="basic_BadDebtsWrittenOff_lbl"
      xml:lang="en"
      xlink:role="http://www.xbrl.org/2009/role/negatedLabel">Bad Debts Written Off</label>
    <loc xlink:type="locator"
      xlink:label="basic_BalanceSheetAbstract"
      xlink:href="basic.xsd#basic_BalanceSheetAbstract" />
    <labelArc xlink:type="arc"
      xlink:arcrole="http://www.xbrl.org/2003/arcrole/concept-label"
      xlink:from="basic_BalanceSheetAbstract"
      xlink:to="basic_BalanceSheetAbstract_lbl" />
    <label xlink:type="resource"
      xlink:label="basic_BalanceSheetAbstract_lbl"
      xml:lang="en"
      xlink:role="http://www.xbrl.org/2003/role/label">Balance Sheet [Abstract]</label>
    <loc xlink:type="locator"
      xlink:label="basic_CapitalAdditionsPropertyPlantAndEquipment2"
      xlink:href="basic.xsd#basic_CapitalAdditionsPropertyPlantAndEquipment2" />
    <labelArc xlink:type="arc"
      xlink:arcrole="http://www.xbrl.org/2003/arcrole/concept-label"
      xlink:from="basic_CapitalAdditionsPropertyPlantAndEquipment2"
      xlink:to="basic_CapitalAdditionsPropertyPlantAndEquipment2_lbl" />
    <label xlink:type="resource"
      xlink:label="basic_CapitalAdditionsPropertyPlantAndEquipment2_lbl"
      xml:lang="en"
      xlink:role="http://www.xbrl.org/2003/role/label">Capital Additions of Property, Plant and Equipment 2</label>
    <label xlink:type="resource"
      xlink:label="basic_CapitalAdditionsPropertyPlantAndEquipment2_lbl"
      xml:lang="en"
      xlink:role="http://www.xbrl.org/2009/role/negatedLabel">Capital Additions of Property, Plant and Equipment 2</label>
    <loc xlink:type="locator"
      xlink:label="basic_CapitalAdditionsPropertyPlantAndEquipment"
      xlink:href="basic.xsd#basic_CapitalAdditionsPropertyPlantAndEquipment" />
    <labelArc xlink:type="arc"
      xlink:arcrole="http://www.xbrl.org/2003/arcrole/concept-label"
      xlink:from="basic_CapitalAdditionsPropertyPlantAndEquipment"
      xlink:to="basic_CapitalAdditionsPropertyPlantAndEquipment_lbl" />
    <label xlink:type="resource"
      xlink:label="basic_CapitalAdditionsPropertyPlantAndEquipment_lbl"
      xml:lang="en"
      xlink:role="http://www.xbrl.org/2003/role/label">Capital Additions of Property, Plant and Equipment</label>
    <label xlink:type="resource"
      xlink:label="basic_CapitalAdditionsPropertyPlantAndEquipment_lbl"
      xml:lang="en"
      xlink:role="http://www.xbrl.org/2009/role/negatedLabel">Capital Additions of Property, Plant and Equipment</label>
    <loc xlink:type="locator"
      xlink:label="basic_CashAndCashEquivalents"
      xlink:href="basic.xsd#basic_CashAndCashEquivalents" />
    <labelArc xlink:type="arc"
      xlink:arcrole="http://www.xbrl.org/2003/arcrole/concept-label"
      xlink:from="basic_CashAndCashEquivalents"
      xlink:to="basic_CashAndCashEquivalents_lbl" />
    <label xlink:type="resource"
      xlink:label="basic_CashAndCashEquivalents_lbl"
      xml:lang="en"
      xlink:role="http://www.xbrl.org/2003/role/periodEndLabel">Cash and Cash Equivalents, Ending Balance</label>
    <label xlink:type="resource"
      xlink:label="basic_CashAndCashEquivalents_lbl"
      xml:lang="en"
      xlink:role="http://www.xbrl.org/2003/role/periodStartLabel">Cash and Cash Equivalents, Beginning Balance</label>
    <label xlink:type="resource"
      xlink:label="basic_CashAndCashEquivalents_lbl"
      xml:lang="en"
      xlink:role="http://www.xbrl.org/2003/role/label">Cash and Cash Equivalents</label>
    <loc xlink:type="locator"
      xlink:label="basic_CashCashEquivalentsRollForward"
      xlink:href="basic.xsd#basic_CashCashEquivalentsRollForward" />
    <labelArc xlink:type="arc"
      xlink:arcrole="http://www.xbrl.org/2003/arcrole/concept-label"
      xlink:from="basic_CashCashEquivalentsRollForward"
      xlink:to="basic_CashCashEquivalentsRollForward_lbl" />
    <label xlink:type="resource"
      xlink:label="basic_CashCashEquivalentsRollForward_lbl"
      xml:lang="en"
      xlink:role="http://www.xbrl.org/2003/role/label">Cash and Cash Equivalents [Roll Forward]</label>
    <loc xlink:type="locator"
      xlink:label="basic_CashFlowStatementRollForward"
      xlink:href="basic.xsd#basic_CashFlowStatementRollForward" />
    <labelArc xlink:type="arc"
      xlink:arcrole="http://www.xbrl.org/2003/arcrole/concept-label"
      xlink:from="basic_CashFlowStatementRollForward"
      xlink:to="basic_CashFlowStatementRollForward_lbl" />
    <label xlink:type="resource"
      xlink:label="basic_CashFlowStatementRollForward_lbl"
      xml:lang="en"
      xlink:role="http://www.xbrl.org/2003/role/label">Cash Flow Statement [Roll Forward]</label>
    <loc xlink:type="locator"
      xlink:label="basic_CollectionReceivables2"
      xlink:href="basic.xsd#basic_CollectionReceivables2" />
    <labelArc xlink:type="arc"
      xlink:arcrole="http://www.xbrl.org/2003/arcrole/concept-label"
      xlink:from="basic_CollectionReceivables2"
      xlink:to="basic_CollectionReceivables2_lbl" />
    <label xlink:type="resource"
      xlink:label="basic_CollectionReceivables2_lbl"
      xml:lang="en"
      xlink:role="http://www.xbrl.org/2003/role/label">Collection of Receivables 2</label>
    <label xlink:type="resource"
      xlink:label="basic_CollectionReceivables2_lbl"
      xml:lang="en"
      xlink:role="http://www.xbrl.org/2009/role/negatedLabel">Collection of Receivables 2</label>
    <loc xlink:type="locator"
      xlink:label="basic_CollectionReceivables"
      xlink:href="basic.xsd#basic_CollectionReceivables" />
    <labelArc xlink:type="arc"
      xlink:arcrole="http://www.xbrl.org/2003/arcrole/concept-label"
      xlink:from="basic_CollectionReceivables"
      xlink:to="basic_CollectionReceivables_lbl" />
    <label xlink:type="resource"
      xlink:label="basic_CollectionReceivables_lbl"
      xml:lang="en"
      xlink:role="http://www.xbrl.org/2003/role/label">Collection of Receivables</label>
    <label xlink:type="resource"
      xlink:label="basic_CollectionReceivables_lbl"
      xml:lang="en"
      xlink:role="http://www.xbrl.org/2009/role/negatedLabel">Collection of Receivables</label>
    <loc xlink:type="locator"
      xlink:label="basic_CostsOfSales2"
      xlink:href="basic.xsd#basic_CostsOfSales2" />
    <labelArc xlink:type="arc"
      xlink:arcrole="http://www.xbrl.org/2003/arcrole/concept-label"
      xlink:from="basic_CostsOfSales2" xlink:to="basic_CostsOfSales2_lbl" />
    <label xlink:type="resource"
      xlink:label="basic_CostsOfSales2_lbl"
      xml:lang="en"
      xlink:role="http://www.xbrl.org/2003/role/label">Costs of Sales 2</label>
    <label xlink:type="resource"
      xlink:label="basic_CostsOfSales2_lbl"
      xml:lang="en"
      xlink:role="http://www.xbrl.org/2009/role/negatedLabel">Costs of Sales 2</label>
    <loc xlink:type="locator"
      xlink:label="basic_CostsOfSales"
      xlink:href="basic.xsd#basic_CostsOfSales" />
    <labelArc xlink:type="arc"
      xlink:arcrole="http://www.xbrl.org/2003/arcrole/concept-label"
      xlink:from="basic_CostsOfSales" xlink:to="basic_CostsOfSales_lbl" />
    <label xlink:type="resource"
      xlink:label="basic_CostsOfSales_lbl" xml:lang="en"
      xlink:role="http://www.xbrl.org/2003/role/label">Costs of Sales</label>
    <label xlink:type="resource"
      xlink:label="basic_CostsOfSales_lbl" xml:lang="en"
      xlink:role="http://www.xbrl.org/2009/role/negatedLabel">Costs of Sales</label>
    <loc xlink:type="locator"
      xlink:label="basic_CurrentAssetsRollUp"
      xlink:href="basic.xsd#basic_CurrentAssetsRollUp" />
    <labelArc xlink:type="arc"
      xlink:arcrole="http://www.xbrl.org/2003/arcrole/concept-label"
      xlink:from="basic_CurrentAssetsRollUp"
      xlink:to="basic_CurrentAssetsRollUp_lbl" />
    <label xlink:type="resource"
      xlink:label="basic_CurrentAssetsRollUp_lbl"
      xml:lang="en"
      xlink:role="http://www.xbrl.org/2003/role/label">Current Assets [Roll Up]</label>
    <loc xlink:type="locator"
      xlink:label="basic_CurrentAssets"
      xlink:href="basic.xsd#basic_CurrentAssets" />
    <labelArc xlink:type="arc"
      xlink:arcrole="http://www.xbrl.org/2003/arcrole/concept-label"
      xlink:from="basic_CurrentAssets" xlink:to="basic_CurrentAssets_lbl" />
    <label xlink:type="resource"
      xlink:label="basic_CurrentAssets_lbl"
      xml:lang="en"
      xlink:role="http://www.xbrl.org/2003/role/label">Current Assets</label>
    <loc xlink:type="locator"
      xlink:label="basic_CurrentLiabilitiesRollUp"
      xlink:href="basic.xsd#basic_CurrentLiabilitiesRollUp" />
    <labelArc xlink:type="arc"
      xlink:arcrole="http://www.xbrl.org/2003/arcrole/concept-label"
      xlink:from="basic_CurrentLiabilitiesRollUp"
      xlink:to="basic_CurrentLiabilitiesRollUp_lbl" />
    <label xlink:type="resource"
      xlink:label="basic_CurrentLiabilitiesRollUp_lbl"
      xml:lang="en"
      xlink:role="http://www.xbrl.org/2003/role/label">Current Liabilities [Roll Up]</label>
    <loc xlink:type="locator"
      xlink:label="basic_CurrentLiabilities"
      xlink:href="basic.xsd#basic_CurrentLiabilities" />
    <labelArc xlink:type="arc"
      xlink:arcrole="http://www.xbrl.org/2003/arcrole/concept-label"
      xlink:from="basic_CurrentLiabilities"
      xlink:to="basic_CurrentLiabilities_lbl" />
    <label xlink:type="resource"
      xlink:label="basic_CurrentLiabilities_lbl"
      xml:lang="en"
      xlink:role="http://www.xbrl.org/2003/role/label">Current Liabilities</label>
    <loc xlink:type="locator"
      xlink:label="basic_DepreciationAndAmortization2"
      xlink:href="basic.xsd#basic_DepreciationAndAmortization2" />
    <labelArc xlink:type="arc"
      xlink:arcrole="http://www.xbrl.org/2003/arcrole/concept-label"
      xlink:from="basic_DepreciationAndAmortization2"
      xlink:to="basic_DepreciationAndAmortization2_lbl" />
    <label xlink:type="resource"
      xlink:label="basic_DepreciationAndAmortization2_lbl"
      xml:lang="en"
      xlink:role="http://www.xbrl.org/2003/role/label">Depreciation and Amortization 2</label>
    <label xlink:type="resource"
      xlink:label="basic_DepreciationAndAmortization2_lbl"
      xml:lang="en"
      xlink:role="http://www.xbrl.org/2009/role/negatedLabel">Depreciation and Amortization 2</label>
    <loc xlink:type="locator"
      xlink:label="basic_DepreciationAndAmortization"
      xlink:href="basic.xsd#basic_DepreciationAndAmortization" />
    <labelArc xlink:type="arc"
      xlink:arcrole="http://www.xbrl.org/2003/arcrole/concept-label"
      xlink:from="basic_DepreciationAndAmortization"
      xlink:to="basic_DepreciationAndAmortization_lbl" />
    <label xlink:type="resource"
      xlink:label="basic_DepreciationAndAmortization_lbl"
      xml:lang="en"
      xlink:role="http://www.xbrl.org/2003/role/label">Depreciation and Amortization</label>
    <label xlink:type="resource"
      xlink:label="basic_DepreciationAndAmortization_lbl"
      xml:lang="en"
      xlink:role="http://www.xbrl.org/2009/role/negatedLabel">Depreciation and Amortization</label>
    <loc xlink:type="locator"
      xlink:label="basic_EquityRollUp"
      xlink:href="basic.xsd#basic_EquityRollUp" />
    <labelArc xlink:type="arc"
      xlink:arcrole="http://www.xbrl.org/2003/arcrole/concept-label"
      xlink:from="basic_EquityRollUp" xlink:to="basic_EquityRollUp_lbl" />
    <label xlink:type="resource"
      xlink:label="basic_EquityRollUp_lbl" xml:lang="en"
      xlink:role="http://www.xbrl.org/2003/role/label">Equity [Roll Up]</label>
    <loc xlink:type="locator"
      xlink:label="basic_Equity"
      xlink:href="basic.xsd#basic_Equity" />
    <labelArc xlink:type="arc"
      xlink:arcrole="http://www.xbrl.org/2003/arcrole/concept-label"
      xlink:from="basic_Equity" xlink:to="basic_Equity_lbl" />
    <label xlink:type="resource"
      xlink:label="basic_Equity_lbl" xml:lang="en"
      xlink:role="http://www.xbrl.org/2003/role/label">Equity</label>
    <loc xlink:type="locator"
      xlink:label="basic_FinishedGoodsRollUp"
      xlink:href="basic.xsd#basic_FinishedGoodsRollUp" />
    <labelArc xlink:type="arc"
      xlink:arcrole="http://www.xbrl.org/2003/arcrole/concept-label"
      xlink:from="basic_FinishedGoodsRollUp"
      xlink:to="basic_FinishedGoodsRollUp_lbl" />
    <label xlink:type="resource"
      xlink:label="basic_FinishedGoodsRollUp_lbl"
      xml:lang="en"
      xlink:role="http://www.xbrl.org/2003/role/label">Finished Goods [Roll Up]</label>
    <loc xlink:type="locator"
      xlink:label="basic_FinishedGoods"
      xlink:href="basic.xsd#basic_FinishedGoods" />
    <labelArc xlink:type="arc"
      xlink:arcrole="http://www.xbrl.org/2003/arcrole/concept-label"
      xlink:from="basic_FinishedGoods" xlink:to="basic_FinishedGoods_lbl" />
    <label xlink:type="resource"
      xlink:label="basic_FinishedGoods_lbl"
      xml:lang="en"
      xlink:role="http://www.xbrl.org/2003/role/periodEndLabel">Inventories, Ending Balance</label>
    <label xlink:type="resource"
      xlink:label="basic_FinishedGoods_lbl"
      xml:lang="en"
      xlink:role="http://www.xbrl.org/2003/role/periodStartLabel">Inventories, Beginning Balance</label>
    <label xlink:type="resource"
      xlink:label="basic_FinishedGoods_lbl"
      xml:lang="en"
      xlink:role="http://www.xbrl.org/2003/role/label">Finished Goods</label>
    <loc xlink:type="locator"
      xlink:label="basic_GeneralLedgerTrialBalanceRollUp"
      xlink:href="basic.xsd#basic_GeneralLedgerTrialBalanceRollUp" />
    <labelArc xlink:type="arc"
      xlink:arcrole="http://www.xbrl.org/2003/arcrole/concept-label"
      xlink:from="basic_GeneralLedgerTrialBalanceRollUp"
      xlink:to="basic_GeneralLedgerTrialBalanceRollUp_lbl" />
    <label xlink:type="resource"
      xlink:label="basic_GeneralLedgerTrialBalanceRollUp_lbl"
      xml:lang="en"
      xlink:role="http://www.xbrl.org/2003/role/label">General Ledger Trial Balance [Roll Up]</label>
    <loc xlink:type="locator"
      xlink:label="basic_GeneralLedgerTrialBalance"
      xlink:href="basic.xsd#basic_GeneralLedgerTrialBalance" />
    <labelArc xlink:type="arc"
      xlink:arcrole="http://www.xbrl.org/2003/arcrole/concept-label"
      xlink:from="basic_GeneralLedgerTrialBalance"
      xlink:to="basic_GeneralLedgerTrialBalance_lbl" />
    <label xlink:type="resource"
      xlink:label="basic_GeneralLedgerTrialBalance_lbl"
      xml:lang="en"
      xlink:role="http://www.xbrl.org/2003/role/periodEndLabel">Cash and Cash Equivalents, Ending Balance</label>
    <label xlink:type="resource"
      xlink:label="basic_GeneralLedgerTrialBalance_lbl"
      xml:lang="en"
      xlink:role="http://www.xbrl.org/2003/role/periodStartLabel">Cash and Cash Equivalents, Beginning Balance</label>
    <label xlink:type="resource"
      xlink:label="basic_GeneralLedgerTrialBalance_lbl"
      xml:lang="en"
      xlink:role="http://www.xbrl.org/2003/role/label">General Ledger Trial Balance</label>
    <loc xlink:type="locator"
      xlink:label="basic_GrossProfitLoss"
      xlink:href="basic.xsd#basic_GrossProfitLoss" />
    <labelArc xlink:type="arc"
      xlink:arcrole="http://www.xbrl.org/2003/arcrole/concept-label"
      xlink:from="basic_GrossProfitLoss" xlink:to="basic_GrossProfitLoss_lbl" />
    <label xlink:type="resource"
      xlink:label="basic_GrossProfitLoss_lbl"
      xml:lang="en"
      xlink:role="http://www.xbrl.org/2003/role/label">Gross Profit (Loss)</label>
    <loc xlink:type="locator"
      xlink:label="basic_GrossProfitRollUp"
      xlink:href="basic.xsd#basic_GrossProfitRollUp" />
    <labelArc xlink:type="arc"
      xlink:arcrole="http://www.xbrl.org/2003/arcrole/concept-label"
      xlink:from="basic_GrossProfitRollUp" xlink:to="basic_GrossProfitRollUp_lbl" />
    <label xlink:type="resource"
      xlink:label="basic_GrossProfitRollUp_lbl"
      xml:lang="en"
      xlink:role="http://www.xbrl.org/2003/role/label">Gross Profit [Roll Up]</label>
    <loc xlink:type="locator"
      xlink:label="basic_InventoriesRollForward"
      xlink:href="basic.xsd#basic_InventoriesRollForward" />
    <labelArc xlink:type="arc"
      xlink:arcrole="http://www.xbrl.org/2003/arcrole/concept-label"
      xlink:from="basic_InventoriesRollForward"
      xlink:to="basic_InventoriesRollForward_lbl" />
    <label xlink:type="resource"
      xlink:label="basic_InventoriesRollForward_lbl"
      xml:lang="en"
      xlink:role="http://www.xbrl.org/2003/role/label">Inventories [Roll Forward]</label>
    <loc xlink:type="locator"
      xlink:label="basic_InventoriesRollUp"
      xlink:href="basic.xsd#basic_InventoriesRollUp" />
    <labelArc xlink:type="arc"
      xlink:arcrole="http://www.xbrl.org/2003/arcrole/concept-label"
      xlink:from="basic_InventoriesRollUp" xlink:to="basic_InventoriesRollUp_lbl" />
    <label xlink:type="resource"
      xlink:label="basic_InventoriesRollUp_lbl"
      xml:lang="en"
      xlink:role="http://www.xbrl.org/2003/role/label">Inventories [Roll Up]</label>
    <loc xlink:type="locator"
      xlink:label="basic_Inventories"
      xlink:href="basic.xsd#basic_Inventories" />
    <labelArc xlink:type="arc"
      xlink:arcrole="http://www.xbrl.org/2003/arcrole/concept-label"
      xlink:from="basic_Inventories" xlink:to="basic_Inventories_lbl" />
    <label xlink:type="resource"
      xlink:label="basic_Inventories_lbl" xml:lang="en"
      xlink:role="http://www.xbrl.org/2003/role/periodEndLabel">Inventories, Ending Balance</label>
    <label xlink:type="resource"
      xlink:label="basic_Inventories_lbl" xml:lang="en"
      xlink:role="http://www.xbrl.org/2003/role/periodStartLabel">Inventories, Beginning Balance</label>
    <label xlink:type="resource"
      xlink:label="basic_Inventories_lbl" xml:lang="en"
      xlink:role="http://www.xbrl.org/2003/role/label">Inventories</label>
    <loc xlink:type="locator"
      xlink:label="basic_InventoryWrittenOff"
      xlink:href="basic.xsd#basic_InventoryWrittenOff" />
    <labelArc xlink:type="arc"
      xlink:arcrole="http://www.xbrl.org/2003/arcrole/concept-label"
      xlink:from="basic_InventoryWrittenOff"
      xlink:to="basic_InventoryWrittenOff_lbl" />
    <label xlink:type="resource"
      xlink:label="basic_InventoryWrittenOff_lbl"
      xml:lang="en"
      xlink:role="http://www.xbrl.org/2003/role/label">Inventory Written Off</label>
    <label xlink:type="resource"
      xlink:label="basic_InventoryWrittenOff_lbl"
      xml:lang="en"
      xlink:role="http://www.xbrl.org/2009/role/negatedLabel">Inventory Written Off</label>
    <loc xlink:type="locator"
      xlink:label="basic_LiabilitiesAndEquityRollUp"
      xlink:href="basic.xsd#basic_LiabilitiesAndEquityRollUp" />
    <labelArc xlink:type="arc"
      xlink:arcrole="http://www.xbrl.org/2003/arcrole/concept-label"
      xlink:from="basic_LiabilitiesAndEquityRollUp"
      xlink:to="basic_LiabilitiesAndEquityRollUp_lbl" />
    <label xlink:type="resource"
      xlink:label="basic_LiabilitiesAndEquityRollUp_lbl"
      xml:lang="en"
      xlink:role="http://www.xbrl.org/2003/role/label">Liabilities and Equity [Roll Up]</label>
    <loc xlink:type="locator"
      xlink:label="basic_LiabilitiesAndEquity"
      xlink:href="basic.xsd#basic_LiabilitiesAndEquity" />
    <labelArc xlink:type="arc"
      xlink:arcrole="http://www.xbrl.org/2003/arcrole/concept-label"
      xlink:from="basic_LiabilitiesAndEquity"
      xlink:to="basic_LiabilitiesAndEquity_lbl" />
    <label xlink:type="resource"
      xlink:label="basic_LiabilitiesAndEquity_lbl"
      xml:lang="en"
      xlink:role="http://www.xbrl.org/2003/role/label">Liabilities and Equity</label>
    <loc xlink:type="locator"
      xlink:label="basic_LiabilitiesRollUp"
      xlink:href="basic.xsd#basic_LiabilitiesRollUp" />
    <labelArc xlink:type="arc"
      xlink:arcrole="http://www.xbrl.org/2003/arcrole/concept-label"
      xlink:from="basic_LiabilitiesRollUp" xlink:to="basic_LiabilitiesRollUp_lbl" />
    <label xlink:type="resource"
      xlink:label="basic_LiabilitiesRollUp_lbl"
      xml:lang="en"
      xlink:role="http://www.xbrl.org/2003/role/label">Liabilities [Roll Up]</label>
    <loc xlink:type="locator"
      xlink:label="basic_Liabilities"
      xlink:href="basic.xsd#basic_Liabilities" />
    <labelArc xlink:type="arc"
      xlink:arcrole="http://www.xbrl.org/2003/arcrole/concept-label"
      xlink:from="basic_Liabilities" xlink:to="basic_Liabilities_lbl" />
    <label xlink:type="resource"
      xlink:label="basic_Liabilities_lbl" xml:lang="en"
      xlink:role="http://www.xbrl.org/2003/role/label">Liabilities</label>
    <loc xlink:type="locator"
      xlink:label="basic_LongtermDebtRollForward"
      xlink:href="basic.xsd#basic_LongtermDebtRollForward" />
    <labelArc xlink:type="arc"
      xlink:arcrole="http://www.xbrl.org/2003/arcrole/concept-label"
      xlink:from="basic_LongtermDebtRollForward"
      xlink:to="basic_LongtermDebtRollForward_lbl" />
    <label xlink:type="resource"
      xlink:label="basic_LongtermDebtRollForward_lbl"
      xml:lang="en"
      xlink:role="http://www.xbrl.org/2003/role/label">Long-term Debt [Roll Forward]</label>
    <loc xlink:type="locator"
      xlink:label="basic_LongtermDebt"
      xlink:href="basic.xsd#basic_LongtermDebt" />
    <labelArc xlink:type="arc"
      xlink:arcrole="http://www.xbrl.org/2003/arcrole/concept-label"
      xlink:from="basic_LongtermDebt" xlink:to="basic_LongtermDebt_lbl" />
    <label xlink:type="resource"
      xlink:label="basic_LongtermDebt_lbl" xml:lang="en"
      xlink:role="http://www.xbrl.org/2003/role/periodEndLabel">Long-term Debt, Ending Balance</label>
    <label xlink:type="resource"
      xlink:label="basic_LongtermDebt_lbl" xml:lang="en"
      xlink:role="http://www.xbrl.org/2003/role/periodStartLabel">Long-term Debt, Beginning Balance</label>
    <label xlink:type="resource"
      xlink:label="basic_LongtermDebt_lbl" xml:lang="en"
      xlink:role="http://www.xbrl.org/2003/role/label">Long-term Debt</label>
    <label xlink:type="resource"
      xlink:label="basic_LongtermDebt_lbl" xml:lang="en"
      xlink:role="http://www.xbrl.org/2009/role/negatedLabel">Long-term Debt</label>
    <loc xlink:type="locator"
      xlink:label="basic_NetCashFlowFinancingActivitiesRollUp"
      xlink:href="basic.xsd#basic_NetCashFlowFinancingActivitiesRollUp" />
    <labelArc xlink:type="arc"
      xlink:arcrole="http://www.xbrl.org/2003/arcrole/concept-label"
      xlink:from="basic_NetCashFlowFinancingActivitiesRollUp"
      xlink:to="basic_NetCashFlowFinancingActivitiesRollUp_lbl" />
    <label xlink:type="resource"
      xlink:label="basic_NetCashFlowFinancingActivitiesRollUp_lbl"
      xml:lang="en"
      xlink:role="http://www.xbrl.org/2003/role/label">Net Cash Flow Financing Activities [Roll Up]</label>
    <loc xlink:type="locator"
      xlink:label="basic_NetCashFlowFinancingActivities"
      xlink:href="basic.xsd#basic_NetCashFlowFinancingActivities" />
    <labelArc xlink:type="arc"
      xlink:arcrole="http://www.xbrl.org/2003/arcrole/concept-label"
      xlink:from="basic_NetCashFlowFinancingActivities"
      xlink:to="basic_NetCashFlowFinancingActivities_lbl" />
    <label xlink:type="resource"
      xlink:label="basic_NetCashFlowFinancingActivities_lbl"
      xml:lang="en"
      xlink:role="http://www.xbrl.org/2003/role/label">Net Cash Flow Financing Activities</label>
    <loc xlink:type="locator"
      xlink:label="basic_NetCashFlowInvestingActivitiesRollUp"
      xlink:href="basic.xsd#basic_NetCashFlowInvestingActivitiesRollUp" />
    <labelArc xlink:type="arc"
      xlink:arcrole="http://www.xbrl.org/2003/arcrole/concept-label"
      xlink:from="basic_NetCashFlowInvestingActivitiesRollUp"
      xlink:to="basic_NetCashFlowInvestingActivitiesRollUp_lbl" />
    <label xlink:type="resource"
      xlink:label="basic_NetCashFlowInvestingActivitiesRollUp_lbl"
      xml:lang="en"
      xlink:role="http://www.xbrl.org/2003/role/label">Net Cash Flow Investing Activities [Roll Up]</label>
    <loc xlink:type="locator"
      xlink:label="basic_NetCashFlowInvestingActivities"
      xlink:href="basic.xsd#basic_NetCashFlowInvestingActivities" />
    <labelArc xlink:type="arc"
      xlink:arcrole="http://www.xbrl.org/2003/arcrole/concept-label"
      xlink:from="basic_NetCashFlowInvestingActivities"
      xlink:to="basic_NetCashFlowInvestingActivities_lbl" />
    <label xlink:type="resource"
      xlink:label="basic_NetCashFlowInvestingActivities_lbl"
      xml:lang="en"
      xlink:role="http://www.xbrl.org/2003/role/label">Net Cash Flow Investing Activities</label>
    <loc xlink:type="locator"
      xlink:label="basic_NetCashFlowOperatingActivitiesRollUp"
      xlink:href="basic.xsd#basic_NetCashFlowOperatingActivitiesRollUp" />
    <labelArc xlink:type="arc"
      xlink:arcrole="http://www.xbrl.org/2003/arcrole/concept-label"
      xlink:from="basic_NetCashFlowOperatingActivitiesRollUp"
      xlink:to="basic_NetCashFlowOperatingActivitiesRollUp_lbl" />
    <label xlink:type="resource"
      xlink:label="basic_NetCashFlowOperatingActivitiesRollUp_lbl"
      xml:lang="en"
      xlink:role="http://www.xbrl.org/2003/role/label">Net Cash Flow Operating Activities [Roll Up]</label>
    <loc xlink:type="locator"
      xlink:label="basic_NetCashFlowOperatingActivities"
      xlink:href="basic.xsd#basic_NetCashFlowOperatingActivities" />
    <labelArc xlink:type="arc"
      xlink:arcrole="http://www.xbrl.org/2003/arcrole/concept-label"
      xlink:from="basic_NetCashFlowOperatingActivities"
      xlink:to="basic_NetCashFlowOperatingActivities_lbl" />
    <label xlink:type="resource"
      xlink:label="basic_NetCashFlowOperatingActivities_lbl"
      xml:lang="en"
      xlink:role="http://www.xbrl.org/2003/role/label">Net Cash Flow Operating Activities</label>
    <loc xlink:type="locator"
      xlink:label="basic_NetCashFlowRollUp"
      xlink:href="basic.xsd#basic_NetCashFlowRollUp" />
    <labelArc xlink:type="arc"
      xlink:arcrole="http://www.xbrl.org/2003/arcrole/concept-label"
      xlink:from="basic_NetCashFlowRollUp" xlink:to="basic_NetCashFlowRollUp_lbl" />
    <label xlink:type="resource"
      xlink:label="basic_NetCashFlowRollUp_lbl"
      xml:lang="en"
      xlink:role="http://www.xbrl.org/2003/role/label">Net Cash Flow [Roll Up]</label>
    <loc xlink:type="locator"
      xlink:label="basic_NetCashFlow"
      xlink:href="basic.xsd#basic_NetCashFlow" />
    <labelArc xlink:type="arc"
      xlink:arcrole="http://www.xbrl.org/2003/arcrole/concept-label"
      xlink:from="basic_NetCashFlow" xlink:to="basic_NetCashFlow_lbl" />
    <label xlink:type="resource"
      xlink:label="basic_NetCashFlow_lbl" xml:lang="en"
      xlink:role="http://www.xbrl.org/2003/role/label">Net Cash Flow</label>
    <loc xlink:type="locator"
      xlink:label="basic_NetIncomeLossRollUp"
      xlink:href="basic.xsd#basic_NetIncomeLossRollUp" />
    <labelArc xlink:type="arc"
      xlink:arcrole="http://www.xbrl.org/2003/arcrole/concept-label"
      xlink:from="basic_NetIncomeLossRollUp"
      xlink:to="basic_NetIncomeLossRollUp_lbl" />
    <label xlink:type="resource"
      xlink:label="basic_NetIncomeLossRollUp_lbl"
      xml:lang="en"
      xlink:role="http://www.xbrl.org/2003/role/label">Net Income (Loss) [Roll Up]</label>
    <loc xlink:type="locator"
      xlink:label="basic_NetIncomeLoss"
      xlink:href="basic.xsd#basic_NetIncomeLoss" />
    <labelArc xlink:type="arc"
      xlink:arcrole="http://www.xbrl.org/2003/arcrole/concept-label"
      xlink:from="basic_NetIncomeLoss" xlink:to="basic_NetIncomeLoss_lbl" />
    <label xlink:type="resource"
      xlink:label="basic_NetIncomeLoss_lbl"
      xml:lang="en"
      xlink:role="http://www.xbrl.org/2003/role/label">Net Income (Loss)</label>
    <loc xlink:type="locator"
      xlink:label="basic_NoncurrentAssetsRollUp"
      xlink:href="basic.xsd#basic_NoncurrentAssetsRollUp" />
    <labelArc xlink:type="arc"
      xlink:arcrole="http://www.xbrl.org/2003/arcrole/concept-label"
      xlink:from="basic_NoncurrentAssetsRollUp"
      xlink:to="basic_NoncurrentAssetsRollUp_lbl" />
    <label xlink:type="resource"
      xlink:label="basic_NoncurrentAssetsRollUp_lbl"
      xml:lang="en"
      xlink:role="http://www.xbrl.org/2003/role/label">Noncurrent Assets [Roll Up]</label>
    <loc xlink:type="locator"
      xlink:label="basic_NoncurrentAssets"
      xlink:href="basic.xsd#basic_NoncurrentAssets" />
    <labelArc xlink:type="arc"
      xlink:arcrole="http://www.xbrl.org/2003/arcrole/concept-label"
      xlink:from="basic_NoncurrentAssets" xlink:to="basic_NoncurrentAssets_lbl" />
    <label xlink:type="resource"
      xlink:label="basic_NoncurrentAssets_lbl"
      xml:lang="en"
      xlink:role="http://www.xbrl.org/2003/role/label">Noncurrent Assets</label>
    <loc xlink:type="locator"
      xlink:label="basic_NoncurrentLiabilitiesRollUp"
      xlink:href="basic.xsd#basic_NoncurrentLiabilitiesRollUp" />
    <labelArc xlink:type="arc"
      xlink:arcrole="http://www.xbrl.org/2003/arcrole/concept-label"
      xlink:from="basic_NoncurrentLiabilitiesRollUp"
      xlink:to="basic_NoncurrentLiabilitiesRollUp_lbl" />
    <label xlink:type="resource"
      xlink:label="basic_NoncurrentLiabilitiesRollUp_lbl"
      xml:lang="en"
      xlink:role="http://www.xbrl.org/2003/role/label">Noncurrent Liabilities [Roll Up]</label>
    <loc xlink:type="locator"
      xlink:label="basic_NoncurrentLiabilities"
      xlink:href="basic.xsd#basic_NoncurrentLiabilities" />
    <labelArc xlink:type="arc"
      xlink:arcrole="http://www.xbrl.org/2003/arcrole/concept-label"
      xlink:from="basic_NoncurrentLiabilities"
      xlink:to="basic_NoncurrentLiabilities_lbl" />
    <label xlink:type="resource"
      xlink:label="basic_NoncurrentLiabilities_lbl"
      xml:lang="en"
      xlink:role="http://www.xbrl.org/2003/role/label">Noncurrent Liabilities</label>
    <loc xlink:type="locator"
      xlink:label="basic_PaymentOfAccountsPayable2"
      xlink:href="basic.xsd#basic_PaymentOfAccountsPayable2" />
    <labelArc xlink:type="arc"
      xlink:arcrole="http://www.xbrl.org/2003/arcrole/concept-label"
      xlink:from="basic_PaymentOfAccountsPayable2"
      xlink:to="basic_PaymentOfAccountsPayable2_lbl" />
    <label xlink:type="resource"
      xlink:label="basic_PaymentOfAccountsPayable2_lbl"
      xml:lang="en"
      xlink:role="http://www.xbrl.org/2003/role/label">Payment of Accounts Payable 2</label>
    <label xlink:type="resource"
      xlink:label="basic_PaymentOfAccountsPayable2_lbl"
      xml:lang="en"
      xlink:role="http://www.xbrl.org/2009/role/negatedLabel">Payment of Accounts Payable 2</label>
    <loc xlink:type="locator"
      xlink:label="basic_PaymentOfAccountsPayable"
      xlink:href="basic.xsd#basic_PaymentOfAccountsPayable" />
    <labelArc xlink:type="arc"
      xlink:arcrole="http://www.xbrl.org/2003/arcrole/concept-label"
      xlink:from="basic_PaymentOfAccountsPayable"
      xlink:to="basic_PaymentOfAccountsPayable_lbl" />
    <label xlink:type="resource"
      xlink:label="basic_PaymentOfAccountsPayable_lbl"
      xml:lang="en"
      xlink:role="http://www.xbrl.org/2003/role/label">Payment of Accounts Payable</label>
    <label xlink:type="resource"
      xlink:label="basic_PaymentOfAccountsPayable_lbl"
      xml:lang="en"
      xlink:role="http://www.xbrl.org/2009/role/negatedLabel">Payment of Accounts Payable</label>
    <loc xlink:type="locator"
      xlink:label="basic_ProductAlpha"
      xlink:href="basic.xsd#basic_ProductAlpha" />
    <labelArc xlink:type="arc"
      xlink:arcrole="http://www.xbrl.org/2003/arcrole/concept-label"
      xlink:from="basic_ProductAlpha" xlink:to="basic_ProductAlpha_lbl" />
    <label xlink:type="resource"
      xlink:label="basic_ProductAlpha_lbl" xml:lang="en"
      xlink:role="http://www.xbrl.org/2003/role/periodEndLabel">Inventories, Ending Balance</label>
    <label xlink:type="resource"
      xlink:label="basic_ProductAlpha_lbl" xml:lang="en"
      xlink:role="http://www.xbrl.org/2003/role/periodStartLabel">Inventories, Beginning Balance</label>
    <label xlink:type="resource"
      xlink:label="basic_ProductAlpha_lbl" xml:lang="en"
      xlink:role="http://www.xbrl.org/2003/role/label">Product Alpha</label>
    <loc xlink:type="locator"
      xlink:label="basic_ProductBravo"
      xlink:href="basic.xsd#basic_ProductBravo" />
    <labelArc xlink:type="arc"
      xlink:arcrole="http://www.xbrl.org/2003/arcrole/concept-label"
      xlink:from="basic_ProductBravo" xlink:to="basic_ProductBravo_lbl" />
    <label xlink:type="resource"
      xlink:label="basic_ProductBravo_lbl" xml:lang="en"
      xlink:role="http://www.xbrl.org/2003/role/periodEndLabel">Inventories, Ending Balance</label>
    <label xlink:type="resource"
      xlink:label="basic_ProductBravo_lbl" xml:lang="en"
      xlink:role="http://www.xbrl.org/2003/role/periodStartLabel">Inventories, Beginning Balance</label>
    <label xlink:type="resource"
      xlink:label="basic_ProductBravo_lbl" xml:lang="en"
      xlink:role="http://www.xbrl.org/2003/role/label">Product Bravo</label>
    <loc xlink:type="locator"
      xlink:label="basic_PropertyPlantAndEquipmentWrittenOff"
      xlink:href="basic.xsd#basic_PropertyPlantAndEquipmentWrittenOff" />
    <labelArc xlink:type="arc"
      xlink:arcrole="http://www.xbrl.org/2003/arcrole/concept-label"
      xlink:from="basic_PropertyPlantAndEquipmentWrittenOff"
      xlink:to="basic_PropertyPlantAndEquipmentWrittenOff_lbl" />
    <label xlink:type="resource"
      xlink:label="basic_PropertyPlantAndEquipmentWrittenOff_lbl"
      xml:lang="en"
      xlink:role="http://www.xbrl.org/2003/role/label">Property, Plant and Equipment Written Off</label>
    <label xlink:type="resource"
      xlink:label="basic_PropertyPlantAndEquipmentWrittenOff_lbl"
      xml:lang="en"
      xlink:role="http://www.xbrl.org/2009/role/negatedLabel">Property, Plant and Equipment Written Off</label>
    <loc xlink:type="locator"
      xlink:label="basic_PropertyPlantAndEquipment"
      xlink:href="basic.xsd#basic_PropertyPlantAndEquipment" />
    <labelArc xlink:type="arc"
      xlink:arcrole="http://www.xbrl.org/2003/arcrole/concept-label"
      xlink:from="basic_PropertyPlantAndEquipment"
      xlink:to="basic_PropertyPlantAndEquipment_lbl" />
    <label xlink:type="resource"
      xlink:label="basic_PropertyPlantAndEquipment_lbl"
      xml:lang="en"
      xlink:role="http://www.xbrl.org/2003/role/periodEndLabel">Property, Plant and Equipment, Ending Balance</label>
    <label xlink:type="resource"
      xlink:label="basic_PropertyPlantAndEquipment_lbl"
      xml:lang="en"
      xlink:role="http://www.xbrl.org/2003/role/periodStartLabel">Property, Plant and Equipment, Beginning Balance</label>
    <label xlink:type="resource"
      xlink:label="basic_PropertyPlantAndEquipment_lbl"
      xml:lang="en"
      xlink:role="http://www.xbrl.org/2003/role/label">Property, Plant and Equipment</label>
    <loc xlink:type="locator"
      xlink:label="basic_PropertyPlantEquipmentRollForward"
      xlink:href="basic.xsd#basic_PropertyPlantEquipmentRollForward" />
    <labelArc xlink:type="arc"
      xlink:arcrole="http://www.xbrl.org/2003/arcrole/concept-label"
      xlink:from="basic_PropertyPlantEquipmentRollForward"
      xlink:to="basic_PropertyPlantEquipmentRollForward_lbl" />
    <label xlink:type="resource"
      xlink:label="basic_PropertyPlantEquipmentRollForward_lbl"
      xml:lang="en"
      xlink:role="http://www.xbrl.org/2003/role/label">Property, Plant and Equipment [Roll Forward]</label>
    <loc xlink:type="locator"
      xlink:label="basic_PurchasesOfInventoryForSale2"
      xlink:href="basic.xsd#basic_PurchasesOfInventoryForSale2" />
    <labelArc xlink:type="arc"
      xlink:arcrole="http://www.xbrl.org/2003/arcrole/concept-label"
      xlink:from="basic_PurchasesOfInventoryForSale2"
      xlink:to="basic_PurchasesOfInventoryForSale2_lbl" />
    <label xlink:type="resource"
      xlink:label="basic_PurchasesOfInventoryForSale2_lbl"
      xml:lang="en"
      xlink:role="http://www.xbrl.org/2003/role/label">Purchases of Inventory for Sale 2</label>
    <loc xlink:type="locator"
      xlink:label="basic_PurchasesOfInventoryForSale"
      xlink:href="basic.xsd#basic_PurchasesOfInventoryForSale" />
    <labelArc xlink:type="arc"
      xlink:arcrole="http://www.xbrl.org/2003/arcrole/concept-label"
      xlink:from="basic_PurchasesOfInventoryForSale"
      xlink:to="basic_PurchasesOfInventoryForSale_lbl" />
    <label xlink:type="resource"
      xlink:label="basic_PurchasesOfInventoryForSale_lbl"
      xml:lang="en"
      xlink:role="http://www.xbrl.org/2003/role/label">Purchases of Inventory for Sale</label>
    <loc xlink:type="locator"
      xlink:label="basic_RawMaterial"
      xlink:href="basic.xsd#basic_RawMaterial" />
    <labelArc xlink:type="arc"
      xlink:arcrole="http://www.xbrl.org/2003/arcrole/concept-label"
      xlink:from="basic_RawMaterial" xlink:to="basic_RawMaterial_lbl" />
    <label xlink:type="resource"
      xlink:label="basic_RawMaterial_lbl" xml:lang="en"
      xlink:role="http://www.xbrl.org/2003/role/periodEndLabel">Inventories, Ending Balance</label>
    <label xlink:type="resource"
      xlink:label="basic_RawMaterial_lbl" xml:lang="en"
      xlink:role="http://www.xbrl.org/2003/role/periodStartLabel">Inventories, Beginning Balance</label>
    <label xlink:type="resource"
      xlink:label="basic_RawMaterial_lbl" xml:lang="en"
      xlink:role="http://www.xbrl.org/2003/role/label">Raw Material</label>
    <loc xlink:type="locator"
      xlink:label="basic_ReceivablesRollForward"
      xlink:href="basic.xsd#basic_ReceivablesRollForward" />
    <labelArc xlink:type="arc"
      xlink:arcrole="http://www.xbrl.org/2003/arcrole/concept-label"
      xlink:from="basic_ReceivablesRollForward"
      xlink:to="basic_ReceivablesRollForward_lbl" />
    <label xlink:type="resource"
      xlink:label="basic_ReceivablesRollForward_lbl"
      xml:lang="en"
      xlink:role="http://www.xbrl.org/2003/role/label">Receivables [Roll Forward]</label>
    <loc xlink:type="locator"
      xlink:label="basic_Receivables"
      xlink:href="basic.xsd#basic_Receivables" />
    <labelArc xlink:type="arc"
      xlink:arcrole="http://www.xbrl.org/2003/arcrole/concept-label"
      xlink:from="basic_Receivables" xlink:to="basic_Receivables_lbl" />
    <label xlink:type="resource"
      xlink:label="basic_Receivables_lbl" xml:lang="en"
      xlink:role="http://www.xbrl.org/2003/role/periodEndLabel">Receivables, Ending Balance</label>
    <label xlink:type="resource"
      xlink:label="basic_Receivables_lbl" xml:lang="en"
      xlink:role="http://www.xbrl.org/2003/role/periodStartLabel">Receivables, Beginning Balance</label>
    <label xlink:type="resource"
      xlink:label="basic_Receivables_lbl" xml:lang="en"
      xlink:role="http://www.xbrl.org/2003/role/label">Receivables</label>
    <loc xlink:type="locator"
      xlink:label="basic_RepaymentLongtermBorrowings2"
      xlink:href="basic.xsd#basic_RepaymentLongtermBorrowings2" />
    <labelArc xlink:type="arc"
      xlink:arcrole="http://www.xbrl.org/2003/arcrole/concept-label"
      xlink:from="basic_RepaymentLongtermBorrowings2"
      xlink:to="basic_RepaymentLongtermBorrowings2_lbl" />
    <label xlink:type="resource"
      xlink:label="basic_RepaymentLongtermBorrowings2_lbl"
      xml:lang="en"
      xlink:role="http://www.xbrl.org/2003/role/label">Repayment of Long-term Borrowings 2</label>
    <label xlink:type="resource"
      xlink:label="basic_RepaymentLongtermBorrowings2_lbl"
      xml:lang="en"
      xlink:role="http://www.xbrl.org/2009/role/negatedLabel">Repayment of Long-term Borrowings 2</label>
    <loc xlink:type="locator"
      xlink:label="basic_RepaymentLongtermBorrowings"
      xlink:href="basic.xsd#basic_RepaymentLongtermBorrowings" />
    <labelArc xlink:type="arc"
      xlink:arcrole="http://www.xbrl.org/2003/arcrole/concept-label"
      xlink:from="basic_RepaymentLongtermBorrowings"
      xlink:to="basic_RepaymentLongtermBorrowings_lbl" />
    <label xlink:type="resource"
      xlink:label="basic_RepaymentLongtermBorrowings_lbl"
      xml:lang="en"
      xlink:role="http://www.xbrl.org/2003/role/label">Repayment of Long-term Borrowings</label>
    <label xlink:type="resource"
      xlink:label="basic_RepaymentLongtermBorrowings_lbl"
      xml:lang="en"
      xlink:role="http://www.xbrl.org/2009/role/negatedLabel">Repayment of Long-term Borrowings</label>
    <loc xlink:type="locator"
      xlink:label="basic_RetainedEarningsRollForward"
      xlink:href="basic.xsd#basic_RetainedEarningsRollForward" />
    <labelArc xlink:type="arc"
      xlink:arcrole="http://www.xbrl.org/2003/arcrole/concept-label"
      xlink:from="basic_RetainedEarningsRollForward"
      xlink:to="basic_RetainedEarningsRollForward_lbl" />
    <label xlink:type="resource"
      xlink:label="basic_RetainedEarningsRollForward_lbl"
      xml:lang="en"
      xlink:role="http://www.xbrl.org/2003/role/label">Retained Earnings [Roll Forward]</label>
    <loc xlink:type="locator"
      xlink:label="basic_RetainedEarnings"
      xlink:href="basic.xsd#basic_RetainedEarnings" />
    <labelArc xlink:type="arc"
      xlink:arcrole="http://www.xbrl.org/2003/arcrole/concept-label"
      xlink:from="basic_RetainedEarnings" xlink:to="basic_RetainedEarnings_lbl" />
    <label xlink:type="resource"
      xlink:label="basic_RetainedEarnings_lbl"
      xml:lang="en"
      xlink:role="http://www.xbrl.org/2003/role/periodEndLabel">Retained Earnings, Ending Balance</label>
    <label xlink:type="resource"
      xlink:label="basic_RetainedEarnings_lbl"
      xml:lang="en"
      xlink:role="http://www.xbrl.org/2003/role/periodStartLabel">Retained Earnings, Beginning Balance</label>
    <label xlink:type="resource"
      xlink:label="basic_RetainedEarnings_lbl"
      xml:lang="en"
      xlink:role="http://www.xbrl.org/2003/role/label">Retained Earnings</label>
    <label xlink:type="resource"
      xlink:label="basic_RetainedEarnings_lbl"
      xml:lang="en"
      xlink:role="http://www.xbrl.org/2009/role/negatedLabel">Retained Earnings</label>
    <loc xlink:type="locator"
      xlink:label="basic_Sales2"
      xlink:href="basic.xsd#basic_Sales2" />
    <labelArc xlink:type="arc"
      xlink:arcrole="http://www.xbrl.org/2003/arcrole/concept-label"
      xlink:from="basic_Sales2" xlink:to="basic_Sales2_lbl" />
    <label xlink:type="resource"
      xlink:label="basic_Sales2_lbl" xml:lang="en"
      xlink:role="http://www.xbrl.org/2003/role/label">Sales 2</label>
    <loc xlink:type="locator"
      xlink:label="basic_Sales"
      xlink:href="basic.xsd#basic_Sales" />
    <labelArc xlink:type="arc"
      xlink:arcrole="http://www.xbrl.org/2003/arcrole/concept-label"
      xlink:from="basic_Sales" xlink:to="basic_Sales_lbl" />
    <label xlink:type="resource"
      xlink:label="basic_Sales_lbl" xml:lang="en"
      xlink:role="http://www.xbrl.org/2003/role/label">Sales</label>
    <loc xlink:type="locator"
      xlink:label="basic_WorkInProgress"
      xlink:href="basic.xsd#basic_WorkInProgress" />
    <labelArc xlink:type="arc"
      xlink:arcrole="http://www.xbrl.org/2003/arcrole/concept-label"
      xlink:from="basic_WorkInProgress" xlink:to="basic_WorkInProgress_lbl" />
    <label xlink:type="resource"
      xlink:label="basic_WorkInProgress_lbl"
      xml:lang="en"
      xlink:role="http://www.xbrl.org/2003/role/periodEndLabel">Inventories, Ending Balance</label>
    <label xlink:type="resource"
      xlink:label="basic_WorkInProgress_lbl"
      xml:lang="en"
      xlink:role="http://www.xbrl.org/2003/role/periodStartLabel">Inventories, Beginning Balance</label>
    <label xlink:type="resource"
      xlink:label="basic_WorkInProgress_lbl"
      xml:lang="en"
      xlink:role="http://www.xbrl.org/2003/role/label">Work in Progress</label>
  </labelLink>
</linkbase>