<?xml version="1.0" encoding="us-ascii"?>
<!--
Taxonomy Calculation Links linkbase based on XBRL standard Version 2.1.
Created by UBmatrix Taxonomy Designer 3.0.3.2436 (2009-06-02 13:18).  
Contact www.ubmatrix.com
Copyright (c) 2002-2018 UBmatrix inc., All Rights Reserved
Produced on 2018-09-24 08:24:34
-->
<linkbase
  xmlns="http://www.xbrl.org/2003/linkbase"
  xmlns:xsi="http://www.w3.org/2001/XMLSchema-instance"
  xmlns:xlink="http://www.w3.org/1999/xlink"
  xsi:schemaLocation="
    http://www.xbrl.org/2003/linkbase 
      http://www.xbrl.org/2003/xbrl-linkbase-2003-12-31.xsd
    ">
  <roleRef xlink:type="simple"
    xlink:href="basic.xsd#BalanceSheet"
    roleURI="http://www.xbrlsite.com/basic/role/BalanceSheet" />
  <roleRef xlink:type="simple"
    xlink:href="basic.xsd#IncomeStatement"
    roleURI="http://www.xbrlsite.com/basic/role/IncomeStatement" />
  <roleRef xlink:type="simple"
    xlink:href="basic.xsd#CashFlowStatement"
    roleURI="http://www.xbrlsite.com/basic/role/CashFlowStatement" />
  <roleRef xlink:type="simple"
    xlink:href="basic.xsd#InventoriesDetail"
    roleURI="http://www.xbrlsite.com/basic/role/InventoriesDetail" />
  <roleRef xlink:type="simple"
    xlink:href="basic.xsd#FinishedGoodsDetail"
    roleURI="http://www.xbrlsite.com/basic/role/FinishedGoodsDetail" />
  <roleRef xlink:type="simple"
    xlink:href="basic.xsd#GeneralLedgerTrialBalance"
    roleURI="http://www.xbrlsite.com/basic/role/GeneralLedgerTrialBalance" />
  <calculationLink xlink:type="extended"
    xlink:role="http://www.xbrlsite.com/basic/role/BalanceSheet">
    <loc xlink:type="locator"
      xlink:label="basic_Assets"
      xlink:href="basic.xsd#basic_Assets" />
    <loc xlink:type="locator"
      xlink:label="basic_CurrentAssets"
      xlink:href="basic.xsd#basic_CurrentAssets" />
    <calculationArc xlink:type="arc"
      xlink:arcrole="http://www.xbrl.org/2003/arcrole/summation-item"
      xlink:from="basic_Assets" xlink:to="basic_CurrentAssets"
      order="1"
      weight="1"
      use="optional" />
    <loc xlink:type="locator"
      xlink:label="basic_CashAndCashEquivalents"
      xlink:href="basic.xsd#basic_CashAndCashEquivalents" />
    <calculationArc xlink:type="arc"
      xlink:arcrole="http://www.xbrl.org/2003/arcrole/summation-item"
      xlink:from="basic_CurrentAssets" xlink:to="basic_CashAndCashEquivalents"
      order="1"
      weight="1"
      use="optional" />
    <loc xlink:type="locator"
      xlink:label="basic_Receivables"
      xlink:href="basic.xsd#basic_Receivables" />
    <calculationArc xlink:type="arc"
      xlink:arcrole="http://www.xbrl.org/2003/arcrole/summation-item"
      xlink:from="basic_CurrentAssets" xlink:to="basic_Receivables"
      order="2"
      weight="1"
      use="optional" />
    <loc xlink:type="locator"
      xlink:label="basic_Inventories"
      xlink:href="basic.xsd#basic_Inventories" />
    <calculationArc xlink:type="arc"
      xlink:arcrole="http://www.xbrl.org/2003/arcrole/summation-item"
      xlink:from="basic_CurrentAssets" xlink:to="basic_Inventories"
      order="3"
      weight="1"
      use="optional" />
    <loc xlink:type="locator"
      xlink:label="basic_NoncurrentAssets"
      xlink:href="basic.xsd#basic_NoncurrentAssets" />
    <calculationArc xlink:type="arc"
      xlink:arcrole="http://www.xbrl.org/2003/arcrole/summation-item"
      xlink:from="basic_Assets" xlink:to="basic_NoncurrentAssets"
      order="2"
      weight="1"
      use="optional" />
    <loc xlink:type="locator"
      xlink:label="basic_PropertyPlantAndEquipment"
      xlink:href="basic.xsd#basic_PropertyPlantAndEquipment" />
    <calculationArc xlink:type="arc"
      xlink:arcrole="http://www.xbrl.org/2003/arcrole/summation-item"
      xlink:from="basic_NoncurrentAssets" xlink:to="basic_PropertyPlantAndEquipment"
      order="1"
      weight="1"
      use="optional" />
    <loc xlink:type="locator"
      xlink:label="basic_LiabilitiesAndEquity"
      xlink:href="basic.xsd#basic_LiabilitiesAndEquity" />
    <loc xlink:type="locator"
      xlink:label="basic_Liabilities"
      xlink:href="basic.xsd#basic_Liabilities" />
    <calculationArc xlink:type="arc"
      xlink:arcrole="http://www.xbrl.org/2003/arcrole/summation-item"
      xlink:from="basic_LiabilitiesAndEquity"
      xlink:to="basic_Liabilities"
      order="1"
      weight="1"
      use="optional" />
    <loc xlink:type="locator"
      xlink:label="basic_CurrentLiabilities"
      xlink:href="basic.xsd#basic_CurrentLiabilities" />
    <calculationArc xlink:type="arc"
      xlink:arcrole="http://www.xbrl.org/2003/arcrole/summation-item"
      xlink:from="basic_Liabilities" xlink:to="basic_CurrentLiabilities"
      order="1"
      weight="1"
      use="optional" />
    <loc xlink:type="locator"
      xlink:label="basic_AccountsPayable"
      xlink:href="basic.xsd#basic_AccountsPayable" />
    <calculationArc xlink:type="arc"
      xlink:arcrole="http://www.xbrl.org/2003/arcrole/summation-item"
      xlink:from="basic_CurrentLiabilities"
      xlink:to="basic_AccountsPayable"
      order="1"
      weight="1"
      use="optional" />
    <loc xlink:type="locator"
      xlink:label="basic_NoncurrentLiabilities"
      xlink:href="basic.xsd#basic_NoncurrentLiabilities" />
    <calculationArc xlink:type="arc"
      xlink:arcrole="http://www.xbrl.org/2003/arcrole/summation-item"
      xlink:from="basic_Liabilities" xlink:to="basic_NoncurrentLiabilities"
      order="2"
      weight="1"
      use="optional" />
    <loc xlink:type="locator"
      xlink:label="basic_LongtermDebt"
      xlink:href="basic.xsd#basic_LongtermDebt" />
    <calculationArc xlink:type="arc"
      xlink:arcrole="http://www.xbrl.org/2003/arcrole/summation-item"
      xlink:from="basic_NoncurrentLiabilities"
      xlink:to="basic_LongtermDebt"
      order="1"
      weight="1"
      use="optional" />
    <loc xlink:type="locator"
      xlink:label="basic_Equity"
      xlink:href="basic.xsd#basic_Equity" />
    <calculationArc xlink:type="arc"
      xlink:arcrole="http://www.xbrl.org/2003/arcrole/summation-item"
      xlink:from="basic_LiabilitiesAndEquity"
      xlink:to="basic_Equity"
      order="2"
      weight="1"
      use="optional" />
    <loc xlink:type="locator"
      xlink:label="basic_RetainedEarnings"
      xlink:href="basic.xsd#basic_RetainedEarnings" />
    <calculationArc xlink:type="arc"
      xlink:arcrole="http://www.xbrl.org/2003/arcrole/summation-item"
      xlink:from="basic_Equity" xlink:to="basic_RetainedEarnings"
      order="1"
      weight="1"
      use="optional" />
  </calculationLink>
  <calculationLink xlink:type="extended"
    xlink:role="http://www.xbrlsite.com/basic/role/IncomeStatement">
    <loc xlink:type="locator"
      xlink:label="basic_NetIncomeLoss"
      xlink:href="basic.xsd#basic_NetIncomeLoss" />
    <loc xlink:type="locator"
      xlink:label="basic_GrossProfitLoss"
      xlink:href="basic.xsd#basic_GrossProfitLoss" />
    <calculationArc xlink:type="arc"
      xlink:arcrole="http://www.xbrl.org/2003/arcrole/summation-item"
      xlink:from="basic_NetIncomeLoss" xlink:to="basic_GrossProfitLoss"
      order="1"
      weight="1"
      use="optional" />
    <loc xlink:type="locator"
      xlink:label="basic_Sales"
      xlink:href="basic.xsd#basic_Sales" />
    <calculationArc xlink:type="arc"
      xlink:arcrole="http://www.xbrl.org/2003/arcrole/summation-item"
      xlink:from="basic_GrossProfitLoss" xlink:to="basic_Sales"
      order="1"
      weight="1"
      use="optional" />
    <loc xlink:type="locator"
      xlink:label="basic_CostsOfSales"
      xlink:href="basic.xsd#basic_CostsOfSales" />
    <calculationArc xlink:type="arc"
      xlink:arcrole="http://www.xbrl.org/2003/arcrole/summation-item"
      xlink:from="basic_GrossProfitLoss" xlink:to="basic_CostsOfSales"
      order="2"
      weight="-1"
      use="optional" />
    <loc xlink:type="locator"
      xlink:label="basic_DepreciationAndAmortization"
      xlink:href="basic.xsd#basic_DepreciationAndAmortization" />
    <calculationArc xlink:type="arc"
      xlink:arcrole="http://www.xbrl.org/2003/arcrole/summation-item"
      xlink:from="basic_NetIncomeLoss" xlink:to="basic_DepreciationAndAmortization"
      order="2"
      weight="-1"
      use="optional" />
  </calculationLink>
  <calculationLink xlink:type="extended"
    xlink:role="http://www.xbrlsite.com/basic/role/CashFlowStatement">
    <loc xlink:type="locator"
      xlink:label="basic_NetCashFlow"
      xlink:href="basic.xsd#basic_NetCashFlow" />
    <loc xlink:type="locator"
      xlink:label="basic_NetCashFlowOperatingActivities"
      xlink:href="basic.xsd#basic_NetCashFlowOperatingActivities" />
    <calculationArc xlink:type="arc"
      xlink:arcrole="http://www.xbrl.org/2003/arcrole/summation-item"
      xlink:from="basic_NetCashFlow" xlink:to="basic_NetCashFlowOperatingActivities"
      order="1"
      weight="1"
      use="optional" />
    <loc xlink:type="locator"
      xlink:label="basic_CollectionReceivables"
      xlink:href="basic.xsd#basic_CollectionReceivables" />
    <calculationArc xlink:type="arc"
      xlink:arcrole="http://www.xbrl.org/2003/arcrole/summation-item"
      xlink:from="basic_NetCashFlowOperatingActivities"
      xlink:to="basic_CollectionReceivables"
      order="1"
      weight="1"
      use="optional" />
    <loc xlink:type="locator"
      xlink:label="basic_PaymentOfAccountsPayable"
      xlink:href="basic.xsd#basic_PaymentOfAccountsPayable" />
    <calculationArc xlink:type="arc"
      xlink:arcrole="http://www.xbrl.org/2003/arcrole/summation-item"
      xlink:from="basic_NetCashFlowOperatingActivities"
      xlink:to="basic_PaymentOfAccountsPayable"
      order="2"
      weight="-1"
      use="optional" />
    <loc xlink:type="locator"
      xlink:label="basic_NetCashFlowFinancingActivities"
      xlink:href="basic.xsd#basic_NetCashFlowFinancingActivities" />
    <calculationArc xlink:type="arc"
      xlink:arcrole="http://www.xbrl.org/2003/arcrole/summation-item"
      xlink:from="basic_NetCashFlow" xlink:to="basic_NetCashFlowFinancingActivities"
      order="2"
      weight="1"
      use="optional" />
    <loc xlink:type="locator"
      xlink:label="basic_AdditionalLongtermBorrowings2"
      xlink:href="basic.xsd#basic_AdditionalLongtermBorrowings2" />
    <calculationArc xlink:type="arc"
      xlink:arcrole="http://www.xbrl.org/2003/arcrole/summation-item"
      xlink:from="basic_NetCashFlowFinancingActivities"
      xlink:to="basic_AdditionalLongtermBorrowings2"
      order="1"
      weight="1"
      use="optional" />
    <loc xlink:type="locator"
      xlink:label="basic_RepaymentLongtermBorrowings2"
      xlink:href="basic.xsd#basic_RepaymentLongtermBorrowings2" />
    <calculationArc xlink:type="arc"
      xlink:arcrole="http://www.xbrl.org/2003/arcrole/summation-item"
      xlink:from="basic_NetCashFlowFinancingActivities"
      xlink:to="basic_RepaymentLongtermBorrowings2"
      order="2"
      weight="-1"
      use="optional" />
    <loc xlink:type="locator"
      xlink:label="basic_NetCashFlowInvestingActivities"
      xlink:href="basic.xsd#basic_NetCashFlowInvestingActivities" />
    <calculationArc xlink:type="arc"
      xlink:arcrole="http://www.xbrl.org/2003/arcrole/summation-item"
      xlink:from="basic_NetCashFlow" xlink:to="basic_NetCashFlowInvestingActivities"
      order="3"
      weight="1"
      use="optional" />
    <loc xlink:type="locator"
      xlink:label="basic_CapitalAdditionsPropertyPlantAndEquipment2"
      xlink:href="basic.xsd#basic_CapitalAdditionsPropertyPlantAndEquipment2" />
    <calculationArc xlink:type="arc"
      xlink:arcrole="http://www.xbrl.org/2003/arcrole/summation-item"
      xlink:from="basic_NetCashFlowInvestingActivities"
      xlink:to="basic_CapitalAdditionsPropertyPlantAndEquipment2"
      order="1"
      weight="-1"
      use="optional" />
  </calculationLink>
  <calculationLink xlink:type="extended"
    xlink:role="http://www.xbrlsite.com/basic/role/InventoriesDetail">
    <loc xlink:type="locator"
      xlink:label="basic_Inventories"
      xlink:href="basic.xsd#basic_Inventories" />
    <loc xlink:type="locator"
      xlink:label="basic_FinishedGoods"
      xlink:href="basic.xsd#basic_FinishedGoods" />
    <calculationArc xlink:type="arc"
      xlink:arcrole="http://www.xbrl.org/2003/arcrole/summation-item"
      xlink:from="basic_Inventories" xlink:to="basic_FinishedGoods"
      order="1"
      weight="1"
      use="optional" />
    <loc xlink:type="locator"
      xlink:label="basic_WorkInProgress"
      xlink:href="basic.xsd#basic_WorkInProgress" />
    <calculationArc xlink:type="arc"
      xlink:arcrole="http://www.xbrl.org/2003/arcrole/summation-item"
      xlink:from="basic_Inventories" xlink:to="basic_WorkInProgress"
      order="2"
      weight="1"
      use="optional" />
    <loc xlink:type="locator"
      xlink:label="basic_RawMaterial"
      xlink:href="basic.xsd#basic_RawMaterial" />
    <calculationArc xlink:type="arc"
      xlink:arcrole="http://www.xbrl.org/2003/arcrole/summation-item"
      xlink:from="basic_Inventories" xlink:to="basic_RawMaterial"
      order="3"
      weight="1"
      use="optional" />
  </calculationLink>
  <calculationLink xlink:type="extended"
    xlink:role="http://www.xbrlsite.com/basic/role/FinishedGoodsDetail">
    <loc xlink:type="locator"
      xlink:label="basic_FinishedGoods"
      xlink:href="basic.xsd#basic_FinishedGoods" />
    <loc xlink:type="locator"
      xlink:label="basic_ProductAlpha"
      xlink:href="basic.xsd#basic_ProductAlpha" />
    <calculationArc xlink:type="arc"
      xlink:arcrole="http://www.xbrl.org/2003/arcrole/summation-item"
      xlink:from="basic_FinishedGoods" xlink:to="basic_ProductAlpha"
      order="1"
      weight="1"
      use="optional" />
    <loc xlink:type="locator"
      xlink:label="basic_ProductBravo"
      xlink:href="basic.xsd#basic_ProductBravo" />
    <calculationArc xlink:type="arc"
      xlink:arcrole="http://www.xbrl.org/2003/arcrole/summation-item"
      xlink:from="basic_FinishedGoods" xlink:to="basic_ProductBravo"
      order="2"
      weight="1"
      use="optional" />
  </calculationLink>
  <calculationLink xlink:type="extended"
    xlink:role="http://www.xbrlsite.com/basic/role/GeneralLedgerTrialBalance">
    <loc xlink:type="locator"
      xlink:label="basic_GeneralLedgerTrialBalance"
      xlink:href="basic.xsd#basic_GeneralLedgerTrialBalance" />
    <loc xlink:type="locator"
      xlink:label="basic_CashAndCashEquivalents"
      xlink:href="basic.xsd#basic_CashAndCashEquivalents" />
    <calculationArc xlink:type="arc"
      xlink:arcrole="http://www.xbrl.org/2003/arcrole/summation-item"
      xlink:from="basic_GeneralLedgerTrialBalance"
      xlink:to="basic_CashAndCashEquivalents"
      order="1"
      weight="1"
      use="optional" />
    <loc xlink:type="locator"
      xlink:label="basic_Receivables"
      xlink:href="basic.xsd#basic_Receivables" />
    <calculationArc xlink:type="arc"
      xlink:arcrole="http://www.xbrl.org/2003/arcrole/summation-item"
      xlink:from="basic_GeneralLedgerTrialBalance"
      xlink:to="basic_Receivables"
      order="2"
      weight="1"
      use="optional" />
    <loc xlink:type="locator"
      xlink:label="basic_Inventories"
      xlink:href="basic.xsd#basic_Inventories" />
    <calculationArc xlink:type="arc"
      xlink:arcrole="http://www.xbrl.org/2003/arcrole/summation-item"
      xlink:from="basic_GeneralLedgerTrialBalance"
      xlink:to="basic_Inventories"
      order="3"
      weight="1"
      use="optional" />
    <loc xlink:type="locator"
      xlink:label="basic_PropertyPlantAndEquipment"
      xlink:href="basic.xsd#basic_PropertyPlantAndEquipment" />
    <calculationArc xlink:type="arc"
      xlink:arcrole="http://www.xbrl.org/2003/arcrole/summation-item"
      xlink:from="basic_GeneralLedgerTrialBalance"
      xlink:to="basic_PropertyPlantAndEquipment"
      order="4"
      weight="1"
      use="optional" />
    <loc xlink:type="locator"
      xlink:label="basic_AccountsPayable"
      xlink:href="basic.xsd#basic_AccountsPayable" />
    <calculationArc xlink:type="arc"
      xlink:arcrole="http://www.xbrl.org/2003/arcrole/summation-item"
      xlink:from="basic_GeneralLedgerTrialBalance"
      xlink:to="basic_AccountsPayable"
      order="5"
      weight="-1"
      use="optional" />
    <loc xlink:type="locator"
      xlink:label="basic_LongtermDebt"
      xlink:href="basic.xsd#basic_LongtermDebt" />
    <calculationArc xlink:type="arc"
      xlink:arcrole="http://www.xbrl.org/2003/arcrole/summation-item"
      xlink:from="basic_GeneralLedgerTrialBalance"
      xlink:to="basic_LongtermDebt"
      order="6"
      weight="-1"
      use="optional" />
    <loc xlink:type="locator"
      xlink:label="basic_RetainedEarnings"
      xlink:href="basic.xsd#basic_RetainedEarnings" />
    <calculationArc xlink:type="arc"
      xlink:arcrole="http://www.xbrl.org/2003/arcrole/summation-item"
      xlink:from="basic_GeneralLedgerTrialBalance"
      xlink:to="basic_RetainedEarnings"
      order="7"
      weight="-1"
      use="optional" />
  </calculationLink>
</linkbase>