<?xml version="1.0" encoding="utf-8"?>
<!-- Created by Charles Hoffman, CPA: 2013-05-15 -->
<xbrl xmlns="http://www.xbrl.org/2003/instance" 
      xmlns:xbrli="http://www.xbrl.org/2003/instance"
      xmlns:link="http://www.xbrl.org/2003/linkbase" 
      xmlns:xlink="http://www.w3.org/1999/xlink" 
      xmlns:xsi="http://www.w3.org/2001/XMLSchema-instance" 
      xmlns:xbrldi="http://xbrl.org/2006/xbrldi" 
       
      xmlns:frm="http://xbrlsite.azurewebsites.net/DigitalFinancialReporting/Schemas/frm"
      xmlns:pattern="http://xbrlsite.azurewebsites.net/DigitalFinancialReporting/BusinessUseCases/Grid" 
      xmlns:iso4217="http://www.xbrl.org/2003/iso4217" 
      xsi:schemaLocation="http://xbrl.org/2006/xbrldi http://www.xbrl.org/2006/xbrldi-2006.xsd">

   <link:schemaRef xlink:type="simple" xlink:href="Grid.xsd" />
  	<link:linkbaseRef xlink:type='simple' xlink:href='Grid-formula.xml' xlink:arcrole='http://www.w3.org/1999/xlink/properties/linkbase'/>

   <context id="I-2009">
      <entity>
         <identifier scheme="http://www.SampleCompany.com">SAMP</identifier>
         <segment>
            <xbrldi:explicitMember dimension="frm:LegalEntityAxis">frm:ConsolidatedEntityMember</xbrldi:explicitMember>
            <xbrldi:explicitMember dimension="pattern:EquityComponentAxis">pattern:EquityMember</xbrldi:explicitMember>
         </segment>
      </entity>
      <period>
         <instant>2009-12-31</instant>
      </period>
   </context>
   <context id="D-2010">
      <entity>
         <identifier scheme="http://www.SampleCompany.com">SAMP</identifier>
         <segment>
            <xbrldi:explicitMember dimension="frm:LegalEntityAxis">frm:ConsolidatedEntityMember</xbrldi:explicitMember>
            <xbrldi:explicitMember dimension="pattern:EquityComponentAxis">pattern:EquityMember</xbrldi:explicitMember>
         </segment>
      </entity>
      <period>
         <startDate>2010-01-01</startDate>
         <endDate>2010-12-31</endDate>
      </period>
   </context>
   <context id="I-2010">
      <entity>
         <identifier scheme="http://www.SampleCompany.com">SAMP</identifier>
         <segment>
            <xbrldi:explicitMember dimension="frm:LegalEntityAxis">frm:ConsolidatedEntityMember</xbrldi:explicitMember>
            <xbrldi:explicitMember dimension="pattern:EquityComponentAxis">pattern:EquityMember</xbrldi:explicitMember>
         </segment>
      </entity>
      <period>
         <instant>2010-12-31</instant>
      </period>
   </context>

   <context id="I-2009-CS">
      <entity>
         <identifier scheme="http://www.SampleCompany.com">SAMP</identifier>
         <segment>
            <xbrldi:explicitMember dimension="frm:LegalEntityAxis">frm:ConsolidatedEntityMember</xbrldi:explicitMember>
            <xbrldi:explicitMember dimension="pattern:EquityComponentAxis">pattern:CommonStockMember</xbrldi:explicitMember>
         </segment>
      </entity>
      <period>
         <instant>2009-12-31</instant>
      </period>
   </context>
   <context id="D-2010-CS">
      <entity>
         <identifier scheme="http://www.SampleCompany.com">SAMP</identifier>
         <segment>
            <xbrldi:explicitMember dimension="frm:LegalEntityAxis">frm:ConsolidatedEntityMember</xbrldi:explicitMember>
            <xbrldi:explicitMember dimension="pattern:EquityComponentAxis">pattern:CommonStockMember</xbrldi:explicitMember>
         </segment>
      </entity>
      <period>
         <startDate>2010-01-01</startDate>
         <endDate>2010-12-31</endDate>
      </period>
   </context>
   <context id="I-2010-CS">
      <entity>
         <identifier scheme="http://www.SampleCompany.com">SAMP</identifier>
         <segment>
            <xbrldi:explicitMember dimension="frm:LegalEntityAxis">frm:ConsolidatedEntityMember</xbrldi:explicitMember>
            <xbrldi:explicitMember dimension="pattern:EquityComponentAxis">pattern:CommonStockMember</xbrldi:explicitMember>
         </segment>
      </entity>
      <period>
         <instant>2010-12-31</instant>
      </period>
   </context>

   <context id="I-2009-AP">
      <entity>
         <identifier scheme="http://www.SampleCompany.com">SAMP</identifier>
         <segment>
            <xbrldi:explicitMember dimension="frm:LegalEntityAxis">frm:ConsolidatedEntityMember</xbrldi:explicitMember>
            <xbrldi:explicitMember dimension="pattern:EquityComponentAxis">pattern:AdditionalPaidInCapitalMember</xbrldi:explicitMember>
         </segment>
      </entity>
      <period>
         <instant>2009-12-31</instant>
      </period>
   </context>
   <context id="D-2010-AP">
      <entity>
         <identifier scheme="http://www.SampleCompany.com">SAMP</identifier>
         <segment>
            <xbrldi:explicitMember dimension="frm:LegalEntityAxis">frm:ConsolidatedEntityMember</xbrldi:explicitMember>
            <xbrldi:explicitMember dimension="pattern:EquityComponentAxis">pattern:AdditionalPaidInCapitalMember</xbrldi:explicitMember>
         </segment>
      </entity>
      <period>
         <startDate>2010-01-01</startDate>
         <endDate>2010-12-31</endDate>
      </period>
   </context>
   <context id="I-2010-AP">
      <entity>
         <identifier scheme="http://www.SampleCompany.com">SAMP</identifier>
         <segment>
            <xbrldi:explicitMember dimension="frm:LegalEntityAxis">frm:ConsolidatedEntityMember</xbrldi:explicitMember>
            <xbrldi:explicitMember dimension="pattern:EquityComponentAxis">pattern:AdditionalPaidInCapitalMember</xbrldi:explicitMember>
         </segment>
      </entity>
      <period>
         <instant>2010-12-31</instant>
      </period>
   </context>



   <context id="I-2009-RE">
      <entity>
         <identifier scheme="http://www.SampleCompany.com">SAMP</identifier>
         <segment>
            <xbrldi:explicitMember dimension="frm:LegalEntityAxis">frm:ConsolidatedEntityMember</xbrldi:explicitMember>
            <xbrldi:explicitMember dimension="pattern:EquityComponentAxis">pattern:RetainedEarningsAccumulatedDeficitMember</xbrldi:explicitMember>
         </segment>
      </entity>
      <period>
         <instant>2009-12-31</instant>
      </period>
   </context>
   <context id="D-2010-RE">
      <entity>
         <identifier scheme="http://www.SampleCompany.com">SAMP</identifier>
         <segment>
            <xbrldi:explicitMember dimension="frm:LegalEntityAxis">frm:ConsolidatedEntityMember</xbrldi:explicitMember>
            <xbrldi:explicitMember dimension="pattern:EquityComponentAxis">pattern:RetainedEarningsAccumulatedDeficitMember</xbrldi:explicitMember>
         </segment>
      </entity>
      <period>
         <startDate>2010-01-01</startDate>
         <endDate>2010-12-31</endDate>
      </period>
   </context>
   <context id="I-2010-RE">
      <entity>
         <identifier scheme="http://www.SampleCompany.com">SAMP</identifier>
         <segment>
            <xbrldi:explicitMember dimension="frm:LegalEntityAxis">frm:ConsolidatedEntityMember</xbrldi:explicitMember>
            <xbrldi:explicitMember dimension="pattern:EquityComponentAxis">pattern:RetainedEarningsAccumulatedDeficitMember</xbrldi:explicitMember>
         </segment>
      </entity>
      <period>
         <instant>2010-12-31</instant>
      </period>
   </context>

   <unit id="U-Monetary">
      <measure>iso4217:USD</measure>
   </unit>

   <pattern:Equity contextRef="I-2009" unitRef="U-Monetary" decimals="INF">400000</pattern:Equity>

   <pattern:NetIncomeLoss contextRef="D-2010" unitRef="U-Monetary" decimals="INF">200000</pattern:NetIncomeLoss>
   <pattern:Dividends contextRef="D-2010" unitRef="U-Monetary" decimals="INF">100000</pattern:Dividends>
   <pattern:CommonStockIssued contextRef="D-2010" unitRef="U-Monetary" decimals="INF">50000</pattern:CommonStockIssued>

   <pattern:Equity contextRef="I-2010" unitRef="U-Monetary" decimals="INF">550000</pattern:Equity>




   <pattern:Equity contextRef="I-2009-CS" unitRef="U-Monetary" decimals="INF">150000</pattern:Equity>

   <pattern:CommonStockIssued contextRef="D-2010-CS" unitRef="U-Monetary" decimals="INF">25000</pattern:CommonStockIssued>

   <pattern:Equity contextRef="I-2010-CS" unitRef="U-Monetary" decimals="INF">175000</pattern:Equity>




   <pattern:Equity contextRef="I-2009-AP" unitRef="U-Monetary" decimals="INF">50000</pattern:Equity>

   <pattern:CommonStockIssued contextRef="D-2010-AP" unitRef="U-Monetary" decimals="INF">25000</pattern:CommonStockIssued>

   <pattern:Equity contextRef="I-2010-AP" unitRef="U-Monetary" decimals="INF">75000</pattern:Equity>



   <pattern:Equity contextRef="I-2009-RE" unitRef="U-Monetary" decimals="INF">200000</pattern:Equity>

   <pattern:NetIncomeLoss contextRef="D-2010-RE" unitRef="U-Monetary" decimals="INF">200000</pattern:NetIncomeLoss>
   <pattern:Dividends contextRef="D-2010-RE" unitRef="U-Monetary" decimals="INF">100000</pattern:Dividends>

   <pattern:Equity contextRef="I-2010-RE" unitRef="U-Monetary" decimals="INF">300000</pattern:Equity>

</xbrl>
