<?xml version="1.0" encoding="UTF-8" standalone="no" ?><?xml-stylesheet type="text/xsl" href="file:/C:/Programs/XPE40/resources/System/XbrlFormula2008Trace-toHtml.xsl"?><formulaTrace type="Full Report" version="4.0.0.2125" date="Tue May 09 15:23:19 PDT 2017" baseURI="C:/Users/Charlie/Documents/CurrentVersions/DigitalFinancialReporting/BusinessUseCases/2017-05-07/BUC32-Grid/Grid-SampleInstance.xml" xmlns:xlink="http://www.w3.org/1999/xlink" xmlns:link="http://www.xbrl.org/2003/linkbase" xmlns:xsi="http://www.w3.org/2001/XMLSchema-instance" xmlns:xbrli="http://www.xbrl.org/2003/instance" xmlns:iso4217="http://www.xbrl.org/2003/iso4217" xsi:schemaLocation="http://xbrl.org/2006/xbrldi xbrldi-2006.xsd" >
 <assertionTest cnt="1" id="Assertion_RollForward_Reconciles_TotalEquity" satisfied="satisfied" test="$VARIABLE_BalanceStart=400000 + $VARIABLE_NetIncomeLoss=200000 - $VARIABLE_Dividends=100000 +&#xA;  $VARIABLE_CommonStockIssued=50000 = $VARIABLE_BalanceEnd=550000" type="valueAssertion" value="true" />
 <assertionTest cnt="1" id="Assertion_RollForward_Reconciles_RetainedEarnings" satisfied="satisfied" test="$VARIABLE_BalanceStart=200000 + $VARIABLE_NetIncomeLoss=200000 - $VARIABLE_Dividends=100000 +&#xA;  $VARIABLE_CommonStockIssued=0 = $VARIABLE_BalanceEnd=300000" type="valueAssertion" value="true" />
 <assertionTest cnt="1" id="Assertion_RollForward_Reconciles_AdditionalPaidInCapital" satisfied="satisfied" test="$VARIABLE_BalanceStart=50000 + $VARIABLE_NetIncomeLoss=0 - $VARIABLE_Dividends=0 +&#xA;  $VARIABLE_CommonStockIssued=25000 = $VARIABLE_BalanceEnd=75000" type="valueAssertion" value="true" />
 <assertionTest cnt="1" id="Assertion_RollForward_Reconciles_CommonStock" satisfied="satisfied" test="$VARIABLE_BalanceStart=150000 + $VARIABLE_NetIncomeLoss=0 - $VARIABLE_Dividends=0 +&#xA;  $VARIABLE_CommonStockIssued=25000 = $VARIABLE_BalanceEnd=175000" type="valueAssertion" value="true" />
 <assertionTest cnt="1" id="Assertion_MemberAggregation_CommonStockIssued" satisfied="satisfied" test="$VARIABLE_Total=50000 = sum($VARIABLE_Each=[25000 25000 ])" type="valueAssertion" value="true" />
 <assertionTest cnt="1" id="Assertion_MemberAggregation_Dividends" satisfied="satisfied" test="$VARIABLE_Total=100000 = sum($VARIABLE_Each=100000)" type="valueAssertion" value="true" />
 <assertionTest cnt="1" id="Assertion_MemberAggregation_NetIncomeLoss" satisfied="satisfied" test="$VARIABLE_Total=200000 = sum($VARIABLE_Each=200000)" type="valueAssertion" value="true" />
 <assertionTest cnt="1" id="Assertion_MemberAggregation_Equity" satisfied="satisfied" test="$VARIABLE_Total=400000 = sum($VARIABLE_Each=[150000 200000 50000 ])" type="valueAssertion" value="true" />
 <assertionTest cnt="2" id="Assertion_MemberAggregation_Equity" satisfied="satisfied" test="$VARIABLE_Total=550000 = sum($VARIABLE_Each=[175000 75000 300000 ])" type="valueAssertion" value="true" />
 <assertionTest cnt="1" count="8" id="ASSERTION_Exists_Equity" satisfied="satisfied" test="[8]" type="existenceAssertion" value="8" />
 <assertionReport count="10">
 <assertionTest cnt="1" id="Assertion_RollForward_Reconciles_TotalEquity" satisfied="satisfied" test="$VARIABLE_BalanceStart=400000 + $VARIABLE_NetIncomeLoss=200000 - $VARIABLE_Dividends=100000 +&#xA;  $VARIABLE_CommonStockIssued=50000 = $VARIABLE_BalanceEnd=550000" type="valueAssertion" value="true" />
 <assertionTest cnt="1" id="Assertion_RollForward_Reconciles_RetainedEarnings" satisfied="satisfied" test="$VARIABLE_BalanceStart=200000 + $VARIABLE_NetIncomeLoss=200000 - $VARIABLE_Dividends=100000 +&#xA;  $VARIABLE_CommonStockIssued=0 = $VARIABLE_BalanceEnd=300000" type="valueAssertion" value="true" />
 <assertionTest cnt="1" id="Assertion_RollForward_Reconciles_AdditionalPaidInCapital" satisfied="satisfied" test="$VARIABLE_BalanceStart=50000 + $VARIABLE_NetIncomeLoss=0 - $VARIABLE_Dividends=0 +&#xA;  $VARIABLE_CommonStockIssued=25000 = $VARIABLE_BalanceEnd=75000" type="valueAssertion" value="true" />
 <assertionTest cnt="1" id="Assertion_RollForward_Reconciles_CommonStock" satisfied="satisfied" test="$VARIABLE_BalanceStart=150000 + $VARIABLE_NetIncomeLoss=0 - $VARIABLE_Dividends=0 +&#xA;  $VARIABLE_CommonStockIssued=25000 = $VARIABLE_BalanceEnd=175000" type="valueAssertion" value="true" />
 <assertionTest cnt="1" id="Assertion_MemberAggregation_CommonStockIssued" satisfied="satisfied" test="$VARIABLE_Total=50000 = sum($VARIABLE_Each=[25000 25000 ])" type="valueAssertion" value="true" />
 <assertionTest cnt="1" id="Assertion_MemberAggregation_Dividends" satisfied="satisfied" test="$VARIABLE_Total=100000 = sum($VARIABLE_Each=100000)" type="valueAssertion" value="true" />
 <assertionTest cnt="1" id="Assertion_MemberAggregation_NetIncomeLoss" satisfied="satisfied" test="$VARIABLE_Total=200000 = sum($VARIABLE_Each=200000)" type="valueAssertion" value="true" />
 <assertionTest cnt="1" id="Assertion_MemberAggregation_Equity" satisfied="satisfied" test="$VARIABLE_Total=400000 = sum($VARIABLE_Each=[150000 200000 50000 ])" type="valueAssertion" value="true" />
 <assertionTest cnt="2" id="Assertion_MemberAggregation_Equity" satisfied="satisfied" test="$VARIABLE_Total=550000 = sum($VARIABLE_Each=[175000 75000 300000 ])" type="valueAssertion" value="true" />
 <assertionTest cnt="1" count="8" id="ASSERTION_Exists_Equity" satisfied="satisfied" test="[8]" type="existenceAssertion" value="8" />
  </assertionReport>
 <summary notSatisfiedAssertionCount="0" firedAssertionCount="10" duration="972ms" outputContextCount="0" outputUnitCount="0" firedFormulaCount="0" compiledFormulaCount="0" satisifiedAssertionCount="10" outputFactCount="0" compiledAssertionCount="9" />
</formulaTrace>
