{"dcfm:CapitalExpenditures":"RE39","dcfm:EnterpriseValue":"RE71","dcfm:TaxRate":"RE48","dcfm:DepreciationAndAmortizationAsPercentOfRevenue":"RE8","dcfm:PresentValueFreeCashFlowsHierarchy":"RE42","dcfm:EquityValueRollUp":"RE73","dcfm:ResultingWACCHierarchy":"RE61","dcfm:TerminalValueHierarchy":"RE56","dcfm:SelectedBalanceSheetOtherDataHypercube":"RE30","dcfm:EBITMargin":"RE12","dcfm:Revenue":"RE9","dcfm:AccountsReceivableGrowth":"RE23","dcfm:InventoriesGrowth":"RE18","dcfm:Cash":"RE34","dcfm:DilutedSharesOutstanding":"RE2","dcfm:DepreciationAndAmortization":"RE14","dcfm:ConclusionHypercube":"RE77","dcfm:CostOfEquity":"RE59","dcfm:EBIT":"RE17","dcfm:FreeCashFlowBuildupHierarchy":"RE49","dcfm:PresentValueOfTerminalValue":"RE51","dcfm:SelectedOperatingDataHierarchy":"RE13","dcfm:TerminalValue":"RE53","dcfm:AccruedExpensesGrowth":"RE32","dcfm:SharePrice":"RE60","dcfm:EquityValuePerShareHierarchy":"RE75","dcfm:PrepaidExpensesIncreaseDecrease":"RE44","dcfm:WeightingsHierarchy":"RE57","dcfm:HeadingHierarchy":"RE3","dcfm:AccountsReceivable":"RE25","dcfm:Capital":"RE63","dcfm:EquityValuePerShare":"RE70","dcfm:EquityValue":"RE72","dcfm:InventoriesIncreaseDecrease":"RE37","dcfm:UnleveredFreeCashFlows":"RE40","dcfm:PrepaidExpensesGrowth":"RE22","dcfm:LongTermGrowthRate":"RE52","xbrli:entity":"RE1","dcfm:EBIAT":"RE36","dcfm:AfterTaxCostOfDebt":"RE68","dcfm:CapitalExpendituresGrowth":"RE20","dcfm:CostOfDebt":"RE69","dcfm:EBITDAMargin":"RE11","dcfm:TerminalValueHypercube":"RE55","dcfm:PropertyPlantAndEquipmentGross":"RE27","dcfm:PrepaidExpenses":"RE31","dcfm:PresentValueOfFreeCashFlows":"RE45","dcfm:SelectedBalanceSheetOtherDataHierarchy":"RE26","dcfm:SharePriceOnValuationDate":"RE5","dcfm:FreeCashFlow":"RE54","dcfm:GrowthRatesSelectedOperatingDataHierarchy":"RE7","dcfm:HeadingHypercube":"RE6","dcfm:FreeCashFlowBuildupHypercube":"RE38","xbrli:period":"RE0","dcfm:AccruedExpenses":"RE28","dcfm:AccruedExpensesIncreaseDecrease":"RE41","dcfm:EquityWeighting":"RE58","dcfm:EnterpriseValueToEquityValueHypercube":"RE76","dcfm:TotalCapitalRollUp":"RE67","dcfm:ValuationGapPerShare":"RE79","dcfm:AccountsReceivableIncreaseDecrease":"RE43","dcfm:GrowthRatesHierarchy":"RE19","dcfm:DebtWeighting":"RE66","dcfm:UnleveredFreeCashFlowsRollUp":"RE50","dcfm:WeightedAverageCostCapitalHypercube":"RE64","dcfm:AccountsPayableGrowth":"RE29","dcfm:Equity":"RE65","dcfm:ValuationDate":"RE4","dcfm:AccountsPayableIncreaseDecrease":"RE35","dcfm:Inventories":"RE33","dcfm:EBITDA":"RE10","dcfm:RevenueGrowthRate":"RE16","dcfm:SelectedOperatingDataHypercube":"RE15","dcfm:WeightedAverageCostCapitalComponentsHierarchy":"RE62","dcfm:Debt":"RE21","dcfm:ValuationGapRollUp":"RE78","dcfm:WACC":"RE47","dcfm:AccountsPayable":"RE24","dcfm:SumPresentValuesFCFs":"RE46","dcfm:NetDebt":"RE74"}