{"http://www.example.com/Heading~xbrl:impliedTable":{"id":"N0-Implied","networkLabel":"01-Heading"},"http://www.example.com/SelectedOperatingData~xbrl:impliedTable":{"id":"N1-Implied","networkLabel":"02-Selected Operating Data"},"http://www.example.com/SelectedBalanceSheetAndOtherData~xbrl:impliedTable":{"id":"N2-Implied","networkLabel":"03-Selected Balance Sheet and Other Data"},"http://www.example.com/FreeCashFlowBuildup~xbrl:impliedTable":{"id":"N3-Implied","networkLabel":"04-Free Cash Flow Buildup"},"http://www.example.com/TerminalValue~xbrl:impliedTable":{"id":"N4-Implied","networkLabel":"05-Terminal Value"},"http://www.example.com/WACC~xbrl:impliedTable":{"id":"N5-Implied","networkLabel":"06-Weighted Average Cost of Capital (WACC)"},"http://www.example.com/EnterpriseValueToEquityValue~xbrl:impliedTable":{"id":"N6-Implied","networkLabel":"07-Enterprise Value to Equity Value"},"http://www.example.com/Conclusion~xbrl:impliedTable":{"id":"N7-Implied","networkLabel":"08-Conclusion"},"http://www.xbrl.org/2003/role/link~xbrl:impliedTable":{"id":"N8-Implied","networkLabel":"(Component not specified)"}}