		{"DirectorCompensation":
			[
				{
					"DirectorName":"Jane Doe",
					"Salary":"1,000",
					"Bonus":"1,000",
					"DirectorFees":"1,000",
					"FairValueOfOptionsGranted":"1,000"
				},
				{
					"DirectorName":"John Doe",
					"Salary":"1,000",
					"Bonus":"1,000",
					"DirectorFees":"1,000",
					"FairValueOfOptionsGranted":"1,000"
				},
				{
					"DirectorName":"All Directors",
					"Salary":"2,000",
					"Bonus":"2,000",
					"DirectorFees":"2,000",
					"FairValueOfOptionsGranted":"2,000"
				}
			]
		}
