<?xml version="1.0" encoding="utf-8"?><messages date="5/9/17 3:17 PM" name="Initialized">
<message date="5/9/17 3:17 PM" type="Error">There has been a schema validation error in "file:///C:/Users/Charlie/Documents/CurrentVersions/DigitalFinancialReporting/BusinessUseCases/2017-05-07/BUC27-UsingJSON/UsingJSON.xsd" on line number 8, column number 2574. Error message: s4s-att-invalid-value: Invalid attribute value for 'type' in element 'element'. Recorded reason: UndeclaredPrefix: Cannot resolve 'brm:jsonItemType' as a QName: the prefix 'brm' is not declared.</message>
<message date="5/9/17 3:17 PM" type="Error">There has been a schema validation error in "C:/Users/Charlie/Documents/CurrentVersions/DigitalFinancialReporting/BusinessUseCases/2017-05-07/BUC27-UsingJSON/UsingJSON.xsd" on line number 71, column number 23. Error message: UndeclaredPrefix: Cannot resolve 'brm:jsonItemType' as a QName: the prefix 'brm' is not declared.</message>
<message date="5/9/17 3:17 PM" type="Error">There has been a schema validation error in "C:/Users/Charlie/Documents/CurrentVersions/DigitalFinancialReporting/BusinessUseCases/2017-05-07/BUC27-UsingJSON/UsingJSON.xsd" on line number 71, column number 23. Error message: cvc-attribute.3: The value 'brm:jsonItemType' of attribute 'type' on element 'element' is not valid with respect to its type, 'QName'.</message>
<message date="5/9/17 3:17 PM" type="Error">XBRL Validation Error: The item "http://xbrlsite.azurewebsites.net/DigitalFinancialReporting/BusinessUseCases/UsingJSON#DirectorCompensationJSON[ID: pattern_DirectorCompensationJSON]" is not an XBRL data type.  All item types MUST be one of the XBRL data types or derived from one of them by restriction.</message></messages>