<?xml version="1.0" encoding="utf-8"?>
<!-- Created by Charles Hoffman, CPA: 2013-05-15 -->
<xbrl xmlns="http://www.xbrl.org/2003/instance" 
      xmlns:xbrli="http://www.xbrl.org/2003/instance"
      xmlns:link="http://www.xbrl.org/2003/linkbase" 
      xmlns:xlink="http://www.w3.org/1999/xlink" 
      xmlns:xsi="http://www.w3.org/2001/XMLSchema-instance" 
      xmlns:xbrldi="http://xbrl.org/2006/xbrldi" 
       
      xmlns:frm="http://xbrlsite.azurewebsites.net/DigitalFinancialReporting/Schemas/frm"
      xmlns:pattern="http://xbrlsite.azurewebsites.net/DigitalFinancialReporting/BusinessUseCases/UsingJSON" 
      xmlns:iso4217="http://www.xbrl.org/2003/iso4217" 
      xsi:schemaLocation="http://xbrl.org/2006/xbrldi http://www.xbrl.org/2006/xbrldi-2006.xsd">

   <link:schemaRef xlink:type="simple" xlink:href="UsingJSON.xsd" />
  	<link:linkbaseRef xlink:type='simple' xlink:href='UsingJSON-formula.xml' xlink:arcrole='http://www.w3.org/1999/xlink/properties/linkbase'/>
   
   <context id="D-2010-AllDirectors">
      <entity>
         <identifier scheme="http://www.SampleCompany.com">SAMP</identifier>
         <segment>
            <xbrldi:explicitMember dimension="frm:LegalEntityAxis">frm:ConsolidatedEntityMember</xbrldi:explicitMember>
         </segment>
      </entity>
      <period>
         <startDate>2010-01-01</startDate>
         <endDate>2010-12-31</endDate>
      </period>
   </context>

  <pattern:DirectorCompensationJSON contextRef="D-2010-AllDirectors"><![CDATA[
		{"DirectorCompensation":
			[
				{
					"DirectorName":"Jane Doe",
					"Salary":"1,000",
					"Bonus":"1,000",
					"DirectorFees":"1,000",
					"FairValueOfOptionsGranted":"1,000"
				},
				{
					"DirectorName":"John Doe",
					"Salary":"1,000",
					"Bonus":"1,000",
					"DirectorFees":"1,000",
					"FairValueOfOptionsGranted":"1,000"
				},
				{
					"DirectorName":"All Directors",
					"Salary":"2,000",
					"Bonus":"2,000",
					"DirectorFees":"2,000",
					"FairValueOfOptionsGranted":"2,000"
				}
			]
		}
	]]>
  </pattern:DirectorCompensationJSON>



</xbrl>
