<?xml version="1.0" encoding="UTF-8" standalone="no" ?><?xml-stylesheet type="text/xsl" href="file:/C:/Programs/XPE40/resources/System/XbrlFormula2008Trace-toHtml.xsl"?><formulaTrace type="Full Report" version="4.0.0.2125" date="Wed May 10 09:06:59 PDT 2017" baseURI="C:/Users/Charlie/Documents/CurrentVersions/DigitalFinancialReporting/Metapatterns/2017-05-07/04-CompoundFact/CompoundFact-SampleInstance.xml" xmlns:xlink="http://www.w3.org/1999/xlink" xmlns:link="http://www.xbrl.org/2003/linkbase" xmlns:xsi="http://www.w3.org/2001/XMLSchema-instance" xmlns:xbrli="http://www.xbrl.org/2003/instance" xmlns:iso4217="http://www.xbrl.org/2003/iso4217" xsi:schemaLocation="http://xbrl.org/2006/xbrldi xbrldi-2006.xsd" >
 <assertionTest cnt="1" id="MemberAggregation_DirectorSalary" message="SATISFIED: (OK) The reported total 2000 for the concept pattern:DirectorSalary agrees to the aggregate of each reported member." satisfied="satisfied" test="$VARIABLE_Total=2000 eq sum($VARIABLE_Each=[1000 1000 ])" type="valueAssertion" value="true" />
 <assertionTest cnt="1" id="MemberAggregation_DirectorBonuses" message="SATISFIED: (OK) The reported total 2000 for the concept pattern:DirectorBonuses agrees to the aggregate of each reported member." satisfied="satisfied" test="$VARIABLE_Total=2000 eq sum($VARIABLE_Each=[1000 1000 ])" type="valueAssertion" value="true" />
 <assertionTest cnt="1" id="MemberAggregation_DirectorFees" message="SATISFIED: (OK) The reported total 2000 for the concept pattern:DirectorFees agrees to the aggregate of each reported member." satisfied="satisfied" test="$VARIABLE_Total=2000 eq sum($VARIABLE_Each=[1000 1000 ])" type="valueAssertion" value="true" />
 <assertionTest cnt="1" id="MemberAggregation_DirectorOptionsGrantedAtFairValue" message="SATISFIED: (OK) The reported total 2000 for the concept pattern:DirectorOptionsGrantedAtFairValue agrees to the aggregate of each reported member." satisfied="satisfied" test="$VARIABLE_Total=2000 eq sum($VARIABLE_Each=[1000 1000 ])" type="valueAssertion" value="true" />
 <assertionTest cnt="1" count="4" id="Exists_DirectorSalary" satisfied="satisfied" test="[4]" type="existenceAssertion" value="4" />
 <assertionReport count="5">
 <assertionTest cnt="1" id="MemberAggregation_DirectorSalary" message="SATISFIED: (OK) The reported total 2000 for the concept pattern:DirectorSalary agrees to the aggregate of each reported member." satisfied="satisfied" test="$VARIABLE_Total=2000 eq sum($VARIABLE_Each=[1000 1000 ])" type="valueAssertion" value="true" />
 <assertionTest cnt="1" id="MemberAggregation_DirectorBonuses" message="SATISFIED: (OK) The reported total 2000 for the concept pattern:DirectorBonuses agrees to the aggregate of each reported member." satisfied="satisfied" test="$VARIABLE_Total=2000 eq sum($VARIABLE_Each=[1000 1000 ])" type="valueAssertion" value="true" />
 <assertionTest cnt="1" id="MemberAggregation_DirectorFees" message="SATISFIED: (OK) The reported total 2000 for the concept pattern:DirectorFees agrees to the aggregate of each reported member." satisfied="satisfied" test="$VARIABLE_Total=2000 eq sum($VARIABLE_Each=[1000 1000 ])" type="valueAssertion" value="true" />
 <assertionTest cnt="1" id="MemberAggregation_DirectorOptionsGrantedAtFairValue" message="SATISFIED: (OK) The reported total 2000 for the concept pattern:DirectorOptionsGrantedAtFairValue agrees to the aggregate of each reported member." satisfied="satisfied" test="$VARIABLE_Total=2000 eq sum($VARIABLE_Each=[1000 1000 ])" type="valueAssertion" value="true" />
 <assertionTest cnt="1" count="4" id="Exists_DirectorSalary" satisfied="satisfied" test="[4]" type="existenceAssertion" value="4" />
  </assertionReport>
 <summary notSatisfiedAssertionCount="0" firedAssertionCount="5" duration="776ms" outputContextCount="0" outputUnitCount="0" firedFormulaCount="0" compiledFormulaCount="0" satisifiedAssertionCount="5" outputFactCount="0" compiledAssertionCount="5" />
</formulaTrace>
