<?xml version="1.0" encoding="utf-8"?>
<linkbase
  xmlns="http://www.xbrl.org/2003/linkbase"
  xmlns:xsi="http://www.w3.org/2001/XMLSchema-instance"
  xmlns:xlink="http://www.w3.org/1999/xlink"
  xsi:schemaLocation="
    http://www.xbrl.org/2003/linkbase 
      http://www.xbrl.org/2003/xbrl-linkbase-2003-12-31.xsd
    ">
  <roleRef xlink:type="simple"
    xlink:href="CompoundFact.xsd#DirectorCompensation"
    roleURI="http://xbrlsite.azurewebsites.net/DigitalFinancialReporting/ConceptArrangementPatterns/CompoundFact/DirectorCompensation" />
  <presentationLink xlink:type="extended"
    xlink:role="http://xbrlsite.azurewebsites.net/DigitalFinancialReporting/ConceptArrangementPatterns/CompoundFact/DirectorCompensation">
    <loc xlink:type="locator"
      xlink:label="pattern_DirectorCompensationTable"
      xlink:href="CompoundFact.xsd#pattern_DirectorCompensationTable" />
    <loc xlink:type="locator"
      xlink:label="frm_LegalEntityAxis"
      xlink:href="http://xbrlsite.azurewebsites.net/DigitalFinancialReporting/Schemas/2017-05-07/frm.xsd#frm_LegalEntityAxis" />
    <presentationArc xlink:type="arc"
      xlink:arcrole="http://www.xbrl.org/2003/arcrole/parent-child"
      xlink:from="pattern_DirectorCompensationTable"
      xlink:to="frm_LegalEntityAxis"
      order="1"
      use="optional" />
    <loc xlink:type="locator"
      xlink:label="frm_ConsolidatedEntityMember"
      xlink:href="http://xbrlsite.azurewebsites.net/DigitalFinancialReporting/Schemas/2017-05-07/frm.xsd#frm_ConsolidatedEntityMember" />
    <presentationArc xlink:type="arc"
      xlink:arcrole="http://www.xbrl.org/2003/arcrole/parent-child"
      xlink:from="frm_LegalEntityAxis" xlink:to="frm_ConsolidatedEntityMember"
      order="1"
      use="optional" />
    <loc xlink:type="locator"
      xlink:label="frm_DirectorAxis"
      xlink:href="http://xbrlsite.azurewebsites.net/DigitalFinancialReporting/Schemas/2017-05-07/frm.xsd#frm_DirectorAxis" />
    <presentationArc xlink:type="arc"
      xlink:arcrole="http://www.xbrl.org/2003/arcrole/parent-child"
      xlink:from="pattern_DirectorCompensationTable"
      xlink:to="frm_DirectorAxis"
      order="2"
      use="optional" />
    <loc xlink:type="locator"
      xlink:label="frm_DirectorsAllMember"
      xlink:href="http://xbrlsite.azurewebsites.net/DigitalFinancialReporting/Schemas/2017-05-07/frm.xsd#frm_DirectorsAllMember" />
    <presentationArc xlink:type="arc"
      xlink:arcrole="http://www.xbrl.org/2003/arcrole/parent-child"
      xlink:from="frm_DirectorAxis" xlink:to="frm_DirectorsAllMember"
      order="1"
      use="optional" />
    <loc xlink:type="locator"
      xlink:label="pattern_JohnDoeMember"
      xlink:href="CompoundFact.xsd#pattern_JohnDoeMember" />
    <presentationArc xlink:type="arc"
      xlink:arcrole="http://www.xbrl.org/2003/arcrole/parent-child"
      xlink:from="frm_DirectorsAllMember" xlink:to="pattern_JohnDoeMember"
      order="1"
      use="optional" />
    <loc xlink:type="locator"
      xlink:label="pattern_JaneDoeMember"
      xlink:href="CompoundFact.xsd#pattern_JaneDoeMember" />
    <presentationArc xlink:type="arc"
      xlink:arcrole="http://www.xbrl.org/2003/arcrole/parent-child"
      xlink:from="frm_DirectorsAllMember" xlink:to="pattern_JaneDoeMember"
      order="2"
      use="optional" />
    <loc xlink:type="locator"
      xlink:label="pattern_DirectorCompensationLineItems"
      xlink:href="CompoundFact.xsd#pattern_DirectorCompensationLineItems" />
    <presentationArc xlink:type="arc"
      xlink:arcrole="http://www.xbrl.org/2003/arcrole/parent-child"
      xlink:from="pattern_DirectorCompensationTable"
      xlink:to="pattern_DirectorCompensationLineItems"
      order="3"
      use="optional" />
    <loc xlink:type="locator"
      xlink:label="pattern_DirectorHierarchy"
      xlink:href="CompoundFact.xsd#pattern_DirectorHierarchy" />
    <presentationArc xlink:type="arc"
      xlink:arcrole="http://www.xbrl.org/2003/arcrole/parent-child"
      xlink:from="pattern_DirectorCompensationLineItems"
      xlink:to="pattern_DirectorHierarchy"
      order="1"
      use="optional" />
    <loc xlink:type="locator"
      xlink:label="pattern_DirectorSalary"
      xlink:href="CompoundFact.xsd#pattern_DirectorSalary" />
    <presentationArc xlink:type="arc"
      xlink:arcrole="http://www.xbrl.org/2003/arcrole/parent-child"
      xlink:from="pattern_DirectorHierarchy"
      xlink:to="pattern_DirectorSalary"
      order="1"
      use="optional" />
    <loc xlink:type="locator"
      xlink:label="pattern_DirectorBonuses"
      xlink:href="CompoundFact.xsd#pattern_DirectorBonuses" />
    <presentationArc xlink:type="arc"
      xlink:arcrole="http://www.xbrl.org/2003/arcrole/parent-child"
      xlink:from="pattern_DirectorHierarchy"
      xlink:to="pattern_DirectorBonuses"
      order="2"
      use="optional" />
    <loc xlink:type="locator"
      xlink:label="pattern_DirectorFees"
      xlink:href="CompoundFact.xsd#pattern_DirectorFees" />
    <presentationArc xlink:type="arc"
      xlink:arcrole="http://www.xbrl.org/2003/arcrole/parent-child"
      xlink:from="pattern_DirectorHierarchy"
      xlink:to="pattern_DirectorFees"
      order="3"
      use="optional" />
    <loc xlink:type="locator"
      xlink:label="pattern_DirectorOptionsGrantedAtFairValue"
      xlink:href="CompoundFact.xsd#pattern_DirectorOptionsGrantedAtFairValue" />
    <presentationArc xlink:type="arc"
      xlink:arcrole="http://www.xbrl.org/2003/arcrole/parent-child"
      xlink:from="pattern_DirectorHierarchy"
      xlink:to="pattern_DirectorOptionsGrantedAtFairValue"
      order="4"
      use="optional" />
  </presentationLink>
</linkbase>