<?xml version="1.0" encoding="utf-8"?>
<!--
Taxonomy Presentation Links linkbase based on XBRL standard Version 2.1.
Created by UBmatrix Taxonomy Designer 3.0.3.2436 (2009-06-02 13:18).  
Contact www.ubmatrix.com
Copyright (c) 2002-2012 UBmatrix inc., All Rights Reserved
Produced on 2012-05-26 12:46:13
-->
<linkbase
  xmlns="http://www.xbrl.org/2003/linkbase"
  xmlns:xsi="http://www.w3.org/2001/XMLSchema-instance"
  xmlns:xlink="http://www.w3.org/1999/xlink"
  xsi:schemaLocation="
    http://www.xbrl.org/2003/linkbase 
      http://www.xbrl.org/2003/xbrl-linkbase-2003-12-31.xsd
    ">
  <roleRef xlink:type="simple"
    xlink:href="Template.xsd#SomeNetwork"
    roleURI="http://www.template.com/SomeNetwork" />
  <roleRef xlink:type="simple"
    xlink:href="Template.xsd#SomeNetwork2"
    roleURI="http://www.template.com/SomeNetwork2" />
  <presentationLink xlink:type="extended"
    xlink:role="http://www.template.com/SomeNetwork">
    <loc xlink:type="locator"
      xlink:label="added_BalanceSheetParentheticalAbstract"
      xlink:href="Template.xsd#added_BalanceSheetParentheticalAbstract" />
    <loc xlink:type="locator"
      xlink:label="added_BalanceSheetParentheticalTable"
      xlink:href="Template.xsd#added_BalanceSheetParentheticalTable" />
    <presentationArc xlink:type="arc"
      xlink:arcrole="http://www.xbrl.org/2003/arcrole/parent-child"
      xlink:from="added_BalanceSheetParentheticalAbstract"
      xlink:to="added_BalanceSheetParentheticalTable"
      order="1"
      use="optional" />
    <loc xlink:type="locator"
      xlink:label="dei_LegalEntityAxis"
      xlink:href="http://xbrl.sec.gov/dei/2014/dei-2014-01-31.xsd#dei_LegalEntityAxis" />
    <presentationArc xlink:type="arc"
      xlink:arcrole="http://www.xbrl.org/2003/arcrole/parent-child"
      xlink:from="added_BalanceSheetParentheticalTable"
      xlink:to="dei_LegalEntityAxis"
      order="1"
      use="optional" />
    <loc xlink:type="locator"
      xlink:label="dei_EntityDomain"
      xlink:href="http://xbrl.sec.gov/dei/2014/dei-2014-01-31.xsd#dei_EntityDomain" />
    <presentationArc xlink:type="arc"
      xlink:arcrole="http://www.xbrl.org/2003/arcrole/parent-child"
      xlink:from="dei_LegalEntityAxis" xlink:to="dei_EntityDomain"
      order="1"
      use="optional" />
    <loc xlink:type="locator"
      xlink:label="added_BalanceSheetParentheticalLineItems"
      xlink:href="Template.xsd#added_BalanceSheetParentheticalLineItems" />
    <presentationArc xlink:type="arc"
      xlink:arcrole="http://www.xbrl.org/2003/arcrole/parent-child"
      xlink:from="added_BalanceSheetParentheticalTable"
      xlink:to="added_BalanceSheetParentheticalLineItems"
      order="2"
      use="optional" />
    <loc xlink:type="locator"
      xlink:label="added_BalanceSheetParentheticalHierarchy"
      xlink:href="Template.xsd#added_BalanceSheetParentheticalHierarchy" />
    <presentationArc xlink:type="arc"
      xlink:arcrole="http://www.xbrl.org/2003/arcrole/parent-child"
      xlink:from="added_BalanceSheetParentheticalLineItems"
      xlink:to="added_BalanceSheetParentheticalHierarchy"
      order="1"
      use="optional" />
    <loc xlink:type="locator"
      xlink:label="us-gaap_AllowanceForDoubtfulAccountsReceivableCurrent"
      xlink:href="http://xbrl.fasb.org/us-gaap/2017/elts/us-gaap-2017-01-31.xsd#us-gaap_AllowanceForDoubtfulAccountsReceivableCurrent" />
    <presentationArc xlink:type="arc"
      xlink:arcrole="http://www.xbrl.org/2003/arcrole/parent-child"
      xlink:from="added_BalanceSheetParentheticalHierarchy"
      xlink:to="us-gaap_AllowanceForDoubtfulAccountsReceivableCurrent"
      order="1"
      use="optional" />
    <loc xlink:type="locator"
      xlink:label="added_CommonStockInformationByClassTable"
      xlink:href="Template.xsd#added_CommonStockInformationByClassTable" />
    <presentationArc xlink:type="arc"
      xlink:arcrole="http://www.xbrl.org/2003/arcrole/parent-child"
      xlink:from="added_BalanceSheetParentheticalAbstract"
      xlink:to="added_CommonStockInformationByClassTable"
      order="2"
      use="optional" />
    <presentationArc xlink:type="arc"
      xlink:arcrole="http://www.xbrl.org/2003/arcrole/parent-child"
      xlink:from="added_CommonStockInformationByClassTable"
      xlink:to="dei_LegalEntityAxis"
      order="1"
      use="optional" />
    <loc xlink:type="locator"
      xlink:label="us-gaap_StatementClassOfStockAxis"
      xlink:href="http://xbrl.fasb.org/us-gaap/2017/elts/us-gaap-2017-01-31.xsd#us-gaap_StatementClassOfStockAxis" />
    <presentationArc xlink:type="arc"
      xlink:arcrole="http://www.xbrl.org/2003/arcrole/parent-child"
      xlink:from="added_CommonStockInformationByClassTable"
      xlink:to="us-gaap_StatementClassOfStockAxis"
      order="2"
      use="optional" />
    <loc xlink:type="locator"
      xlink:label="us-gaap_ClassOfStockDomain"
      xlink:href="http://xbrl.fasb.org/us-gaap/2017/elts/us-gaap-2017-01-31.xsd#us-gaap_ClassOfStockDomain" />
    <presentationArc xlink:type="arc"
      xlink:arcrole="http://www.xbrl.org/2003/arcrole/parent-child"
      xlink:from="us-gaap_StatementClassOfStockAxis"
      xlink:to="us-gaap_ClassOfStockDomain"
      order="1"
      use="optional" />
    <loc xlink:type="locator"
      xlink:label="us-gaap_CommonClassAMember"
      xlink:href="http://xbrl.fasb.org/us-gaap/2017/elts/us-gaap-2017-01-31.xsd#us-gaap_CommonClassAMember" />
    <presentationArc xlink:type="arc"
      xlink:arcrole="http://www.xbrl.org/2003/arcrole/parent-child"
      xlink:from="us-gaap_ClassOfStockDomain"
      xlink:to="us-gaap_CommonClassAMember"
      order="1"
      use="optional" />
    <loc xlink:type="locator"
      xlink:label="us-gaap_CommonClassBMember"
      xlink:href="http://xbrl.fasb.org/us-gaap/2017/elts/us-gaap-2017-01-31.xsd#us-gaap_CommonClassBMember" />
    <presentationArc xlink:type="arc"
      xlink:arcrole="http://www.xbrl.org/2003/arcrole/parent-child"
      xlink:from="us-gaap_ClassOfStockDomain"
      xlink:to="us-gaap_CommonClassBMember"
      order="2"
      use="optional" />
    <loc xlink:type="locator"
      xlink:label="added_CommonStockInformationByClassLineItems"
      xlink:href="Template.xsd#added_CommonStockInformationByClassLineItems" />
    <presentationArc xlink:type="arc"
      xlink:arcrole="http://www.xbrl.org/2003/arcrole/parent-child"
      xlink:from="added_CommonStockInformationByClassTable"
      xlink:to="added_CommonStockInformationByClassLineItems"
      order="3"
      use="optional" />
    <loc xlink:type="locator"
      xlink:label="added_ClassCommonStockHierarchy"
      xlink:href="Template.xsd#added_ClassCommonStockHierarchy" />
    <presentationArc xlink:type="arc"
      xlink:arcrole="http://www.xbrl.org/2003/arcrole/parent-child"
      xlink:from="added_CommonStockInformationByClassLineItems"
      xlink:to="added_ClassCommonStockHierarchy"
      order="1"
      use="optional" />
    <loc xlink:type="locator"
      xlink:label="us-gaap_CommonStockParOrStatedValuePerShare"
      xlink:href="http://xbrl.fasb.org/us-gaap/2017/elts/us-gaap-2017-01-31.xsd#us-gaap_CommonStockParOrStatedValuePerShare" />
    <presentationArc xlink:type="arc"
      xlink:arcrole="http://www.xbrl.org/2003/arcrole/parent-child"
      xlink:from="added_ClassCommonStockHierarchy"
      xlink:to="us-gaap_CommonStockParOrStatedValuePerShare"
      order="1"
      use="optional" />
    <loc xlink:type="locator"
      xlink:label="us-gaap_CommonStockSharesAuthorized"
      xlink:href="http://xbrl.fasb.org/us-gaap/2017/elts/us-gaap-2017-01-31.xsd#us-gaap_CommonStockSharesAuthorized" />
    <presentationArc xlink:type="arc"
      xlink:arcrole="http://www.xbrl.org/2003/arcrole/parent-child"
      xlink:from="added_ClassCommonStockHierarchy"
      xlink:to="us-gaap_CommonStockSharesAuthorized"
      order="2"
      use="optional" />
    <loc xlink:type="locator"
      xlink:label="us-gaap_CommonStockSharesIssued"
      xlink:href="http://xbrl.fasb.org/us-gaap/2017/elts/us-gaap-2017-01-31.xsd#us-gaap_CommonStockSharesIssued" />
    <presentationArc xlink:type="arc"
      xlink:arcrole="http://www.xbrl.org/2003/arcrole/parent-child"
      xlink:from="added_ClassCommonStockHierarchy"
      xlink:to="us-gaap_CommonStockSharesIssued"
      order="3"
      use="optional" />
    <loc xlink:type="locator"
      xlink:label="us-gaap_CommonStockSharesOutstanding"
      xlink:href="http://xbrl.fasb.org/us-gaap/2017/elts/us-gaap-2017-01-31.xsd#us-gaap_CommonStockSharesOutstanding" />
    <presentationArc xlink:type="arc"
      xlink:arcrole="http://www.xbrl.org/2003/arcrole/parent-child"
      xlink:from="added_ClassCommonStockHierarchy"
      xlink:to="us-gaap_CommonStockSharesOutstanding"
      order="4"
      use="optional" />
    <loc xlink:type="locator"
      xlink:label="us-gaap_CommonStockValueOutstanding"
      xlink:href="http://xbrl.fasb.org/us-gaap/2017/elts/us-gaap-2017-01-31.xsd#us-gaap_CommonStockValueOutstanding" />
    <presentationArc xlink:type="arc"
      xlink:arcrole="http://www.xbrl.org/2003/arcrole/parent-child"
      xlink:from="added_ClassCommonStockHierarchy"
      xlink:to="us-gaap_CommonStockValueOutstanding"
      order="5"
      use="optional" />
  </presentationLink>
  <presentationLink xlink:type="extended"
    xlink:role="http://www.template.com/SomeNetwork2">
    <loc xlink:type="locator"
      xlink:label="added_PreferredStockInformationByClassTable"
      xlink:href="Template.xsd#added_PreferredStockInformationByClassTable" />
    <loc xlink:type="locator"
      xlink:label="dei_LegalEntityAxis"
      xlink:href="http://xbrl.sec.gov/dei/2014/dei-2014-01-31.xsd#dei_LegalEntityAxis" />
    <presentationArc xlink:type="arc"
      xlink:arcrole="http://www.xbrl.org/2003/arcrole/parent-child"
      xlink:from="added_PreferredStockInformationByClassTable"
      xlink:to="dei_LegalEntityAxis"
      order="1"
      use="optional" />
    <loc xlink:type="locator"
      xlink:label="dei_EntityDomain"
      xlink:href="http://xbrl.sec.gov/dei/2014/dei-2014-01-31.xsd#dei_EntityDomain" />
    <presentationArc xlink:type="arc"
      xlink:arcrole="http://www.xbrl.org/2003/arcrole/parent-child"
      xlink:from="dei_LegalEntityAxis" xlink:to="dei_EntityDomain"
      order="1"
      use="optional" />
    <loc xlink:type="locator"
      xlink:label="us-gaap_StatementClassOfStockAxis"
      xlink:href="http://xbrl.fasb.org/us-gaap/2017/elts/us-gaap-2017-01-31.xsd#us-gaap_StatementClassOfStockAxis" />
    <presentationArc xlink:type="arc"
      xlink:arcrole="http://www.xbrl.org/2003/arcrole/parent-child"
      xlink:from="added_PreferredStockInformationByClassTable"
      xlink:to="us-gaap_StatementClassOfStockAxis"
      order="2"
      use="optional" />
    <loc xlink:type="locator"
      xlink:label="us-gaap_ClassOfStockDomain"
      xlink:href="http://xbrl.fasb.org/us-gaap/2017/elts/us-gaap-2017-01-31.xsd#us-gaap_ClassOfStockDomain" />
    <presentationArc xlink:type="arc"
      xlink:arcrole="http://www.xbrl.org/2003/arcrole/parent-child"
      xlink:from="us-gaap_StatementClassOfStockAxis"
      xlink:to="us-gaap_ClassOfStockDomain"
      order="1"
      use="optional" />
    <loc xlink:type="locator"
      xlink:label="us-gaap_PreferredClassAMember"
      xlink:href="http://xbrl.fasb.org/us-gaap/2017/elts/us-gaap-2017-01-31.xsd#us-gaap_PreferredClassAMember" />
    <presentationArc xlink:type="arc"
      xlink:arcrole="http://www.xbrl.org/2003/arcrole/parent-child"
      xlink:from="us-gaap_ClassOfStockDomain"
      xlink:to="us-gaap_PreferredClassAMember"
      order="1"
      use="optional" />
    <loc xlink:type="locator"
      xlink:label="us-gaap_PreferredClassBMember"
      xlink:href="http://xbrl.fasb.org/us-gaap/2017/elts/us-gaap-2017-01-31.xsd#us-gaap_PreferredClassBMember" />
    <presentationArc xlink:type="arc"
      xlink:arcrole="http://www.xbrl.org/2003/arcrole/parent-child"
      xlink:from="us-gaap_ClassOfStockDomain"
      xlink:to="us-gaap_PreferredClassBMember"
      order="2"
      use="optional" />
    <loc xlink:type="locator"
      xlink:label="added_PreferredStockInformationByClassLineItems"
      xlink:href="Template.xsd#added_PreferredStockInformationByClassLineItems" />
    <presentationArc xlink:type="arc"
      xlink:arcrole="http://www.xbrl.org/2003/arcrole/parent-child"
      xlink:from="added_PreferredStockInformationByClassTable"
      xlink:to="added_PreferredStockInformationByClassLineItems"
      order="3"
      use="optional" />
    <loc xlink:type="locator"
      xlink:label="added_ClassPreferredStockHierarchy"
      xlink:href="Template.xsd#added_ClassPreferredStockHierarchy" />
    <presentationArc xlink:type="arc"
      xlink:arcrole="http://www.xbrl.org/2003/arcrole/parent-child"
      xlink:from="added_PreferredStockInformationByClassLineItems"
      xlink:to="added_ClassPreferredStockHierarchy"
      order="1"
      use="optional" />
    <loc xlink:type="locator"
      xlink:label="us-gaap_PreferredStockParOrStatedValuePerShare"
      xlink:href="http://xbrl.fasb.org/us-gaap/2017/elts/us-gaap-2017-01-31.xsd#us-gaap_PreferredStockParOrStatedValuePerShare" />
    <presentationArc xlink:type="arc"
      xlink:arcrole="http://www.xbrl.org/2003/arcrole/parent-child"
      xlink:from="added_ClassPreferredStockHierarchy"
      xlink:to="us-gaap_PreferredStockParOrStatedValuePerShare"
      order="1"
      use="optional" />
    <loc xlink:type="locator"
      xlink:label="us-gaap_PreferredStockSharesAuthorized"
      xlink:href="http://xbrl.fasb.org/us-gaap/2017/elts/us-gaap-2017-01-31.xsd#us-gaap_PreferredStockSharesAuthorized" />
    <presentationArc xlink:type="arc"
      xlink:arcrole="http://www.xbrl.org/2003/arcrole/parent-child"
      xlink:from="added_ClassPreferredStockHierarchy"
      xlink:to="us-gaap_PreferredStockSharesAuthorized"
      order="2"
      use="optional" />
    <loc xlink:type="locator"
      xlink:label="us-gaap_PreferredStockSharesIssued"
      xlink:href="http://xbrl.fasb.org/us-gaap/2017/elts/us-gaap-2017-01-31.xsd#us-gaap_PreferredStockSharesIssued" />
    <presentationArc xlink:type="arc"
      xlink:arcrole="http://www.xbrl.org/2003/arcrole/parent-child"
      xlink:from="added_ClassPreferredStockHierarchy"
      xlink:to="us-gaap_PreferredStockSharesIssued"
      order="3"
      use="optional" />
    <loc xlink:type="locator"
      xlink:label="us-gaap_PreferredStockSharesOutstanding"
      xlink:href="http://xbrl.fasb.org/us-gaap/2017/elts/us-gaap-2017-01-31.xsd#us-gaap_PreferredStockSharesOutstanding" />
    <presentationArc xlink:type="arc"
      xlink:arcrole="http://www.xbrl.org/2003/arcrole/parent-child"
      xlink:from="added_ClassPreferredStockHierarchy"
      xlink:to="us-gaap_PreferredStockSharesOutstanding"
      order="4"
      use="optional" />
    <loc xlink:type="locator"
      xlink:label="us-gaap_PreferredStockValueOutstanding"
      xlink:href="http://xbrl.fasb.org/us-gaap/2017/elts/us-gaap-2017-01-31.xsd#us-gaap_PreferredStockValueOutstanding" />
    <presentationArc xlink:type="arc"
      xlink:arcrole="http://www.xbrl.org/2003/arcrole/parent-child"
      xlink:from="added_ClassPreferredStockHierarchy"
      xlink:to="us-gaap_PreferredStockValueOutstanding"
      order="5"
      use="optional" />
  </presentationLink>
</linkbase>