<?xml version="1.0" encoding="utf-8"?>
<!--
Taxonomy Label Links linkbase based on XBRL standard Version 2.1.
Created by UBmatrix Taxonomy Designer 3.0.3.2436 (2009-06-02 13:18).  
Contact www.ubmatrix.com
Copyright (c) 2002-2012 UBmatrix inc., All Rights Reserved
Produced on 2012-05-26 12:46:13
-->
<linkbase
  xmlns="http://www.xbrl.org/2003/linkbase"
  xmlns:xsi="http://www.w3.org/2001/XMLSchema-instance"
  xmlns:xlink="http://www.w3.org/1999/xlink"
  xsi:schemaLocation="
    http://www.xbrl.org/2003/linkbase 
      http://www.xbrl.org/2003/xbrl-linkbase-2003-12-31.xsd
    ">
  <labelLink xlink:type="extended"
    xlink:role="http://www.xbrl.org/2003/role/link">
    <loc xlink:type="locator"
      xlink:label="added_BalanceSheetParentheticalAbstract"
      xlink:href="Template.xsd#added_BalanceSheetParentheticalAbstract" />
    <labelArc xlink:type="arc"
      xlink:arcrole="http://www.xbrl.org/2003/arcrole/concept-label"
      xlink:from="added_BalanceSheetParentheticalAbstract"
      xlink:to="added_BalanceSheetParentheticalAbstract_lbl" />
    <label xlink:type="resource"
      xlink:label="added_BalanceSheetParentheticalAbstract_lbl"
      xml:lang="en-US"
      xlink:role="http://www.xbrl.org/2003/role/label">Balance Sheet Parenthetical [Abstract]</label>
    <loc xlink:type="locator"
      xlink:label="added_BalanceSheetParentheticalHierarchy"
      xlink:href="Template.xsd#added_BalanceSheetParentheticalHierarchy" />
    <labelArc xlink:type="arc"
      xlink:arcrole="http://www.xbrl.org/2003/arcrole/concept-label"
      xlink:from="added_BalanceSheetParentheticalHierarchy"
      xlink:to="added_BalanceSheetParentheticalHierarchy_lbl" />
    <label xlink:type="resource"
      xlink:label="added_BalanceSheetParentheticalHierarchy_lbl"
      xml:lang="en-US"
      xlink:role="http://www.xbrl.org/2003/role/label">Balance Sheet Parenthetical [Hierarchy]</label>
    <loc xlink:type="locator"
      xlink:label="added_BalanceSheetParentheticalLineItems"
      xlink:href="Template.xsd#added_BalanceSheetParentheticalLineItems" />
    <labelArc xlink:type="arc"
      xlink:arcrole="http://www.xbrl.org/2003/arcrole/concept-label"
      xlink:from="added_BalanceSheetParentheticalLineItems"
      xlink:to="added_BalanceSheetParentheticalLineItems_lbl" />
    <label xlink:type="resource"
      xlink:label="added_BalanceSheetParentheticalLineItems_lbl"
      xml:lang="en-US"
      xlink:role="http://www.xbrl.org/2003/role/label">Balance Sheet Parenthetical [Line Items]</label>
    <loc xlink:type="locator"
      xlink:label="added_BalanceSheetParentheticalTable"
      xlink:href="Template.xsd#added_BalanceSheetParentheticalTable" />
    <labelArc xlink:type="arc"
      xlink:arcrole="http://www.xbrl.org/2003/arcrole/concept-label"
      xlink:from="added_BalanceSheetParentheticalTable"
      xlink:to="added_BalanceSheetParentheticalTable_lbl" />
    <label xlink:type="resource"
      xlink:label="added_BalanceSheetParentheticalTable_lbl"
      xml:lang="en-US"
      xlink:role="http://www.xbrl.org/2003/role/label">Balance Sheet Parenthetical [Table]</label>
    <loc xlink:type="locator"
      xlink:label="added_ClassCommonStockHierarchy"
      xlink:href="Template.xsd#added_ClassCommonStockHierarchy" />
    <labelArc xlink:type="arc"
      xlink:arcrole="http://www.xbrl.org/2003/arcrole/concept-label"
      xlink:from="added_ClassCommonStockHierarchy"
      xlink:to="added_ClassCommonStockHierarchy_lbl" />
    <label xlink:type="resource"
      xlink:label="added_ClassCommonStockHierarchy_lbl"
      xml:lang="en-US"
      xlink:role="http://www.xbrl.org/2003/role/label">Class of Common Stock [Hierarchy]</label>
    <loc xlink:type="locator"
      xlink:label="added_ClassPreferredStockHierarchy"
      xlink:href="Template.xsd#added_ClassPreferredStockHierarchy" />
    <labelArc xlink:type="arc"
      xlink:arcrole="http://www.xbrl.org/2003/arcrole/concept-label"
      xlink:from="added_ClassPreferredStockHierarchy"
      xlink:to="added_ClassPreferredStockHierarchy_lbl" />
    <label xlink:type="resource"
      xlink:label="added_ClassPreferredStockHierarchy_lbl"
      xml:lang="en-US"
      xlink:role="http://www.xbrl.org/2003/role/label">Class of Preferred Stock [Hierarchy]</label>
    <loc xlink:type="locator"
      xlink:label="added_CommonStockInformationByClassLineItems"
      xlink:href="Template.xsd#added_CommonStockInformationByClassLineItems" />
    <labelArc xlink:type="arc"
      xlink:arcrole="http://www.xbrl.org/2003/arcrole/concept-label"
      xlink:from="added_CommonStockInformationByClassLineItems"
      xlink:to="added_CommonStockInformationByClassLineItems_lbl" />
    <label xlink:type="resource"
      xlink:label="added_CommonStockInformationByClassLineItems_lbl"
      xml:lang="en-US"
      xlink:role="http://www.xbrl.org/2003/role/label">Common Stock Information, by Class [Line Items]</label>
    <loc xlink:type="locator"
      xlink:label="added_CommonStockInformationByClassTable"
      xlink:href="Template.xsd#added_CommonStockInformationByClassTable" />
    <labelArc xlink:type="arc"
      xlink:arcrole="http://www.xbrl.org/2003/arcrole/concept-label"
      xlink:from="added_CommonStockInformationByClassTable"
      xlink:to="added_CommonStockInformationByClassTable_lbl" />
    <label xlink:type="resource"
      xlink:label="added_CommonStockInformationByClassTable_lbl"
      xml:lang="en-US"
      xlink:role="http://www.xbrl.org/2003/role/label">Common Stock Information, by Class [Table]</label>
    <loc xlink:type="locator"
      xlink:label="added_PreferredStockInformationByClassLineItems"
      xlink:href="Template.xsd#added_PreferredStockInformationByClassLineItems" />
    <labelArc xlink:type="arc"
      xlink:arcrole="http://www.xbrl.org/2003/arcrole/concept-label"
      xlink:from="added_PreferredStockInformationByClassLineItems"
      xlink:to="added_PreferredStockInformationByClassLineItems_lbl" />
    <label xlink:type="resource"
      xlink:label="added_PreferredStockInformationByClassLineItems_lbl"
      xml:lang="en-US"
      xlink:role="http://www.xbrl.org/2003/role/label">Preferred Stock Information, by Class [Line Items]</label>
    <loc xlink:type="locator"
      xlink:label="added_PreferredStockInformationByClassTable"
      xlink:href="Template.xsd#added_PreferredStockInformationByClassTable" />
    <labelArc xlink:type="arc"
      xlink:arcrole="http://www.xbrl.org/2003/arcrole/concept-label"
      xlink:from="added_PreferredStockInformationByClassTable"
      xlink:to="added_PreferredStockInformationByClassTable_lbl" />
    <label xlink:type="resource"
      xlink:label="added_PreferredStockInformationByClassTable_lbl"
      xml:lang="en-US"
      xlink:role="http://www.xbrl.org/2003/role/label">Preferred Stock Information, by Class [Table]</label>
    <loc xlink:type="locator"
      xlink:label="dei_EntityDomain"
      xlink:href="http://xbrl.sec.gov/dei/2014/dei-2014-01-31.xsd#dei_EntityDomain" />
    <labelArc xlink:type="arc"
      xlink:arcrole="http://www.xbrl.org/2003/arcrole/concept-label"
      xlink:from="dei_EntityDomain" xlink:to="dei_EntityDomain_lbl" />
    <label xlink:type="resource"
      xlink:label="dei_EntityDomain_lbl" xml:lang="en-US"
      xlink:role="http://www.xbrl.org/2003/role/label">Consolidated Entity [Domain]</label>
    <loc xlink:type="locator"
      xlink:label="dei_LegalEntityAxis"
      xlink:href="http://xbrl.sec.gov/dei/2014/dei-2014-01-31.xsd#dei_LegalEntityAxis" />
    <labelArc xlink:type="arc"
      xlink:arcrole="http://www.xbrl.org/2003/arcrole/concept-label"
      xlink:from="dei_LegalEntityAxis" xlink:to="dei_LegalEntityAxis_lbl" />
    <label xlink:type="resource"
      xlink:label="dei_LegalEntityAxis_lbl"
      xml:lang="en-US"
      xlink:role="http://www.xbrl.org/2003/role/label">Legal Entity [Axis]</label>
    <loc xlink:type="locator"
      xlink:label="us-gaap_AllowanceForDoubtfulAccountsReceivableCurrent"
      xlink:href="http://xbrl.fasb.org/us-gaap/2017/elts/us-gaap-2017-01-31.xsd#us-gaap_AllowanceForDoubtfulAccountsReceivableCurrent" />
    <labelArc xlink:type="arc"
      xlink:arcrole="http://www.xbrl.org/2003/arcrole/concept-label"
      xlink:from="us-gaap_AllowanceForDoubtfulAccountsReceivableCurrent"
      xlink:to="us-gaap_AllowanceForDoubtfulAccountsReceivableCurrent_lbl" />
    <label xlink:type="resource"
      xlink:label="us-gaap_AllowanceForDoubtfulAccountsReceivableCurrent_lbl"
      xml:lang="en-US"
      xlink:role="http://www.xbrl.org/2003/role/label">Accounts receivable, allowance</label>
    <loc xlink:type="locator"
      xlink:label="us-gaap_ClassOfStockDomain"
      xlink:href="http://xbrl.fasb.org/us-gaap/2017/elts/us-gaap-2017-01-31.xsd#us-gaap_ClassOfStockDomain" />
    <labelArc xlink:type="arc"
      xlink:arcrole="http://www.xbrl.org/2003/arcrole/concept-label"
      xlink:from="us-gaap_ClassOfStockDomain"
      xlink:to="us-gaap_ClassOfStockDomain_lbl" />
    <label xlink:type="resource"
      xlink:label="us-gaap_ClassOfStockDomain_lbl"
      xml:lang="en-US"
      xlink:role="http://www.xbrl.org/2003/role/label">Class of Stock [Domain]</label>
    <loc xlink:type="locator"
      xlink:label="us-gaap_CommonClassAMember"
      xlink:href="http://xbrl.fasb.org/us-gaap/2017/elts/us-gaap-2017-01-31.xsd#us-gaap_CommonClassAMember" />
    <labelArc xlink:type="arc"
      xlink:arcrole="http://www.xbrl.org/2003/arcrole/concept-label"
      xlink:from="us-gaap_CommonClassAMember"
      xlink:to="us-gaap_CommonClassAMember_lbl" />
    <label xlink:type="resource"
      xlink:label="us-gaap_CommonClassAMember_lbl"
      xml:lang="en-US"
      xlink:role="http://www.xbrl.org/2003/role/label">Class A Common Stock [Member]</label>
    <loc xlink:type="locator"
      xlink:label="us-gaap_CommonClassBMember"
      xlink:href="http://xbrl.fasb.org/us-gaap/2017/elts/us-gaap-2017-01-31.xsd#us-gaap_CommonClassBMember" />
    <labelArc xlink:type="arc"
      xlink:arcrole="http://www.xbrl.org/2003/arcrole/concept-label"
      xlink:from="us-gaap_CommonClassBMember"
      xlink:to="us-gaap_CommonClassBMember_lbl" />
    <label xlink:type="resource"
      xlink:label="us-gaap_CommonClassBMember_lbl"
      xml:lang="en-US"
      xlink:role="http://www.xbrl.org/2003/role/label">Class B Common Stock [Member]</label>
    <loc xlink:type="locator"
      xlink:label="us-gaap_CommonStockParOrStatedValuePerShare"
      xlink:href="http://xbrl.fasb.org/us-gaap/2017/elts/us-gaap-2017-01-31.xsd#us-gaap_CommonStockParOrStatedValuePerShare" />
    <labelArc xlink:type="arc"
      xlink:arcrole="http://www.xbrl.org/2003/arcrole/concept-label"
      xlink:from="us-gaap_CommonStockParOrStatedValuePerShare"
      xlink:to="us-gaap_CommonStockParOrStatedValuePerShare_lbl" />
    <label xlink:type="resource"
      xlink:label="us-gaap_CommonStockParOrStatedValuePerShare_lbl"
      xml:lang="en-US"
      xlink:role="http://www.xbrl.org/2003/role/label">Common stock, par value per share</label>
    <loc xlink:type="locator"
      xlink:label="us-gaap_CommonStockSharesAuthorized"
      xlink:href="http://xbrl.fasb.org/us-gaap/2017/elts/us-gaap-2017-01-31.xsd#us-gaap_CommonStockSharesAuthorized" />
    <labelArc xlink:type="arc"
      xlink:arcrole="http://www.xbrl.org/2003/arcrole/concept-label"
      xlink:from="us-gaap_CommonStockSharesAuthorized"
      xlink:to="us-gaap_CommonStockSharesAuthorized_lbl" />
    <label xlink:type="resource"
      xlink:label="us-gaap_CommonStockSharesAuthorized_lbl"
      xml:lang="en-US"
      xlink:role="http://www.xbrl.org/2003/role/label">Common stock, shares authorized</label>
    <loc xlink:type="locator"
      xlink:label="us-gaap_CommonStockSharesIssued"
      xlink:href="http://xbrl.fasb.org/us-gaap/2017/elts/us-gaap-2017-01-31.xsd#us-gaap_CommonStockSharesIssued" />
    <labelArc xlink:type="arc"
      xlink:arcrole="http://www.xbrl.org/2003/arcrole/concept-label"
      xlink:from="us-gaap_CommonStockSharesIssued"
      xlink:to="us-gaap_CommonStockSharesIssued_lbl" />
    <label xlink:type="resource"
      xlink:label="us-gaap_CommonStockSharesIssued_lbl"
      xml:lang="en-US"
      xlink:role="http://www.xbrl.org/2003/role/label">Common stock, shares issued</label>
    <loc xlink:type="locator"
      xlink:label="us-gaap_CommonStockSharesOutstanding"
      xlink:href="http://xbrl.fasb.org/us-gaap/2017/elts/us-gaap-2017-01-31.xsd#us-gaap_CommonStockSharesOutstanding" />
    <labelArc xlink:type="arc"
      xlink:arcrole="http://www.xbrl.org/2003/arcrole/concept-label"
      xlink:from="us-gaap_CommonStockSharesOutstanding"
      xlink:to="us-gaap_CommonStockSharesOutstanding_lbl" />
    <label xlink:type="resource"
      xlink:label="us-gaap_CommonStockSharesOutstanding_lbl"
      xml:lang="en-US"
      xlink:role="http://www.xbrl.org/2003/role/label">Common stock, shares outstanding</label>
    <loc xlink:type="locator"
      xlink:label="us-gaap_CommonStockValueOutstanding"
      xlink:href="http://xbrl.fasb.org/us-gaap/2017/elts/us-gaap-2017-01-31.xsd#us-gaap_CommonStockValueOutstanding" />
    <labelArc xlink:type="arc"
      xlink:arcrole="http://www.xbrl.org/2003/arcrole/concept-label"
      xlink:from="us-gaap_CommonStockValueOutstanding"
      xlink:to="us-gaap_CommonStockValueOutstanding_lbl" />
    <label xlink:type="resource"
      xlink:label="us-gaap_CommonStockValueOutstanding_lbl"
      xml:lang="en-US"
      xlink:role="http://www.xbrl.org/2003/role/label">Common stock, value outstanding</label>
    <loc xlink:type="locator"
      xlink:label="us-gaap_CommonStockValue"
      xlink:href="http://xbrl.fasb.org/us-gaap/2017/elts/us-gaap-2017-01-31.xsd#us-gaap_CommonStockValue" />
    <labelArc xlink:type="arc"
      xlink:arcrole="http://www.xbrl.org/2003/arcrole/concept-label"
      xlink:from="us-gaap_CommonStockValue"
      xlink:to="us-gaap_CommonStockValue_lbl" />
    <label xlink:type="resource"
      xlink:label="us-gaap_CommonStockValue_lbl"
      xml:lang="en-US"
      xlink:role="http://www.xbrl.org/2003/role/label">Common stock, par value</label>
    <loc xlink:type="locator"
      xlink:label="us-gaap_PreferredClassAMember"
      xlink:href="http://xbrl.fasb.org/us-gaap/2017/elts/us-gaap-2017-01-31.xsd#us-gaap_PreferredClassAMember" />
    <labelArc xlink:type="arc"
      xlink:arcrole="http://www.xbrl.org/2003/arcrole/concept-label"
      xlink:from="us-gaap_PreferredClassAMember"
      xlink:to="us-gaap_PreferredClassAMember_lbl" />
    <label xlink:type="resource"
      xlink:label="us-gaap_PreferredClassAMember_lbl"
      xml:lang="en-US"
      xlink:role="http://www.xbrl.org/2003/role/label">Class A Preferred Stock [Member]</label>
    <loc xlink:type="locator"
      xlink:label="us-gaap_PreferredClassBMember"
      xlink:href="http://xbrl.fasb.org/us-gaap/2017/elts/us-gaap-2017-01-31.xsd#us-gaap_PreferredClassBMember" />
    <labelArc xlink:type="arc"
      xlink:arcrole="http://www.xbrl.org/2003/arcrole/concept-label"
      xlink:from="us-gaap_PreferredClassBMember"
      xlink:to="us-gaap_PreferredClassBMember_lbl" />
    <label xlink:type="resource"
      xlink:label="us-gaap_PreferredClassBMember_lbl"
      xml:lang="en-US"
      xlink:role="http://www.xbrl.org/2003/role/label">Class B Preferred Stock [Member]</label>
    <loc xlink:type="locator"
      xlink:label="us-gaap_PreferredStockParOrStatedValuePerShare"
      xlink:href="http://xbrl.fasb.org/us-gaap/2017/elts/us-gaap-2017-01-31.xsd#us-gaap_PreferredStockParOrStatedValuePerShare" />
    <labelArc xlink:type="arc"
      xlink:arcrole="http://www.xbrl.org/2003/arcrole/concept-label"
      xlink:from="us-gaap_PreferredStockParOrStatedValuePerShare"
      xlink:to="us-gaap_PreferredStockParOrStatedValuePerShare_lbl" />
    <label xlink:type="resource"
      xlink:label="us-gaap_PreferredStockParOrStatedValuePerShare_lbl"
      xml:lang="en-US"
      xlink:role="http://www.xbrl.org/2003/role/label">Preferred stock, par value per share</label>
    <loc xlink:type="locator"
      xlink:label="us-gaap_PreferredStockSharesAuthorized"
      xlink:href="http://xbrl.fasb.org/us-gaap/2017/elts/us-gaap-2017-01-31.xsd#us-gaap_PreferredStockSharesAuthorized" />
    <labelArc xlink:type="arc"
      xlink:arcrole="http://www.xbrl.org/2003/arcrole/concept-label"
      xlink:from="us-gaap_PreferredStockSharesAuthorized"
      xlink:to="us-gaap_PreferredStockSharesAuthorized_lbl" />
    <label xlink:type="resource"
      xlink:label="us-gaap_PreferredStockSharesAuthorized_lbl"
      xml:lang="en-US"
      xlink:role="http://www.xbrl.org/2003/role/label">Preferred stock, shares authorized</label>
    <loc xlink:type="locator"
      xlink:label="us-gaap_PreferredStockSharesIssued"
      xlink:href="http://xbrl.fasb.org/us-gaap/2017/elts/us-gaap-2017-01-31.xsd#us-gaap_PreferredStockSharesIssued" />
    <labelArc xlink:type="arc"
      xlink:arcrole="http://www.xbrl.org/2003/arcrole/concept-label"
      xlink:from="us-gaap_PreferredStockSharesIssued"
      xlink:to="us-gaap_PreferredStockSharesIssued_lbl" />
    <label xlink:type="resource"
      xlink:label="us-gaap_PreferredStockSharesIssued_lbl"
      xml:lang="en-US"
      xlink:role="http://www.xbrl.org/2003/role/label">Preferred stock, shares issued</label>
    <loc xlink:type="locator"
      xlink:label="us-gaap_PreferredStockSharesOutstanding"
      xlink:href="http://xbrl.fasb.org/us-gaap/2017/elts/us-gaap-2017-01-31.xsd#us-gaap_PreferredStockSharesOutstanding" />
    <labelArc xlink:type="arc"
      xlink:arcrole="http://www.xbrl.org/2003/arcrole/concept-label"
      xlink:from="us-gaap_PreferredStockSharesOutstanding"
      xlink:to="us-gaap_PreferredStockSharesOutstanding_lbl" />
    <label xlink:type="resource"
      xlink:label="us-gaap_PreferredStockSharesOutstanding_lbl"
      xml:lang="en-US"
      xlink:role="http://www.xbrl.org/2003/role/label">Preferred stock, shares outstanding</label>
    <loc xlink:type="locator"
      xlink:label="us-gaap_PreferredStockValueOutstanding"
      xlink:href="http://xbrl.fasb.org/us-gaap/2017/elts/us-gaap-2017-01-31.xsd#us-gaap_PreferredStockValueOutstanding" />
    <labelArc xlink:type="arc"
      xlink:arcrole="http://www.xbrl.org/2003/arcrole/concept-label"
      xlink:from="us-gaap_PreferredStockValueOutstanding"
      xlink:to="us-gaap_PreferredStockValueOutstanding_lbl" />
    <label xlink:type="resource"
      xlink:label="us-gaap_PreferredStockValueOutstanding_lbl"
      xml:lang="en-US"
      xlink:role="http://www.xbrl.org/2003/role/label">Preferred stock, value outstanding</label>
    <loc xlink:type="locator"
      xlink:label="us-gaap_StatementClassOfStockAxis"
      xlink:href="http://xbrl.fasb.org/us-gaap/2017/elts/us-gaap-2017-01-31.xsd#us-gaap_StatementClassOfStockAxis" />
    <labelArc xlink:type="arc"
      xlink:arcrole="http://www.xbrl.org/2003/arcrole/concept-label"
      xlink:from="us-gaap_StatementClassOfStockAxis"
      xlink:to="us-gaap_StatementClassOfStockAxis_lbl" />
    <label xlink:type="resource"
      xlink:label="us-gaap_StatementClassOfStockAxis_lbl"
      xml:lang="en-US"
      xlink:role="http://www.xbrl.org/2003/role/label">Class of Stock [Axis]</label>
    <loc xlink:type="locator"
      xlink:label="us-gaap_StatementLineItems"
      xlink:href="http://xbrl.fasb.org/us-gaap/2017/elts/us-gaap-2017-01-31.xsd#us-gaap_StatementLineItems" />
    <labelArc xlink:type="arc"
      xlink:arcrole="http://www.xbrl.org/2003/arcrole/concept-label"
      xlink:from="us-gaap_StatementLineItems"
      xlink:to="us-gaap_StatementLineItems_lbl" />
    <label xlink:type="resource"
      xlink:label="us-gaap_StatementLineItems_lbl"
      xml:lang="en-US"
      xlink:role="http://www.xbrl.org/2003/role/label">Statement [Line Items]</label>
  </labelLink>
</linkbase>