<?xml version="1.0" encoding="utf-8"?>
<!--
Taxonomy Definition Links linkbase based on XBRL standard Version 2.1.
Created by UBmatrix Taxonomy Designer 3.0.3.2436 (2009-06-02 13:18).  
Contact www.ubmatrix.com
Copyright (c) 2002-2017 UBmatrix inc., All Rights Reserved
Produced on 2017-06-13 08:21:10
-->
<linkbase
  xmlns="http://www.xbrl.org/2003/linkbase"
  xmlns:xsi="http://www.w3.org/2001/XMLSchema-instance"
  xmlns:xlink="http://www.w3.org/1999/xlink"
  xmlns:xbrldt="http://xbrl.org/2005/xbrldt"
  xsi:schemaLocation="
    http://www.xbrl.org/2003/linkbase 
      http://www.xbrl.org/2003/xbrl-linkbase-2003-12-31.xsd
    http://xbrl.org/2005/xbrldt  http://www.xbrl.org/2005/xbrldt-2005.xsd
    ">
  <roleRef xlink:type="simple"
    xlink:href="ComplexRollForward.xsd#MovementInPropertyPlantAndEquipmentNet"
    roleURI="http://xbrlsite.azurewebsites.net/DigitalFinancialReporting/BusinessUseCases/ComplexRollForward/MovementInPropertyPlantAndEquipmentNet" />
  <arcroleRef xlink:type="simple"
    xlink:href="http://www.xbrl.org/2005/xbrldt-2005.xsd#domain-member"
    arcroleURI="http://xbrl.org/int/dim/arcrole/domain-member" />
  <arcroleRef xlink:type="simple"
    xlink:href="http://www.xbrl.org/2005/xbrldt-2005.xsd#all"
    arcroleURI="http://xbrl.org/int/dim/arcrole/all" />
  <arcroleRef xlink:type="simple"
    xlink:href="http://www.xbrl.org/2005/xbrldt-2005.xsd#hypercube-dimension"
    arcroleURI="http://xbrl.org/int/dim/arcrole/hypercube-dimension" />
  <arcroleRef xlink:type="simple"
    xlink:href="http://www.xbrl.org/2005/xbrldt-2005.xsd#dimension-domain"
    arcroleURI="http://xbrl.org/int/dim/arcrole/dimension-domain" />
  <roleRef xlink:type="simple"
    xlink:href="ComplexRollForward.xsd#RollUpOfChangesInPropertyPlantAndEquipmentNet"
    roleURI="http://xbrlsite.azurewebsites.net/DigitalFinancialReporting/BusinessUseCases/ComplexRollForward/RollUpOfChangesInPropertyPlantAndEquipmentNet" />
  <roleRef xlink:type="simple"
    xlink:href="ComplexRollForward.xsd#PropertyPlantAndEquipmentNet"
    roleURI="http://xbrlsite.azurewebsites.net/DigitalFinancialReporting/BusinessUseCases/ComplexRollForward/PropertyPlantAndEquipmentNet" />
  <definitionLink xlink:type="extended"
    xlink:role="http://xbrlsite.azurewebsites.net/DigitalFinancialReporting/BusinessUseCases/ComplexRollForward/MovementInPropertyPlantAndEquipmentNet">
    <loc xlink:type="locator"
      xlink:label="pattern_MovementInPropertyPlantAndEquipmentNetLineItems"
      xlink:href="ComplexRollForward.xsd#pattern_MovementInPropertyPlantAndEquipmentNetLineItems" />
    <loc xlink:type="locator"
      xlink:label="pattern_MovementInLandRollForward"
      xlink:href="ComplexRollForward.xsd#pattern_MovementInLandRollForward" />
    <definitionArc xlink:type="arc"
      xlink:arcrole="http://xbrl.org/int/dim/arcrole/domain-member"
      xlink:from="pattern_MovementInPropertyPlantAndEquipmentNetLineItems"
      xlink:to="pattern_MovementInLandRollForward"
      order="1"
      use="optional" />
    <loc xlink:type="locator"
      xlink:label="pattern_Land"
      xlink:href="ComplexRollForward.xsd#pattern_Land" />
    <definitionArc xlink:type="arc"
      xlink:arcrole="http://xbrl.org/int/dim/arcrole/domain-member"
      xlink:from="pattern_MovementInLandRollForward"
      xlink:to="pattern_Land"
      order="1"
      use="optional" />
    <loc xlink:type="locator"
      xlink:label="pattern_LandPeriodIncreaseDecreaseRollUp"
      xlink:href="ComplexRollForward.xsd#pattern_LandPeriodIncreaseDecreaseRollUp" />
    <definitionArc xlink:type="arc"
      xlink:arcrole="http://xbrl.org/int/dim/arcrole/domain-member"
      xlink:from="pattern_MovementInLandRollForward"
      xlink:to="pattern_LandPeriodIncreaseDecreaseRollUp"
      order="2"
      use="optional" />
    <loc xlink:type="locator"
      xlink:label="pattern_LandAdditions"
      xlink:href="ComplexRollForward.xsd#pattern_LandAdditions" />
    <definitionArc xlink:type="arc"
      xlink:arcrole="http://xbrl.org/int/dim/arcrole/domain-member"
      xlink:from="pattern_LandPeriodIncreaseDecreaseRollUp"
      xlink:to="pattern_LandAdditions"
      order="1"
      use="optional" />
    <loc xlink:type="locator"
      xlink:label="pattern_LandDisposals"
      xlink:href="ComplexRollForward.xsd#pattern_LandDisposals" />
    <definitionArc xlink:type="arc"
      xlink:arcrole="http://xbrl.org/int/dim/arcrole/domain-member"
      xlink:from="pattern_LandPeriodIncreaseDecreaseRollUp"
      xlink:to="pattern_LandDisposals"
      order="2"
      use="optional" />
    <loc xlink:type="locator"
      xlink:label="pattern_LandTranslationDifference"
      xlink:href="ComplexRollForward.xsd#pattern_LandTranslationDifference" />
    <definitionArc xlink:type="arc"
      xlink:arcrole="http://xbrl.org/int/dim/arcrole/domain-member"
      xlink:from="pattern_LandPeriodIncreaseDecreaseRollUp"
      xlink:to="pattern_LandTranslationDifference"
      order="3"
      use="optional" />
    <loc xlink:type="locator"
      xlink:label="pattern_LandOtherIncreaseDecrease"
      xlink:href="ComplexRollForward.xsd#pattern_LandOtherIncreaseDecrease" />
    <definitionArc xlink:type="arc"
      xlink:arcrole="http://xbrl.org/int/dim/arcrole/domain-member"
      xlink:from="pattern_LandPeriodIncreaseDecreaseRollUp"
      xlink:to="pattern_LandOtherIncreaseDecrease"
      order="4"
      use="optional" />
    <loc xlink:type="locator"
      xlink:label="pattern_LandPeriodIncreaseDecrease"
      xlink:href="ComplexRollForward.xsd#pattern_LandPeriodIncreaseDecrease" />
    <definitionArc xlink:type="arc"
      xlink:arcrole="http://xbrl.org/int/dim/arcrole/domain-member"
      xlink:from="pattern_LandPeriodIncreaseDecreaseRollUp"
      xlink:to="pattern_LandPeriodIncreaseDecrease"
      order="5"
      use="optional" />
    <loc xlink:type="locator"
      xlink:label="pattern_MovementInBuildingsNetRollForward"
      xlink:href="ComplexRollForward.xsd#pattern_MovementInBuildingsNetRollForward" />
    <definitionArc xlink:type="arc"
      xlink:arcrole="http://xbrl.org/int/dim/arcrole/domain-member"
      xlink:from="pattern_MovementInPropertyPlantAndEquipmentNetLineItems"
      xlink:to="pattern_MovementInBuildingsNetRollForward"
      order="2"
      use="optional" />
    <loc xlink:type="locator"
      xlink:label="pattern_BuildingsNet"
      xlink:href="ComplexRollForward.xsd#pattern_BuildingsNet" />
    <definitionArc xlink:type="arc"
      xlink:arcrole="http://xbrl.org/int/dim/arcrole/domain-member"
      xlink:from="pattern_MovementInBuildingsNetRollForward"
      xlink:to="pattern_BuildingsNet"
      order="1"
      use="optional" />
    <loc xlink:type="locator"
      xlink:label="pattern_BuildingsNetPeriodIncreaseDecreaseRollUp"
      xlink:href="ComplexRollForward.xsd#pattern_BuildingsNetPeriodIncreaseDecreaseRollUp" />
    <definitionArc xlink:type="arc"
      xlink:arcrole="http://xbrl.org/int/dim/arcrole/domain-member"
      xlink:from="pattern_MovementInBuildingsNetRollForward"
      xlink:to="pattern_BuildingsNetPeriodIncreaseDecreaseRollUp"
      order="2"
      use="optional" />
    <loc xlink:type="locator"
      xlink:label="pattern_BuildingsNetAdditions"
      xlink:href="ComplexRollForward.xsd#pattern_BuildingsNetAdditions" />
    <definitionArc xlink:type="arc"
      xlink:arcrole="http://xbrl.org/int/dim/arcrole/domain-member"
      xlink:from="pattern_BuildingsNetPeriodIncreaseDecreaseRollUp"
      xlink:to="pattern_BuildingsNetAdditions"
      order="1"
      use="optional" />
    <loc xlink:type="locator"
      xlink:label="pattern_BuildingsNetDisposals"
      xlink:href="ComplexRollForward.xsd#pattern_BuildingsNetDisposals" />
    <definitionArc xlink:type="arc"
      xlink:arcrole="http://xbrl.org/int/dim/arcrole/domain-member"
      xlink:from="pattern_BuildingsNetPeriodIncreaseDecreaseRollUp"
      xlink:to="pattern_BuildingsNetDisposals"
      order="2"
      use="optional" />
    <loc xlink:type="locator"
      xlink:label="pattern_BuildingsNetTranslationDifference"
      xlink:href="ComplexRollForward.xsd#pattern_BuildingsNetTranslationDifference" />
    <definitionArc xlink:type="arc"
      xlink:arcrole="http://xbrl.org/int/dim/arcrole/domain-member"
      xlink:from="pattern_BuildingsNetPeriodIncreaseDecreaseRollUp"
      xlink:to="pattern_BuildingsNetTranslationDifference"
      order="3"
      use="optional" />
    <loc xlink:type="locator"
      xlink:label="pattern_BuildingsNetOtherIncreaseDecrease"
      xlink:href="ComplexRollForward.xsd#pattern_BuildingsNetOtherIncreaseDecrease" />
    <definitionArc xlink:type="arc"
      xlink:arcrole="http://xbrl.org/int/dim/arcrole/domain-member"
      xlink:from="pattern_BuildingsNetPeriodIncreaseDecreaseRollUp"
      xlink:to="pattern_BuildingsNetOtherIncreaseDecrease"
      order="4"
      use="optional" />
    <loc xlink:type="locator"
      xlink:label="pattern_BuildingsNetPeriodIncreaseDecrease"
      xlink:href="ComplexRollForward.xsd#pattern_BuildingsNetPeriodIncreaseDecrease" />
    <definitionArc xlink:type="arc"
      xlink:arcrole="http://xbrl.org/int/dim/arcrole/domain-member"
      xlink:from="pattern_BuildingsNetPeriodIncreaseDecreaseRollUp"
      xlink:to="pattern_BuildingsNetPeriodIncreaseDecrease"
      order="5"
      use="optional" />
    <loc xlink:type="locator"
      xlink:label="pattern_MovementInFurnitureFixturesNetRollForward"
      xlink:href="ComplexRollForward.xsd#pattern_MovementInFurnitureFixturesNetRollForward" />
    <definitionArc xlink:type="arc"
      xlink:arcrole="http://xbrl.org/int/dim/arcrole/domain-member"
      xlink:from="pattern_MovementInPropertyPlantAndEquipmentNetLineItems"
      xlink:to="pattern_MovementInFurnitureFixturesNetRollForward"
      order="3"
      use="optional" />
    <loc xlink:type="locator"
      xlink:label="pattern_FurnitureAndFixturesNet"
      xlink:href="ComplexRollForward.xsd#pattern_FurnitureAndFixturesNet" />
    <definitionArc xlink:type="arc"
      xlink:arcrole="http://xbrl.org/int/dim/arcrole/domain-member"
      xlink:from="pattern_MovementInFurnitureFixturesNetRollForward"
      xlink:to="pattern_FurnitureAndFixturesNet"
      order="1"
      use="optional" />
    <loc xlink:type="locator"
      xlink:label="pattern_FurnitureFixturesNetPeriodIncreaseDecreaseRollUp"
      xlink:href="ComplexRollForward.xsd#pattern_FurnitureFixturesNetPeriodIncreaseDecreaseRollUp" />
    <definitionArc xlink:type="arc"
      xlink:arcrole="http://xbrl.org/int/dim/arcrole/domain-member"
      xlink:from="pattern_MovementInFurnitureFixturesNetRollForward"
      xlink:to="pattern_FurnitureFixturesNetPeriodIncreaseDecreaseRollUp"
      order="2"
      use="optional" />
    <loc xlink:type="locator"
      xlink:label="pattern_FurnitureAndFixturesNetAdditions"
      xlink:href="ComplexRollForward.xsd#pattern_FurnitureAndFixturesNetAdditions" />
    <definitionArc xlink:type="arc"
      xlink:arcrole="http://xbrl.org/int/dim/arcrole/domain-member"
      xlink:from="pattern_FurnitureFixturesNetPeriodIncreaseDecreaseRollUp"
      xlink:to="pattern_FurnitureAndFixturesNetAdditions"
      order="1"
      use="optional" />
    <loc xlink:type="locator"
      xlink:label="pattern_FurnitureAndFixturesNetDisposals"
      xlink:href="ComplexRollForward.xsd#pattern_FurnitureAndFixturesNetDisposals" />
    <definitionArc xlink:type="arc"
      xlink:arcrole="http://xbrl.org/int/dim/arcrole/domain-member"
      xlink:from="pattern_FurnitureFixturesNetPeriodIncreaseDecreaseRollUp"
      xlink:to="pattern_FurnitureAndFixturesNetDisposals"
      order="2"
      use="optional" />
    <loc xlink:type="locator"
      xlink:label="pattern_FurnitureAndFixturesNetTranslationDifference"
      xlink:href="ComplexRollForward.xsd#pattern_FurnitureAndFixturesNetTranslationDifference" />
    <definitionArc xlink:type="arc"
      xlink:arcrole="http://xbrl.org/int/dim/arcrole/domain-member"
      xlink:from="pattern_FurnitureFixturesNetPeriodIncreaseDecreaseRollUp"
      xlink:to="pattern_FurnitureAndFixturesNetTranslationDifference"
      order="3"
      use="optional" />
    <loc xlink:type="locator"
      xlink:label="pattern_FurnitureAndFixturesNetOtherIncreaseDecrease"
      xlink:href="ComplexRollForward.xsd#pattern_FurnitureAndFixturesNetOtherIncreaseDecrease" />
    <definitionArc xlink:type="arc"
      xlink:arcrole="http://xbrl.org/int/dim/arcrole/domain-member"
      xlink:from="pattern_FurnitureFixturesNetPeriodIncreaseDecreaseRollUp"
      xlink:to="pattern_FurnitureAndFixturesNetOtherIncreaseDecrease"
      order="4"
      use="optional" />
    <loc xlink:type="locator"
      xlink:label="pattern_FurnitureAndFixturesNetPeriodIncreaseDecrease"
      xlink:href="ComplexRollForward.xsd#pattern_FurnitureAndFixturesNetPeriodIncreaseDecrease" />
    <definitionArc xlink:type="arc"
      xlink:arcrole="http://xbrl.org/int/dim/arcrole/domain-member"
      xlink:from="pattern_FurnitureFixturesNetPeriodIncreaseDecreaseRollUp"
      xlink:to="pattern_FurnitureAndFixturesNetPeriodIncreaseDecrease"
      order="5"
      use="optional" />
    <loc xlink:type="locator"
      xlink:label="pattern_MovementInOtherPropertyPlantEquipmentNetRollForward"
      xlink:href="ComplexRollForward.xsd#pattern_MovementInOtherPropertyPlantEquipmentNetRollForward" />
    <definitionArc xlink:type="arc"
      xlink:arcrole="http://xbrl.org/int/dim/arcrole/domain-member"
      xlink:from="pattern_MovementInPropertyPlantAndEquipmentNetLineItems"
      xlink:to="pattern_MovementInOtherPropertyPlantEquipmentNetRollForward"
      order="4"
      use="optional" />
    <loc xlink:type="locator"
      xlink:label="pattern_OtherPropertyPlantAndEquipmentNet"
      xlink:href="ComplexRollForward.xsd#pattern_OtherPropertyPlantAndEquipmentNet" />
    <definitionArc xlink:type="arc"
      xlink:arcrole="http://xbrl.org/int/dim/arcrole/domain-member"
      xlink:from="pattern_MovementInOtherPropertyPlantEquipmentNetRollForward"
      xlink:to="pattern_OtherPropertyPlantAndEquipmentNet"
      order="1"
      use="optional" />
    <loc xlink:type="locator"
      xlink:label="pattern_OtherPropertyPlantEquipmentNetPeriodIncreaseDecreaseRollUp"
      xlink:href="ComplexRollForward.xsd#pattern_OtherPropertyPlantEquipmentNetPeriodIncreaseDecreaseRollUp" />
    <definitionArc xlink:type="arc"
      xlink:arcrole="http://xbrl.org/int/dim/arcrole/domain-member"
      xlink:from="pattern_MovementInOtherPropertyPlantEquipmentNetRollForward"
      xlink:to="pattern_OtherPropertyPlantEquipmentNetPeriodIncreaseDecreaseRollUp"
      order="2"
      use="optional" />
    <loc xlink:type="locator"
      xlink:label="pattern_OtherPropertyPlantAndEquipmentNetAdditions"
      xlink:href="ComplexRollForward.xsd#pattern_OtherPropertyPlantAndEquipmentNetAdditions" />
    <definitionArc xlink:type="arc"
      xlink:arcrole="http://xbrl.org/int/dim/arcrole/domain-member"
      xlink:from="pattern_OtherPropertyPlantEquipmentNetPeriodIncreaseDecreaseRollUp"
      xlink:to="pattern_OtherPropertyPlantAndEquipmentNetAdditions"
      order="1"
      use="optional" />
    <loc xlink:type="locator"
      xlink:label="pattern_OtherPropertyPlantAndEquipmentNetDisposals"
      xlink:href="ComplexRollForward.xsd#pattern_OtherPropertyPlantAndEquipmentNetDisposals" />
    <definitionArc xlink:type="arc"
      xlink:arcrole="http://xbrl.org/int/dim/arcrole/domain-member"
      xlink:from="pattern_OtherPropertyPlantEquipmentNetPeriodIncreaseDecreaseRollUp"
      xlink:to="pattern_OtherPropertyPlantAndEquipmentNetDisposals"
      order="2"
      use="optional" />
    <loc xlink:type="locator"
      xlink:label="pattern_OtherPropertyPlantAndEquipmentNetTranslationDifference"
      xlink:href="ComplexRollForward.xsd#pattern_OtherPropertyPlantAndEquipmentNetTranslationDifference" />
    <definitionArc xlink:type="arc"
      xlink:arcrole="http://xbrl.org/int/dim/arcrole/domain-member"
      xlink:from="pattern_OtherPropertyPlantEquipmentNetPeriodIncreaseDecreaseRollUp"
      xlink:to="pattern_OtherPropertyPlantAndEquipmentNetTranslationDifference"
      order="3"
      use="optional" />
    <loc xlink:type="locator"
      xlink:label="pattern_OtherPropertyPlantAndEquipmentNetOtherIncreaseDecrease"
      xlink:href="ComplexRollForward.xsd#pattern_OtherPropertyPlantAndEquipmentNetOtherIncreaseDecrease" />
    <definitionArc xlink:type="arc"
      xlink:arcrole="http://xbrl.org/int/dim/arcrole/domain-member"
      xlink:from="pattern_OtherPropertyPlantEquipmentNetPeriodIncreaseDecreaseRollUp"
      xlink:to="pattern_OtherPropertyPlantAndEquipmentNetOtherIncreaseDecrease"
      order="4"
      use="optional" />
    <loc xlink:type="locator"
      xlink:label="pattern_OtherPropertyPlantAndEquipmentNetPeriodIncreaseDecrease"
      xlink:href="ComplexRollForward.xsd#pattern_OtherPropertyPlantAndEquipmentNetPeriodIncreaseDecrease" />
    <definitionArc xlink:type="arc"
      xlink:arcrole="http://xbrl.org/int/dim/arcrole/domain-member"
      xlink:from="pattern_OtherPropertyPlantEquipmentNetPeriodIncreaseDecreaseRollUp"
      xlink:to="pattern_OtherPropertyPlantAndEquipmentNetPeriodIncreaseDecrease"
      order="5"
      use="optional" />
    <loc xlink:type="locator"
      xlink:label="pattern_MovementInPropertyPlantEquipmentNetRollForward"
      xlink:href="ComplexRollForward.xsd#pattern_MovementInPropertyPlantEquipmentNetRollForward" />
    <definitionArc xlink:type="arc"
      xlink:arcrole="http://xbrl.org/int/dim/arcrole/domain-member"
      xlink:from="pattern_MovementInPropertyPlantAndEquipmentNetLineItems"
      xlink:to="pattern_MovementInPropertyPlantEquipmentNetRollForward"
      order="5"
      use="optional" />
    <loc xlink:type="locator"
      xlink:label="pattern_PropertyPlantAndEquipmentNet"
      xlink:href="ComplexRollForward.xsd#pattern_PropertyPlantAndEquipmentNet" />
    <definitionArc xlink:type="arc"
      xlink:arcrole="http://xbrl.org/int/dim/arcrole/domain-member"
      xlink:from="pattern_MovementInPropertyPlantEquipmentNetRollForward"
      xlink:to="pattern_PropertyPlantAndEquipmentNet"
      order="1"
      use="optional" />
    <loc xlink:type="locator"
      xlink:label="pattern_PropertyPlantEquipmentNetPeriodIncreaseDecreaseRollUp"
      xlink:href="ComplexRollForward.xsd#pattern_PropertyPlantEquipmentNetPeriodIncreaseDecreaseRollUp" />
    <definitionArc xlink:type="arc"
      xlink:arcrole="http://xbrl.org/int/dim/arcrole/domain-member"
      xlink:from="pattern_MovementInPropertyPlantEquipmentNetRollForward"
      xlink:to="pattern_PropertyPlantEquipmentNetPeriodIncreaseDecreaseRollUp"
      order="2"
      use="optional" />
    <loc xlink:type="locator"
      xlink:label="pattern_PropertyPlantAndEquipmentNetAdditions"
      xlink:href="ComplexRollForward.xsd#pattern_PropertyPlantAndEquipmentNetAdditions" />
    <definitionArc xlink:type="arc"
      xlink:arcrole="http://xbrl.org/int/dim/arcrole/domain-member"
      xlink:from="pattern_PropertyPlantEquipmentNetPeriodIncreaseDecreaseRollUp"
      xlink:to="pattern_PropertyPlantAndEquipmentNetAdditions"
      order="1"
      use="optional" />
    <loc xlink:type="locator"
      xlink:label="pattern_PropertyPlantAndEquipmentNetDisposals"
      xlink:href="ComplexRollForward.xsd#pattern_PropertyPlantAndEquipmentNetDisposals" />
    <definitionArc xlink:type="arc"
      xlink:arcrole="http://xbrl.org/int/dim/arcrole/domain-member"
      xlink:from="pattern_PropertyPlantEquipmentNetPeriodIncreaseDecreaseRollUp"
      xlink:to="pattern_PropertyPlantAndEquipmentNetDisposals"
      order="2"
      use="optional" />
    <loc xlink:type="locator"
      xlink:label="pattern_PropertyPlantAndEquipmentNetTranslationDifference"
      xlink:href="ComplexRollForward.xsd#pattern_PropertyPlantAndEquipmentNetTranslationDifference" />
    <definitionArc xlink:type="arc"
      xlink:arcrole="http://xbrl.org/int/dim/arcrole/domain-member"
      xlink:from="pattern_PropertyPlantEquipmentNetPeriodIncreaseDecreaseRollUp"
      xlink:to="pattern_PropertyPlantAndEquipmentNetTranslationDifference"
      order="3"
      use="optional" />
    <loc xlink:type="locator"
      xlink:label="pattern_PropertyPlantAndEquipmentNetOtherIncreaseDecrease"
      xlink:href="ComplexRollForward.xsd#pattern_PropertyPlantAndEquipmentNetOtherIncreaseDecrease" />
    <definitionArc xlink:type="arc"
      xlink:arcrole="http://xbrl.org/int/dim/arcrole/domain-member"
      xlink:from="pattern_PropertyPlantEquipmentNetPeriodIncreaseDecreaseRollUp"
      xlink:to="pattern_PropertyPlantAndEquipmentNetOtherIncreaseDecrease"
      order="4"
      use="optional" />
    <loc xlink:type="locator"
      xlink:label="pattern_PropertyPlantAndEquipmentNetPeriodIncreaseDecrease"
      xlink:href="ComplexRollForward.xsd#pattern_PropertyPlantAndEquipmentNetPeriodIncreaseDecrease" />
    <definitionArc xlink:type="arc"
      xlink:arcrole="http://xbrl.org/int/dim/arcrole/domain-member"
      xlink:from="pattern_PropertyPlantEquipmentNetPeriodIncreaseDecreaseRollUp"
      xlink:to="pattern_PropertyPlantAndEquipmentNetPeriodIncreaseDecrease"
      order="5"
      use="optional" />
    <loc xlink:type="locator"
      xlink:label="pattern_MovementInPropertyPlantEquipmentNetTable"
      xlink:href="ComplexRollForward.xsd#pattern_MovementInPropertyPlantEquipmentNetTable" />
    <definitionArc xlink:type="arc"
      xlink:arcrole="http://xbrl.org/int/dim/arcrole/all"
      xlink:from="pattern_MovementInPropertyPlantAndEquipmentNetLineItems"
      xlink:to="pattern_MovementInPropertyPlantEquipmentNetTable"
      order="6"
      use="optional"
      xbrldt:contextElement="segment"
      xbrldt:closed="true" />
    <loc xlink:type="locator"
      xlink:label="frm_LegalEntityAxis"
      xlink:href="http://xbrlsite.azurewebsites.net/DigitalFinancialReporting/Schemas/2017-05-07/frm.xsd#frm_LegalEntityAxis" />
    <definitionArc xlink:type="arc"
      xlink:arcrole="http://xbrl.org/int/dim/arcrole/hypercube-dimension"
      xlink:from="pattern_MovementInPropertyPlantEquipmentNetTable"
      xlink:to="frm_LegalEntityAxis"
      order="1"
      use="optional" />
    <loc xlink:type="locator"
      xlink:label="frm_ConsolidatedEntityMember"
      xlink:href="http://xbrlsite.azurewebsites.net/DigitalFinancialReporting/Schemas/2017-05-07/frm.xsd#frm_ConsolidatedEntityMember" />
    <definitionArc xlink:type="arc"
      xlink:arcrole="http://xbrl.org/int/dim/arcrole/dimension-domain"
      xlink:from="frm_LegalEntityAxis" xlink:to="frm_ConsolidatedEntityMember"
      order="1"
      use="optional" />
  </definitionLink>
  <definitionLink xlink:type="extended"
    xlink:role="http://xbrlsite.azurewebsites.net/DigitalFinancialReporting/BusinessUseCases/ComplexRollForward/RollUpOfChangesInPropertyPlantAndEquipmentNet">
    <loc xlink:type="locator"
      xlink:label="pattern_RollUpChangesInPropertyPlantEquipmentNetLineItems"
      xlink:href="ComplexRollForward.xsd#pattern_RollUpChangesInPropertyPlantEquipmentNetLineItems" />
    <loc xlink:type="locator"
      xlink:label="pattern_PropertyPlantEquipmentNetPeriodIncreaseDecreaseRollUp"
      xlink:href="ComplexRollForward.xsd#pattern_PropertyPlantEquipmentNetPeriodIncreaseDecreaseRollUp" />
    <definitionArc xlink:type="arc"
      xlink:arcrole="http://xbrl.org/int/dim/arcrole/domain-member"
      xlink:from="pattern_RollUpChangesInPropertyPlantEquipmentNetLineItems"
      xlink:to="pattern_PropertyPlantEquipmentNetPeriodIncreaseDecreaseRollUp"
      order="1"
      use="optional" />
    <loc xlink:type="locator"
      xlink:label="pattern_PropertyPlantEquipmentNetAdditionsRollUp"
      xlink:href="ComplexRollForward.xsd#pattern_PropertyPlantEquipmentNetAdditionsRollUp" />
    <definitionArc xlink:type="arc"
      xlink:arcrole="http://xbrl.org/int/dim/arcrole/domain-member"
      xlink:from="pattern_PropertyPlantEquipmentNetPeriodIncreaseDecreaseRollUp"
      xlink:to="pattern_PropertyPlantEquipmentNetAdditionsRollUp"
      order="1"
      use="optional" />
    <loc xlink:type="locator"
      xlink:label="pattern_LandAdditions"
      xlink:href="ComplexRollForward.xsd#pattern_LandAdditions" />
    <definitionArc xlink:type="arc"
      xlink:arcrole="http://xbrl.org/int/dim/arcrole/domain-member"
      xlink:from="pattern_PropertyPlantEquipmentNetAdditionsRollUp"
      xlink:to="pattern_LandAdditions"
      order="1"
      use="optional" />
    <loc xlink:type="locator"
      xlink:label="pattern_BuildingsNetAdditions"
      xlink:href="ComplexRollForward.xsd#pattern_BuildingsNetAdditions" />
    <definitionArc xlink:type="arc"
      xlink:arcrole="http://xbrl.org/int/dim/arcrole/domain-member"
      xlink:from="pattern_PropertyPlantEquipmentNetAdditionsRollUp"
      xlink:to="pattern_BuildingsNetAdditions"
      order="2"
      use="optional" />
    <loc xlink:type="locator"
      xlink:label="pattern_FurnitureAndFixturesNetAdditions"
      xlink:href="ComplexRollForward.xsd#pattern_FurnitureAndFixturesNetAdditions" />
    <definitionArc xlink:type="arc"
      xlink:arcrole="http://xbrl.org/int/dim/arcrole/domain-member"
      xlink:from="pattern_PropertyPlantEquipmentNetAdditionsRollUp"
      xlink:to="pattern_FurnitureAndFixturesNetAdditions"
      order="3"
      use="optional" />
    <loc xlink:type="locator"
      xlink:label="pattern_OtherPropertyPlantAndEquipmentNetAdditions"
      xlink:href="ComplexRollForward.xsd#pattern_OtherPropertyPlantAndEquipmentNetAdditions" />
    <definitionArc xlink:type="arc"
      xlink:arcrole="http://xbrl.org/int/dim/arcrole/domain-member"
      xlink:from="pattern_PropertyPlantEquipmentNetAdditionsRollUp"
      xlink:to="pattern_OtherPropertyPlantAndEquipmentNetAdditions"
      order="4"
      use="optional" />
    <loc xlink:type="locator"
      xlink:label="pattern_PropertyPlantAndEquipmentNetAdditions"
      xlink:href="ComplexRollForward.xsd#pattern_PropertyPlantAndEquipmentNetAdditions" />
    <definitionArc xlink:type="arc"
      xlink:arcrole="http://xbrl.org/int/dim/arcrole/domain-member"
      xlink:from="pattern_PropertyPlantEquipmentNetAdditionsRollUp"
      xlink:to="pattern_PropertyPlantAndEquipmentNetAdditions"
      order="5"
      use="optional" />
    <loc xlink:type="locator"
      xlink:label="pattern_PropertyPlantEquipmentNetDisplosalsRollUp"
      xlink:href="ComplexRollForward.xsd#pattern_PropertyPlantEquipmentNetDisplosalsRollUp" />
    <definitionArc xlink:type="arc"
      xlink:arcrole="http://xbrl.org/int/dim/arcrole/domain-member"
      xlink:from="pattern_PropertyPlantEquipmentNetPeriodIncreaseDecreaseRollUp"
      xlink:to="pattern_PropertyPlantEquipmentNetDisplosalsRollUp"
      order="2"
      use="optional" />
    <loc xlink:type="locator"
      xlink:label="pattern_LandDisposals"
      xlink:href="ComplexRollForward.xsd#pattern_LandDisposals" />
    <definitionArc xlink:type="arc"
      xlink:arcrole="http://xbrl.org/int/dim/arcrole/domain-member"
      xlink:from="pattern_PropertyPlantEquipmentNetDisplosalsRollUp"
      xlink:to="pattern_LandDisposals"
      order="1"
      use="optional" />
    <loc xlink:type="locator"
      xlink:label="pattern_BuildingsNetDisposals"
      xlink:href="ComplexRollForward.xsd#pattern_BuildingsNetDisposals" />
    <definitionArc xlink:type="arc"
      xlink:arcrole="http://xbrl.org/int/dim/arcrole/domain-member"
      xlink:from="pattern_PropertyPlantEquipmentNetDisplosalsRollUp"
      xlink:to="pattern_BuildingsNetDisposals"
      order="2"
      use="optional" />
    <loc xlink:type="locator"
      xlink:label="pattern_FurnitureAndFixturesNetDisposals"
      xlink:href="ComplexRollForward.xsd#pattern_FurnitureAndFixturesNetDisposals" />
    <definitionArc xlink:type="arc"
      xlink:arcrole="http://xbrl.org/int/dim/arcrole/domain-member"
      xlink:from="pattern_PropertyPlantEquipmentNetDisplosalsRollUp"
      xlink:to="pattern_FurnitureAndFixturesNetDisposals"
      order="3"
      use="optional" />
    <loc xlink:type="locator"
      xlink:label="pattern_OtherPropertyPlantAndEquipmentNetDisposals"
      xlink:href="ComplexRollForward.xsd#pattern_OtherPropertyPlantAndEquipmentNetDisposals" />
    <definitionArc xlink:type="arc"
      xlink:arcrole="http://xbrl.org/int/dim/arcrole/domain-member"
      xlink:from="pattern_PropertyPlantEquipmentNetDisplosalsRollUp"
      xlink:to="pattern_OtherPropertyPlantAndEquipmentNetDisposals"
      order="4"
      use="optional" />
    <loc xlink:type="locator"
      xlink:label="pattern_PropertyPlantAndEquipmentNetDisposals"
      xlink:href="ComplexRollForward.xsd#pattern_PropertyPlantAndEquipmentNetDisposals" />
    <definitionArc xlink:type="arc"
      xlink:arcrole="http://xbrl.org/int/dim/arcrole/domain-member"
      xlink:from="pattern_PropertyPlantEquipmentNetDisplosalsRollUp"
      xlink:to="pattern_PropertyPlantAndEquipmentNetDisposals"
      order="5"
      use="optional" />
    <loc xlink:type="locator"
      xlink:label="pattern_PropertyPlantEquipmentNetTranslationDifferenceRollUp"
      xlink:href="ComplexRollForward.xsd#pattern_PropertyPlantEquipmentNetTranslationDifferenceRollUp" />
    <definitionArc xlink:type="arc"
      xlink:arcrole="http://xbrl.org/int/dim/arcrole/domain-member"
      xlink:from="pattern_PropertyPlantEquipmentNetPeriodIncreaseDecreaseRollUp"
      xlink:to="pattern_PropertyPlantEquipmentNetTranslationDifferenceRollUp"
      order="3"
      use="optional" />
    <loc xlink:type="locator"
      xlink:label="pattern_LandTranslationDifference"
      xlink:href="ComplexRollForward.xsd#pattern_LandTranslationDifference" />
    <definitionArc xlink:type="arc"
      xlink:arcrole="http://xbrl.org/int/dim/arcrole/domain-member"
      xlink:from="pattern_PropertyPlantEquipmentNetTranslationDifferenceRollUp"
      xlink:to="pattern_LandTranslationDifference"
      order="1"
      use="optional" />
    <loc xlink:type="locator"
      xlink:label="pattern_BuildingsNetTranslationDifference"
      xlink:href="ComplexRollForward.xsd#pattern_BuildingsNetTranslationDifference" />
    <definitionArc xlink:type="arc"
      xlink:arcrole="http://xbrl.org/int/dim/arcrole/domain-member"
      xlink:from="pattern_PropertyPlantEquipmentNetTranslationDifferenceRollUp"
      xlink:to="pattern_BuildingsNetTranslationDifference"
      order="2"
      use="optional" />
    <loc xlink:type="locator"
      xlink:label="pattern_FurnitureAndFixturesNetTranslationDifference"
      xlink:href="ComplexRollForward.xsd#pattern_FurnitureAndFixturesNetTranslationDifference" />
    <definitionArc xlink:type="arc"
      xlink:arcrole="http://xbrl.org/int/dim/arcrole/domain-member"
      xlink:from="pattern_PropertyPlantEquipmentNetTranslationDifferenceRollUp"
      xlink:to="pattern_FurnitureAndFixturesNetTranslationDifference"
      order="3"
      use="optional" />
    <loc xlink:type="locator"
      xlink:label="pattern_OtherPropertyPlantAndEquipmentNetTranslationDifference"
      xlink:href="ComplexRollForward.xsd#pattern_OtherPropertyPlantAndEquipmentNetTranslationDifference" />
    <definitionArc xlink:type="arc"
      xlink:arcrole="http://xbrl.org/int/dim/arcrole/domain-member"
      xlink:from="pattern_PropertyPlantEquipmentNetTranslationDifferenceRollUp"
      xlink:to="pattern_OtherPropertyPlantAndEquipmentNetTranslationDifference"
      order="4"
      use="optional" />
    <loc xlink:type="locator"
      xlink:label="pattern_PropertyPlantAndEquipmentNetTranslationDifference"
      xlink:href="ComplexRollForward.xsd#pattern_PropertyPlantAndEquipmentNetTranslationDifference" />
    <definitionArc xlink:type="arc"
      xlink:arcrole="http://xbrl.org/int/dim/arcrole/domain-member"
      xlink:from="pattern_PropertyPlantEquipmentNetTranslationDifferenceRollUp"
      xlink:to="pattern_PropertyPlantAndEquipmentNetTranslationDifference"
      order="5"
      use="optional" />
    <loc xlink:type="locator"
      xlink:label="pattern_PropertyPlantEquipmentNetOtherIncreaseDecreaseRollUp"
      xlink:href="ComplexRollForward.xsd#pattern_PropertyPlantEquipmentNetOtherIncreaseDecreaseRollUp" />
    <definitionArc xlink:type="arc"
      xlink:arcrole="http://xbrl.org/int/dim/arcrole/domain-member"
      xlink:from="pattern_PropertyPlantEquipmentNetPeriodIncreaseDecreaseRollUp"
      xlink:to="pattern_PropertyPlantEquipmentNetOtherIncreaseDecreaseRollUp"
      order="4"
      use="optional" />
    <loc xlink:type="locator"
      xlink:label="pattern_LandOtherIncreaseDecrease"
      xlink:href="ComplexRollForward.xsd#pattern_LandOtherIncreaseDecrease" />
    <definitionArc xlink:type="arc"
      xlink:arcrole="http://xbrl.org/int/dim/arcrole/domain-member"
      xlink:from="pattern_PropertyPlantEquipmentNetOtherIncreaseDecreaseRollUp"
      xlink:to="pattern_LandOtherIncreaseDecrease"
      order="1"
      use="optional" />
    <loc xlink:type="locator"
      xlink:label="pattern_BuildingsNetOtherIncreaseDecrease"
      xlink:href="ComplexRollForward.xsd#pattern_BuildingsNetOtherIncreaseDecrease" />
    <definitionArc xlink:type="arc"
      xlink:arcrole="http://xbrl.org/int/dim/arcrole/domain-member"
      xlink:from="pattern_PropertyPlantEquipmentNetOtherIncreaseDecreaseRollUp"
      xlink:to="pattern_BuildingsNetOtherIncreaseDecrease"
      order="2"
      use="optional" />
    <loc xlink:type="locator"
      xlink:label="pattern_FurnitureAndFixturesNetOtherIncreaseDecrease"
      xlink:href="ComplexRollForward.xsd#pattern_FurnitureAndFixturesNetOtherIncreaseDecrease" />
    <definitionArc xlink:type="arc"
      xlink:arcrole="http://xbrl.org/int/dim/arcrole/domain-member"
      xlink:from="pattern_PropertyPlantEquipmentNetOtherIncreaseDecreaseRollUp"
      xlink:to="pattern_FurnitureAndFixturesNetOtherIncreaseDecrease"
      order="3"
      use="optional" />
    <loc xlink:type="locator"
      xlink:label="pattern_OtherPropertyPlantAndEquipmentNetOtherIncreaseDecrease"
      xlink:href="ComplexRollForward.xsd#pattern_OtherPropertyPlantAndEquipmentNetOtherIncreaseDecrease" />
    <definitionArc xlink:type="arc"
      xlink:arcrole="http://xbrl.org/int/dim/arcrole/domain-member"
      xlink:from="pattern_PropertyPlantEquipmentNetOtherIncreaseDecreaseRollUp"
      xlink:to="pattern_OtherPropertyPlantAndEquipmentNetOtherIncreaseDecrease"
      order="4"
      use="optional" />
    <loc xlink:type="locator"
      xlink:label="pattern_PropertyPlantAndEquipmentNetOtherIncreaseDecrease"
      xlink:href="ComplexRollForward.xsd#pattern_PropertyPlantAndEquipmentNetOtherIncreaseDecrease" />
    <definitionArc xlink:type="arc"
      xlink:arcrole="http://xbrl.org/int/dim/arcrole/domain-member"
      xlink:from="pattern_PropertyPlantEquipmentNetOtherIncreaseDecreaseRollUp"
      xlink:to="pattern_PropertyPlantAndEquipmentNetOtherIncreaseDecrease"
      order="5"
      use="optional" />
    <loc xlink:type="locator"
      xlink:label="pattern_PropertyPlantAndEquipmentNetPeriodIncreaseDecrease"
      xlink:href="ComplexRollForward.xsd#pattern_PropertyPlantAndEquipmentNetPeriodIncreaseDecrease" />
    <definitionArc xlink:type="arc"
      xlink:arcrole="http://xbrl.org/int/dim/arcrole/domain-member"
      xlink:from="pattern_PropertyPlantEquipmentNetPeriodIncreaseDecreaseRollUp"
      xlink:to="pattern_PropertyPlantAndEquipmentNetPeriodIncreaseDecrease"
      order="5"
      use="optional" />
    <loc xlink:type="locator"
      xlink:label="pattern_RollUpChangesInPropertyPlantEquipmentNetTable"
      xlink:href="ComplexRollForward.xsd#pattern_RollUpChangesInPropertyPlantEquipmentNetTable" />
    <definitionArc xlink:type="arc"
      xlink:arcrole="http://xbrl.org/int/dim/arcrole/all"
      xlink:from="pattern_RollUpChangesInPropertyPlantEquipmentNetLineItems"
      xlink:to="pattern_RollUpChangesInPropertyPlantEquipmentNetTable"
      order="2"
      use="optional"
      xbrldt:contextElement="segment"
      xbrldt:closed="true" />
    <loc xlink:type="locator"
      xlink:label="frm_LegalEntityAxis"
      xlink:href="http://xbrlsite.azurewebsites.net/DigitalFinancialReporting/Schemas/2017-05-07/frm.xsd#frm_LegalEntityAxis" />
    <definitionArc xlink:type="arc"
      xlink:arcrole="http://xbrl.org/int/dim/arcrole/hypercube-dimension"
      xlink:from="pattern_RollUpChangesInPropertyPlantEquipmentNetTable"
      xlink:to="frm_LegalEntityAxis"
      order="1"
      use="optional" />
    <loc xlink:type="locator"
      xlink:label="frm_ConsolidatedEntityMember"
      xlink:href="http://xbrlsite.azurewebsites.net/DigitalFinancialReporting/Schemas/2017-05-07/frm.xsd#frm_ConsolidatedEntityMember" />
    <definitionArc xlink:type="arc"
      xlink:arcrole="http://xbrl.org/int/dim/arcrole/dimension-domain"
      xlink:from="frm_LegalEntityAxis" xlink:to="frm_ConsolidatedEntityMember"
      order="1"
      use="optional" />
  </definitionLink>
  <definitionLink xlink:type="extended"
    xlink:role="http://xbrlsite.azurewebsites.net/DigitalFinancialReporting/BusinessUseCases/ComplexRollForward/PropertyPlantAndEquipmentNet">
    <loc xlink:type="locator"
      xlink:label="pattern_ComponentsPropertyPlantEquipmentNetLineItems"
      xlink:href="ComplexRollForward.xsd#pattern_ComponentsPropertyPlantEquipmentNetLineItems" />
    <loc xlink:type="locator"
      xlink:label="pattern_PropertyPlantEquipmentNetRollUp"
      xlink:href="ComplexRollForward.xsd#pattern_PropertyPlantEquipmentNetRollUp" />
    <definitionArc xlink:type="arc"
      xlink:arcrole="http://xbrl.org/int/dim/arcrole/domain-member"
      xlink:from="pattern_ComponentsPropertyPlantEquipmentNetLineItems"
      xlink:to="pattern_PropertyPlantEquipmentNetRollUp"
      order="1"
      use="optional" />
    <loc xlink:type="locator"
      xlink:label="pattern_Land"
      xlink:href="ComplexRollForward.xsd#pattern_Land" />
    <definitionArc xlink:type="arc"
      xlink:arcrole="http://xbrl.org/int/dim/arcrole/domain-member"
      xlink:from="pattern_PropertyPlantEquipmentNetRollUp"
      xlink:to="pattern_Land"
      order="1"
      use="optional" />
    <loc xlink:type="locator"
      xlink:label="pattern_BuildingsNet"
      xlink:href="ComplexRollForward.xsd#pattern_BuildingsNet" />
    <definitionArc xlink:type="arc"
      xlink:arcrole="http://xbrl.org/int/dim/arcrole/domain-member"
      xlink:from="pattern_PropertyPlantEquipmentNetRollUp"
      xlink:to="pattern_BuildingsNet"
      order="2"
      use="optional" />
    <loc xlink:type="locator"
      xlink:label="pattern_FurnitureAndFixturesNet"
      xlink:href="ComplexRollForward.xsd#pattern_FurnitureAndFixturesNet" />
    <definitionArc xlink:type="arc"
      xlink:arcrole="http://xbrl.org/int/dim/arcrole/domain-member"
      xlink:from="pattern_PropertyPlantEquipmentNetRollUp"
      xlink:to="pattern_FurnitureAndFixturesNet"
      order="3"
      use="optional" />
    <loc xlink:type="locator"
      xlink:label="pattern_OtherPropertyPlantAndEquipmentNet"
      xlink:href="ComplexRollForward.xsd#pattern_OtherPropertyPlantAndEquipmentNet" />
    <definitionArc xlink:type="arc"
      xlink:arcrole="http://xbrl.org/int/dim/arcrole/domain-member"
      xlink:from="pattern_PropertyPlantEquipmentNetRollUp"
      xlink:to="pattern_OtherPropertyPlantAndEquipmentNet"
      order="4"
      use="optional" />
    <loc xlink:type="locator"
      xlink:label="pattern_PropertyPlantAndEquipmentNet"
      xlink:href="ComplexRollForward.xsd#pattern_PropertyPlantAndEquipmentNet" />
    <definitionArc xlink:type="arc"
      xlink:arcrole="http://xbrl.org/int/dim/arcrole/domain-member"
      xlink:from="pattern_PropertyPlantEquipmentNetRollUp"
      xlink:to="pattern_PropertyPlantAndEquipmentNet"
      order="5"
      use="optional" />
    <loc xlink:type="locator"
      xlink:label="pattern_ComponentsPropertyPlantEquipmentNetTable"
      xlink:href="ComplexRollForward.xsd#pattern_ComponentsPropertyPlantEquipmentNetTable" />
    <definitionArc xlink:type="arc"
      xlink:arcrole="http://xbrl.org/int/dim/arcrole/all"
      xlink:from="pattern_ComponentsPropertyPlantEquipmentNetLineItems"
      xlink:to="pattern_ComponentsPropertyPlantEquipmentNetTable"
      order="2"
      use="optional"
      xbrldt:contextElement="segment"
      xbrldt:closed="true" />
    <loc xlink:type="locator"
      xlink:label="frm_LegalEntityAxis"
      xlink:href="http://xbrlsite.azurewebsites.net/DigitalFinancialReporting/Schemas/2017-05-07/frm.xsd#frm_LegalEntityAxis" />
    <definitionArc xlink:type="arc"
      xlink:arcrole="http://xbrl.org/int/dim/arcrole/hypercube-dimension"
      xlink:from="pattern_ComponentsPropertyPlantEquipmentNetTable"
      xlink:to="frm_LegalEntityAxis"
      order="1"
      use="optional" />
    <loc xlink:type="locator"
      xlink:label="frm_ConsolidatedEntityMember"
      xlink:href="http://xbrlsite.azurewebsites.net/DigitalFinancialReporting/Schemas/2017-05-07/frm.xsd#frm_ConsolidatedEntityMember" />
    <definitionArc xlink:type="arc"
      xlink:arcrole="http://xbrl.org/int/dim/arcrole/dimension-domain"
      xlink:from="frm_LegalEntityAxis" xlink:to="frm_ConsolidatedEntityMember"
      order="1"
      use="optional" />
  </definitionLink>
</linkbase>