<?xml version="1.0" encoding="UTF-8" standalone="no" ?><?xml-stylesheet type="text/xsl" href="file:/C:/Programs/XPE40/resources/System/XbrlFormula2008Trace-toHtml.xsl"?><formulaTrace type="Full Report" version="4.0.0.2125" date="Tue May 09 15:08:54 PDT 2017" baseURI="C:/Users/Charlie/Documents/CurrentVersions/DigitalFinancialReporting/BusinessUseCases/2017-05-07/BUC08-ComplexRollForward/ComplexRollForward-SampleInstance.xml" xmlns:xlink="http://www.w3.org/1999/xlink" xmlns:link="http://www.xbrl.org/2003/linkbase" xmlns:xsi="http://www.w3.org/2001/XMLSchema-instance" xmlns:xbrli="http://www.xbrl.org/2003/instance" xmlns:iso4217="http://www.xbrl.org/2003/iso4217" xsi:schemaLocation="http://xbrl.org/2006/xbrldi xbrldi-2006.xsd" >
 <assertionTest cnt="1" id="Assertion_XXX1_pattern_Land_RollForward_Reconciles" satisfied="satisfied" test="$VARIABLE_BalanceStart=1000 + $VARIABLE_Change_1=0 = $VARIABLE_BalanceEnd=1000" type="valueAssertion" value="true" />
 <assertionTest cnt="2" id="Assertion_XXX1_pattern_Land_RollForward_Reconciles" satisfied="satisfied" test="$VARIABLE_BalanceStart=1000 + $VARIABLE_Change_1=0 = $VARIABLE_BalanceEnd=1000" type="valueAssertion" value="true" />
 <assertionTest cnt="1" id="Assertion_XXX2_pattern_BuildingsNet_RollForward_Reconciles" satisfied="satisfied" test="$VARIABLE_BalanceStart=1000 + $VARIABLE_Change_1=0 = $VARIABLE_BalanceEnd=1000" type="valueAssertion" value="true" />
 <assertionTest cnt="2" id="Assertion_XXX2_pattern_BuildingsNet_RollForward_Reconciles" satisfied="satisfied" test="$VARIABLE_BalanceStart=1000 + $VARIABLE_Change_1=0 = $VARIABLE_BalanceEnd=1000" type="valueAssertion" value="true" />
 <assertionTest cnt="1" id="Assertion_XXX3_pattern_FurnitureAndFixturesNet_RollForward_Reconciles" satisfied="satisfied" test="$VARIABLE_BalanceStart=1000 + $VARIABLE_Change_1=0 = $VARIABLE_BalanceEnd=1000" type="valueAssertion" value="true" />
 <assertionTest cnt="2" id="Assertion_XXX3_pattern_FurnitureAndFixturesNet_RollForward_Reconciles" satisfied="satisfied" test="$VARIABLE_BalanceStart=1000 + $VARIABLE_Change_1=0 = $VARIABLE_BalanceEnd=1000" type="valueAssertion" value="true" />
 <assertionTest cnt="1" id="Assertion_XXX4_pattern_OtherPropertyPlantAndEquipmentNet_RollForward_Reconciles" satisfied="satisfied" test="$VARIABLE_BalanceStart=1000 + $VARIABLE_Change_1=0 = $VARIABLE_BalanceEnd=1000" type="valueAssertion" value="true" />
 <assertionTest cnt="2" id="Assertion_XXX4_pattern_OtherPropertyPlantAndEquipmentNet_RollForward_Reconciles" satisfied="satisfied" test="$VARIABLE_BalanceStart=1000 + $VARIABLE_Change_1=0 = $VARIABLE_BalanceEnd=1000" type="valueAssertion" value="true" />
 <assertionTest cnt="1" id="Assertion_XXX5_pattern_PropertyPlantAndEquipmentNet_RollForward_Reconciles" satisfied="satisfied" test="$VARIABLE_BalanceStart=4000 + $VARIABLE_Change_1=0 = $VARIABLE_BalanceEnd=4000" type="valueAssertion" value="true" />
 <assertionTest cnt="2" id="Assertion_XXX5_pattern_PropertyPlantAndEquipmentNet_RollForward_Reconciles" satisfied="satisfied" test="$VARIABLE_BalanceStart=4000 + $VARIABLE_Change_1=0 = $VARIABLE_BalanceEnd=4000" type="valueAssertion" value="true" />
 <assertionReport count="10">
 <assertionTest cnt="1" id="Assertion_XXX1_pattern_Land_RollForward_Reconciles" satisfied="satisfied" test="$VARIABLE_BalanceStart=1000 + $VARIABLE_Change_1=0 = $VARIABLE_BalanceEnd=1000" type="valueAssertion" value="true" />
 <assertionTest cnt="2" id="Assertion_XXX1_pattern_Land_RollForward_Reconciles" satisfied="satisfied" test="$VARIABLE_BalanceStart=1000 + $VARIABLE_Change_1=0 = $VARIABLE_BalanceEnd=1000" type="valueAssertion" value="true" />
 <assertionTest cnt="1" id="Assertion_XXX2_pattern_BuildingsNet_RollForward_Reconciles" satisfied="satisfied" test="$VARIABLE_BalanceStart=1000 + $VARIABLE_Change_1=0 = $VARIABLE_BalanceEnd=1000" type="valueAssertion" value="true" />
 <assertionTest cnt="2" id="Assertion_XXX2_pattern_BuildingsNet_RollForward_Reconciles" satisfied="satisfied" test="$VARIABLE_BalanceStart=1000 + $VARIABLE_Change_1=0 = $VARIABLE_BalanceEnd=1000" type="valueAssertion" value="true" />
 <assertionTest cnt="1" id="Assertion_XXX3_pattern_FurnitureAndFixturesNet_RollForward_Reconciles" satisfied="satisfied" test="$VARIABLE_BalanceStart=1000 + $VARIABLE_Change_1=0 = $VARIABLE_BalanceEnd=1000" type="valueAssertion" value="true" />
 <assertionTest cnt="2" id="Assertion_XXX3_pattern_FurnitureAndFixturesNet_RollForward_Reconciles" satisfied="satisfied" test="$VARIABLE_BalanceStart=1000 + $VARIABLE_Change_1=0 = $VARIABLE_BalanceEnd=1000" type="valueAssertion" value="true" />
 <assertionTest cnt="1" id="Assertion_XXX4_pattern_OtherPropertyPlantAndEquipmentNet_RollForward_Reconciles" satisfied="satisfied" test="$VARIABLE_BalanceStart=1000 + $VARIABLE_Change_1=0 = $VARIABLE_BalanceEnd=1000" type="valueAssertion" value="true" />
 <assertionTest cnt="2" id="Assertion_XXX4_pattern_OtherPropertyPlantAndEquipmentNet_RollForward_Reconciles" satisfied="satisfied" test="$VARIABLE_BalanceStart=1000 + $VARIABLE_Change_1=0 = $VARIABLE_BalanceEnd=1000" type="valueAssertion" value="true" />
 <assertionTest cnt="1" id="Assertion_XXX5_pattern_PropertyPlantAndEquipmentNet_RollForward_Reconciles" satisfied="satisfied" test="$VARIABLE_BalanceStart=4000 + $VARIABLE_Change_1=0 = $VARIABLE_BalanceEnd=4000" type="valueAssertion" value="true" />
 <assertionTest cnt="2" id="Assertion_XXX5_pattern_PropertyPlantAndEquipmentNet_RollForward_Reconciles" satisfied="satisfied" test="$VARIABLE_BalanceStart=4000 + $VARIABLE_Change_1=0 = $VARIABLE_BalanceEnd=4000" type="valueAssertion" value="true" />
  </assertionReport>
 <summary notSatisfiedAssertionCount="0" firedAssertionCount="10" duration="793ms" outputContextCount="0" outputUnitCount="0" firedFormulaCount="0" compiledFormulaCount="0" satisifiedAssertionCount="10" outputFactCount="0" compiledAssertionCount="5" />
</formulaTrace>
