<?xml version="1.0" encoding="utf-8"?>
<!--
Taxonomy Label Links linkbase based on XBRL standard Version 2.1.
Created by UBmatrix Taxonomy Designer 3.0.3.2436 (2009-06-02 13:18).  
Contact www.ubmatrix.com
Copyright (c) 2002-2017 UBmatrix inc., All Rights Reserved
Produced on 2017-06-13 08:21:10
-->
<linkbase
  xmlns="http://www.xbrl.org/2003/linkbase"
  xmlns:xsi="http://www.w3.org/2001/XMLSchema-instance"
  xmlns:xlink="http://www.w3.org/1999/xlink"
  xsi:schemaLocation="
    http://www.xbrl.org/2003/linkbase 
      http://www.xbrl.org/2003/xbrl-linkbase-2003-12-31.xsd
    ">
  <roleRef xlink:type="simple"
    xlink:href="http://www.xbrl.org/lrr/role/negated-2009-12-16.xsd#negatedLabel"
    roleURI="http://www.xbrl.org/2009/role/negatedLabel" />
  <labelLink xlink:type="extended"
    xlink:role="http://www.xbrl.org/2003/role/link">
    <loc xlink:type="locator"
      xlink:label="pattern_BuildingsNetAdditions"
      xlink:href="ComplexRollForward.xsd#pattern_BuildingsNetAdditions" />
    <labelArc xlink:type="arc"
      xlink:arcrole="http://www.xbrl.org/2003/arcrole/concept-label"
      xlink:from="pattern_BuildingsNetAdditions"
      xlink:to="pattern_BuildingsNetAdditions_lbl" />
    <label xlink:type="resource"
      xlink:label="pattern_BuildingsNetAdditions_lbl"
      xml:lang="en"
      xlink:role="http://www.xbrl.org/2003/role/documentation">Etiam ipsum orci, gravida nec, feugiat ut, malesuada quis, mauris. Etiam porttitor.</label>
    <label xlink:type="resource"
      xlink:label="pattern_BuildingsNetAdditions_lbl"
      xml:lang="en"
      xlink:role="http://www.xbrl.org/2003/role/label">Buildings, Net, Additions</label>
    <loc xlink:type="locator"
      xlink:label="pattern_BuildingsNetDisposals"
      xlink:href="ComplexRollForward.xsd#pattern_BuildingsNetDisposals" />
    <labelArc xlink:type="arc"
      xlink:arcrole="http://www.xbrl.org/2003/arcrole/concept-label"
      xlink:from="pattern_BuildingsNetDisposals"
      xlink:to="pattern_BuildingsNetDisposals_lbl" />
    <label xlink:type="resource"
      xlink:label="pattern_BuildingsNetDisposals_lbl"
      xml:lang="en"
      xlink:role="http://www.xbrl.org/2003/role/documentation">Nam rhoncus mi. Nunc eu dui non mauris interdum tincidunt. Sed magna felis, accumsan a, fermentum quis, varius sed, ipsum.</label>
    <label xlink:type="resource"
      xlink:label="pattern_BuildingsNetDisposals_lbl"
      xml:lang="en"
      xlink:role="http://www.xbrl.org/2003/role/label">Buildings, Net, Disposals</label>
    <label xlink:type="resource"
      xlink:label="pattern_BuildingsNetDisposals_lbl"
      xml:lang="en"
      xlink:role="http://www.xbrl.org/2009/role/negatedLabel">Buildings, Net, Disposals</label>
    <loc xlink:type="locator"
      xlink:label="pattern_BuildingsNetOtherIncreaseDecrease"
      xlink:href="ComplexRollForward.xsd#pattern_BuildingsNetOtherIncreaseDecrease" />
    <labelArc xlink:type="arc"
      xlink:arcrole="http://www.xbrl.org/2003/arcrole/concept-label"
      xlink:from="pattern_BuildingsNetOtherIncreaseDecrease"
      xlink:to="pattern_BuildingsNetOtherIncreaseDecrease_lbl" />
    <label xlink:type="resource"
      xlink:label="pattern_BuildingsNetOtherIncreaseDecrease_lbl"
      xml:lang="en"
      xlink:role="http://www.xbrl.org/2003/role/documentation">Nam rhoncus mi. Nunc eu dui non mauris interdum tincidunt. Nullam leo. Donec eros.</label>
    <label xlink:type="resource"
      xlink:label="pattern_BuildingsNetOtherIncreaseDecrease_lbl"
      xml:lang="en"
      xlink:role="http://www.xbrl.org/2003/role/label">Buildings, Net, Other Increase (Decrease)</label>
    <loc xlink:type="locator"
      xlink:label="pattern_BuildingsNetPeriodIncreaseDecreaseRollUp"
      xlink:href="ComplexRollForward.xsd#pattern_BuildingsNetPeriodIncreaseDecreaseRollUp" />
    <labelArc xlink:type="arc"
      xlink:arcrole="http://www.xbrl.org/2003/arcrole/concept-label"
      xlink:from="pattern_BuildingsNetPeriodIncreaseDecreaseRollUp"
      xlink:to="pattern_BuildingsNetPeriodIncreaseDecreaseRollUp_lbl" />
    <label xlink:type="resource"
      xlink:label="pattern_BuildingsNetPeriodIncreaseDecreaseRollUp_lbl"
      xml:lang="en"
      xlink:role="http://www.xbrl.org/2003/role/documentation">Praesent eleifend dignissim eros. Proin feugiat lobortis mi. Nunc congue. Fusce venenatis.</label>
    <label xlink:type="resource"
      xlink:label="pattern_BuildingsNetPeriodIncreaseDecreaseRollUp_lbl"
      xml:lang="en"
      xlink:role="http://www.xbrl.org/2003/role/label">Buildings, Net, Period Increase (Decrease) [Roll Up]</label>
    <loc xlink:type="locator"
      xlink:label="pattern_BuildingsNetPeriodIncreaseDecrease"
      xlink:href="ComplexRollForward.xsd#pattern_BuildingsNetPeriodIncreaseDecrease" />
    <labelArc xlink:type="arc"
      xlink:arcrole="http://www.xbrl.org/2003/arcrole/concept-label"
      xlink:from="pattern_BuildingsNetPeriodIncreaseDecrease"
      xlink:to="pattern_BuildingsNetPeriodIncreaseDecrease_lbl" />
    <label xlink:type="resource"
      xlink:label="pattern_BuildingsNetPeriodIncreaseDecrease_lbl"
      xml:lang="en"
      xlink:role="http://www.xbrl.org/2003/role/documentation">Nam rhoncus mi. Nunc eu dui non mauris interdum tincidunt.</label>
    <label xlink:type="resource"
      xlink:label="pattern_BuildingsNetPeriodIncreaseDecrease_lbl"
      xml:lang="en"
      xlink:role="http://www.xbrl.org/2003/role/label">Buildings, Net, Period Increase (Decrease)</label>
    <label xlink:type="resource"
      xlink:label="pattern_BuildingsNetPeriodIncreaseDecrease_lbl"
      xml:lang="en"
      xlink:role="http://www.xbrl.org/2003/role/totalLabel">Buildings, Net, Period Increase (Decrease), Total</label>
    <loc xlink:type="locator"
      xlink:label="pattern_BuildingsNetTranslationDifference"
      xlink:href="ComplexRollForward.xsd#pattern_BuildingsNetTranslationDifference" />
    <labelArc xlink:type="arc"
      xlink:arcrole="http://www.xbrl.org/2003/arcrole/concept-label"
      xlink:from="pattern_BuildingsNetTranslationDifference"
      xlink:to="pattern_BuildingsNetTranslationDifference_lbl" />
    <label xlink:type="resource"
      xlink:label="pattern_BuildingsNetTranslationDifference_lbl"
      xml:lang="en"
      xlink:role="http://www.xbrl.org/2003/role/documentation">Nunc eu dui non mauris interdum tincidunt. Nullam leo. Donec eros.</label>
    <label xlink:type="resource"
      xlink:label="pattern_BuildingsNetTranslationDifference_lbl"
      xml:lang="en"
      xlink:role="http://www.xbrl.org/2003/role/label">Buildings, Net, Translation Difference</label>
    <loc xlink:type="locator"
      xlink:label="pattern_BuildingsNet"
      xlink:href="ComplexRollForward.xsd#pattern_BuildingsNet" />
    <labelArc xlink:type="arc"
      xlink:arcrole="http://www.xbrl.org/2003/arcrole/concept-label"
      xlink:from="pattern_BuildingsNet" xlink:to="pattern_BuildingsNet_lbl" />
    <label xlink:type="resource"
      xlink:label="pattern_BuildingsNet_lbl"
      xml:lang="en"
      xlink:role="http://www.xbrl.org/2003/role/documentation">Suspendisse vestibulum augue eu justo. Pellentesque habitant morbi tristique senectus et netus et malesuada fames ac turpis egestas.</label>
    <label xlink:type="resource"
      xlink:label="pattern_BuildingsNet_lbl"
      xml:lang="en"
      xlink:role="http://www.xbrl.org/2003/role/periodEndLabel">Buildings, Net, Ending Balance</label>
    <label xlink:type="resource"
      xlink:label="pattern_BuildingsNet_lbl"
      xml:lang="en"
      xlink:role="http://www.xbrl.org/2003/role/periodStartLabel">Buildings, Net, Beginning Balance</label>
    <label xlink:type="resource"
      xlink:label="pattern_BuildingsNet_lbl"
      xml:lang="en"
      xlink:role="http://www.xbrl.org/2003/role/label">Buildings, Net</label>
    <loc xlink:type="locator"
      xlink:label="pattern_ComponentsPropertyPlantEquipmentNetLineItems"
      xlink:href="ComplexRollForward.xsd#pattern_ComponentsPropertyPlantEquipmentNetLineItems" />
    <labelArc xlink:type="arc"
      xlink:arcrole="http://www.xbrl.org/2003/arcrole/concept-label"
      xlink:from="pattern_ComponentsPropertyPlantEquipmentNetLineItems"
      xlink:to="pattern_ComponentsPropertyPlantEquipmentNetLineItems_lbl" />
    <label xlink:type="resource"
      xlink:label="pattern_ComponentsPropertyPlantEquipmentNetLineItems_lbl"
      xml:lang="en"
      xlink:role="http://www.xbrl.org/2003/role/documentation">Sed dapibus dui quis lectus. Donec id sem.</label>
    <label xlink:type="resource"
      xlink:label="pattern_ComponentsPropertyPlantEquipmentNetLineItems_lbl"
      xml:lang="en"
      xlink:role="http://www.xbrl.org/2003/role/label">Components of Property, Plant and Equipment, Net [Line Items]</label>
    <loc xlink:type="locator"
      xlink:label="pattern_ComponentsPropertyPlantEquipmentNetTable"
      xlink:href="ComplexRollForward.xsd#pattern_ComponentsPropertyPlantEquipmentNetTable" />
    <labelArc xlink:type="arc"
      xlink:arcrole="http://www.xbrl.org/2003/arcrole/concept-label"
      xlink:from="pattern_ComponentsPropertyPlantEquipmentNetTable"
      xlink:to="pattern_ComponentsPropertyPlantEquipmentNetTable_lbl" />
    <label xlink:type="resource"
      xlink:label="pattern_ComponentsPropertyPlantEquipmentNetTable_lbl"
      xml:lang="en"
      xlink:role="http://www.xbrl.org/2003/role/documentation">Nam rhoncus mi. Nunc eu dui non mauris interdum tincidunt. Sed magna felis, accumsan a, fermentum quis, varius sed, ipsum. Nullam leo.</label>
    <label xlink:type="resource"
      xlink:label="pattern_ComponentsPropertyPlantEquipmentNetTable_lbl"
      xml:lang="en"
      xlink:role="http://www.xbrl.org/2003/role/label">Components of Property, Plant and Equipment, Net [Table]</label>
    <loc xlink:type="locator"
      xlink:label="pattern_FurnitureAndFixturesNetAdditions"
      xlink:href="ComplexRollForward.xsd#pattern_FurnitureAndFixturesNetAdditions" />
    <labelArc xlink:type="arc"
      xlink:arcrole="http://www.xbrl.org/2003/arcrole/concept-label"
      xlink:from="pattern_FurnitureAndFixturesNetAdditions"
      xlink:to="pattern_FurnitureAndFixturesNetAdditions_lbl" />
    <label xlink:type="resource"
      xlink:label="pattern_FurnitureAndFixturesNetAdditions_lbl"
      xml:lang="en"
      xlink:role="http://www.xbrl.org/2003/role/documentation">Proin venenatis ultricies risus. Nunc in elit non metus viverra sollicitudin. Duis metus. Donec pulvinar nonummy erat. In vel justo at urna rutrum ultrices. Cras consectetuer orci non lorem. Vestibulum bibendum aliquet augue. Proin venenatis ultricies risus.</label>
    <label xlink:type="resource"
      xlink:label="pattern_FurnitureAndFixturesNetAdditions_lbl"
      xml:lang="en"
      xlink:role="http://www.xbrl.org/2003/role/label">Furniture and Fixtures, Net, Additions</label>
    <loc xlink:type="locator"
      xlink:label="pattern_FurnitureAndFixturesNetDisposals"
      xlink:href="ComplexRollForward.xsd#pattern_FurnitureAndFixturesNetDisposals" />
    <labelArc xlink:type="arc"
      xlink:arcrole="http://www.xbrl.org/2003/arcrole/concept-label"
      xlink:from="pattern_FurnitureAndFixturesNetDisposals"
      xlink:to="pattern_FurnitureAndFixturesNetDisposals_lbl" />
    <label xlink:type="resource"
      xlink:label="pattern_FurnitureAndFixturesNetDisposals_lbl"
      xml:lang="en"
      xlink:role="http://www.xbrl.org/2003/role/documentation">Nunc in elit non metus viverra sollicitudin. Duis metus. Donec pulvinar nonummy erat. In vel justo at urna rutrum ultrices. Cras consectetuer orci non lorem. Proin venenatis ultricies risus.</label>
    <label xlink:type="resource"
      xlink:label="pattern_FurnitureAndFixturesNetDisposals_lbl"
      xml:lang="en"
      xlink:role="http://www.xbrl.org/2003/role/label">Furniture and Fixtures, Net, Disposals</label>
    <label xlink:type="resource"
      xlink:label="pattern_FurnitureAndFixturesNetDisposals_lbl"
      xml:lang="en"
      xlink:role="http://www.xbrl.org/2009/role/negatedLabel">Furniture and Fixtures, Net, Disposals</label>
    <loc xlink:type="locator"
      xlink:label="pattern_FurnitureAndFixturesNetOtherIncreaseDecrease"
      xlink:href="ComplexRollForward.xsd#pattern_FurnitureAndFixturesNetOtherIncreaseDecrease" />
    <labelArc xlink:type="arc"
      xlink:arcrole="http://www.xbrl.org/2003/arcrole/concept-label"
      xlink:from="pattern_FurnitureAndFixturesNetOtherIncreaseDecrease"
      xlink:to="pattern_FurnitureAndFixturesNetOtherIncreaseDecrease_lbl" />
    <label xlink:type="resource"
      xlink:label="pattern_FurnitureAndFixturesNetOtherIncreaseDecrease_lbl"
      xml:lang="en"
      xlink:role="http://www.xbrl.org/2003/role/documentation">Proin venenatis ultricies risus. Vestibulum bibendum aliquet augue.</label>
    <label xlink:type="resource"
      xlink:label="pattern_FurnitureAndFixturesNetOtherIncreaseDecrease_lbl"
      xml:lang="en"
      xlink:role="http://www.xbrl.org/2003/role/label">Furniture and Fixtures, Net, Other Increase (Decrease)</label>
    <loc xlink:type="locator"
      xlink:label="pattern_FurnitureAndFixturesNetPeriodIncreaseDecrease"
      xlink:href="ComplexRollForward.xsd#pattern_FurnitureAndFixturesNetPeriodIncreaseDecrease" />
    <labelArc xlink:type="arc"
      xlink:arcrole="http://www.xbrl.org/2003/arcrole/concept-label"
      xlink:from="pattern_FurnitureAndFixturesNetPeriodIncreaseDecrease"
      xlink:to="pattern_FurnitureAndFixturesNetPeriodIncreaseDecrease_lbl" />
    <label xlink:type="resource"
      xlink:label="pattern_FurnitureAndFixturesNetPeriodIncreaseDecrease_lbl"
      xml:lang="en"
      xlink:role="http://www.xbrl.org/2003/role/documentation">Proin venenatis ultricies risus. Proin venenatis ultricies risus.</label>
    <label xlink:type="resource"
      xlink:label="pattern_FurnitureAndFixturesNetPeriodIncreaseDecrease_lbl"
      xml:lang="en"
      xlink:role="http://www.xbrl.org/2003/role/label">Furniture and Fixtures, Net, Period Increase (Decrease)</label>
    <label xlink:type="resource"
      xlink:label="pattern_FurnitureAndFixturesNetPeriodIncreaseDecrease_lbl"
      xml:lang="en"
      xlink:role="http://www.xbrl.org/2003/role/totalLabel">Buildings, Net, Period Increase (Decrease), Total</label>
    <loc xlink:type="locator"
      xlink:label="pattern_FurnitureAndFixturesNetTranslationDifference"
      xlink:href="ComplexRollForward.xsd#pattern_FurnitureAndFixturesNetTranslationDifference" />
    <labelArc xlink:type="arc"
      xlink:arcrole="http://www.xbrl.org/2003/arcrole/concept-label"
      xlink:from="pattern_FurnitureAndFixturesNetTranslationDifference"
      xlink:to="pattern_FurnitureAndFixturesNetTranslationDifference_lbl" />
    <label xlink:type="resource"
      xlink:label="pattern_FurnitureAndFixturesNetTranslationDifference_lbl"
      xml:lang="en"
      xlink:role="http://www.xbrl.org/2003/role/documentation">Proin venenatis ultricies risus. Nunc in elit non metus viverra sollicitudin. Duis metus. Donec pulvinar nonummy erat. In vel justo at urna rutrum ultrices. Cras consectetuer orci non lorem.</label>
    <label xlink:type="resource"
      xlink:label="pattern_FurnitureAndFixturesNetTranslationDifference_lbl"
      xml:lang="en"
      xlink:role="http://www.xbrl.org/2003/role/label">Furniture and Fixtures, Net, Translation Difference</label>
    <loc xlink:type="locator"
      xlink:label="pattern_FurnitureAndFixturesNet"
      xlink:href="ComplexRollForward.xsd#pattern_FurnitureAndFixturesNet" />
    <labelArc xlink:type="arc"
      xlink:arcrole="http://www.xbrl.org/2003/arcrole/concept-label"
      xlink:from="pattern_FurnitureAndFixturesNet"
      xlink:to="pattern_FurnitureAndFixturesNet_lbl" />
    <label xlink:type="resource"
      xlink:label="pattern_FurnitureAndFixturesNet_lbl"
      xml:lang="en"
      xlink:role="http://www.xbrl.org/2003/role/documentation">Proin venenatis ultricies risus.</label>
    <label xlink:type="resource"
      xlink:label="pattern_FurnitureAndFixturesNet_lbl"
      xml:lang="en"
      xlink:role="http://www.xbrl.org/2003/role/periodEndLabel">Furniture and Fixtures, Net, Ending Balance</label>
    <label xlink:type="resource"
      xlink:label="pattern_FurnitureAndFixturesNet_lbl"
      xml:lang="en"
      xlink:role="http://www.xbrl.org/2003/role/periodStartLabel">Furniture and Fixtures, Net, Beginning Balance</label>
    <label xlink:type="resource"
      xlink:label="pattern_FurnitureAndFixturesNet_lbl"
      xml:lang="en"
      xlink:role="http://www.xbrl.org/2003/role/label">Furniture and Fixtures, Net</label>
    <loc xlink:type="locator"
      xlink:label="pattern_FurnitureFixturesNetPeriodIncreaseDecreaseRollUp"
      xlink:href="ComplexRollForward.xsd#pattern_FurnitureFixturesNetPeriodIncreaseDecreaseRollUp" />
    <labelArc xlink:type="arc"
      xlink:arcrole="http://www.xbrl.org/2003/arcrole/concept-label"
      xlink:from="pattern_FurnitureFixturesNetPeriodIncreaseDecreaseRollUp"
      xlink:to="pattern_FurnitureFixturesNetPeriodIncreaseDecreaseRollUp_lbl" />
    <label xlink:type="resource"
      xlink:label="pattern_FurnitureFixturesNetPeriodIncreaseDecreaseRollUp_lbl"
      xml:lang="en"
      xlink:role="http://www.xbrl.org/2003/role/documentation">Nunc in elit non metus viverra sollicitudin. Duis metus. Donec pulvinar nonummy erat. In vel justo at urna rutrum ultrices. Cras consectetuer orci non lorem.</label>
    <label xlink:type="resource"
      xlink:label="pattern_FurnitureFixturesNetPeriodIncreaseDecreaseRollUp_lbl"
      xml:lang="en"
      xlink:role="http://www.xbrl.org/2003/role/label">Furniture and Fixtures, Net, Period Increase (Decrease) [Roll Up]</label>
    <loc xlink:type="locator"
      xlink:label="pattern_LandAdditions"
      xlink:href="ComplexRollForward.xsd#pattern_LandAdditions" />
    <labelArc xlink:type="arc"
      xlink:arcrole="http://www.xbrl.org/2003/arcrole/concept-label"
      xlink:from="pattern_LandAdditions" xlink:to="pattern_LandAdditions_lbl" />
    <label xlink:type="resource"
      xlink:label="pattern_LandAdditions_lbl"
      xml:lang="en"
      xlink:role="http://www.xbrl.org/2003/role/documentation">Fusce gravida, ligula a placerat placerat, leo erat euismod lectus, et lacinia justo libero non pede.</label>
    <label xlink:type="resource"
      xlink:label="pattern_LandAdditions_lbl"
      xml:lang="en"
      xlink:role="http://www.xbrl.org/2003/role/label">Land, Additions</label>
    <loc xlink:type="locator"
      xlink:label="pattern_LandDisposals"
      xlink:href="ComplexRollForward.xsd#pattern_LandDisposals" />
    <labelArc xlink:type="arc"
      xlink:arcrole="http://www.xbrl.org/2003/arcrole/concept-label"
      xlink:from="pattern_LandDisposals" xlink:to="pattern_LandDisposals_lbl" />
    <label xlink:type="resource"
      xlink:label="pattern_LandDisposals_lbl"
      xml:lang="en"
      xlink:role="http://www.xbrl.org/2003/role/documentation">In vel justo at urna rutrum ultrices. Cras consectetuer orci non lorem. Vestibulum bibendum aliquet augue.</label>
    <label xlink:type="resource"
      xlink:label="pattern_LandDisposals_lbl"
      xml:lang="en"
      xlink:role="http://www.xbrl.org/2003/role/label">Land, Disposals</label>
    <label xlink:type="resource"
      xlink:label="pattern_LandDisposals_lbl"
      xml:lang="en"
      xlink:role="http://www.xbrl.org/2009/role/negatedLabel">Land, Disposals</label>
    <loc xlink:type="locator"
      xlink:label="pattern_LandOtherIncreaseDecrease"
      xlink:href="ComplexRollForward.xsd#pattern_LandOtherIncreaseDecrease" />
    <labelArc xlink:type="arc"
      xlink:arcrole="http://www.xbrl.org/2003/arcrole/concept-label"
      xlink:from="pattern_LandOtherIncreaseDecrease"
      xlink:to="pattern_LandOtherIncreaseDecrease_lbl" />
    <label xlink:type="resource"
      xlink:label="pattern_LandOtherIncreaseDecrease_lbl"
      xml:lang="en"
      xlink:role="http://www.xbrl.org/2003/role/documentation">Nullam sodales massa. Duis vestibulum feugiat risus.</label>
    <label xlink:type="resource"
      xlink:label="pattern_LandOtherIncreaseDecrease_lbl"
      xml:lang="en"
      xlink:role="http://www.xbrl.org/2003/role/label">Land, Other Increase (Decrease)</label>
    <loc xlink:type="locator"
      xlink:label="pattern_LandPeriodIncreaseDecreaseRollUp"
      xlink:href="ComplexRollForward.xsd#pattern_LandPeriodIncreaseDecreaseRollUp" />
    <labelArc xlink:type="arc"
      xlink:arcrole="http://www.xbrl.org/2003/arcrole/concept-label"
      xlink:from="pattern_LandPeriodIncreaseDecreaseRollUp"
      xlink:to="pattern_LandPeriodIncreaseDecreaseRollUp_lbl" />
    <label xlink:type="resource"
      xlink:label="pattern_LandPeriodIncreaseDecreaseRollUp_lbl"
      xml:lang="en"
      xlink:role="http://www.xbrl.org/2003/role/documentation">Suspendisse urna. Proin non mauris. Proin sed odio. Phasellus sagittis orci quis orci.</label>
    <label xlink:type="resource"
      xlink:label="pattern_LandPeriodIncreaseDecreaseRollUp_lbl"
      xml:lang="en"
      xlink:role="http://www.xbrl.org/2003/role/label">Land, Period Increase (Decrease) [Roll Up]</label>
    <loc xlink:type="locator"
      xlink:label="pattern_LandPeriodIncreaseDecrease"
      xlink:href="ComplexRollForward.xsd#pattern_LandPeriodIncreaseDecrease" />
    <labelArc xlink:type="arc"
      xlink:arcrole="http://www.xbrl.org/2003/arcrole/concept-label"
      xlink:from="pattern_LandPeriodIncreaseDecrease"
      xlink:to="pattern_LandPeriodIncreaseDecrease_lbl" />
    <label xlink:type="resource"
      xlink:label="pattern_LandPeriodIncreaseDecrease_lbl"
      xml:lang="en"
      xlink:role="http://www.xbrl.org/2003/role/documentation">Sed magna felis, accumsan a, fermentum quis, varius sed, ipsum.</label>
    <label xlink:type="resource"
      xlink:label="pattern_LandPeriodIncreaseDecrease_lbl"
      xml:lang="en"
      xlink:role="http://www.xbrl.org/2003/role/label">Land, Period Increase (Decrease)</label>
    <label xlink:type="resource"
      xlink:label="pattern_LandPeriodIncreaseDecrease_lbl"
      xml:lang="en"
      xlink:role="http://www.xbrl.org/2003/role/totalLabel">Land, Period Increase (Decrease), Total</label>
    <loc xlink:type="locator"
      xlink:label="pattern_LandTranslationDifference"
      xlink:href="ComplexRollForward.xsd#pattern_LandTranslationDifference" />
    <labelArc xlink:type="arc"
      xlink:arcrole="http://www.xbrl.org/2003/arcrole/concept-label"
      xlink:from="pattern_LandTranslationDifference"
      xlink:to="pattern_LandTranslationDifference_lbl" />
    <label xlink:type="resource"
      xlink:label="pattern_LandTranslationDifference_lbl"
      xml:lang="en"
      xlink:role="http://www.xbrl.org/2003/role/documentation">Pellentesque pede felis, rhoncus accumsan, luctus ut, facilisis vitae, tortor. Suspendisse potenti.</label>
    <label xlink:type="resource"
      xlink:label="pattern_LandTranslationDifference_lbl"
      xml:lang="en"
      xlink:role="http://www.xbrl.org/2003/role/label">Land, Translation Difference</label>
    <loc xlink:type="locator"
      xlink:label="pattern_Land"
      xlink:href="ComplexRollForward.xsd#pattern_Land" />
    <labelArc xlink:type="arc"
      xlink:arcrole="http://www.xbrl.org/2003/arcrole/concept-label"
      xlink:from="pattern_Land" xlink:to="pattern_Land_lbl" />
    <label xlink:type="resource"
      xlink:label="pattern_Land_lbl" xml:lang="en"
      xlink:role="http://www.xbrl.org/2003/role/documentation">Sed rhoncus mi in wisi. Nullam nibh dui, molestie vitae, imperdiet non, ornare at, elit.</label>
    <label xlink:type="resource"
      xlink:label="pattern_Land_lbl" xml:lang="en"
      xlink:role="http://www.xbrl.org/2003/role/periodEndLabel">Land, Ending Balance</label>
    <label xlink:type="resource"
      xlink:label="pattern_Land_lbl" xml:lang="en"
      xlink:role="http://www.xbrl.org/2003/role/periodStartLabel">Land, Beginning Balance</label>
    <label xlink:type="resource"
      xlink:label="pattern_Land_lbl" xml:lang="en"
      xlink:role="http://www.xbrl.org/2003/role/label">Land</label>
    <loc xlink:type="locator"
      xlink:label="pattern_MovementInBuildingsNetRollForward"
      xlink:href="ComplexRollForward.xsd#pattern_MovementInBuildingsNetRollForward" />
    <labelArc xlink:type="arc"
      xlink:arcrole="http://www.xbrl.org/2003/arcrole/concept-label"
      xlink:from="pattern_MovementInBuildingsNetRollForward"
      xlink:to="pattern_MovementInBuildingsNetRollForward_lbl" />
    <label xlink:type="resource"
      xlink:label="pattern_MovementInBuildingsNetRollForward_lbl"
      xml:lang="en"
      xlink:role="http://www.xbrl.org/2003/role/documentation">Sed mauris. Nulla facilisi. Fusce tristique posuere ipsum. Nulla facilisi.</label>
    <label xlink:type="resource"
      xlink:label="pattern_MovementInBuildingsNetRollForward_lbl"
      xml:lang="en"
      xlink:role="http://www.xbrl.org/2003/role/label">Movement in Buildings, Net [Roll Forward]</label>
    <loc xlink:type="locator"
      xlink:label="pattern_MovementInFurnitureFixturesNetRollForward"
      xlink:href="ComplexRollForward.xsd#pattern_MovementInFurnitureFixturesNetRollForward" />
    <labelArc xlink:type="arc"
      xlink:arcrole="http://www.xbrl.org/2003/arcrole/concept-label"
      xlink:from="pattern_MovementInFurnitureFixturesNetRollForward"
      xlink:to="pattern_MovementInFurnitureFixturesNetRollForward_lbl" />
    <label xlink:type="resource"
      xlink:label="pattern_MovementInFurnitureFixturesNetRollForward_lbl"
      xml:lang="en"
      xlink:role="http://www.xbrl.org/2003/role/documentation">Etiam viverra neque non sem. Nullam lacinia sem. Duis sapien diam, dapibus sed, dictum quis, interdum ac, erat.</label>
    <label xlink:type="resource"
      xlink:label="pattern_MovementInFurnitureFixturesNetRollForward_lbl"
      xml:lang="en"
      xlink:role="http://www.xbrl.org/2003/role/label">Movement in Furniture and Fixtures, Net [Roll Forward]</label>
    <loc xlink:type="locator"
      xlink:label="pattern_MovementInLandRollForward"
      xlink:href="ComplexRollForward.xsd#pattern_MovementInLandRollForward" />
    <labelArc xlink:type="arc"
      xlink:arcrole="http://www.xbrl.org/2003/arcrole/concept-label"
      xlink:from="pattern_MovementInLandRollForward"
      xlink:to="pattern_MovementInLandRollForward_lbl" />
    <label xlink:type="resource"
      xlink:label="pattern_MovementInLandRollForward_lbl"
      xml:lang="en"
      xlink:role="http://www.xbrl.org/2003/role/documentation">Duis fermentum. Nullam dui orci, scelerisque porttitor, volutpat a, porttitor a, enim.</label>
    <label xlink:type="resource"
      xlink:label="pattern_MovementInLandRollForward_lbl"
      xml:lang="en"
      xlink:role="http://www.xbrl.org/2003/role/label">Movement in Land [Roll Forward]</label>
    <loc xlink:type="locator"
      xlink:label="pattern_MovementInOtherPropertyPlantEquipmentNetRollForward"
      xlink:href="ComplexRollForward.xsd#pattern_MovementInOtherPropertyPlantEquipmentNetRollForward" />
    <labelArc xlink:type="arc"
      xlink:arcrole="http://www.xbrl.org/2003/arcrole/concept-label"
      xlink:from="pattern_MovementInOtherPropertyPlantEquipmentNetRollForward"
      xlink:to="pattern_MovementInOtherPropertyPlantEquipmentNetRollForward_lbl" />
    <label xlink:type="resource"
      xlink:label="pattern_MovementInOtherPropertyPlantEquipmentNetRollForward_lbl"
      xml:lang="en"
      xlink:role="http://www.xbrl.org/2003/role/documentation">Vivamus quis nunc. Proin porta tincidunt nunc. Pellentesque condimentum commodo wisi.</label>
    <label xlink:type="resource"
      xlink:label="pattern_MovementInOtherPropertyPlantEquipmentNetRollForward_lbl"
      xml:lang="en"
      xlink:role="http://www.xbrl.org/2003/role/label">Movement in Other Property, Plant and Equipment, Net [Roll Forward]</label>
    <loc xlink:type="locator"
      xlink:label="pattern_MovementInPropertyPlantAndEquipmentNetLineItems"
      xlink:href="ComplexRollForward.xsd#pattern_MovementInPropertyPlantAndEquipmentNetLineItems" />
    <labelArc xlink:type="arc"
      xlink:arcrole="http://www.xbrl.org/2003/arcrole/concept-label"
      xlink:from="pattern_MovementInPropertyPlantAndEquipmentNetLineItems"
      xlink:to="pattern_MovementInPropertyPlantAndEquipmentNetLineItems_lbl" />
    <label xlink:type="resource"
      xlink:label="pattern_MovementInPropertyPlantAndEquipmentNetLineItems_lbl"
      xml:lang="en"
      xlink:role="http://www.xbrl.org/2003/role/documentation">Sed dapibus dui quis lectus. Donec id sem.</label>
    <label xlink:type="resource"
      xlink:label="pattern_MovementInPropertyPlantAndEquipmentNetLineItems_lbl"
      xml:lang="en"
      xlink:role="http://www.xbrl.org/2003/role/label">Movement in Property, Plant and Equipment, Net [Line Items]</label>
    <loc xlink:type="locator"
      xlink:label="pattern_MovementInPropertyPlantEquipmentNetRollForward"
      xlink:href="ComplexRollForward.xsd#pattern_MovementInPropertyPlantEquipmentNetRollForward" />
    <labelArc xlink:type="arc"
      xlink:arcrole="http://www.xbrl.org/2003/arcrole/concept-label"
      xlink:from="pattern_MovementInPropertyPlantEquipmentNetRollForward"
      xlink:to="pattern_MovementInPropertyPlantEquipmentNetRollForward_lbl" />
    <label xlink:type="resource"
      xlink:label="pattern_MovementInPropertyPlantEquipmentNetRollForward_lbl"
      xml:lang="en"
      xlink:role="http://www.xbrl.org/2003/role/documentation">Nunc in elit non metus viverra sollicitudin. Duis metus. Donec pulvinar nonummy erat.</label>
    <label xlink:type="resource"
      xlink:label="pattern_MovementInPropertyPlantEquipmentNetRollForward_lbl"
      xml:lang="en"
      xlink:role="http://www.xbrl.org/2003/role/label">Movement in Property, Plant and Equipment, Net [Roll Forward]</label>
    <loc xlink:type="locator"
      xlink:label="pattern_MovementInPropertyPlantEquipmentNetTable"
      xlink:href="ComplexRollForward.xsd#pattern_MovementInPropertyPlantEquipmentNetTable" />
    <labelArc xlink:type="arc"
      xlink:arcrole="http://www.xbrl.org/2003/arcrole/concept-label"
      xlink:from="pattern_MovementInPropertyPlantEquipmentNetTable"
      xlink:to="pattern_MovementInPropertyPlantEquipmentNetTable_lbl" />
    <label xlink:type="resource"
      xlink:label="pattern_MovementInPropertyPlantEquipmentNetTable_lbl"
      xml:lang="en"
      xlink:role="http://www.xbrl.org/2003/role/documentation">Nam rhoncus mi. Nunc eu dui non mauris interdum tincidunt. Sed magna felis, accumsan a, fermentum quis, varius sed, ipsum. Nullam leo.</label>
    <label xlink:type="resource"
      xlink:label="pattern_MovementInPropertyPlantEquipmentNetTable_lbl"
      xml:lang="en"
      xlink:role="http://www.xbrl.org/2003/role/label">Movement in Property, Plant and Equipment, Net [Table]</label>
    <loc xlink:type="locator"
      xlink:label="pattern_OtherPropertyPlantAndEquipmentNetAdditions"
      xlink:href="ComplexRollForward.xsd#pattern_OtherPropertyPlantAndEquipmentNetAdditions" />
    <labelArc xlink:type="arc"
      xlink:arcrole="http://www.xbrl.org/2003/arcrole/concept-label"
      xlink:from="pattern_OtherPropertyPlantAndEquipmentNetAdditions"
      xlink:to="pattern_OtherPropertyPlantAndEquipmentNetAdditions_lbl" />
    <label xlink:type="resource"
      xlink:label="pattern_OtherPropertyPlantAndEquipmentNetAdditions_lbl"
      xml:lang="en"
      xlink:role="http://www.xbrl.org/2003/role/documentation">Ut eget felis.</label>
    <label xlink:type="resource"
      xlink:label="pattern_OtherPropertyPlantAndEquipmentNetAdditions_lbl"
      xml:lang="en"
      xlink:role="http://www.xbrl.org/2003/role/label">Other Property, Plant and Equipment, Net, Additions</label>
    <loc xlink:type="locator"
      xlink:label="pattern_OtherPropertyPlantAndEquipmentNetDisposals"
      xlink:href="ComplexRollForward.xsd#pattern_OtherPropertyPlantAndEquipmentNetDisposals" />
    <labelArc xlink:type="arc"
      xlink:arcrole="http://www.xbrl.org/2003/arcrole/concept-label"
      xlink:from="pattern_OtherPropertyPlantAndEquipmentNetDisposals"
      xlink:to="pattern_OtherPropertyPlantAndEquipmentNetDisposals_lbl" />
    <label xlink:type="resource"
      xlink:label="pattern_OtherPropertyPlantAndEquipmentNetDisposals_lbl"
      xml:lang="en"
      xlink:role="http://www.xbrl.org/2003/role/documentation">Etiam ipsum orci, gravida nec, feugiat ut, malesuada quis, mauris. Etiam porttitor.</label>
    <label xlink:type="resource"
      xlink:label="pattern_OtherPropertyPlantAndEquipmentNetDisposals_lbl"
      xml:lang="en"
      xlink:role="http://www.xbrl.org/2003/role/label">Other Property, Plant and Equipment, Net, Disposals</label>
    <label xlink:type="resource"
      xlink:label="pattern_OtherPropertyPlantAndEquipmentNetDisposals_lbl"
      xml:lang="en"
      xlink:role="http://www.xbrl.org/2009/role/negatedLabel">Other Property, Plant and Equipment, Net, Disposals</label>
    <loc xlink:type="locator"
      xlink:label="pattern_OtherPropertyPlantAndEquipmentNetOtherIncreaseDecrease"
      xlink:href="ComplexRollForward.xsd#pattern_OtherPropertyPlantAndEquipmentNetOtherIncreaseDecrease" />
    <labelArc xlink:type="arc"
      xlink:arcrole="http://www.xbrl.org/2003/arcrole/concept-label"
      xlink:from="pattern_OtherPropertyPlantAndEquipmentNetOtherIncreaseDecrease"
      xlink:to="pattern_OtherPropertyPlantAndEquipmentNetOtherIncreaseDecrease_lbl" />
    <label xlink:type="resource"
      xlink:label="pattern_OtherPropertyPlantAndEquipmentNetOtherIncreaseDecrease_lbl"
      xml:lang="en"
      xlink:role="http://www.xbrl.org/2003/role/documentation">Etiam ipsum orci, gravida nec, feugiat ut, malesuada quis, mauris. Etiam porttitor. Ut eget felis.</label>
    <label xlink:type="resource"
      xlink:label="pattern_OtherPropertyPlantAndEquipmentNetOtherIncreaseDecrease_lbl"
      xml:lang="en"
      xlink:role="http://www.xbrl.org/2003/role/label">Other Property, Plant and Equipment, Net, Other Increase (Decrease)</label>
    <loc xlink:type="locator"
      xlink:label="pattern_OtherPropertyPlantAndEquipmentNetPeriodIncreaseDecrease"
      xlink:href="ComplexRollForward.xsd#pattern_OtherPropertyPlantAndEquipmentNetPeriodIncreaseDecrease" />
    <labelArc xlink:type="arc"
      xlink:arcrole="http://www.xbrl.org/2003/arcrole/concept-label"
      xlink:from="pattern_OtherPropertyPlantAndEquipmentNetPeriodIncreaseDecrease"
      xlink:to="pattern_OtherPropertyPlantAndEquipmentNetPeriodIncreaseDecrease_lbl" />
    <label xlink:type="resource"
      xlink:label="pattern_OtherPropertyPlantAndEquipmentNetPeriodIncreaseDecrease_lbl"
      xml:lang="en"
      xlink:role="http://www.xbrl.org/2003/role/documentation">Podio metus mollis mauris, non pharetra augue arcu eu felis. Ut eget felis.</label>
    <label xlink:type="resource"
      xlink:label="pattern_OtherPropertyPlantAndEquipmentNetPeriodIncreaseDecrease_lbl"
      xml:lang="en"
      xlink:role="http://www.xbrl.org/2003/role/label">Other Property, Plant and Equipment, Net, Period Increase (Decrease)</label>
    <label xlink:type="resource"
      xlink:label="pattern_OtherPropertyPlantAndEquipmentNetPeriodIncreaseDecrease_lbl"
      xml:lang="en"
      xlink:role="http://www.xbrl.org/2003/role/totalLabel">Buildings, Net, Period Increase (Decrease), Total</label>
    <loc xlink:type="locator"
      xlink:label="pattern_OtherPropertyPlantAndEquipmentNetTranslationDifference"
      xlink:href="ComplexRollForward.xsd#pattern_OtherPropertyPlantAndEquipmentNetTranslationDifference" />
    <labelArc xlink:type="arc"
      xlink:arcrole="http://www.xbrl.org/2003/arcrole/concept-label"
      xlink:from="pattern_OtherPropertyPlantAndEquipmentNetTranslationDifference"
      xlink:to="pattern_OtherPropertyPlantAndEquipmentNetTranslationDifference_lbl" />
    <label xlink:type="resource"
      xlink:label="pattern_OtherPropertyPlantAndEquipmentNetTranslationDifference_lbl"
      xml:lang="en"
      xlink:role="http://www.xbrl.org/2003/role/documentation">Etiam porttitor. Ut venenatis, velit a accumsan interdum, odio metus mollis mauris, non pharetra augue arcu eu felis. Ut eget felis.</label>
    <label xlink:type="resource"
      xlink:label="pattern_OtherPropertyPlantAndEquipmentNetTranslationDifference_lbl"
      xml:lang="en"
      xlink:role="http://www.xbrl.org/2003/role/label">Other Property, Plant and Equipment, Net, Translation Difference</label>
    <loc xlink:type="locator"
      xlink:label="pattern_OtherPropertyPlantAndEquipmentNet"
      xlink:href="ComplexRollForward.xsd#pattern_OtherPropertyPlantAndEquipmentNet" />
    <labelArc xlink:type="arc"
      xlink:arcrole="http://www.xbrl.org/2003/arcrole/concept-label"
      xlink:from="pattern_OtherPropertyPlantAndEquipmentNet"
      xlink:to="pattern_OtherPropertyPlantAndEquipmentNet_lbl" />
    <label xlink:type="resource"
      xlink:label="pattern_OtherPropertyPlantAndEquipmentNet_lbl"
      xml:lang="en"
      xlink:role="http://www.xbrl.org/2003/role/documentation">Phasellus eleifend, diam vitae dapibus pulvinar, erat ligula auctor dui, eget congue justo lorem hendrerit tellus.</label>
    <label xlink:type="resource"
      xlink:label="pattern_OtherPropertyPlantAndEquipmentNet_lbl"
      xml:lang="en"
      xlink:role="http://www.xbrl.org/2003/role/periodEndLabel">Other Property, Plant and Equipment, Net, Ending Balance</label>
    <label xlink:type="resource"
      xlink:label="pattern_OtherPropertyPlantAndEquipmentNet_lbl"
      xml:lang="en"
      xlink:role="http://www.xbrl.org/2003/role/periodStartLabel">Other Property, Plant and Equipment, Net, Beginning Balance</label>
    <label xlink:type="resource"
      xlink:label="pattern_OtherPropertyPlantAndEquipmentNet_lbl"
      xml:lang="en"
      xlink:role="http://www.xbrl.org/2003/role/label">Other Property, Plant and Equipment, Net</label>
    <loc xlink:type="locator"
      xlink:label="pattern_OtherPropertyPlantEquipmentNetPeriodIncreaseDecreaseRollUp"
      xlink:href="ComplexRollForward.xsd#pattern_OtherPropertyPlantEquipmentNetPeriodIncreaseDecreaseRollUp" />
    <labelArc xlink:type="arc"
      xlink:arcrole="http://www.xbrl.org/2003/arcrole/concept-label"
      xlink:from="pattern_OtherPropertyPlantEquipmentNetPeriodIncreaseDecreaseRollUp"
      xlink:to="pattern_OtherPropertyPlantEquipmentNetPeriodIncreaseDecreaseRollUp_lbl" />
    <label xlink:type="resource"
      xlink:label="pattern_OtherPropertyPlantEquipmentNetPeriodIncreaseDecreaseRollUp_lbl"
      xml:lang="en"
      xlink:role="http://www.xbrl.org/2003/role/documentation">Nullam leo. Donec eros. Maecenas interdum, lectus eget aliquet tincidunt, tellus dolor ultrices tellus.</label>
    <label xlink:type="resource"
      xlink:label="pattern_OtherPropertyPlantEquipmentNetPeriodIncreaseDecreaseRollUp_lbl"
      xml:lang="en"
      xlink:role="http://www.xbrl.org/2003/role/label">Other Property, Plant and Equipment, Net, Period Increase (Decrease) [Roll Up]</label>
    <loc xlink:type="locator"
      xlink:label="pattern_PropertyPlantAndEquipmentNetAdditions"
      xlink:href="ComplexRollForward.xsd#pattern_PropertyPlantAndEquipmentNetAdditions" />
    <labelArc xlink:type="arc"
      xlink:arcrole="http://www.xbrl.org/2003/arcrole/concept-label"
      xlink:from="pattern_PropertyPlantAndEquipmentNetAdditions"
      xlink:to="pattern_PropertyPlantAndEquipmentNetAdditions_lbl" />
    <label xlink:type="resource"
      xlink:label="pattern_PropertyPlantAndEquipmentNetAdditions_lbl"
      xml:lang="en"
      xlink:role="http://www.xbrl.org/2003/role/documentation">Nunc in elit non metus viverra sollicitudin. Duis metus. Donec pulvinar nonummy erat. In vel justo at urna rutrum ultrices.</label>
    <label xlink:type="resource"
      xlink:label="pattern_PropertyPlantAndEquipmentNetAdditions_lbl"
      xml:lang="en"
      xlink:role="http://www.xbrl.org/2003/role/label">Property, Plant and Equipment, Net, Additions</label>
    <loc xlink:type="locator"
      xlink:label="pattern_PropertyPlantAndEquipmentNetDisposals"
      xlink:href="ComplexRollForward.xsd#pattern_PropertyPlantAndEquipmentNetDisposals" />
    <labelArc xlink:type="arc"
      xlink:arcrole="http://www.xbrl.org/2003/arcrole/concept-label"
      xlink:from="pattern_PropertyPlantAndEquipmentNetDisposals"
      xlink:to="pattern_PropertyPlantAndEquipmentNetDisposals_lbl" />
    <label xlink:type="resource"
      xlink:label="pattern_PropertyPlantAndEquipmentNetDisposals_lbl"
      xml:lang="en"
      xlink:role="http://www.xbrl.org/2003/role/documentation">Vestibulum bibendum aliquet augue. Proin venenatis ultricies risus.</label>
    <label xlink:type="resource"
      xlink:label="pattern_PropertyPlantAndEquipmentNetDisposals_lbl"
      xml:lang="en"
      xlink:role="http://www.xbrl.org/2003/role/label">Property, Plant and Equipment, Net, Disposals</label>
    <label xlink:type="resource"
      xlink:label="pattern_PropertyPlantAndEquipmentNetDisposals_lbl"
      xml:lang="en"
      xlink:role="http://www.xbrl.org/2009/role/negatedLabel">Property, Plant and Equipment, Net, Disposals</label>
    <loc xlink:type="locator"
      xlink:label="pattern_PropertyPlantAndEquipmentNetOtherIncreaseDecrease"
      xlink:href="ComplexRollForward.xsd#pattern_PropertyPlantAndEquipmentNetOtherIncreaseDecrease" />
    <labelArc xlink:type="arc"
      xlink:arcrole="http://www.xbrl.org/2003/arcrole/concept-label"
      xlink:from="pattern_PropertyPlantAndEquipmentNetOtherIncreaseDecrease"
      xlink:to="pattern_PropertyPlantAndEquipmentNetOtherIncreaseDecrease_lbl" />
    <label xlink:type="resource"
      xlink:label="pattern_PropertyPlantAndEquipmentNetOtherIncreaseDecrease_lbl"
      xml:lang="en"
      xlink:role="http://www.xbrl.org/2003/role/documentation">Nunc in elit non metus viverra sollicitudin. Duis metus. Donec pulvinar nonummy erat. In vel justo at urna rutrum ultrices. Cras consectetuer orci non lorem. Vestibulum bibendum aliquet augue. Proin venenatis ultricies risus.</label>
    <label xlink:type="resource"
      xlink:label="pattern_PropertyPlantAndEquipmentNetOtherIncreaseDecrease_lbl"
      xml:lang="en"
      xlink:role="http://www.xbrl.org/2003/role/label">Property, Plant and Equipment, Net, Other Increase (Decrease)</label>
    <loc xlink:type="locator"
      xlink:label="pattern_PropertyPlantAndEquipmentNetPeriodIncreaseDecrease"
      xlink:href="ComplexRollForward.xsd#pattern_PropertyPlantAndEquipmentNetPeriodIncreaseDecrease" />
    <labelArc xlink:type="arc"
      xlink:arcrole="http://www.xbrl.org/2003/arcrole/concept-label"
      xlink:from="pattern_PropertyPlantAndEquipmentNetPeriodIncreaseDecrease"
      xlink:to="pattern_PropertyPlantAndEquipmentNetPeriodIncreaseDecrease_lbl" />
    <label xlink:type="resource"
      xlink:label="pattern_PropertyPlantAndEquipmentNetPeriodIncreaseDecrease_lbl"
      xml:lang="en"
      xlink:role="http://www.xbrl.org/2003/role/documentation">Nunc in elit non metus viverra sollicitudin. Duis metu. In vel justo at urna rutrum ultrices. Vestibulum bibendum aliquet augue.</label>
    <label xlink:type="resource"
      xlink:label="pattern_PropertyPlantAndEquipmentNetPeriodIncreaseDecrease_lbl"
      xml:lang="en"
      xlink:role="http://www.xbrl.org/2003/role/label">Property, Plant and Equipment, Net, Period Increase (Decrease)</label>
    <label xlink:type="resource"
      xlink:label="pattern_PropertyPlantAndEquipmentNetPeriodIncreaseDecrease_lbl"
      xml:lang="en"
      xlink:role="http://www.xbrl.org/2003/role/totalLabel">Buildings, Net, Period Increase (Decrease), Total</label>
    <loc xlink:type="locator"
      xlink:label="pattern_PropertyPlantAndEquipmentNetTranslationDifference"
      xlink:href="ComplexRollForward.xsd#pattern_PropertyPlantAndEquipmentNetTranslationDifference" />
    <labelArc xlink:type="arc"
      xlink:arcrole="http://www.xbrl.org/2003/arcrole/concept-label"
      xlink:from="pattern_PropertyPlantAndEquipmentNetTranslationDifference"
      xlink:to="pattern_PropertyPlantAndEquipmentNetTranslationDifference_lbl" />
    <label xlink:type="resource"
      xlink:label="pattern_PropertyPlantAndEquipmentNetTranslationDifference_lbl"
      xml:lang="en"
      xlink:role="http://www.xbrl.org/2003/role/documentation">Proin venenatis ultricies risus. Nunc in elit non metus viverra sollicitudin. Duis metus. Donec pulvinar nonummy erat. In vel justo at urna rutrum ultrices. Cras consectetuer orci non lorem.</label>
    <label xlink:type="resource"
      xlink:label="pattern_PropertyPlantAndEquipmentNetTranslationDifference_lbl"
      xml:lang="en"
      xlink:role="http://www.xbrl.org/2003/role/label">Property, Plant and Equipment, Net, Translation Difference</label>
    <loc xlink:type="locator"
      xlink:label="pattern_PropertyPlantAndEquipmentNet"
      xlink:href="ComplexRollForward.xsd#pattern_PropertyPlantAndEquipmentNet" />
    <labelArc xlink:type="arc"
      xlink:arcrole="http://www.xbrl.org/2003/arcrole/concept-label"
      xlink:from="pattern_PropertyPlantAndEquipmentNet"
      xlink:to="pattern_PropertyPlantAndEquipmentNet_lbl" />
    <label xlink:type="resource"
      xlink:label="pattern_PropertyPlantAndEquipmentNet_lbl"
      xml:lang="en"
      xlink:role="http://www.xbrl.org/2003/role/documentation">Maecenas tincidunt, ipsum in fringilla hendrerit, dolor metus eleifend neque, vel tincidunt mi nunc a purus.</label>
    <label xlink:type="resource"
      xlink:label="pattern_PropertyPlantAndEquipmentNet_lbl"
      xml:lang="en"
      xlink:role="http://www.xbrl.org/2003/role/periodEndLabel">Property, Plant and Equipment, Net, Ending Balance</label>
    <label xlink:type="resource"
      xlink:label="pattern_PropertyPlantAndEquipmentNet_lbl"
      xml:lang="en"
      xlink:role="http://www.xbrl.org/2003/role/periodStartLabel">Property, Plant and Equipment, Net, Beginning Balance</label>
    <label xlink:type="resource"
      xlink:label="pattern_PropertyPlantAndEquipmentNet_lbl"
      xml:lang="en"
      xlink:role="http://www.xbrl.org/2003/role/label">Property, Plant and Equipment, Net</label>
    <loc xlink:type="locator"
      xlink:label="pattern_PropertyPlantEquipmentNetAdditionsRollUp"
      xlink:href="ComplexRollForward.xsd#pattern_PropertyPlantEquipmentNetAdditionsRollUp" />
    <labelArc xlink:type="arc"
      xlink:arcrole="http://www.xbrl.org/2003/arcrole/concept-label"
      xlink:from="pattern_PropertyPlantEquipmentNetAdditionsRollUp"
      xlink:to="pattern_PropertyPlantEquipmentNetAdditionsRollUp_lbl" />
    <label xlink:type="resource"
      xlink:label="pattern_PropertyPlantEquipmentNetAdditionsRollUp_lbl"
      xml:lang="en"
      xlink:role="http://www.xbrl.org/2003/role/documentation">Duis fermentum. Nullam dui orci, scelerisque porttitor, volutpat a, porttitor a, enim.</label>
    <label xlink:type="resource"
      xlink:label="pattern_PropertyPlantEquipmentNetAdditionsRollUp_lbl"
      xml:lang="en"
      xlink:role="http://www.xbrl.org/2003/role/label">Property, Plant and Equipment, Net, Additions [Roll Up]</label>
    <loc xlink:type="locator"
      xlink:label="pattern_PropertyPlantEquipmentNetDisplosalsRollUp"
      xlink:href="ComplexRollForward.xsd#pattern_PropertyPlantEquipmentNetDisplosalsRollUp" />
    <labelArc xlink:type="arc"
      xlink:arcrole="http://www.xbrl.org/2003/arcrole/concept-label"
      xlink:from="pattern_PropertyPlantEquipmentNetDisplosalsRollUp"
      xlink:to="pattern_PropertyPlantEquipmentNetDisplosalsRollUp_lbl" />
    <label xlink:type="resource"
      xlink:label="pattern_PropertyPlantEquipmentNetDisplosalsRollUp_lbl"
      xml:lang="en"
      xlink:role="http://www.xbrl.org/2003/role/documentation">Duis fermentum. Nullam dui orci, scelerisque porttitor, volutpat a, porttitor a, enim.</label>
    <label xlink:type="resource"
      xlink:label="pattern_PropertyPlantEquipmentNetDisplosalsRollUp_lbl"
      xml:lang="en"
      xlink:role="http://www.xbrl.org/2003/role/label">Property, Plant and Equipment, Net, Displosals [Roll Up]</label>
    <loc xlink:type="locator"
      xlink:label="pattern_PropertyPlantEquipmentNetOtherIncreaseDecreaseRollUp"
      xlink:href="ComplexRollForward.xsd#pattern_PropertyPlantEquipmentNetOtherIncreaseDecreaseRollUp" />
    <labelArc xlink:type="arc"
      xlink:arcrole="http://www.xbrl.org/2003/arcrole/concept-label"
      xlink:from="pattern_PropertyPlantEquipmentNetOtherIncreaseDecreaseRollUp"
      xlink:to="pattern_PropertyPlantEquipmentNetOtherIncreaseDecreaseRollUp_lbl" />
    <label xlink:type="resource"
      xlink:label="pattern_PropertyPlantEquipmentNetOtherIncreaseDecreaseRollUp_lbl"
      xml:lang="en"
      xlink:role="http://www.xbrl.org/2003/role/documentation">Duis fermentum. Nullam dui orci, scelerisque porttitor, volutpat a, porttitor a, enim.</label>
    <label xlink:type="resource"
      xlink:label="pattern_PropertyPlantEquipmentNetOtherIncreaseDecreaseRollUp_lbl"
      xml:lang="en"
      xlink:role="http://www.xbrl.org/2003/role/label">Property, Plant and Equipment, Net, Other Increase (Decrease) [Roll Up]</label>
    <loc xlink:type="locator"
      xlink:label="pattern_PropertyPlantEquipmentNetPeriodIncreaseDecreaseRollUp"
      xlink:href="ComplexRollForward.xsd#pattern_PropertyPlantEquipmentNetPeriodIncreaseDecreaseRollUp" />
    <labelArc xlink:type="arc"
      xlink:arcrole="http://www.xbrl.org/2003/arcrole/concept-label"
      xlink:from="pattern_PropertyPlantEquipmentNetPeriodIncreaseDecreaseRollUp"
      xlink:to="pattern_PropertyPlantEquipmentNetPeriodIncreaseDecreaseRollUp_lbl" />
    <label xlink:type="resource"
      xlink:label="pattern_PropertyPlantEquipmentNetPeriodIncreaseDecreaseRollUp_lbl"
      xml:lang="en"
      xlink:role="http://www.xbrl.org/2003/role/documentation">Maecenas scelerisque ullamcorper libero.</label>
    <label xlink:type="resource"
      xlink:label="pattern_PropertyPlantEquipmentNetPeriodIncreaseDecreaseRollUp_lbl"
      xml:lang="en"
      xlink:role="http://www.xbrl.org/2003/role/label">Property, Plant and Equipment, Net, Period Increase (Decrease) [Roll Up]</label>
    <loc xlink:type="locator"
      xlink:label="pattern_PropertyPlantEquipmentNetRollUp"
      xlink:href="ComplexRollForward.xsd#pattern_PropertyPlantEquipmentNetRollUp" />
    <labelArc xlink:type="arc"
      xlink:arcrole="http://www.xbrl.org/2003/arcrole/concept-label"
      xlink:from="pattern_PropertyPlantEquipmentNetRollUp"
      xlink:to="pattern_PropertyPlantEquipmentNetRollUp_lbl" />
    <label xlink:type="resource"
      xlink:label="pattern_PropertyPlantEquipmentNetRollUp_lbl"
      xml:lang="en"
      xlink:role="http://www.xbrl.org/2003/role/documentation">Duis fermentum. Nullam dui orci, scelerisque porttitor, volutpat a, porttitor a, enim.</label>
    <label xlink:type="resource"
      xlink:label="pattern_PropertyPlantEquipmentNetRollUp_lbl"
      xml:lang="en"
      xlink:role="http://www.xbrl.org/2003/role/label">Property, Plant and Equipment, Net [Roll Up]</label>
    <loc xlink:type="locator"
      xlink:label="pattern_PropertyPlantEquipmentNetTranslationDifferenceRollUp"
      xlink:href="ComplexRollForward.xsd#pattern_PropertyPlantEquipmentNetTranslationDifferenceRollUp" />
    <labelArc xlink:type="arc"
      xlink:arcrole="http://www.xbrl.org/2003/arcrole/concept-label"
      xlink:from="pattern_PropertyPlantEquipmentNetTranslationDifferenceRollUp"
      xlink:to="pattern_PropertyPlantEquipmentNetTranslationDifferenceRollUp_lbl" />
    <label xlink:type="resource"
      xlink:label="pattern_PropertyPlantEquipmentNetTranslationDifferenceRollUp_lbl"
      xml:lang="en"
      xlink:role="http://www.xbrl.org/2003/role/documentation">Duis fermentum. Nullam dui orci, scelerisque porttitor, volutpat a, porttitor a, enim.</label>
    <label xlink:type="resource"
      xlink:label="pattern_PropertyPlantEquipmentNetTranslationDifferenceRollUp_lbl"
      xml:lang="en"
      xlink:role="http://www.xbrl.org/2003/role/label">Property, Plant and Equipment, Net, Translation Difference [Roll Up]</label>
    <loc xlink:type="locator"
      xlink:label="pattern_RollUpChangesInPropertyPlantEquipmentNetLineItems"
      xlink:href="ComplexRollForward.xsd#pattern_RollUpChangesInPropertyPlantEquipmentNetLineItems" />
    <labelArc xlink:type="arc"
      xlink:arcrole="http://www.xbrl.org/2003/arcrole/concept-label"
      xlink:from="pattern_RollUpChangesInPropertyPlantEquipmentNetLineItems"
      xlink:to="pattern_RollUpChangesInPropertyPlantEquipmentNetLineItems_lbl" />
    <label xlink:type="resource"
      xlink:label="pattern_RollUpChangesInPropertyPlantEquipmentNetLineItems_lbl"
      xml:lang="en"
      xlink:role="http://www.xbrl.org/2003/role/documentation">Sed dapibus dui quis lectus. Donec id sem.</label>
    <label xlink:type="resource"
      xlink:label="pattern_RollUpChangesInPropertyPlantEquipmentNetLineItems_lbl"
      xml:lang="en"
      xlink:role="http://www.xbrl.org/2003/role/label">Roll Up of Changes in Property, Plant and Equipment, Net [Line Items]</label>
    <loc xlink:type="locator"
      xlink:label="pattern_RollUpChangesInPropertyPlantEquipmentNetTable"
      xlink:href="ComplexRollForward.xsd#pattern_RollUpChangesInPropertyPlantEquipmentNetTable" />
    <labelArc xlink:type="arc"
      xlink:arcrole="http://www.xbrl.org/2003/arcrole/concept-label"
      xlink:from="pattern_RollUpChangesInPropertyPlantEquipmentNetTable"
      xlink:to="pattern_RollUpChangesInPropertyPlantEquipmentNetTable_lbl" />
    <label xlink:type="resource"
      xlink:label="pattern_RollUpChangesInPropertyPlantEquipmentNetTable_lbl"
      xml:lang="en"
      xlink:role="http://www.xbrl.org/2003/role/documentation">Nam rhoncus mi. Nunc eu dui non mauris interdum tincidunt. Sed magna felis, accumsan a, fermentum quis, varius sed, ipsum. Nullam leo.</label>
    <label xlink:type="resource"
      xlink:label="pattern_RollUpChangesInPropertyPlantEquipmentNetTable_lbl"
      xml:lang="en"
      xlink:role="http://www.xbrl.org/2003/role/label">Roll Up of Changes in Property, Plant and Equipment, Net [Table]</label>
  </labelLink>
</linkbase>