<?xml version="1.0" encoding="utf-8"?>
<!--
Taxonomy Calculation Links linkbase based on XBRL standard Version 2.1.
Created by UBmatrix Taxonomy Designer 3.0.3.2436 (2009-06-02 13:18).  
Contact www.ubmatrix.com
Copyright (c) 2002-2017 UBmatrix inc., All Rights Reserved
Produced on 2017-06-13 08:21:10
-->
<linkbase
  xmlns="http://www.xbrl.org/2003/linkbase"
  xmlns:xsi="http://www.w3.org/2001/XMLSchema-instance"
  xmlns:xlink="http://www.w3.org/1999/xlink"
  xsi:schemaLocation="
    http://www.xbrl.org/2003/linkbase 
      http://www.xbrl.org/2003/xbrl-linkbase-2003-12-31.xsd
    ">
  <roleRef xlink:type="simple"
    xlink:href="ComplexRollForward.xsd#MovementInPropertyPlantAndEquipmentNet"
    roleURI="http://xbrlsite.azurewebsites.net/DigitalFinancialReporting/BusinessUseCases/ComplexRollForward/MovementInPropertyPlantAndEquipmentNet" />
  <roleRef xlink:type="simple"
    xlink:href="ComplexRollForward.xsd#RollUpOfChangesInPropertyPlantAndEquipmentNet"
    roleURI="http://xbrlsite.azurewebsites.net/DigitalFinancialReporting/BusinessUseCases/ComplexRollForward/RollUpOfChangesInPropertyPlantAndEquipmentNet" />
  <roleRef xlink:type="simple"
    xlink:href="ComplexRollForward.xsd#PropertyPlantAndEquipmentNet"
    roleURI="http://xbrlsite.azurewebsites.net/DigitalFinancialReporting/BusinessUseCases/ComplexRollForward/PropertyPlantAndEquipmentNet" />
  <calculationLink xlink:type="extended"
    xlink:role="http://xbrlsite.azurewebsites.net/DigitalFinancialReporting/BusinessUseCases/ComplexRollForward/MovementInPropertyPlantAndEquipmentNet">
    <loc xlink:type="locator"
      xlink:label="pattern_BuildingsNetPeriodIncreaseDecrease"
      xlink:href="ComplexRollForward.xsd#pattern_BuildingsNetPeriodIncreaseDecrease" />
    <loc xlink:type="locator"
      xlink:label="pattern_BuildingsNetAdditions"
      xlink:href="ComplexRollForward.xsd#pattern_BuildingsNetAdditions" />
    <calculationArc xlink:type="arc"
      xlink:arcrole="http://www.xbrl.org/2003/arcrole/summation-item"
      xlink:from="pattern_BuildingsNetPeriodIncreaseDecrease"
      xlink:to="pattern_BuildingsNetAdditions"
      order="1"
      weight="1"
      use="optional" />
    <loc xlink:type="locator"
      xlink:label="pattern_BuildingsNetDisposals"
      xlink:href="ComplexRollForward.xsd#pattern_BuildingsNetDisposals" />
    <calculationArc xlink:type="arc"
      xlink:arcrole="http://www.xbrl.org/2003/arcrole/summation-item"
      xlink:from="pattern_BuildingsNetPeriodIncreaseDecrease"
      xlink:to="pattern_BuildingsNetDisposals"
      order="2"
      weight="-1"
      use="optional" />
    <loc xlink:type="locator"
      xlink:label="pattern_BuildingsNetTranslationDifference"
      xlink:href="ComplexRollForward.xsd#pattern_BuildingsNetTranslationDifference" />
    <calculationArc xlink:type="arc"
      xlink:arcrole="http://www.xbrl.org/2003/arcrole/summation-item"
      xlink:from="pattern_BuildingsNetPeriodIncreaseDecrease"
      xlink:to="pattern_BuildingsNetTranslationDifference"
      order="3"
      weight="1"
      use="optional" />
    <loc xlink:type="locator"
      xlink:label="pattern_BuildingsNetOtherIncreaseDecrease"
      xlink:href="ComplexRollForward.xsd#pattern_BuildingsNetOtherIncreaseDecrease" />
    <calculationArc xlink:type="arc"
      xlink:arcrole="http://www.xbrl.org/2003/arcrole/summation-item"
      xlink:from="pattern_BuildingsNetPeriodIncreaseDecrease"
      xlink:to="pattern_BuildingsNetOtherIncreaseDecrease"
      order="4"
      weight="1"
      use="optional" />
    <loc xlink:type="locator"
      xlink:label="pattern_FurnitureAndFixturesNetPeriodIncreaseDecrease"
      xlink:href="ComplexRollForward.xsd#pattern_FurnitureAndFixturesNetPeriodIncreaseDecrease" />
    <loc xlink:type="locator"
      xlink:label="pattern_FurnitureAndFixturesNetAdditions"
      xlink:href="ComplexRollForward.xsd#pattern_FurnitureAndFixturesNetAdditions" />
    <calculationArc xlink:type="arc"
      xlink:arcrole="http://www.xbrl.org/2003/arcrole/summation-item"
      xlink:from="pattern_FurnitureAndFixturesNetPeriodIncreaseDecrease"
      xlink:to="pattern_FurnitureAndFixturesNetAdditions"
      order="1"
      weight="1"
      use="optional" />
    <loc xlink:type="locator"
      xlink:label="pattern_FurnitureAndFixturesNetDisposals"
      xlink:href="ComplexRollForward.xsd#pattern_FurnitureAndFixturesNetDisposals" />
    <calculationArc xlink:type="arc"
      xlink:arcrole="http://www.xbrl.org/2003/arcrole/summation-item"
      xlink:from="pattern_FurnitureAndFixturesNetPeriodIncreaseDecrease"
      xlink:to="pattern_FurnitureAndFixturesNetDisposals"
      order="2"
      weight="-1"
      use="optional" />
    <loc xlink:type="locator"
      xlink:label="pattern_FurnitureAndFixturesNetTranslationDifference"
      xlink:href="ComplexRollForward.xsd#pattern_FurnitureAndFixturesNetTranslationDifference" />
    <calculationArc xlink:type="arc"
      xlink:arcrole="http://www.xbrl.org/2003/arcrole/summation-item"
      xlink:from="pattern_FurnitureAndFixturesNetPeriodIncreaseDecrease"
      xlink:to="pattern_FurnitureAndFixturesNetTranslationDifference"
      order="3"
      weight="1"
      use="optional" />
    <loc xlink:type="locator"
      xlink:label="pattern_FurnitureAndFixturesNetOtherIncreaseDecrease"
      xlink:href="ComplexRollForward.xsd#pattern_FurnitureAndFixturesNetOtherIncreaseDecrease" />
    <calculationArc xlink:type="arc"
      xlink:arcrole="http://www.xbrl.org/2003/arcrole/summation-item"
      xlink:from="pattern_FurnitureAndFixturesNetPeriodIncreaseDecrease"
      xlink:to="pattern_FurnitureAndFixturesNetOtherIncreaseDecrease"
      order="4"
      weight="1"
      use="optional" />
    <loc xlink:type="locator"
      xlink:label="pattern_LandPeriodIncreaseDecrease"
      xlink:href="ComplexRollForward.xsd#pattern_LandPeriodIncreaseDecrease" />
    <loc xlink:type="locator"
      xlink:label="pattern_LandAdditions"
      xlink:href="ComplexRollForward.xsd#pattern_LandAdditions" />
    <calculationArc xlink:type="arc"
      xlink:arcrole="http://www.xbrl.org/2003/arcrole/summation-item"
      xlink:from="pattern_LandPeriodIncreaseDecrease"
      xlink:to="pattern_LandAdditions"
      order="1"
      weight="1"
      use="optional" />
    <loc xlink:type="locator"
      xlink:label="pattern_LandDisposals"
      xlink:href="ComplexRollForward.xsd#pattern_LandDisposals" />
    <calculationArc xlink:type="arc"
      xlink:arcrole="http://www.xbrl.org/2003/arcrole/summation-item"
      xlink:from="pattern_LandPeriodIncreaseDecrease"
      xlink:to="pattern_LandDisposals"
      order="2"
      weight="-1"
      use="optional" />
    <loc xlink:type="locator"
      xlink:label="pattern_LandTranslationDifference"
      xlink:href="ComplexRollForward.xsd#pattern_LandTranslationDifference" />
    <calculationArc xlink:type="arc"
      xlink:arcrole="http://www.xbrl.org/2003/arcrole/summation-item"
      xlink:from="pattern_LandPeriodIncreaseDecrease"
      xlink:to="pattern_LandTranslationDifference"
      order="3"
      weight="1"
      use="optional" />
    <loc xlink:type="locator"
      xlink:label="pattern_LandOtherIncreaseDecrease"
      xlink:href="ComplexRollForward.xsd#pattern_LandOtherIncreaseDecrease" />
    <calculationArc xlink:type="arc"
      xlink:arcrole="http://www.xbrl.org/2003/arcrole/summation-item"
      xlink:from="pattern_LandPeriodIncreaseDecrease"
      xlink:to="pattern_LandOtherIncreaseDecrease"
      order="4"
      weight="1"
      use="optional" />
    <loc xlink:type="locator"
      xlink:label="pattern_OtherPropertyPlantAndEquipmentNetPeriodIncreaseDecrease"
      xlink:href="ComplexRollForward.xsd#pattern_OtherPropertyPlantAndEquipmentNetPeriodIncreaseDecrease" />
    <loc xlink:type="locator"
      xlink:label="pattern_OtherPropertyPlantAndEquipmentNetAdditions"
      xlink:href="ComplexRollForward.xsd#pattern_OtherPropertyPlantAndEquipmentNetAdditions" />
    <calculationArc xlink:type="arc"
      xlink:arcrole="http://www.xbrl.org/2003/arcrole/summation-item"
      xlink:from="pattern_OtherPropertyPlantAndEquipmentNetPeriodIncreaseDecrease"
      xlink:to="pattern_OtherPropertyPlantAndEquipmentNetAdditions"
      order="1"
      weight="1"
      use="optional" />
    <loc xlink:type="locator"
      xlink:label="pattern_OtherPropertyPlantAndEquipmentNetDisposals"
      xlink:href="ComplexRollForward.xsd#pattern_OtherPropertyPlantAndEquipmentNetDisposals" />
    <calculationArc xlink:type="arc"
      xlink:arcrole="http://www.xbrl.org/2003/arcrole/summation-item"
      xlink:from="pattern_OtherPropertyPlantAndEquipmentNetPeriodIncreaseDecrease"
      xlink:to="pattern_OtherPropertyPlantAndEquipmentNetDisposals"
      order="2"
      weight="-1"
      use="optional" />
    <loc xlink:type="locator"
      xlink:label="pattern_OtherPropertyPlantAndEquipmentNetTranslationDifference"
      xlink:href="ComplexRollForward.xsd#pattern_OtherPropertyPlantAndEquipmentNetTranslationDifference" />
    <calculationArc xlink:type="arc"
      xlink:arcrole="http://www.xbrl.org/2003/arcrole/summation-item"
      xlink:from="pattern_OtherPropertyPlantAndEquipmentNetPeriodIncreaseDecrease"
      xlink:to="pattern_OtherPropertyPlantAndEquipmentNetTranslationDifference"
      order="3"
      weight="1"
      use="optional" />
    <loc xlink:type="locator"
      xlink:label="pattern_OtherPropertyPlantAndEquipmentNetOtherIncreaseDecrease"
      xlink:href="ComplexRollForward.xsd#pattern_OtherPropertyPlantAndEquipmentNetOtherIncreaseDecrease" />
    <calculationArc xlink:type="arc"
      xlink:arcrole="http://www.xbrl.org/2003/arcrole/summation-item"
      xlink:from="pattern_OtherPropertyPlantAndEquipmentNetPeriodIncreaseDecrease"
      xlink:to="pattern_OtherPropertyPlantAndEquipmentNetOtherIncreaseDecrease"
      order="4"
      weight="1"
      use="optional" />
  </calculationLink>
  <calculationLink xlink:type="extended"
    xlink:role="http://xbrlsite.azurewebsites.net/DigitalFinancialReporting/BusinessUseCases/ComplexRollForward/RollUpOfChangesInPropertyPlantAndEquipmentNet">
    <loc xlink:type="locator"
      xlink:label="pattern_PropertyPlantAndEquipmentNetPeriodIncreaseDecrease"
      xlink:href="ComplexRollForward.xsd#pattern_PropertyPlantAndEquipmentNetPeriodIncreaseDecrease" />
    <loc xlink:type="locator"
      xlink:label="pattern_PropertyPlantAndEquipmentNetAdditions"
      xlink:href="ComplexRollForward.xsd#pattern_PropertyPlantAndEquipmentNetAdditions" />
    <calculationArc xlink:type="arc"
      xlink:arcrole="http://www.xbrl.org/2003/arcrole/summation-item"
      xlink:from="pattern_PropertyPlantAndEquipmentNetPeriodIncreaseDecrease"
      xlink:to="pattern_PropertyPlantAndEquipmentNetAdditions"
      order="1"
      weight="1"
      use="optional" />
    <loc xlink:type="locator"
      xlink:label="pattern_LandAdditions"
      xlink:href="ComplexRollForward.xsd#pattern_LandAdditions" />
    <calculationArc xlink:type="arc"
      xlink:arcrole="http://www.xbrl.org/2003/arcrole/summation-item"
      xlink:from="pattern_PropertyPlantAndEquipmentNetAdditions"
      xlink:to="pattern_LandAdditions"
      order="1"
      weight="1"
      use="optional" />
    <loc xlink:type="locator"
      xlink:label="pattern_BuildingsNetAdditions"
      xlink:href="ComplexRollForward.xsd#pattern_BuildingsNetAdditions" />
    <calculationArc xlink:type="arc"
      xlink:arcrole="http://www.xbrl.org/2003/arcrole/summation-item"
      xlink:from="pattern_PropertyPlantAndEquipmentNetAdditions"
      xlink:to="pattern_BuildingsNetAdditions"
      order="2"
      weight="1"
      use="optional" />
    <loc xlink:type="locator"
      xlink:label="pattern_FurnitureAndFixturesNetAdditions"
      xlink:href="ComplexRollForward.xsd#pattern_FurnitureAndFixturesNetAdditions" />
    <calculationArc xlink:type="arc"
      xlink:arcrole="http://www.xbrl.org/2003/arcrole/summation-item"
      xlink:from="pattern_PropertyPlantAndEquipmentNetAdditions"
      xlink:to="pattern_FurnitureAndFixturesNetAdditions"
      order="3"
      weight="1"
      use="optional" />
    <loc xlink:type="locator"
      xlink:label="pattern_OtherPropertyPlantAndEquipmentNetAdditions"
      xlink:href="ComplexRollForward.xsd#pattern_OtherPropertyPlantAndEquipmentNetAdditions" />
    <calculationArc xlink:type="arc"
      xlink:arcrole="http://www.xbrl.org/2003/arcrole/summation-item"
      xlink:from="pattern_PropertyPlantAndEquipmentNetAdditions"
      xlink:to="pattern_OtherPropertyPlantAndEquipmentNetAdditions"
      order="4"
      weight="1"
      use="optional" />
    <loc xlink:type="locator"
      xlink:label="pattern_PropertyPlantAndEquipmentNetDisposals"
      xlink:href="ComplexRollForward.xsd#pattern_PropertyPlantAndEquipmentNetDisposals" />
    <calculationArc xlink:type="arc"
      xlink:arcrole="http://www.xbrl.org/2003/arcrole/summation-item"
      xlink:from="pattern_PropertyPlantAndEquipmentNetPeriodIncreaseDecrease"
      xlink:to="pattern_PropertyPlantAndEquipmentNetDisposals"
      order="2"
      weight="-1"
      use="optional" />
    <loc xlink:type="locator"
      xlink:label="pattern_LandDisposals"
      xlink:href="ComplexRollForward.xsd#pattern_LandDisposals" />
    <calculationArc xlink:type="arc"
      xlink:arcrole="http://www.xbrl.org/2003/arcrole/summation-item"
      xlink:from="pattern_PropertyPlantAndEquipmentNetDisposals"
      xlink:to="pattern_LandDisposals"
      order="1"
      weight="1"
      use="optional" />
    <loc xlink:type="locator"
      xlink:label="pattern_BuildingsNetDisposals"
      xlink:href="ComplexRollForward.xsd#pattern_BuildingsNetDisposals" />
    <calculationArc xlink:type="arc"
      xlink:arcrole="http://www.xbrl.org/2003/arcrole/summation-item"
      xlink:from="pattern_PropertyPlantAndEquipmentNetDisposals"
      xlink:to="pattern_BuildingsNetDisposals"
      order="2"
      weight="1"
      use="optional" />
    <loc xlink:type="locator"
      xlink:label="pattern_FurnitureAndFixturesNetDisposals"
      xlink:href="ComplexRollForward.xsd#pattern_FurnitureAndFixturesNetDisposals" />
    <calculationArc xlink:type="arc"
      xlink:arcrole="http://www.xbrl.org/2003/arcrole/summation-item"
      xlink:from="pattern_PropertyPlantAndEquipmentNetDisposals"
      xlink:to="pattern_FurnitureAndFixturesNetDisposals"
      order="3"
      weight="1"
      use="optional" />
    <loc xlink:type="locator"
      xlink:label="pattern_OtherPropertyPlantAndEquipmentNetDisposals"
      xlink:href="ComplexRollForward.xsd#pattern_OtherPropertyPlantAndEquipmentNetDisposals" />
    <calculationArc xlink:type="arc"
      xlink:arcrole="http://www.xbrl.org/2003/arcrole/summation-item"
      xlink:from="pattern_PropertyPlantAndEquipmentNetDisposals"
      xlink:to="pattern_OtherPropertyPlantAndEquipmentNetDisposals"
      order="4"
      weight="1"
      use="optional" />
    <loc xlink:type="locator"
      xlink:label="pattern_PropertyPlantAndEquipmentNetTranslationDifference"
      xlink:href="ComplexRollForward.xsd#pattern_PropertyPlantAndEquipmentNetTranslationDifference" />
    <calculationArc xlink:type="arc"
      xlink:arcrole="http://www.xbrl.org/2003/arcrole/summation-item"
      xlink:from="pattern_PropertyPlantAndEquipmentNetPeriodIncreaseDecrease"
      xlink:to="pattern_PropertyPlantAndEquipmentNetTranslationDifference"
      order="3"
      weight="1"
      use="optional" />
    <loc xlink:type="locator"
      xlink:label="pattern_LandTranslationDifference"
      xlink:href="ComplexRollForward.xsd#pattern_LandTranslationDifference" />
    <calculationArc xlink:type="arc"
      xlink:arcrole="http://www.xbrl.org/2003/arcrole/summation-item"
      xlink:from="pattern_PropertyPlantAndEquipmentNetTranslationDifference"
      xlink:to="pattern_LandTranslationDifference"
      order="1"
      weight="1"
      use="optional" />
    <loc xlink:type="locator"
      xlink:label="pattern_BuildingsNetTranslationDifference"
      xlink:href="ComplexRollForward.xsd#pattern_BuildingsNetTranslationDifference" />
    <calculationArc xlink:type="arc"
      xlink:arcrole="http://www.xbrl.org/2003/arcrole/summation-item"
      xlink:from="pattern_PropertyPlantAndEquipmentNetTranslationDifference"
      xlink:to="pattern_BuildingsNetTranslationDifference"
      order="2"
      weight="1"
      use="optional" />
    <loc xlink:type="locator"
      xlink:label="pattern_FurnitureAndFixturesNetTranslationDifference"
      xlink:href="ComplexRollForward.xsd#pattern_FurnitureAndFixturesNetTranslationDifference" />
    <calculationArc xlink:type="arc"
      xlink:arcrole="http://www.xbrl.org/2003/arcrole/summation-item"
      xlink:from="pattern_PropertyPlantAndEquipmentNetTranslationDifference"
      xlink:to="pattern_FurnitureAndFixturesNetTranslationDifference"
      order="3"
      weight="1"
      use="optional" />
    <loc xlink:type="locator"
      xlink:label="pattern_OtherPropertyPlantAndEquipmentNetTranslationDifference"
      xlink:href="ComplexRollForward.xsd#pattern_OtherPropertyPlantAndEquipmentNetTranslationDifference" />
    <calculationArc xlink:type="arc"
      xlink:arcrole="http://www.xbrl.org/2003/arcrole/summation-item"
      xlink:from="pattern_PropertyPlantAndEquipmentNetTranslationDifference"
      xlink:to="pattern_OtherPropertyPlantAndEquipmentNetTranslationDifference"
      order="4"
      weight="1"
      use="optional" />
    <loc xlink:type="locator"
      xlink:label="pattern_PropertyPlantAndEquipmentNetOtherIncreaseDecrease"
      xlink:href="ComplexRollForward.xsd#pattern_PropertyPlantAndEquipmentNetOtherIncreaseDecrease" />
    <calculationArc xlink:type="arc"
      xlink:arcrole="http://www.xbrl.org/2003/arcrole/summation-item"
      xlink:from="pattern_PropertyPlantAndEquipmentNetPeriodIncreaseDecrease"
      xlink:to="pattern_PropertyPlantAndEquipmentNetOtherIncreaseDecrease"
      order="4"
      weight="1"
      use="optional" />
    <loc xlink:type="locator"
      xlink:label="pattern_LandOtherIncreaseDecrease"
      xlink:href="ComplexRollForward.xsd#pattern_LandOtherIncreaseDecrease" />
    <calculationArc xlink:type="arc"
      xlink:arcrole="http://www.xbrl.org/2003/arcrole/summation-item"
      xlink:from="pattern_PropertyPlantAndEquipmentNetOtherIncreaseDecrease"
      xlink:to="pattern_LandOtherIncreaseDecrease"
      order="1"
      weight="1"
      use="optional" />
    <loc xlink:type="locator"
      xlink:label="pattern_BuildingsNetOtherIncreaseDecrease"
      xlink:href="ComplexRollForward.xsd#pattern_BuildingsNetOtherIncreaseDecrease" />
    <calculationArc xlink:type="arc"
      xlink:arcrole="http://www.xbrl.org/2003/arcrole/summation-item"
      xlink:from="pattern_PropertyPlantAndEquipmentNetOtherIncreaseDecrease"
      xlink:to="pattern_BuildingsNetOtherIncreaseDecrease"
      order="2"
      weight="1"
      use="optional" />
    <loc xlink:type="locator"
      xlink:label="pattern_FurnitureAndFixturesNetOtherIncreaseDecrease"
      xlink:href="ComplexRollForward.xsd#pattern_FurnitureAndFixturesNetOtherIncreaseDecrease" />
    <calculationArc xlink:type="arc"
      xlink:arcrole="http://www.xbrl.org/2003/arcrole/summation-item"
      xlink:from="pattern_PropertyPlantAndEquipmentNetOtherIncreaseDecrease"
      xlink:to="pattern_FurnitureAndFixturesNetOtherIncreaseDecrease"
      order="3"
      weight="1"
      use="optional" />
    <loc xlink:type="locator"
      xlink:label="pattern_OtherPropertyPlantAndEquipmentNetOtherIncreaseDecrease"
      xlink:href="ComplexRollForward.xsd#pattern_OtherPropertyPlantAndEquipmentNetOtherIncreaseDecrease" />
    <calculationArc xlink:type="arc"
      xlink:arcrole="http://www.xbrl.org/2003/arcrole/summation-item"
      xlink:from="pattern_PropertyPlantAndEquipmentNetOtherIncreaseDecrease"
      xlink:to="pattern_OtherPropertyPlantAndEquipmentNetOtherIncreaseDecrease"
      order="4"
      weight="1"
      use="optional" />
  </calculationLink>
  <calculationLink xlink:type="extended"
    xlink:role="http://xbrlsite.azurewebsites.net/DigitalFinancialReporting/BusinessUseCases/ComplexRollForward/PropertyPlantAndEquipmentNet">
    <loc xlink:type="locator"
      xlink:label="pattern_PropertyPlantAndEquipmentNet"
      xlink:href="ComplexRollForward.xsd#pattern_PropertyPlantAndEquipmentNet" />
    <loc xlink:type="locator"
      xlink:label="pattern_Land"
      xlink:href="ComplexRollForward.xsd#pattern_Land" />
    <calculationArc xlink:type="arc"
      xlink:arcrole="http://www.xbrl.org/2003/arcrole/summation-item"
      xlink:from="pattern_PropertyPlantAndEquipmentNet"
      xlink:to="pattern_Land"
      order="1"
      weight="1"
      use="optional" />
    <loc xlink:type="locator"
      xlink:label="pattern_BuildingsNet"
      xlink:href="ComplexRollForward.xsd#pattern_BuildingsNet" />
    <calculationArc xlink:type="arc"
      xlink:arcrole="http://www.xbrl.org/2003/arcrole/summation-item"
      xlink:from="pattern_PropertyPlantAndEquipmentNet"
      xlink:to="pattern_BuildingsNet"
      order="2"
      weight="1"
      use="optional" />
    <loc xlink:type="locator"
      xlink:label="pattern_FurnitureAndFixturesNet"
      xlink:href="ComplexRollForward.xsd#pattern_FurnitureAndFixturesNet" />
    <calculationArc xlink:type="arc"
      xlink:arcrole="http://www.xbrl.org/2003/arcrole/summation-item"
      xlink:from="pattern_PropertyPlantAndEquipmentNet"
      xlink:to="pattern_FurnitureAndFixturesNet"
      order="3"
      weight="1"
      use="optional" />
    <loc xlink:type="locator"
      xlink:label="pattern_OtherPropertyPlantAndEquipmentNet"
      xlink:href="ComplexRollForward.xsd#pattern_OtherPropertyPlantAndEquipmentNet" />
    <calculationArc xlink:type="arc"
      xlink:arcrole="http://www.xbrl.org/2003/arcrole/summation-item"
      xlink:from="pattern_PropertyPlantAndEquipmentNet"
      xlink:to="pattern_OtherPropertyPlantAndEquipmentNet"
      order="4"
      weight="1"
      use="optional" />
  </calculationLink>
</linkbase>