<?xml version="1.0" encoding="utf-8"?>
<!--
Taxonomy Label Links linkbase based on XBRL standard Version 2.1.
Created by UBmatrix Taxonomy Designer 3.0.3.2436 (2009-06-02 13:18).  
Contact www.ubmatrix.com
Copyright (c) 2002-2017 UBmatrix inc., All Rights Reserved
Produced on 2017-06-13 14:19:40
-->
<linkbase
  xmlns="http://www.xbrl.org/2003/linkbase"
  xmlns:xsi="http://www.w3.org/2001/XMLSchema-instance"
  xmlns:xlink="http://www.w3.org/1999/xlink"
  xsi:schemaLocation="
    http://www.xbrl.org/2003/linkbase 
      http://www.xbrl.org/2003/xbrl-linkbase-2003-12-31.xsd
    ">
  <roleRef xlink:type="simple"
    xlink:href="http://www.xbrl.org/lrr/role/negated-2009-12-16.xsd#negatedLabel"
    roleURI="http://www.xbrl.org/2009/role/negatedLabel" />
  <labelLink xlink:type="extended"
    xlink:role="http://www.xbrl.org/2003/role/link">
    <loc xlink:type="locator"
      xlink:label="pattern_AdditionalPaidInCapitalMember"
      xlink:href="Grid.xsd#pattern_AdditionalPaidInCapitalMember" />
    <labelArc xlink:type="arc"
      xlink:arcrole="http://www.xbrl.org/2003/arcrole/concept-label"
      xlink:from="pattern_AdditionalPaidInCapitalMember"
      xlink:to="pattern_AdditionalPaidInCapitalMember_lbl" />
    <label xlink:type="resource"
      xlink:label="pattern_AdditionalPaidInCapitalMember_lbl"
      xml:lang="en"
      xlink:role="http://www.xbrl.org/2003/role/documentation">Sed magna felis, accumsan a, fermentum quis, varius sed, ipsum. Nullam leo.</label>
    <label xlink:type="resource"
      xlink:label="pattern_AdditionalPaidInCapitalMember_lbl"
      xml:lang="en"
      xlink:role="http://www.xbrl.org/2003/role/label">Additional Paid-in Capital [Member]</label>
    <loc xlink:type="locator"
      xlink:label="pattern_CommonStockIssued"
      xlink:href="Grid.xsd#pattern_CommonStockIssued" />
    <labelArc xlink:type="arc"
      xlink:arcrole="http://www.xbrl.org/2003/arcrole/concept-label"
      xlink:from="pattern_CommonStockIssued"
      xlink:to="pattern_CommonStockIssued_lbl" />
    <label xlink:type="resource"
      xlink:label="pattern_CommonStockIssued_lbl"
      xml:lang="en"
      xlink:role="http://www.xbrl.org/2003/role/documentation">Nam rhoncus mi. Nunc eu dui non mauris interdum tincidunt. Sed magna felis, accumsan a, fermentum quis, varius sed, ipsum. Nullam leo. Donec eros.</label>
    <label xlink:type="resource"
      xlink:label="pattern_CommonStockIssued_lbl"
      xml:lang="en"
      xlink:role="http://www.xbrl.org/2003/role/label">Common Stock Issued</label>
    <loc xlink:type="locator"
      xlink:label="pattern_CommonStockMember"
      xlink:href="Grid.xsd#pattern_CommonStockMember" />
    <labelArc xlink:type="arc"
      xlink:arcrole="http://www.xbrl.org/2003/arcrole/concept-label"
      xlink:from="pattern_CommonStockMember"
      xlink:to="pattern_CommonStockMember_lbl" />
    <label xlink:type="resource"
      xlink:label="pattern_CommonStockMember_lbl"
      xml:lang="en"
      xlink:role="http://www.xbrl.org/2003/role/documentation">Fusce gravida, ligula a placerat placerat, leo erat euismod lectus, et lacinia justo libero non pede.</label>
    <label xlink:type="resource"
      xlink:label="pattern_CommonStockMember_lbl"
      xml:lang="en"
      xlink:role="http://www.xbrl.org/2003/role/label">Common Stock [Member]</label>
    <loc xlink:type="locator"
      xlink:label="pattern_Dividends"
      xlink:href="Grid.xsd#pattern_Dividends" />
    <labelArc xlink:type="arc"
      xlink:arcrole="http://www.xbrl.org/2003/arcrole/concept-label"
      xlink:from="pattern_Dividends" xlink:to="pattern_Dividends_lbl" />
    <label xlink:type="resource"
      xlink:label="pattern_Dividends_lbl" xml:lang="en"
      xlink:role="http://www.xbrl.org/2003/role/documentation">Proin elit sem, ornare non, ullamcorper vel, sollicitudin a, lacus. Mauris tincidunt cursus est.</label>
    <label xlink:type="resource"
      xlink:label="pattern_Dividends_lbl" xml:lang="en"
      xlink:role="http://www.xbrl.org/2003/role/label">Dividends</label>
    <label xlink:type="resource"
      xlink:label="pattern_Dividends_lbl" xml:lang="en"
      xlink:role="http://www.xbrl.org/2009/role/negatedLabel">Dividends</label>
    <loc xlink:type="locator"
      xlink:label="pattern_EquityComponentAxis"
      xlink:href="Grid.xsd#pattern_EquityComponentAxis" />
    <labelArc xlink:type="arc"
      xlink:arcrole="http://www.xbrl.org/2003/arcrole/concept-label"
      xlink:from="pattern_EquityComponentAxis"
      xlink:to="pattern_EquityComponentAxis_lbl" />
    <label xlink:type="resource"
      xlink:label="pattern_EquityComponentAxis_lbl"
      xml:lang="en"
      xlink:role="http://www.xbrl.org/2003/role/documentation">The entity to which the reported fact relates. Legal breakdown of an entity as opposed to the business breakdown of an entity.</label>
    <label xlink:type="resource"
      xlink:label="pattern_EquityComponentAxis_lbl"
      xml:lang="en"
      xlink:role="http://www.xbrl.org/2003/role/label">Equity Component [Axis]</label>
    <loc xlink:type="locator"
      xlink:label="pattern_EquityMember"
      xlink:href="Grid.xsd#pattern_EquityMember" />
    <labelArc xlink:type="arc"
      xlink:arcrole="http://www.xbrl.org/2003/arcrole/concept-label"
      xlink:from="pattern_EquityMember" xlink:to="pattern_EquityMember_lbl" />
    <label xlink:type="resource"
      xlink:label="pattern_EquityMember_lbl"
      xml:lang="en"
      xlink:role="http://www.xbrl.org/2003/role/documentation">Proin elit sem, ornare non, ullamcorper vel, sollicitudin a, lacus. Mauris tincidunt cursus est.</label>
    <label xlink:type="resource"
      xlink:label="pattern_EquityMember_lbl"
      xml:lang="en"
      xlink:role="http://www.xbrl.org/2003/role/label">Equity [Member]</label>
    <loc xlink:type="locator"
      xlink:label="pattern_Equity"
      xlink:href="Grid.xsd#pattern_Equity" />
    <labelArc xlink:type="arc"
      xlink:arcrole="http://www.xbrl.org/2003/arcrole/concept-label"
      xlink:from="pattern_Equity" xlink:to="pattern_Equity_lbl" />
    <label xlink:type="resource"
      xlink:label="pattern_Equity_lbl" xml:lang="en"
      xlink:role="http://www.xbrl.org/2003/role/documentation">Etiam ipsum orci, gravida nec, feugiat ut, malesuada quis, mauris. Etiam porttitor. Ut venenatis, velit a accumsan interdum, odio metus mollis mauris, non pharetra augue arcu eu felis.</label>
    <label xlink:type="resource"
      xlink:label="pattern_Equity_lbl" xml:lang="en"
      xlink:role="http://www.xbrl.org/2003/role/periodEndLabel">Equity, Ending Balance</label>
    <label xlink:type="resource"
      xlink:label="pattern_Equity_lbl" xml:lang="en"
      xlink:role="http://www.xbrl.org/2003/role/periodStartLabel">Equity, Beginning Balance</label>
    <label xlink:type="resource"
      xlink:label="pattern_Equity_lbl" xml:lang="en"
      xlink:role="http://www.xbrl.org/2003/role/label">Equity</label>
    <loc xlink:type="locator"
      xlink:label="pattern_NetIncomeLoss"
      xlink:href="Grid.xsd#pattern_NetIncomeLoss" />
    <labelArc xlink:type="arc"
      xlink:arcrole="http://www.xbrl.org/2003/arcrole/concept-label"
      xlink:from="pattern_NetIncomeLoss" xlink:to="pattern_NetIncomeLoss_lbl" />
    <label xlink:type="resource"
      xlink:label="pattern_NetIncomeLoss_lbl"
      xml:lang="en"
      xlink:role="http://www.xbrl.org/2003/role/documentation">Praesent fringilla feugiat magna. Suspendisse et lorem eu risus convallis placerat. Suspendisse potenti. Donec malesuada lorem id mi.</label>
    <label xlink:type="resource"
      xlink:label="pattern_NetIncomeLoss_lbl"
      xml:lang="en"
      xlink:role="http://www.xbrl.org/2003/role/label">Net Income (Loss)</label>
    <loc xlink:type="locator"
      xlink:label="pattern_RetainedEarningsAccumulatedDeficitMember"
      xlink:href="Grid.xsd#pattern_RetainedEarningsAccumulatedDeficitMember" />
    <labelArc xlink:type="arc"
      xlink:arcrole="http://www.xbrl.org/2003/arcrole/concept-label"
      xlink:from="pattern_RetainedEarningsAccumulatedDeficitMember"
      xlink:to="pattern_RetainedEarningsAccumulatedDeficitMember_lbl" />
    <label xlink:type="resource"
      xlink:label="pattern_RetainedEarningsAccumulatedDeficitMember_lbl"
      xml:lang="en"
      xlink:role="http://www.xbrl.org/2003/role/documentation">Duis sapien diam, dapibus sed, dictum quis, interdum ac, erat. Suspendisse urna.</label>
    <label xlink:type="resource"
      xlink:label="pattern_RetainedEarningsAccumulatedDeficitMember_lbl"
      xml:lang="en"
      xlink:role="http://www.xbrl.org/2003/role/label">Retained Earnings (Accumulated Deficit) [Member]</label>
    <loc xlink:type="locator"
      xlink:label="pattern_StatementChangesInEquityGrid"
      xlink:href="Grid.xsd#pattern_StatementChangesInEquityGrid" />
    <labelArc xlink:type="arc"
      xlink:arcrole="http://www.xbrl.org/2003/arcrole/concept-label"
      xlink:from="pattern_StatementChangesInEquityGrid"
      xlink:to="pattern_StatementChangesInEquityGrid_lbl" />
    <label xlink:type="resource"
      xlink:label="pattern_StatementChangesInEquityGrid_lbl"
      xml:lang="en"
      xlink:role="http://www.xbrl.org/2003/role/documentation">Proin non mauris. Proin sed odio. Phasellus sagittis orci quis orci. Aliquam erat volutpat.</label>
    <label xlink:type="resource"
      xlink:label="pattern_StatementChangesInEquityGrid_lbl"
      xml:lang="en"
      xlink:role="http://www.xbrl.org/2003/role/label">Statement of Changes in Equity [Grid]</label>
    <loc xlink:type="locator"
      xlink:label="pattern_StatementChangesInEquityLineItems"
      xlink:href="Grid.xsd#pattern_StatementChangesInEquityLineItems" />
    <labelArc xlink:type="arc"
      xlink:arcrole="http://www.xbrl.org/2003/arcrole/concept-label"
      xlink:from="pattern_StatementChangesInEquityLineItems"
      xlink:to="pattern_StatementChangesInEquityLineItems_lbl" />
    <label xlink:type="resource"
      xlink:label="pattern_StatementChangesInEquityLineItems_lbl"
      xml:lang="en"
      xlink:role="http://www.xbrl.org/2003/role/documentation">Suspendisse vestibulum augue eu justo. Pellentesque habitant morbi tristique senectus et netus et malesuada fames ac turpis egestas.</label>
    <label xlink:type="resource"
      xlink:label="pattern_StatementChangesInEquityLineItems_lbl"
      xml:lang="en"
      xlink:role="http://www.xbrl.org/2003/role/label">Statement of Changes in Equity [Line Items]</label>
    <loc xlink:type="locator"
      xlink:label="pattern_StatementChangesInEquityTable"
      xlink:href="Grid.xsd#pattern_StatementChangesInEquityTable" />
    <labelArc xlink:type="arc"
      xlink:arcrole="http://www.xbrl.org/2003/arcrole/concept-label"
      xlink:from="pattern_StatementChangesInEquityTable"
      xlink:to="pattern_StatementChangesInEquityTable_lbl" />
    <label xlink:type="resource"
      xlink:label="pattern_StatementChangesInEquityTable_lbl"
      xml:lang="en"
      xlink:role="http://www.xbrl.org/2003/role/documentation">Etiam feugiat massa nec nibh. Curabitur fermentum mattis eros. Pellentesque pede felis, rhoncus accumsan, luctus ut, facilisis vitae, tortor. Suspendisse potenti.</label>
    <label xlink:type="resource"
      xlink:label="pattern_StatementChangesInEquityTable_lbl"
      xml:lang="en"
      xlink:role="http://www.xbrl.org/2003/role/label">Statement of Changes in Equity [Table]</label>
  </labelLink>
</linkbase>