<?xml version="1.0" encoding="UTF-8" standalone="no" ?><?xml-stylesheet type="text/xsl" href="file:/C:/Programs/XPE40/resources/System/XbrlFormula2008Trace-toHtml.xsl"?><formulaTrace type="Full Report" version="4.0.0.2125" date="Tue May 09 08:05:57 PDT 2017" baseURI="C:/Users/Charlie/Documents/CurrentVersions/DigitalFinancialReporting/Metapatterns/2017-05-07/06-Variance/Variance-SampleInstance.xml" xmlns:xlink="http://www.w3.org/1999/xlink" xmlns:link="http://www.xbrl.org/2003/linkbase" xmlns:xsi="http://www.w3.org/2001/XMLSchema-instance" xmlns:xbrli="http://www.xbrl.org/2003/instance" xmlns:iso4217="http://www.xbrl.org/2003/iso4217" xsi:schemaLocation="http://xbrl.org/2006/xbrldi xbrldi-2006.xsd" >
 <assertionTest cnt="1" id="VarianceReconciles_ForecastToActualVarianceCrossCasts" message="SATISFIED: (OK) The variance between reporting scenarios for the reported fact with the concept characteristic pattern:Sales properly reconciles." satisfied="satisfied" test="$VARIABLE_Variance=1000 = ($VARIABLE_Actual=6000 - $VARIABLE_Forecast=5000)" type="valueAssertion" value="true" />
 <assertionTest cnt="2" id="VarianceReconciles_ForecastToActualVarianceCrossCasts" message="SATISFIED: (OK) The variance between reporting scenarios for the reported fact with the concept characteristic pattern:CostGoodsSold properly reconciles." satisfied="satisfied" test="$VARIABLE_Variance=1000 = ($VARIABLE_Actual=4000 - $VARIABLE_Forecast=3000)" type="valueAssertion" value="true" />
 <assertionTest cnt="3" id="VarianceReconciles_ForecastToActualVarianceCrossCasts" message="SATISFIED: (OK) The variance between reporting scenarios for the reported fact with the concept characteristic pattern:ContributionMargin properly reconciles." satisfied="satisfied" test="$VARIABLE_Variance=-1000 = ($VARIABLE_Actual=1000 - $VARIABLE_Forecast=2000)" type="valueAssertion" value="true" />
 <assertionTest cnt="4" id="VarianceReconciles_ForecastToActualVarianceCrossCasts" message="SATISFIED: (OK) The variance between reporting scenarios for the reported fact with the concept characteristic pattern:DistributionCosts properly reconciles." satisfied="satisfied" test="$VARIABLE_Variance=0 = ($VARIABLE_Actual=1000 - $VARIABLE_Forecast=1000)" type="valueAssertion" value="true" />
 <assertionTest cnt="1" count="4" id="Exists_Sales" satisfied="satisfied" test="[4]" type="existenceAssertion" value="4" />
 <assertionReport count="5">
 <assertionTest cnt="1" id="VarianceReconciles_ForecastToActualVarianceCrossCasts" message="SATISFIED: (OK) The variance between reporting scenarios for the reported fact with the concept characteristic pattern:Sales properly reconciles." satisfied="satisfied" test="$VARIABLE_Variance=1000 = ($VARIABLE_Actual=6000 - $VARIABLE_Forecast=5000)" type="valueAssertion" value="true" />
 <assertionTest cnt="2" id="VarianceReconciles_ForecastToActualVarianceCrossCasts" message="SATISFIED: (OK) The variance between reporting scenarios for the reported fact with the concept characteristic pattern:CostGoodsSold properly reconciles." satisfied="satisfied" test="$VARIABLE_Variance=1000 = ($VARIABLE_Actual=4000 - $VARIABLE_Forecast=3000)" type="valueAssertion" value="true" />
 <assertionTest cnt="3" id="VarianceReconciles_ForecastToActualVarianceCrossCasts" message="SATISFIED: (OK) The variance between reporting scenarios for the reported fact with the concept characteristic pattern:ContributionMargin properly reconciles." satisfied="satisfied" test="$VARIABLE_Variance=-1000 = ($VARIABLE_Actual=1000 - $VARIABLE_Forecast=2000)" type="valueAssertion" value="true" />
 <assertionTest cnt="4" id="VarianceReconciles_ForecastToActualVarianceCrossCasts" message="SATISFIED: (OK) The variance between reporting scenarios for the reported fact with the concept characteristic pattern:DistributionCosts properly reconciles." satisfied="satisfied" test="$VARIABLE_Variance=0 = ($VARIABLE_Actual=1000 - $VARIABLE_Forecast=1000)" type="valueAssertion" value="true" />
 <assertionTest cnt="1" count="4" id="Exists_Sales" satisfied="satisfied" test="[4]" type="existenceAssertion" value="4" />
  </assertionReport>
 <summary notSatisfiedAssertionCount="0" firedAssertionCount="5" duration="722ms" outputContextCount="0" outputUnitCount="0" firedFormulaCount="0" compiledFormulaCount="0" satisifiedAssertionCount="5" outputFactCount="0" compiledAssertionCount="2" />
</formulaTrace>
