<?xml version="1.0" encoding="UTF-8" standalone="no" ?><?xml-stylesheet type="text/xsl" href="file:/C:/Programs/XPE40/resources/System/XbrlFormula2008Trace-toHtml.xsl"?><formulaTrace type="Full Report" version="4.0.0.2125" date="Tue May 09 15:04:47 PDT 2017" baseURI="C:/Users/Charlie/Documents/CurrentVersions/DigitalFinancialReporting/BusinessUseCases/2017-05-07/BUC01-FlatHierarchy/FlatHierarchy-SampleInstance.xml" xmlns:xlink="http://www.w3.org/1999/xlink" xmlns:link="http://www.xbrl.org/2003/linkbase" xmlns:xsi="http://www.w3.org/2001/XMLSchema-instance" xmlns:xbrli="http://www.xbrl.org/2003/instance" xmlns:iso4217="http://www.xbrl.org/2003/iso4217" xsi:schemaLocation="http://xbrl.org/2006/xbrldi xbrldi-2006.xsd" >
 <assertionTest cnt="1" id="Assertion_Exists_CapitalAdditions" satisfied="satisfied" test="exists ($VARIABLE_Concept=1000000)" type="valueAssertion" value="true" />
 <assertionTest cnt="2" id="Assertion_Exists_CapitalAdditions" satisfied="satisfied" test="exists ($VARIABLE_Concept=650000)" type="valueAssertion" value="true" />
 <assertionTest cnt="3" id="Assertion_Exists_CapitalAdditions" satisfied="satisfied" test="exists ($VARIABLE_Concept=550000)" type="valueAssertion" value="true" />
 <assertionTest cnt="4" id="Assertion_Exists_CapitalAdditions" satisfied="satisfied" test="exists ($VARIABLE_Concept=450000)" type="valueAssertion" value="true" />
 <assertionTest cnt="5" id="Assertion_Exists_CapitalAdditions" satisfied="satisfied" test="exists ($VARIABLE_Concept=350000)" type="valueAssertion" value="true" />
 <assertionTest cnt="1" id="Assertion_Exists_CashFlowProvidedByUsedInOperatingActivitiesNet" satisfied="satisfied" test="exists ($VARIABLE_Concept=5000000)" type="valueAssertion" value="true" />
 <assertionTest cnt="2" id="Assertion_Exists_CashFlowProvidedByUsedInOperatingActivitiesNet" satisfied="satisfied" test="exists ($VARIABLE_Concept=4000000)" type="valueAssertion" value="true" />
 <assertionTest cnt="3" id="Assertion_Exists_CashFlowProvidedByUsedInOperatingActivitiesNet" satisfied="satisfied" test="exists ($VARIABLE_Concept=3000000)" type="valueAssertion" value="true" />
 <assertionTest cnt="4" id="Assertion_Exists_CashFlowProvidedByUsedInOperatingActivitiesNet" satisfied="satisfied" test="exists ($VARIABLE_Concept=2000000)" type="valueAssertion" value="true" />
 <assertionTest cnt="5" id="Assertion_Exists_CashFlowProvidedByUsedInOperatingActivitiesNet" satisfied="satisfied" test="exists ($VARIABLE_Concept=1000000)" type="valueAssertion" value="true" />
 <assertionReport count="10">
 <assertionTest cnt="1" id="Assertion_Exists_CapitalAdditions" satisfied="satisfied" test="exists ($VARIABLE_Concept=1000000)" type="valueAssertion" value="true" />
 <assertionTest cnt="2" id="Assertion_Exists_CapitalAdditions" satisfied="satisfied" test="exists ($VARIABLE_Concept=650000)" type="valueAssertion" value="true" />
 <assertionTest cnt="3" id="Assertion_Exists_CapitalAdditions" satisfied="satisfied" test="exists ($VARIABLE_Concept=550000)" type="valueAssertion" value="true" />
 <assertionTest cnt="4" id="Assertion_Exists_CapitalAdditions" satisfied="satisfied" test="exists ($VARIABLE_Concept=450000)" type="valueAssertion" value="true" />
 <assertionTest cnt="5" id="Assertion_Exists_CapitalAdditions" satisfied="satisfied" test="exists ($VARIABLE_Concept=350000)" type="valueAssertion" value="true" />
 <assertionTest cnt="1" id="Assertion_Exists_CashFlowProvidedByUsedInOperatingActivitiesNet" satisfied="satisfied" test="exists ($VARIABLE_Concept=5000000)" type="valueAssertion" value="true" />
 <assertionTest cnt="2" id="Assertion_Exists_CashFlowProvidedByUsedInOperatingActivitiesNet" satisfied="satisfied" test="exists ($VARIABLE_Concept=4000000)" type="valueAssertion" value="true" />
 <assertionTest cnt="3" id="Assertion_Exists_CashFlowProvidedByUsedInOperatingActivitiesNet" satisfied="satisfied" test="exists ($VARIABLE_Concept=3000000)" type="valueAssertion" value="true" />
 <assertionTest cnt="4" id="Assertion_Exists_CashFlowProvidedByUsedInOperatingActivitiesNet" satisfied="satisfied" test="exists ($VARIABLE_Concept=2000000)" type="valueAssertion" value="true" />
 <assertionTest cnt="5" id="Assertion_Exists_CashFlowProvidedByUsedInOperatingActivitiesNet" satisfied="satisfied" test="exists ($VARIABLE_Concept=1000000)" type="valueAssertion" value="true" />
  </assertionReport>
 <summary notSatisfiedAssertionCount="0" firedAssertionCount="10" duration="450ms" outputContextCount="0" outputUnitCount="0" firedFormulaCount="0" compiledFormulaCount="0" satisifiedAssertionCount="10" outputFactCount="0" compiledAssertionCount="2" />
</formulaTrace>
