<?xml version="1.0" encoding="utf-8"?>
<!--
Taxonomy Label Links linkbase based on XBRL standard Version 2.1.
Created by UBmatrix Taxonomy Designer 3.0.3.2433 (2009-05-15 09:36).  
Contact www.ubmatrix.com
Copyright (c) 2002-2011 UBmatrix inc., All Rights Reserved
Produced on 2011-07-16 08:42:47
-->
<linkbase
  xmlns="http://www.xbrl.org/2003/linkbase"
  xmlns:xsi="http://www.w3.org/2001/XMLSchema-instance"
  xmlns:xlink="http://www.w3.org/1999/xlink"
  xsi:schemaLocation="
    http://www.xbrl.org/2003/linkbase 
      http://www.xbrl.org/2003/xbrl-linkbase-2003-12-31.xsd
    ">
  <labelLink xlink:type="extended"
    xlink:role="http://www.xbrl.org/2003/role/link">
    <loc xlink:type="locator"
      xlink:label="pattern_AverageNumberOfEmployees"
      xlink:href="FlatHierarchy.xsd#pattern_AverageNumberOfEmployees" />
    <labelArc xlink:type="arc"
      xlink:arcrole="http://www.xbrl.org/2003/arcrole/concept-label"
      xlink:from="pattern_AverageNumberOfEmployees"
      xlink:to="pattern_AverageNumberOfEmployees_lbl" />
    <label xlink:type="resource"
      xlink:label="pattern_AverageNumberOfEmployees_lbl"
      xml:lang="en"
      xlink:role="http://www.xbrl.org/2003/role/documentation">Pellentesque condimentum commodo wisi. Fusce gravida, ligula a placerat placerat, leo erat euismod lectus, et lacinia justo libero non pede.</label>
    <label xlink:type="resource"
      xlink:label="pattern_AverageNumberOfEmployees_lbl"
      xml:lang="en"
      xlink:role="http://www.xbrl.org/2003/role/label">Average Number of Employees</label>
    <loc xlink:type="locator"
      xlink:label="pattern_CapitalAdditions"
      xlink:href="FlatHierarchy.xsd#pattern_CapitalAdditions" />
    <labelArc xlink:type="arc"
      xlink:arcrole="http://www.xbrl.org/2003/arcrole/concept-label"
      xlink:from="pattern_CapitalAdditions"
      xlink:to="pattern_CapitalAdditions_lbl" />
    <label xlink:type="resource"
      xlink:label="pattern_CapitalAdditions_lbl"
      xml:lang="en"
      xlink:role="http://www.xbrl.org/2003/role/documentation">Sed rhoncus mi in wisi. Nullam nibh dui, molestie vitae, imperdiet non, ornare at, elit. Aenean nec justo.</label>
    <label xlink:type="resource"
      xlink:label="pattern_CapitalAdditions_lbl"
      xml:lang="en"
      xlink:role="http://www.xbrl.org/2003/role/label">Capital Additions</label>
    <loc xlink:type="locator"
      xlink:label="pattern_CashFlowProvidedByUsedInOperatingActivitiesNet"
      xlink:href="FlatHierarchy.xsd#pattern_CashFlowProvidedByUsedInOperatingActivitiesNet" />
    <labelArc xlink:type="arc"
      xlink:arcrole="http://www.xbrl.org/2003/arcrole/concept-label"
      xlink:from="pattern_CashFlowProvidedByUsedInOperatingActivitiesNet"
      xlink:to="pattern_CashFlowProvidedByUsedInOperatingActivitiesNet_lbl" />
    <label xlink:type="resource"
      xlink:label="pattern_CashFlowProvidedByUsedInOperatingActivitiesNet_lbl"
      xml:lang="en"
      xlink:role="http://www.xbrl.org/2003/role/documentation">Nam rhoncus mi. Nunc eu dui non mauris interdum tincidunt. Sed magna felis, accumsan a, fermentum quis, varius sed, ipsum.</label>
    <label xlink:type="resource"
      xlink:label="pattern_CashFlowProvidedByUsedInOperatingActivitiesNet_lbl"
      xml:lang="en"
      xlink:role="http://www.xbrl.org/2003/role/label">Cash Flow Provided by (Used in) Operating Activities, Net</label>
    <loc xlink:type="locator"
      xlink:label="pattern_FinancialHighlightsHierarchy"
      xlink:href="FlatHierarchy.xsd#pattern_FinancialHighlightsHierarchy" />
    <labelArc xlink:type="arc"
      xlink:arcrole="http://www.xbrl.org/2003/arcrole/concept-label"
      xlink:from="pattern_FinancialHighlightsHierarchy"
      xlink:to="pattern_FinancialHighlightsHierarchy_lbl" />
    <label xlink:type="resource"
      xlink:label="pattern_FinancialHighlightsHierarchy_lbl"
      xml:lang="en"
      xlink:role="http://www.xbrl.org/2003/role/documentation">Nulla facilisi. Aliquam viverra risus vitae ante. Sed rhoncus mi in wisi.</label>
    <label xlink:type="resource"
      xlink:label="pattern_FinancialHighlightsHierarchy_lbl"
      xml:lang="en"
      xlink:role="http://www.xbrl.org/2003/role/label">Financial Highlights [Hierarchy]</label>
    <loc xlink:type="locator"
      xlink:label="pattern_FinancialHighlightsLineItems"
      xlink:href="FlatHierarchy.xsd#pattern_FinancialHighlightsLineItems" />
    <labelArc xlink:type="arc"
      xlink:arcrole="http://www.xbrl.org/2003/arcrole/concept-label"
      xlink:from="pattern_FinancialHighlightsLineItems"
      xlink:to="pattern_FinancialHighlightsLineItems_lbl" />
    <label xlink:type="resource"
      xlink:label="pattern_FinancialHighlightsLineItems_lbl"
      xml:lang="en"
      xlink:role="http://www.xbrl.org/2003/role/documentation">Fusce vitae mi. Sed dapibus venenatis ipsum. Sed in purus.</label>
    <label xlink:type="resource"
      xlink:label="pattern_FinancialHighlightsLineItems_lbl"
      xml:lang="en"
      xlink:role="http://www.xbrl.org/2003/role/label">Financial Highlights [Line Items]</label>
    <loc xlink:type="locator"
      xlink:label="pattern_FinancialHighlightsTable"
      xlink:href="FlatHierarchy.xsd#pattern_FinancialHighlightsTable" />
    <labelArc xlink:type="arc"
      xlink:arcrole="http://www.xbrl.org/2003/arcrole/concept-label"
      xlink:from="pattern_FinancialHighlightsTable"
      xlink:to="pattern_FinancialHighlightsTable_lbl" />
    <label xlink:type="resource"
      xlink:label="pattern_FinancialHighlightsTable_lbl"
      xml:lang="en"
      xlink:role="http://www.xbrl.org/2003/role/documentation">Nam rhoncus mi. Nunc eu dui non mauris interdum tincidunt.</label>
    <label xlink:type="resource"
      xlink:label="pattern_FinancialHighlightsTable_lbl"
      xml:lang="en"
      xlink:role="http://www.xbrl.org/2003/role/label">Financial Highlights [Table]</label>
    <loc xlink:type="locator"
      xlink:label="pattern_IncomeLossFromContinuingOperations"
      xlink:href="FlatHierarchy.xsd#pattern_IncomeLossFromContinuingOperations" />
    <labelArc xlink:type="arc"
      xlink:arcrole="http://www.xbrl.org/2003/arcrole/concept-label"
      xlink:from="pattern_IncomeLossFromContinuingOperations"
      xlink:to="pattern_IncomeLossFromContinuingOperations_lbl" />
    <label xlink:type="resource"
      xlink:label="pattern_IncomeLossFromContinuingOperations_lbl"
      xml:lang="en"
      xlink:role="http://www.xbrl.org/2003/role/documentation">Pellentesque pede felis, rhoncus accumsan, luctus ut, facilisis vitae, tortor. Suspendisse potenti.</label>
    <label xlink:type="resource"
      xlink:label="pattern_IncomeLossFromContinuingOperations_lbl"
      xml:lang="en"
      xlink:role="http://www.xbrl.org/2003/role/label">Income (Loss) from Continuing Operations</label>
    <loc xlink:type="locator"
      xlink:label="pattern_NetIncomeLoss"
      xlink:href="FlatHierarchy.xsd#pattern_NetIncomeLoss" />
    <labelArc xlink:type="arc"
      xlink:arcrole="http://www.xbrl.org/2003/arcrole/concept-label"
      xlink:from="pattern_NetIncomeLoss" xlink:to="pattern_NetIncomeLoss_lbl" />
    <label xlink:type="resource"
      xlink:label="pattern_NetIncomeLoss_lbl"
      xml:lang="en"
      xlink:role="http://www.xbrl.org/2003/role/documentation">Sed eu nibh. Fusce vitae mi. Sed dapibus venenatis ipsum.</label>
    <label xlink:type="resource"
      xlink:label="pattern_NetIncomeLoss_lbl"
      xml:lang="en"
      xlink:role="http://www.xbrl.org/2003/role/label">Net Income (Loss)</label>
    <loc xlink:type="locator"
      xlink:label="pattern_SalesNet"
      xlink:href="FlatHierarchy.xsd#pattern_SalesNet" />
    <labelArc xlink:type="arc"
      xlink:arcrole="http://www.xbrl.org/2003/arcrole/concept-label"
      xlink:from="pattern_SalesNet" xlink:to="pattern_SalesNet_lbl" />
    <label xlink:type="resource"
      xlink:label="pattern_SalesNet_lbl" xml:lang="en"
      xlink:role="http://www.xbrl.org/2003/role/documentation">Suspendisse urna. Proin non mauris. Proin sed odio. Phasellus sagittis orci quis orci.</label>
    <label xlink:type="resource"
      xlink:label="pattern_SalesNet_lbl" xml:lang="en"
      xlink:role="http://www.xbrl.org/2003/role/label">Sales, Net</label>
  </labelLink>
</linkbase>