<?xml version="1.0" encoding="utf-8"?>
<!--
Taxonomy Presentation Links linkbase based on XBRL standard Version 2.1.
Created by UBmatrix Taxonomy Designer 3.0.3.2436 (2009-06-02 13:18).  
Contact www.ubmatrix.com
Copyright (c) 2002-2017 UBmatrix inc., All Rights Reserved
Produced on 2017-05-09 06:23:37
-->
<linkbase
  xmlns="http://www.xbrl.org/2003/linkbase"
  xmlns:xsi="http://www.w3.org/2001/XMLSchema-instance"
  xmlns:xlink="http://www.w3.org/1999/xlink"
  xsi:schemaLocation="
    http://www.xbrl.org/2003/linkbase 
      http://www.xbrl.org/2003/xbrl-linkbase-2003-12-31.xsd
    ">
  <roleRef xlink:type="simple"
    xlink:href="Hierarchy.xsd#AccountingPolicies"
    roleURI="http://xbrlsite.azurewebsites.net/DigitalFinancialReporting/ConceptArrangementPatterns/Hierarchy/AccountingPolicies" />
  <presentationLink xlink:type="extended"
    xlink:role="http://xbrlsite.azurewebsites.net/DigitalFinancialReporting/ConceptArrangementPatterns/Hierarchy/AccountingPolicies">
    <loc xlink:type="locator"
      xlink:label="pattern_InventoryPoliciesTable"
      xlink:href="Hierarchy.xsd#pattern_InventoryPoliciesTable" />
    <loc xlink:type="locator"
      xlink:label="frm_LegalEntityAxis"
      xlink:href="http://xbrlsite.azurewebsites.net/DigitalFinancialReporting/Schemas/2017-05-07/frm.xsd#frm_LegalEntityAxis" />
    <presentationArc xlink:type="arc"
      xlink:arcrole="http://www.xbrl.org/2003/arcrole/parent-child"
      xlink:from="pattern_InventoryPoliciesTable"
      xlink:to="frm_LegalEntityAxis"
      order="1"
      use="optional" />
    <loc xlink:type="locator"
      xlink:label="frm_ConsolidatedEntityMember"
      xlink:href="http://xbrlsite.azurewebsites.net/DigitalFinancialReporting/Schemas/2017-05-07/frm.xsd#frm_ConsolidatedEntityMember" />
    <presentationArc xlink:type="arc"
      xlink:arcrole="http://www.xbrl.org/2003/arcrole/parent-child"
      xlink:from="frm_LegalEntityAxis" xlink:to="frm_ConsolidatedEntityMember"
      order="1"
      use="optional" />
    <loc xlink:type="locator"
      xlink:label="pattern_InventoryPoliciesLineItems"
      xlink:href="Hierarchy.xsd#pattern_InventoryPoliciesLineItems" />
    <presentationArc xlink:type="arc"
      xlink:arcrole="http://www.xbrl.org/2003/arcrole/parent-child"
      xlink:from="pattern_InventoryPoliciesTable"
      xlink:to="pattern_InventoryPoliciesLineItems"
      order="2"
      use="optional" />
    <loc xlink:type="locator"
      xlink:label="pattern_InventoryPoliciesHierarchy"
      xlink:href="Hierarchy.xsd#pattern_InventoryPoliciesHierarchy" />
    <presentationArc xlink:type="arc"
      xlink:arcrole="http://www.xbrl.org/2003/arcrole/parent-child"
      xlink:from="pattern_InventoryPoliciesLineItems"
      xlink:to="pattern_InventoryPoliciesHierarchy"
      order="1"
      use="optional" />
    <loc xlink:type="locator"
      xlink:label="pattern_InventoryValuationMethod"
      xlink:href="Hierarchy.xsd#pattern_InventoryValuationMethod" />
    <presentationArc xlink:type="arc"
      xlink:arcrole="http://www.xbrl.org/2003/arcrole/parent-child"
      xlink:from="pattern_InventoryPoliciesHierarchy"
      xlink:to="pattern_InventoryValuationMethod"
      order="1"
      use="optional" />
    <loc xlink:type="locator"
      xlink:label="pattern_DescriptionOfInventoryComponents"
      xlink:href="Hierarchy.xsd#pattern_DescriptionOfInventoryComponents" />
    <presentationArc xlink:type="arc"
      xlink:arcrole="http://www.xbrl.org/2003/arcrole/parent-child"
      xlink:from="pattern_InventoryPoliciesHierarchy"
      xlink:to="pattern_DescriptionOfInventoryComponents"
      order="2"
      use="optional" />
    <loc xlink:type="locator"
      xlink:label="pattern_InventoryCostMethod"
      xlink:href="Hierarchy.xsd#pattern_InventoryCostMethod" />
    <presentationArc xlink:type="arc"
      xlink:arcrole="http://www.xbrl.org/2003/arcrole/parent-child"
      xlink:from="pattern_InventoryPoliciesHierarchy"
      xlink:to="pattern_InventoryCostMethod"
      order="3"
      use="optional" />
  </presentationLink>
</linkbase>