<?xml version="1.0" encoding="UTF-8" standalone="no" ?><?xml-stylesheet type="text/xsl" href="file:/C:/Programs/XPE40/resources/System/XbrlFormula2008Trace-toHtml.xsl"?><formulaTrace type="Full Report" version="4.0.0.2125" date="Tue May 09 15:19:49 PDT 2017" baseURI="C:/Users/Charlie/Documents/CurrentVersions/DigitalFinancialReporting/BusinessUseCases/2017-05-07/BUC16-Variance/Variance-SampleInstance.xml" xmlns:xlink="http://www.w3.org/1999/xlink" xmlns:link="http://www.xbrl.org/2003/linkbase" xmlns:xsi="http://www.w3.org/2001/XMLSchema-instance" xmlns:xbrli="http://www.xbrl.org/2003/instance" xmlns:iso4217="http://www.xbrl.org/2003/iso4217" xsi:schemaLocation="http://xbrl.org/2006/xbrldi xbrldi-2006.xsd" >
 <assertionTest cnt="1" id="Assertion_Variance_Reconciles_AllConcepts" satisfied="satisfied" test="$VARIABLE_Variance=1000 = ($VARIABLE_Actual=6000 - $VARIABLE_Budgeted=5000)" type="valueAssertion" value="true" />
 <assertionTest cnt="2" id="Assertion_Variance_Reconciles_AllConcepts" satisfied="satisfied" test="$VARIABLE_Variance=1000 = ($VARIABLE_Actual=4000 - $VARIABLE_Budgeted=3000)" type="valueAssertion" value="true" />
 <assertionTest cnt="3" id="Assertion_Variance_Reconciles_AllConcepts" satisfied="satisfied" test="$VARIABLE_Variance=-1000 = ($VARIABLE_Actual=1000 - $VARIABLE_Budgeted=2000)" type="valueAssertion" value="true" />
 <assertionTest cnt="4" id="Assertion_Variance_Reconciles_AllConcepts" satisfied="satisfied" test="$VARIABLE_Variance=0 = ($VARIABLE_Actual=1000 - $VARIABLE_Budgeted=1000)" type="valueAssertion" value="true" />
 <assertionReport count="4">
 <assertionTest cnt="1" id="Assertion_Variance_Reconciles_AllConcepts" satisfied="satisfied" test="$VARIABLE_Variance=1000 = ($VARIABLE_Actual=6000 - $VARIABLE_Budgeted=5000)" type="valueAssertion" value="true" />
 <assertionTest cnt="2" id="Assertion_Variance_Reconciles_AllConcepts" satisfied="satisfied" test="$VARIABLE_Variance=1000 = ($VARIABLE_Actual=4000 - $VARIABLE_Budgeted=3000)" type="valueAssertion" value="true" />
 <assertionTest cnt="3" id="Assertion_Variance_Reconciles_AllConcepts" satisfied="satisfied" test="$VARIABLE_Variance=-1000 = ($VARIABLE_Actual=1000 - $VARIABLE_Budgeted=2000)" type="valueAssertion" value="true" />
 <assertionTest cnt="4" id="Assertion_Variance_Reconciles_AllConcepts" satisfied="satisfied" test="$VARIABLE_Variance=0 = ($VARIABLE_Actual=1000 - $VARIABLE_Budgeted=1000)" type="valueAssertion" value="true" />
  </assertionReport>
 <summary notSatisfiedAssertionCount="0" firedAssertionCount="4" duration="699ms" outputContextCount="0" outputUnitCount="0" firedFormulaCount="0" compiledFormulaCount="0" satisifiedAssertionCount="4" outputFactCount="0" compiledAssertionCount="1" />
</formulaTrace>
