<?xml version="1.0" encoding="utf-8"?>
<!--
Taxonomy Label Links linkbase based on XBRL standard Version 2.1.
Created by UBmatrix Taxonomy Designer 3.0.3.2433 (2009-05-15 09:36).  
Contact www.ubmatrix.com
Copyright (c) 2002-2011 UBmatrix inc., All Rights Reserved
Produced on 2011-07-18 14:32:32
-->
<linkbase
  xmlns="http://www.xbrl.org/2003/linkbase"
  xmlns:xsi="http://www.w3.org/2001/XMLSchema-instance"
  xmlns:xlink="http://www.w3.org/1999/xlink"
  xsi:schemaLocation="
    http://www.xbrl.org/2003/linkbase 
      http://www.xbrl.org/2003/xbrl-linkbase-2003-12-31.xsd
    ">
  <labelLink xlink:type="extended"
    xlink:role="http://www.xbrl.org/2003/role/link">
    <loc xlink:type="locator"
      xlink:label="pattern_DirectorCompensationHTML"
      xlink:href="EscapedXHTML.xsd#pattern_DirectorCompensationHTML" />
    <labelArc xlink:type="arc"
      xlink:arcrole="http://www.xbrl.org/2003/arcrole/concept-label"
      xlink:from="pattern_DirectorCompensationHTML"
      xlink:to="pattern_DirectorCompensationHTML_lbl" />
    <label xlink:type="resource"
      xlink:label="pattern_DirectorCompensationHTML_lbl"
      xml:lang="en"
      xlink:role="http://www.xbrl.org/2003/role/documentation">Nam rhoncus mi. Nunc eu dui non mauris interdum tincidunt. Sed magna felis, accumsan a, fermentum quis, varius sed, ipsum.</label>
    <label xlink:type="resource"
      xlink:label="pattern_DirectorCompensationHTML_lbl"
      xml:lang="en"
      xlink:role="http://www.xbrl.org/2003/role/periodEndLabel">Land, Ending Balance</label>
    <label xlink:type="resource"
      xlink:label="pattern_DirectorCompensationHTML_lbl"
      xml:lang="en"
      xlink:role="http://www.xbrl.org/2003/role/periodStartLabel">Land, Beginning Balance</label>
    <label xlink:type="resource"
      xlink:label="pattern_DirectorCompensationHTML_lbl"
      xml:lang="en"
      xlink:role="http://www.xbrl.org/2003/role/label">Director Compensation [HTML]</label>
    <loc xlink:type="locator"
      xlink:label="pattern_DirectorCompensationLineItems"
      xlink:href="EscapedXHTML.xsd#pattern_DirectorCompensationLineItems" />
    <labelArc xlink:type="arc"
      xlink:arcrole="http://www.xbrl.org/2003/arcrole/concept-label"
      xlink:from="pattern_DirectorCompensationLineItems"
      xlink:to="pattern_DirectorCompensationLineItems_lbl" />
    <label xlink:type="resource"
      xlink:label="pattern_DirectorCompensationLineItems_lbl"
      xml:lang="en"
      xlink:role="http://www.xbrl.org/2003/role/documentation">Cras consectetuer orci non lorem. Vestibulum bibendum aliquet augue.</label>
    <label xlink:type="resource"
      xlink:label="pattern_DirectorCompensationLineItems_lbl"
      xml:lang="en"
      xlink:role="http://www.xbrl.org/2003/role/label">Director Compensation [Line Items]</label>
    <loc xlink:type="locator"
      xlink:label="pattern_DirectorCompensationTable"
      xlink:href="EscapedXHTML.xsd#pattern_DirectorCompensationTable" />
    <labelArc xlink:type="arc"
      xlink:arcrole="http://www.xbrl.org/2003/arcrole/concept-label"
      xlink:from="pattern_DirectorCompensationTable"
      xlink:to="pattern_DirectorCompensationTable_lbl" />
    <label xlink:type="resource"
      xlink:label="pattern_DirectorCompensationTable_lbl"
      xml:lang="en"
      xlink:role="http://www.xbrl.org/2003/role/documentation">Suspendisse vestibulum augue eu justo. Pellentesque habitant morbi tristique senectus et netus et malesuada fames ac turpis egestas.</label>
    <label xlink:type="resource"
      xlink:label="pattern_DirectorCompensationTable_lbl"
      xml:lang="en"
      xlink:role="http://www.xbrl.org/2003/role/label">Director Compensation [Table]</label>
    <loc xlink:type="locator"
      xlink:label="pattern_DirectorHierarchy"
      xlink:href="EscapedXHTML.xsd#pattern_DirectorHierarchy" />
    <labelArc xlink:type="arc"
      xlink:arcrole="http://www.xbrl.org/2003/arcrole/concept-label"
      xlink:from="pattern_DirectorHierarchy"
      xlink:to="pattern_DirectorHierarchy_lbl" />
    <label xlink:type="resource"
      xlink:label="pattern_DirectorHierarchy_lbl"
      xml:lang="en"
      xlink:role="http://www.xbrl.org/2003/role/documentation">Duis sapien diam, dapibus sed, dictum quis, interdum ac, erat. Suspendisse urna. Proin non mauris.</label>
    <label xlink:type="resource"
      xlink:label="pattern_DirectorHierarchy_lbl"
      xml:lang="en"
      xlink:role="http://www.xbrl.org/2003/role/label">Director [Hierarchy]</label>
  </labelLink>
</linkbase>