<?xml version="1.0" encoding="utf-8"?>
<!--
Taxonomy Label Links linkbase based on XBRL standard Version 2.1.
Created by UBmatrix Taxonomy Designer 3.0.3.2436 (2009-06-02 13:18).  
Contact www.ubmatrix.com
Copyright (c) 2002-2017 UBmatrix inc., All Rights Reserved
Produced on 2017-05-10 10:52:37
-->
<linkbase
  xmlns="http://www.xbrl.org/2003/linkbase"
  xmlns:xsi="http://www.w3.org/2001/XMLSchema-instance"
  xmlns:xlink="http://www.w3.org/1999/xlink"
  xsi:schemaLocation="
    http://www.xbrl.org/2003/linkbase 
      http://www.xbrl.org/2003/xbrl-linkbase-2003-12-31.xsd
    ">
  <labelLink xlink:type="extended"
    xlink:role="http://www.xbrl.org/2003/role/link">
    <loc xlink:type="locator"
      xlink:label="pattern_SomeCharacteristicAxis"
      xlink:href="Prose.xsd#pattern_SomeCharacteristicAxis" />
    <labelArc xlink:type="arc"
      xlink:arcrole="http://www.xbrl.org/2003/arcrole/concept-label"
      xlink:from="pattern_SomeCharacteristicAxis"
      xlink:to="pattern_SomeCharacteristicAxis_lbl" />
    <label xlink:type="resource"
      xlink:label="pattern_SomeCharacteristicAxis_lbl"
      xml:lang="en"
      xlink:role="http://www.xbrl.org/2003/role/documentation">Fusce vitae mi. Sed dapibus venenatis ipsum. Sed in purus. Class aptent taciti sociosqu ad litora torquent per conubia nostra, per inceptos hymenaeos. Donec vel augue.</label>
    <label xlink:type="resource"
      xlink:label="pattern_SomeCharacteristicAxis_lbl"
      xml:lang="en"
      xlink:role="http://www.xbrl.org/2003/role/label">Some Characteristic [Axis]</label>
    <loc xlink:type="locator"
      xlink:label="pattern_SomeCharacteristicMember"
      xlink:href="Prose.xsd#pattern_SomeCharacteristicMember" />
    <labelArc xlink:type="arc"
      xlink:arcrole="http://www.xbrl.org/2003/arcrole/concept-label"
      xlink:from="pattern_SomeCharacteristicMember"
      xlink:to="pattern_SomeCharacteristicMember_lbl" />
    <label xlink:type="resource"
      xlink:label="pattern_SomeCharacteristicMember_lbl"
      xml:lang="en"
      xlink:role="http://www.xbrl.org/2003/role/documentation">Praesent id mauris. Sed dapibus dui quis lectus. Donec id sem.</label>
    <label xlink:type="resource"
      xlink:label="pattern_SomeCharacteristicMember_lbl"
      xml:lang="en"
      xlink:role="http://www.xbrl.org/2003/role/label">Some Characteristic [Member]</label>
    <loc xlink:type="locator"
      xlink:label="pattern_SomeSetBusinessInformationHTML"
      xlink:href="Prose.xsd#pattern_SomeSetBusinessInformationHTML" />
    <labelArc xlink:type="arc"
      xlink:arcrole="http://www.xbrl.org/2003/arcrole/concept-label"
      xlink:from="pattern_SomeSetBusinessInformationHTML"
      xlink:to="pattern_SomeSetBusinessInformationHTML_lbl" />
    <label xlink:type="resource"
      xlink:label="pattern_SomeSetBusinessInformationHTML_lbl"
      xml:lang="en"
      xlink:role="http://www.xbrl.org/2003/role/documentation">Suspendisse vestibulum augue eu justo. Pellentesque habitant morbi tristique senectus et netus et malesuada fames ac turpis egestas. Fusce suscipit pede ut erat. Sed rutrum. Pellentesque eget mi. In enim. Praesent nec eros.</label>
    <label xlink:type="resource"
      xlink:label="pattern_SomeSetBusinessInformationHTML_lbl"
      xml:lang="en"
      xlink:role="http://www.xbrl.org/2003/role/periodEndLabel">Land, Ending Balance</label>
    <label xlink:type="resource"
      xlink:label="pattern_SomeSetBusinessInformationHTML_lbl"
      xml:lang="en"
      xlink:role="http://www.xbrl.org/2003/role/periodStartLabel">Land, Beginning Balance</label>
    <label xlink:type="resource"
      xlink:label="pattern_SomeSetBusinessInformationHTML_lbl"
      xml:lang="en"
      xlink:role="http://www.xbrl.org/2003/role/label">Some Set of Business Information [HTML]</label>
    <loc xlink:type="locator"
      xlink:label="pattern_SomeSetBusinessInformationLineItems"
      xlink:href="Prose.xsd#pattern_SomeSetBusinessInformationLineItems" />
    <labelArc xlink:type="arc"
      xlink:arcrole="http://www.xbrl.org/2003/arcrole/concept-label"
      xlink:from="pattern_SomeSetBusinessInformationLineItems"
      xlink:to="pattern_SomeSetBusinessInformationLineItems_lbl" />
    <label xlink:type="resource"
      xlink:label="pattern_SomeSetBusinessInformationLineItems_lbl"
      xml:lang="en"
      xlink:role="http://www.xbrl.org/2003/role/documentation">Aliquam porta leo imperdiet pede.</label>
    <label xlink:type="resource"
      xlink:label="pattern_SomeSetBusinessInformationLineItems_lbl"
      xml:lang="en"
      xlink:role="http://www.xbrl.org/2003/role/label">Some Set of Business Information [Line Items]</label>
    <loc xlink:type="locator"
      xlink:label="pattern_SomeSetBusinessInformationTable"
      xlink:href="Prose.xsd#pattern_SomeSetBusinessInformationTable" />
    <labelArc xlink:type="arc"
      xlink:arcrole="http://www.xbrl.org/2003/arcrole/concept-label"
      xlink:from="pattern_SomeSetBusinessInformationTable"
      xlink:to="pattern_SomeSetBusinessInformationTable_lbl" />
    <label xlink:type="resource"
      xlink:label="pattern_SomeSetBusinessInformationTable_lbl"
      xml:lang="en"
      xlink:role="http://www.xbrl.org/2003/role/documentation">Suspendisse et lorem eu risus convallis placerat. Suspendisse potenti. Donec malesuada lorem id mi.</label>
    <label xlink:type="resource"
      xlink:label="pattern_SomeSetBusinessInformationTable_lbl"
      xml:lang="en"
      xlink:role="http://www.xbrl.org/2003/role/label">Some Set of Business Information [Table]</label>
  </labelLink>
</linkbase>