<?xml version="1.0" encoding="utf-8"?>
<!-- Created by Charles Hoffman, CPA: 2013-05-15 -->
<xbrl xmlns="http://www.xbrl.org/2003/instance" 
      xmlns:xbrli="http://www.xbrl.org/2003/instance"
      xmlns:link="http://www.xbrl.org/2003/linkbase" 
      xmlns:xlink="http://www.w3.org/1999/xlink" 
      xmlns:xsi="http://www.w3.org/2001/XMLSchema-instance" 
      xmlns:xbrldi="http://xbrl.org/2006/xbrldi" 
       
      xmlns:frm="http://xbrlsite.azurewebsites.net/DigitalFinancialReporting/Schemas/frm"
      xmlns:pattern="http://xbrlsite.azurewebsites.net/DigitalFinancialReporting/BusinessUseCases/Prose" 
      xmlns:iso4217="http://www.xbrl.org/2003/iso4217" 
      xsi:schemaLocation="http://xbrl.org/2006/xbrldi http://www.xbrl.org/2006/xbrldi-2006.xsd">

   <link:schemaRef xlink:type="simple" xlink:href="Prose.xsd" />
  	<link:linkbaseRef xlink:type='simple' xlink:href='Prose-formula.xml' xlink:arcrole='http://www.w3.org/1999/xlink/properties/linkbase'/>
   
   <context id="D-2010-All">
      <entity>
         <identifier scheme="http://www.SampleCompany.com">SAMP</identifier>
         <segment>
            <xbrldi:explicitMember dimension="frm:LegalEntityAxis">frm:ConsolidatedEntityMember</xbrldi:explicitMember>
            <xbrldi:explicitMember dimension="pattern:SomeCharacteristicAxis">pattern:SomeCharacteristicMember</xbrldi:explicitMember>
         </segment>
      </entity>
      <period>
         <startDate>2010-01-01</startDate>
         <endDate>2010-12-31</endDate>
      </period>
   </context>

  <pattern:SomeSetBusinessInformationHTML contextRef="D-2010-All">
		&lt;html&gt;
		   &lt;head&gt;
		   &lt;title&gt;Prose&lt;/title&gt;
		   &lt;/head&gt;
		   &lt;body&gt;
		
				&lt;p&gt;Proin elit sem, ornare non, ullamcorper vel, sollicitudin a, lacus. Mauris tincidunt cursus est. 
				Nulla sit amet nibh. Sed elementum feugiat augue. Nam non tortor non leo porta bibendum. Morbi eu pede.&lt;/p&gt;
		
				&lt;p style='font-weight:bold'&gt;Sed justo: Nibh, placerat&lt;/p&gt;
		      &lt;table cellspacing='2' cellpadding='1' border='0' style='table-layout:fixed;word-wrap:break-word'&gt;
		        &lt;col width='150'/&gt;
		        &lt;col width='100'/&gt;
		        &lt;col width='100'/&gt;
		        &lt;col width='100'/&gt;
		        &lt;col width='100'/&gt;
		        &lt;tr bgcolor="white"&gt;
		           &lt;td align='left' valign='bottom' style='BORDER-BOTTOM: black 4px solid'&gt;&lt;font style='FONT-SIZE:10pt'&gt;Praesent eleifend&lt;/font&gt;&lt;/td&gt;
		           &lt;td align='right' valign='bottom' style='BORDER-BOTTOM: black 4px solid'&gt;&lt;font style='FONT-SIZE:10pt'&gt;Lorem ipsum dolor&lt;/font&gt;&lt;/td&gt;
		           &lt;td align='right' valign='bottom' style='BORDER-BOTTOM: black 4px solid'&gt;&lt;font style='FONT-SIZE:10pt'&gt;Suspendisse&lt;/font&gt;&lt;/td&gt;
		           &lt;td align='right' valign='bottom' style='BORDER-BOTTOM: black 4px solid'&gt;&lt;font style='FONT-SIZE:10pt'&gt;Maecenas ante&lt;/font&gt;&lt;/td&gt;
		           &lt;td align='right' valign='bottom' style='BORDER-BOTTOM: black 4px solid'&gt;&lt;font style='FONT-SIZE:10pt'&gt;Phasellus sagittis orci quis orci&lt;/font&gt;&lt;/td&gt;
		        &lt;/tr&gt;
		        &lt;tr bgcolor="#ccffcc"&gt;
		           &lt;td align='left' valign='bottom'&gt;&lt;font style='DISPLAY:inline; FONT-SIZE:10pt'&gt;Vivamus quis nunc&lt;/font&gt;&lt;/td&gt;
		           &lt;td align='right' valign='bottom'&gt;&lt;font style='DISPLAY:inline; FONT-SIZE:10pt'&gt;1,000&lt;/font&gt;&lt;/td&gt;
		           &lt;td align='right' valign='bottom'&gt;&lt;font style='DISPLAY:inline; FONT-SIZE:10pt'&gt;1,000&lt;/font&gt;&lt;/td&gt;
		           &lt;td align='right' valign='bottom'&gt;&lt;font style='DISPLAY:inline; FONT-SIZE:10pt'&gt;1,000&lt;/font&gt;&lt;/td&gt;
		           &lt;td align='right' valign='bottom'&gt;&lt;font style='DISPLAY:inline; FONT-SIZE:10pt'&gt;1,000&lt;/font&gt;&lt;/td&gt;
		        &lt;/tr&gt;
		        &lt;tr bgcolor="white"&gt;
		           &lt;td align='left' valign='bottom' style='BORDER-BOTTOM:none'&gt;&lt;font style='DISPLAY:inline; FONT-SIZE:10pt'&gt;Proin porta tincidunt nunc&lt;/font&gt;&lt;/td&gt;
		           &lt;td align='right' valign='bottom' style='BORDER-BOTTOM: black 1px solid'&gt;&lt;font style='DISPLAY:inline; FONT-SIZE:10pt'&gt;1,000&lt;/font&gt;&lt;/td&gt;
		           &lt;td align='right' valign='bottom' style='BORDER-BOTTOM: black 1px solid'&gt;&lt;font style='DISPLAY:inline; FONT-SIZE:10pt'&gt;1,000&lt;/font&gt;&lt;/td&gt;
		           &lt;td align='right' valign='bottom' style='BORDER-BOTTOM: black 1px solid'&gt;&lt;font style='DISPLAY:inline; FONT-SIZE:10pt'&gt;1,000&lt;/font&gt;&lt;/td&gt;
		           &lt;td align='right' valign='bottom' style='BORDER-BOTTOM: black 1px solid'&gt;&lt;font style='DISPLAY:inline; FONT-SIZE:10pt'&gt;1,000&lt;/font&gt;&lt;/td&gt;
		        &lt;/tr&gt;
		        &lt;tr bgcolor="#ccffcc"&gt;
		           &lt;td align='left' valign='bottom' style='BORDER-BOTTOM:none'&gt;&lt;font style='DISPLAY:inline; FONT-SIZE:10pt'&gt;Pellentesque condimentum&lt;/font&gt;&lt;/td&gt;
		           &lt;td align='right' valign='bottom' style='BORDER-BOTTOM:black 4px double'&gt;&lt;font style='DISPLAY:inline; FONT-SIZE:10pt'&gt;2,000&lt;/font&gt;&lt;/td&gt;
		           &lt;td align='right' valign='bottom' style='BORDER-BOTTOM:black 4px double'&gt;&lt;font style='DISPLAY:inline; FONT-SIZE:10pt'&gt;2,000&lt;/font&gt;&lt;/td&gt;
		           &lt;td align='right' valign='bottom' style='BORDER-BOTTOM:black 4px double'&gt;&lt;font style='DISPLAY:inline; FONT-SIZE:10pt'&gt;2,000&lt;/font&gt;&lt;/td&gt;
		           &lt;td align='right' valign='bottom' style='BORDER-BOTTOM:black 4px double'&gt;&lt;font style='DISPLAY:inline; FONT-SIZE:10pt'&gt;2,000&lt;/font&gt;&lt;/td&gt;
		        &lt;/tr&gt;
		       &lt;/table&gt;
		
				&lt;p style='font-weight:bold'&gt;Duis fermentum&lt;/p&gt;
				
				&lt;p&gt;Sed mauris. Nulla facilisi. Fusce tristique posuere ipsum. Nulla facilisi. Aliquam viverra risus vitae ante. 
				Sed rhoncus mi in wisi. Nullam nibh dui, molestie vitae, imperdiet non, ornare at, elit.&lt;/p&gt;
		
				&lt;ul&gt;
					&lt;li&gt;Suspendisse accumsan, arcu vel ornare interdum, magna tellus porta mauris, in porta mi lacus sodales felis.&lt;/li&gt;
					&lt;li&gt;Phasellus eleifend, diam vitae dapibus pulvinar, erat ligula auctor dui, eget congue justo lorem hendrerit tellus.&lt;/li&gt;
					&lt;li&gt;Fusce gravida, ligula a placerat placerat, leo erat euismod lectus, et lacinia justo libero non pede.&lt;/li&gt;
				&lt;/ul&gt;
		
				&lt;p&gt;Fusce gravida, ligula a placerat placerat, leo erat euismod lectus, et lacinia justo libero non pede. Vivamus ac velit vel magna nonummy pretium.&lt;/p&gt;
				&lt;ol&gt;
					&lt;li&gt;Etiam ut augue&lt;/li&gt;
					&lt;li&gt;Aliquam erat volutpat&lt;/li&gt;
				&lt;/ol&gt;
		
				&lt;p style='font-weight:bold'&gt;Sed justo: Nibh, placerat&lt;/p&gt;
		      &lt;table cellspacing='2' cellpadding='1' border='0' style='table-layout:fixed;word-wrap:break-word'&gt;
		        &lt;col width='500'/&gt;
		        &lt;col width='100'/&gt;
		        &lt;col width='100'/&gt;
		        &lt;tr bgcolor="white"&gt;
		           &lt;td align='left' valign='bottom' style='BORDER-BOTTOM: black 4px none'&gt;&lt;font style='FONT-SIZE:10pt'&gt;&lt;p style='visibility:hidden; margin:0em'&gt;*&lt;/p&gt;&lt;/font&gt;&lt;/td&gt;
		           &lt;td align='right' valign='bottom' style='BORDER-BOTTOM: black 4px solid'&gt;&lt;font style='FONT-SIZE:10pt'&gt;20XX&lt;/font&gt;&lt;/td&gt;
		           &lt;td align='right' valign='bottom' style='BORDER-BOTTOM: black 4px solid'&gt;&lt;font style='FONT-SIZE:10pt'&gt;20XX&lt;/font&gt;&lt;/td&gt;
		        &lt;/tr&gt;
		        &lt;tr bgcolor="#ccffcc"&gt;
		           &lt;td align='left' valign='bottom'&gt;&lt;font style='DISPLAY:inline; FONT-SIZE:10pt'&gt;Sed dapibus dui quis lectus; Donec id sem. Integer sit amet 2% diam ac nibh consequat vestibulum; Sed eget augue malesuada quam adipiscing mattis&lt;/font&gt;&lt;/td&gt;
		           &lt;td align='right' valign='bottom'&gt;&lt;font style='DISPLAY:inline; FONT-SIZE:10pt'&gt;23,480 &lt;/font&gt;&lt;/td&gt;
		           &lt;td align='right' valign='bottom'&gt;&lt;font style='DISPLAY:inline; FONT-SIZE:10pt'&gt;46,080 &lt;/font&gt;&lt;/td&gt;
		        &lt;/tr&gt;
		        &lt;tr bgcolor="white"&gt;
		           &lt;td align='left' valign='bottom'&gt;&lt;font style='DISPLAY:inline; FONT-SIZE:10pt'&gt;Sed lobortis, Maecenas scelerisque ullamcorper libero, Aliquam porta $880 leo imperdiet pede&lt;/font&gt;&lt;/td&gt;
		           &lt;td align='right' valign='bottom'&gt;&lt;font style='DISPLAY:inline; FONT-SIZE:10pt'&gt;85,000 &lt;/font&gt;&lt;/td&gt;
		           &lt;td align='right' valign='bottom'&gt;&lt;font style='DISPLAY:inline; FONT-SIZE:10pt'&gt;- &lt;/font&gt;&lt;/td&gt;
		        &lt;/tr&gt;
		        &lt;tr bgcolor="#ccffcc"&gt;
		           &lt;td align='left' valign='bottom'&gt;&lt;font style='DISPLAY:inline; FONT-SIZE:10pt'&gt;Nunc congue. Fusce venenatis. Maecenas tincidunt, ipsum in fringilla hendrerit, dolor metus eleifend neque, vel tincidunt mi nunc a purus&lt;/font&gt;&lt;/td&gt;
		           &lt;td align='right' valign='bottom'&gt;&lt;font style='DISPLAY:inline; FONT-SIZE:10pt'&gt;- &lt;/font&gt;&lt;/td&gt;
		           &lt;td align='right' valign='bottom'&gt;&lt;font style='DISPLAY:inline; FONT-SIZE:10pt'&gt;45,000 &lt;/font&gt;&lt;/td&gt;
		        &lt;/tr&gt;
		        &lt;tr bgcolor="white"&gt;
		           &lt;td align='left' valign='bottom' style='BORDER-BOTTOM:none'&gt;&lt;font style='DISPLAY:inline; FONT-SIZE:10pt'&gt;Fusce venenatis. Maecenas tincidunt, ipsum in fringilla $1,200 hendrerit, dolor metus eleifend neque, vel tincidunt mi nunc a purus&lt;/font&gt;&lt;/td&gt;
		           &lt;td align='right' valign='bottom' style='BORDER-BOTTOM: black 1px solid'&gt;&lt;font style='DISPLAY:inline; FONT-SIZE:10pt'&gt;33,301 &lt;/font&gt;&lt;/td&gt;
		           &lt;td align='right' valign='bottom' style='BORDER-BOTTOM: black 1px solid'&gt;&lt;font style='DISPLAY:inline; FONT-SIZE:10pt'&gt;43,782 &lt;/font&gt;&lt;/td&gt;
		        &lt;/tr&gt;
		        &lt;tr bgcolor="#ccffcc"&gt;
		           &lt;td align='left' valign='bottom' style='BORDER-BOTTOM:none'&gt;&lt;font style='DISPLAY:inline; FONT-SIZE:10pt'&gt;Pellentesque&lt;/font&gt;&lt;/td&gt;
		           &lt;td align='right' valign='bottom' style='BORDER-BOTTOM:black 4px double'&gt;&lt;font style='DISPLAY:inline; FONT-SIZE:10pt'&gt;141,781 &lt;/font&gt;&lt;/td&gt;
		           &lt;td align='right' valign='bottom' style='BORDER-BOTTOM:black 4px double'&gt;&lt;font style='DISPLAY:inline; FONT-SIZE:10pt'&gt;134,862 &lt;/font&gt;&lt;/td&gt;
		        &lt;/tr&gt;
		       &lt;/table&gt;
		
				&lt;p style='font-weight:bold'&gt;DONEC PULVINAR NONUMMY ERAT&lt;/p&gt;
				&lt;p style='font-weight:normal'&gt;Etiam porttitor. Ut venenatis, velit a accumsan interdum, odio metus mollis mauris, non pharetra augue arcu eu felis. Ut eget felis. Mauris leo nulla, sodales et, pharetra quis, fermentum nec, diam.&lt;/p&gt;
		
		   &lt;/body&gt;
		&lt;/html&gt;
  </pattern:SomeSetBusinessInformationHTML>



</xbrl>
