<?xml version="1.0" encoding="utf-8"?>
<!--
Taxonomy Presentation Links linkbase based on XBRL standard Version 2.1.
Created by UBmatrix Taxonomy Designer 3.0.3.2436 (2009-06-02 13:18).  
Contact www.ubmatrix.com
Copyright (c) 2002-2017 UBmatrix inc., All Rights Reserved
Produced on 2017-05-10 10:52:37
-->
<linkbase
  xmlns="http://www.xbrl.org/2003/linkbase"
  xmlns:xsi="http://www.w3.org/2001/XMLSchema-instance"
  xmlns:xlink="http://www.w3.org/1999/xlink"
  xsi:schemaLocation="
    http://www.xbrl.org/2003/linkbase 
      http://www.xbrl.org/2003/xbrl-linkbase-2003-12-31.xsd
    ">
  <roleRef xlink:type="simple"
    xlink:href="Prose.xsd#SomeSetOfBusinessInformation"
    roleURI="http://xbrlsite.azurewebsites.net/DigitalFinancialReporting/BusinessUseCases/Prose/SomeSetOfBusinessInformation" />
  <presentationLink xlink:type="extended"
    xlink:role="http://xbrlsite.azurewebsites.net/DigitalFinancialReporting/BusinessUseCases/Prose/SomeSetOfBusinessInformation">
    <loc xlink:type="locator"
      xlink:label="pattern_SomeSetBusinessInformationTable"
      xlink:href="Prose.xsd#pattern_SomeSetBusinessInformationTable" />
    <loc xlink:type="locator"
      xlink:label="frm_LegalEntityAxis"
      xlink:href="http://xbrlsite.azurewebsites.net/DigitalFinancialReporting/Schemas/2017-05-07/frm.xsd#frm_LegalEntityAxis" />
    <presentationArc xlink:type="arc"
      xlink:arcrole="http://www.xbrl.org/2003/arcrole/parent-child"
      xlink:from="pattern_SomeSetBusinessInformationTable"
      xlink:to="frm_LegalEntityAxis"
      order="1"
      use="optional" />
    <loc xlink:type="locator"
      xlink:label="frm_ConsolidatedEntityMember"
      xlink:href="http://xbrlsite.azurewebsites.net/DigitalFinancialReporting/Schemas/2017-05-07/frm.xsd#frm_ConsolidatedEntityMember" />
    <presentationArc xlink:type="arc"
      xlink:arcrole="http://www.xbrl.org/2003/arcrole/parent-child"
      xlink:from="frm_LegalEntityAxis" xlink:to="frm_ConsolidatedEntityMember"
      order="1"
      use="optional" />
    <loc xlink:type="locator"
      xlink:label="pattern_SomeCharacteristicAxis"
      xlink:href="Prose.xsd#pattern_SomeCharacteristicAxis" />
    <presentationArc xlink:type="arc"
      xlink:arcrole="http://www.xbrl.org/2003/arcrole/parent-child"
      xlink:from="pattern_SomeSetBusinessInformationTable"
      xlink:to="pattern_SomeCharacteristicAxis"
      order="2"
      use="optional" />
    <loc xlink:type="locator"
      xlink:label="pattern_SomeCharacteristicMember"
      xlink:href="Prose.xsd#pattern_SomeCharacteristicMember" />
    <presentationArc xlink:type="arc"
      xlink:arcrole="http://www.xbrl.org/2003/arcrole/parent-child"
      xlink:from="pattern_SomeCharacteristicAxis"
      xlink:to="pattern_SomeCharacteristicMember"
      order="1"
      use="optional" />
    <loc xlink:type="locator"
      xlink:label="pattern_SomeSetBusinessInformationLineItems"
      xlink:href="Prose.xsd#pattern_SomeSetBusinessInformationLineItems" />
    <presentationArc xlink:type="arc"
      xlink:arcrole="http://www.xbrl.org/2003/arcrole/parent-child"
      xlink:from="pattern_SomeSetBusinessInformationTable"
      xlink:to="pattern_SomeSetBusinessInformationLineItems"
      order="3"
      use="optional" />
    <loc xlink:type="locator"
      xlink:label="pattern_SomeSetBusinessInformationHTML"
      xlink:href="Prose.xsd#pattern_SomeSetBusinessInformationHTML" />
    <presentationArc xlink:type="arc"
      xlink:arcrole="http://www.xbrl.org/2003/arcrole/parent-child"
      xlink:from="pattern_SomeSetBusinessInformationLineItems"
      xlink:to="pattern_SomeSetBusinessInformationHTML"
      order="1"
      use="optional" />
  </presentationLink>
</linkbase>