<?xml version="1.0" encoding="utf-8"?>
<!--
Taxonomy Definition Links linkbase based on XBRL standard Version 2.1.
Created by UBmatrix Taxonomy Designer 3.0.3.2436 (2009-06-02 13:18).  
Contact www.ubmatrix.com
Copyright (c) 2002-2017 UBmatrix inc., All Rights Reserved
Produced on 2017-05-10 07:41:52
-->
<linkbase
  xmlns="http://www.xbrl.org/2003/linkbase"
  xmlns:xsi="http://www.w3.org/2001/XMLSchema-instance"
  xmlns:xlink="http://www.w3.org/1999/xlink"
  xmlns:xbrldt="http://xbrl.org/2005/xbrldt"
  xsi:schemaLocation="
    http://www.xbrl.org/2003/linkbase 
      http://www.xbrl.org/2003/xbrl-linkbase-2003-12-31.xsd
    http://xbrl.org/2005/xbrldt  http://www.xbrl.org/2005/xbrldt-2005.xsd
    ">
  <roleRef xlink:type="simple"
    xlink:href="NestedCompoundFact.xsd#RelatedParties"
    roleURI="http://xbrlsite.azurewebsites.net/DigitalFinancialReporting/BusinessUseCases/NestedCompoundFact/RelatedParties" />
  <arcroleRef xlink:type="simple"
    xlink:href="http://www.xbrl.org/2005/xbrldt-2005.xsd#domain-member"
    arcroleURI="http://xbrl.org/int/dim/arcrole/domain-member" />
  <arcroleRef xlink:type="simple"
    xlink:href="http://www.xbrl.org/2005/xbrldt-2005.xsd#all"
    arcroleURI="http://xbrl.org/int/dim/arcrole/all" />
  <arcroleRef xlink:type="simple"
    xlink:href="http://www.xbrl.org/2005/xbrldt-2005.xsd#hypercube-dimension"
    arcroleURI="http://xbrl.org/int/dim/arcrole/hypercube-dimension" />
  <arcroleRef xlink:type="simple"
    xlink:href="http://www.xbrl.org/2005/xbrldt-2005.xsd#dimension-domain"
    arcroleURI="http://xbrl.org/int/dim/arcrole/dimension-domain" />
  <roleRef xlink:type="simple"
    xlink:href="NestedCompoundFact.xsd#RelatedPartyTransactions"
    roleURI="http://xbrlsite.azurewebsites.net/DigitalFinancialReporting/BusinessUseCases/NestedCompoundFact/RelatedPartyTransactions" />
  <definitionLink xlink:type="extended"
    xlink:role="http://xbrlsite.azurewebsites.net/DigitalFinancialReporting/BusinessUseCases/NestedCompoundFact/RelatedParties">
    <loc xlink:type="locator"
      xlink:label="pattern_RelatedPartiesLineItems"
      xlink:href="NestedCompoundFact.xsd#pattern_RelatedPartiesLineItems" />
    <loc xlink:type="locator"
      xlink:label="pattern_RelatedPartyHierarchy"
      xlink:href="NestedCompoundFact.xsd#pattern_RelatedPartyHierarchy" />
    <definitionArc xlink:type="arc"
      xlink:arcrole="http://xbrl.org/int/dim/arcrole/domain-member"
      xlink:from="pattern_RelatedPartiesLineItems"
      xlink:to="pattern_RelatedPartyHierarchy"
      order="1"
      use="optional" />
    <loc xlink:type="locator"
      xlink:label="pattern_RelatedPartyTypeOfRelationship"
      xlink:href="NestedCompoundFact.xsd#pattern_RelatedPartyTypeOfRelationship" />
    <definitionArc xlink:type="arc"
      xlink:arcrole="http://xbrl.org/int/dim/arcrole/domain-member"
      xlink:from="pattern_RelatedPartyHierarchy"
      xlink:to="pattern_RelatedPartyTypeOfRelationship"
      order="1"
      use="optional" />
    <loc xlink:type="locator"
      xlink:label="pattern_RelatedPartyNatureOfRelationship"
      xlink:href="NestedCompoundFact.xsd#pattern_RelatedPartyNatureOfRelationship" />
    <definitionArc xlink:type="arc"
      xlink:arcrole="http://xbrl.org/int/dim/arcrole/domain-member"
      xlink:from="pattern_RelatedPartyHierarchy"
      xlink:to="pattern_RelatedPartyNatureOfRelationship"
      order="2"
      use="optional" />
    <loc xlink:type="locator"
      xlink:label="pattern_RelatedPartiesTable"
      xlink:href="NestedCompoundFact.xsd#pattern_RelatedPartiesTable" />
    <definitionArc xlink:type="arc"
      xlink:arcrole="http://xbrl.org/int/dim/arcrole/all"
      xlink:from="pattern_RelatedPartiesLineItems"
      xlink:to="pattern_RelatedPartiesTable"
      order="2"
      use="optional"
      xbrldt:contextElement="segment"
      xbrldt:closed="true" />
    <loc xlink:type="locator"
      xlink:label="frm_LegalEntityAxis"
      xlink:href="http://xbrlsite.azurewebsites.net/DigitalFinancialReporting/Schemas/2017-05-07/frm.xsd#frm_LegalEntityAxis" />
    <definitionArc xlink:type="arc"
      xlink:arcrole="http://xbrl.org/int/dim/arcrole/hypercube-dimension"
      xlink:from="pattern_RelatedPartiesTable"
      xlink:to="frm_LegalEntityAxis"
      order="1"
      use="optional" />
    <loc xlink:type="locator"
      xlink:label="frm_ConsolidatedEntityMember"
      xlink:href="http://xbrlsite.azurewebsites.net/DigitalFinancialReporting/Schemas/2017-05-07/frm.xsd#frm_ConsolidatedEntityMember" />
    <definitionArc xlink:type="arc"
      xlink:arcrole="http://xbrl.org/int/dim/arcrole/dimension-domain"
      xlink:from="frm_LegalEntityAxis" xlink:to="frm_ConsolidatedEntityMember"
      order="1"
      use="optional" />
    <loc xlink:type="locator"
      xlink:label="pattern_RelatedPartyNameAxis"
      xlink:href="NestedCompoundFact.xsd#pattern_RelatedPartyNameAxis" />
    <definitionArc xlink:type="arc"
      xlink:arcrole="http://xbrl.org/int/dim/arcrole/hypercube-dimension"
      xlink:from="pattern_RelatedPartiesTable"
      xlink:to="pattern_RelatedPartyNameAxis"
      order="2"
      use="optional" />
    <loc xlink:type="locator"
      xlink:label="pattern_RelatedParty1Member"
      xlink:href="NestedCompoundFact.xsd#pattern_RelatedParty1Member" />
    <definitionArc xlink:type="arc"
      xlink:arcrole="http://xbrl.org/int/dim/arcrole/dimension-domain"
      xlink:from="pattern_RelatedPartyNameAxis"
      xlink:to="pattern_RelatedParty1Member"
      order="1"
      use="optional" />
    <loc xlink:type="locator"
      xlink:label="pattern_RelatedParty2Member"
      xlink:href="NestedCompoundFact.xsd#pattern_RelatedParty2Member" />
    <definitionArc xlink:type="arc"
      xlink:arcrole="http://xbrl.org/int/dim/arcrole/dimension-domain"
      xlink:from="pattern_RelatedPartyNameAxis"
      xlink:to="pattern_RelatedParty2Member"
      order="2"
      use="optional" />
  </definitionLink>
  <definitionLink xlink:type="extended"
    xlink:role="http://xbrlsite.azurewebsites.net/DigitalFinancialReporting/BusinessUseCases/NestedCompoundFact/RelatedPartyTransactions">
    <loc xlink:type="locator"
      xlink:label="pattern_RelatedPartyTransactionLineItems"
      xlink:href="NestedCompoundFact.xsd#pattern_RelatedPartyTransactionLineItems" />
    <loc xlink:type="locator"
      xlink:label="pattern_RelatedPartyTransactionHierarchy"
      xlink:href="NestedCompoundFact.xsd#pattern_RelatedPartyTransactionHierarchy" />
    <definitionArc xlink:type="arc"
      xlink:arcrole="http://xbrl.org/int/dim/arcrole/domain-member"
      xlink:from="pattern_RelatedPartyTransactionLineItems"
      xlink:to="pattern_RelatedPartyTransactionHierarchy"
      order="1"
      use="optional" />
    <loc xlink:type="locator"
      xlink:label="pattern_RelatedPartyTransactionDescription"
      xlink:href="NestedCompoundFact.xsd#pattern_RelatedPartyTransactionDescription" />
    <definitionArc xlink:type="arc"
      xlink:arcrole="http://xbrl.org/int/dim/arcrole/domain-member"
      xlink:from="pattern_RelatedPartyTransactionHierarchy"
      xlink:to="pattern_RelatedPartyTransactionDescription"
      order="1"
      use="optional" />
    <loc xlink:type="locator"
      xlink:label="pattern_RelatedPartyTransactionPricingPolicy"
      xlink:href="NestedCompoundFact.xsd#pattern_RelatedPartyTransactionPricingPolicy" />
    <definitionArc xlink:type="arc"
      xlink:arcrole="http://xbrl.org/int/dim/arcrole/domain-member"
      xlink:from="pattern_RelatedPartyTransactionHierarchy"
      xlink:to="pattern_RelatedPartyTransactionPricingPolicy"
      order="2"
      use="optional" />
    <loc xlink:type="locator"
      xlink:label="pattern_RelatedPartyTransactionAmount"
      xlink:href="NestedCompoundFact.xsd#pattern_RelatedPartyTransactionAmount" />
    <definitionArc xlink:type="arc"
      xlink:arcrole="http://xbrl.org/int/dim/arcrole/domain-member"
      xlink:from="pattern_RelatedPartyTransactionHierarchy"
      xlink:to="pattern_RelatedPartyTransactionAmount"
      order="3"
      use="optional" />
    <loc xlink:type="locator"
      xlink:label="pattern_RelatedPartyTransactionsTable"
      xlink:href="NestedCompoundFact.xsd#pattern_RelatedPartyTransactionsTable" />
    <definitionArc xlink:type="arc"
      xlink:arcrole="http://xbrl.org/int/dim/arcrole/all"
      xlink:from="pattern_RelatedPartyTransactionLineItems"
      xlink:to="pattern_RelatedPartyTransactionsTable"
      order="2"
      use="optional"
      xbrldt:contextElement="segment"
      xbrldt:closed="true" />
    <loc xlink:type="locator"
      xlink:label="frm_LegalEntityAxis"
      xlink:href="http://xbrlsite.azurewebsites.net/DigitalFinancialReporting/Schemas/2017-05-07/frm.xsd#frm_LegalEntityAxis" />
    <definitionArc xlink:type="arc"
      xlink:arcrole="http://xbrl.org/int/dim/arcrole/hypercube-dimension"
      xlink:from="pattern_RelatedPartyTransactionsTable"
      xlink:to="frm_LegalEntityAxis"
      order="1"
      use="optional" />
    <loc xlink:type="locator"
      xlink:label="frm_ConsolidatedEntityMember"
      xlink:href="http://xbrlsite.azurewebsites.net/DigitalFinancialReporting/Schemas/2017-05-07/frm.xsd#frm_ConsolidatedEntityMember" />
    <definitionArc xlink:type="arc"
      xlink:arcrole="http://xbrl.org/int/dim/arcrole/dimension-domain"
      xlink:from="frm_LegalEntityAxis" xlink:to="frm_ConsolidatedEntityMember"
      order="1"
      use="optional" />
    <loc xlink:type="locator"
      xlink:label="pattern_RelatedPartyNameAxis"
      xlink:href="NestedCompoundFact.xsd#pattern_RelatedPartyNameAxis" />
    <definitionArc xlink:type="arc"
      xlink:arcrole="http://xbrl.org/int/dim/arcrole/hypercube-dimension"
      xlink:from="pattern_RelatedPartyTransactionsTable"
      xlink:to="pattern_RelatedPartyNameAxis"
      order="2"
      use="optional" />
    <loc xlink:type="locator"
      xlink:label="pattern_RelatedParty1Member"
      xlink:href="NestedCompoundFact.xsd#pattern_RelatedParty1Member" />
    <definitionArc xlink:type="arc"
      xlink:arcrole="http://xbrl.org/int/dim/arcrole/dimension-domain"
      xlink:from="pattern_RelatedPartyNameAxis"
      xlink:to="pattern_RelatedParty1Member"
      order="1"
      use="optional" />
    <loc xlink:type="locator"
      xlink:label="pattern_RelatedParty2Member"
      xlink:href="NestedCompoundFact.xsd#pattern_RelatedParty2Member" />
    <definitionArc xlink:type="arc"
      xlink:arcrole="http://xbrl.org/int/dim/arcrole/dimension-domain"
      xlink:from="pattern_RelatedPartyNameAxis"
      xlink:to="pattern_RelatedParty2Member"
      order="2"
      use="optional" />
    <loc xlink:type="locator"
      xlink:label="pattern_RelatedPartyTransactionTypeAxis"
      xlink:href="NestedCompoundFact.xsd#pattern_RelatedPartyTransactionTypeAxis" />
    <definitionArc xlink:type="arc"
      xlink:arcrole="http://xbrl.org/int/dim/arcrole/hypercube-dimension"
      xlink:from="pattern_RelatedPartyTransactionsTable"
      xlink:to="pattern_RelatedPartyTransactionTypeAxis"
      order="3"
      use="optional" />
    <loc xlink:type="locator"
      xlink:label="pattern_RelatedPartyTransactionTypeAllMember"
      xlink:href="NestedCompoundFact.xsd#pattern_RelatedPartyTransactionTypeAllMember" />
    <definitionArc xlink:type="arc"
      xlink:arcrole="http://xbrl.org/int/dim/arcrole/dimension-domain"
      xlink:from="pattern_RelatedPartyTransactionTypeAxis"
      xlink:to="pattern_RelatedPartyTransactionTypeAllMember"
      order="1"
      use="optional" />
    <loc xlink:type="locator"
      xlink:label="pattern_AgencyArrangementsWithRelatedPartyMember"
      xlink:href="NestedCompoundFact.xsd#pattern_AgencyArrangementsWithRelatedPartyMember" />
    <definitionArc xlink:type="arc"
      xlink:arcrole="http://xbrl.org/int/dim/arcrole/domain-member"
      xlink:from="pattern_RelatedPartyTransactionTypeAllMember"
      xlink:to="pattern_AgencyArrangementsWithRelatedPartyMember"
      order="1"
      use="optional" />
    <loc xlink:type="locator"
      xlink:label="pattern_LeasingArrangementsWithRelatedPartyMember"
      xlink:href="NestedCompoundFact.xsd#pattern_LeasingArrangementsWithRelatedPartyMember" />
    <definitionArc xlink:type="arc"
      xlink:arcrole="http://xbrl.org/int/dim/arcrole/domain-member"
      xlink:from="pattern_RelatedPartyTransactionTypeAllMember"
      xlink:to="pattern_LeasingArrangementsWithRelatedPartyMember"
      order="2"
      use="optional" />
    <loc xlink:type="locator"
      xlink:label="pattern_PurchaseOrSaleOfGoodsWithRelatedPartyMember"
      xlink:href="NestedCompoundFact.xsd#pattern_PurchaseOrSaleOfGoodsWithRelatedPartyMember" />
    <definitionArc xlink:type="arc"
      xlink:arcrole="http://xbrl.org/int/dim/arcrole/domain-member"
      xlink:from="pattern_RelatedPartyTransactionTypeAllMember"
      xlink:to="pattern_PurchaseOrSaleOfGoodsWithRelatedPartyMember"
      order="3"
      use="optional" />
    <loc xlink:type="locator"
      xlink:label="pattern_PurchaseOrSaleOfPropertyOrOtherAssetsWithRelatedPartyMember"
      xlink:href="NestedCompoundFact.xsd#pattern_PurchaseOrSaleOfPropertyOrOtherAssetsWithRelatedPartyMember" />
    <definitionArc xlink:type="arc"
      xlink:arcrole="http://xbrl.org/int/dim/arcrole/domain-member"
      xlink:from="pattern_RelatedPartyTransactionTypeAllMember"
      xlink:to="pattern_PurchaseOrSaleOfPropertyOrOtherAssetsWithRelatedPartyMember"
      order="4"
      use="optional" />
  </definitionLink>
</linkbase>