<?xml version="1.0" encoding="utf-8"?>
<!--
Taxonomy Label Links linkbase based on XBRL standard Version 2.1.
Created by UBmatrix Taxonomy Designer 3.0.3.2436 (2009-06-02 13:18).  
Contact www.ubmatrix.com
Copyright (c) 2002-2017 UBmatrix inc., All Rights Reserved
Produced on 2017-05-10 07:41:52
-->
<linkbase
  xmlns="http://www.xbrl.org/2003/linkbase"
  xmlns:xsi="http://www.w3.org/2001/XMLSchema-instance"
  xmlns:xlink="http://www.w3.org/1999/xlink"
  xsi:schemaLocation="
    http://www.xbrl.org/2003/linkbase 
      http://www.xbrl.org/2003/xbrl-linkbase-2003-12-31.xsd
    ">
  <labelLink xlink:type="extended"
    xlink:role="http://www.xbrl.org/2003/role/link">
    <loc xlink:type="locator"
      xlink:label="pattern_AgencyArrangementsWithRelatedPartyMember"
      xlink:href="NestedCompoundFact.xsd#pattern_AgencyArrangementsWithRelatedPartyMember" />
    <labelArc xlink:type="arc"
      xlink:arcrole="http://www.xbrl.org/2003/arcrole/concept-label"
      xlink:from="pattern_AgencyArrangementsWithRelatedPartyMember"
      xlink:to="pattern_AgencyArrangementsWithRelatedPartyMember_lbl" />
    <label xlink:type="resource"
      xlink:label="pattern_AgencyArrangementsWithRelatedPartyMember_lbl"
      xml:lang="en"
      xlink:role="http://www.xbrl.org/2003/role/documentation">In vel justo at urna rutrum ultrices. Cras consectetuer orci non lorem.</label>
    <label xlink:type="resource"
      xlink:label="pattern_AgencyArrangementsWithRelatedPartyMember_lbl"
      xml:lang="en"
      xlink:role="http://www.xbrl.org/2003/role/label">Agency Arrangements with Related Party [Member]</label>
    <loc xlink:type="locator"
      xlink:label="pattern_LeasingArrangementsWithRelatedPartyMember"
      xlink:href="NestedCompoundFact.xsd#pattern_LeasingArrangementsWithRelatedPartyMember" />
    <labelArc xlink:type="arc"
      xlink:arcrole="http://www.xbrl.org/2003/arcrole/concept-label"
      xlink:from="pattern_LeasingArrangementsWithRelatedPartyMember"
      xlink:to="pattern_LeasingArrangementsWithRelatedPartyMember_lbl" />
    <label xlink:type="resource"
      xlink:label="pattern_LeasingArrangementsWithRelatedPartyMember_lbl"
      xml:lang="en"
      xlink:role="http://www.xbrl.org/2003/role/documentation">Pellentesque habitant morbi tristique senectus et netus et malesuada fames ac turpis egestas. Fusce suscipit pede ut erat. Sed rutrum. Pellentesque eget mi. In enim. Praesent nec eros.</label>
    <label xlink:type="resource"
      xlink:label="pattern_LeasingArrangementsWithRelatedPartyMember_lbl"
      xml:lang="en"
      xlink:role="http://www.xbrl.org/2003/role/label">Leasing Arrangements with Related Party [Member]</label>
    <loc xlink:type="locator"
      xlink:label="pattern_PurchaseOrSaleOfGoodsWithRelatedPartyMember"
      xlink:href="NestedCompoundFact.xsd#pattern_PurchaseOrSaleOfGoodsWithRelatedPartyMember" />
    <labelArc xlink:type="arc"
      xlink:arcrole="http://www.xbrl.org/2003/arcrole/concept-label"
      xlink:from="pattern_PurchaseOrSaleOfGoodsWithRelatedPartyMember"
      xlink:to="pattern_PurchaseOrSaleOfGoodsWithRelatedPartyMember_lbl" />
    <label xlink:type="resource"
      xlink:label="pattern_PurchaseOrSaleOfGoodsWithRelatedPartyMember_lbl"
      xml:lang="en"
      xlink:role="http://www.xbrl.org/2003/role/documentation">Nulla facilisi. Fusce tristique posuere ipsum. Nulla facilisi.</label>
    <label xlink:type="resource"
      xlink:label="pattern_PurchaseOrSaleOfGoodsWithRelatedPartyMember_lbl"
      xml:lang="en"
      xlink:role="http://www.xbrl.org/2003/role/label">Purchase or Sale of Goods with Related Party [Member]</label>
    <loc xlink:type="locator"
      xlink:label="pattern_PurchaseOrSaleOfPropertyOrOtherAssetsWithRelatedPartyMember"
      xlink:href="NestedCompoundFact.xsd#pattern_PurchaseOrSaleOfPropertyOrOtherAssetsWithRelatedPartyMember" />
    <labelArc xlink:type="arc"
      xlink:arcrole="http://www.xbrl.org/2003/arcrole/concept-label"
      xlink:from="pattern_PurchaseOrSaleOfPropertyOrOtherAssetsWithRelatedPartyMember"
      xlink:to="pattern_PurchaseOrSaleOfPropertyOrOtherAssetsWithRelatedPartyMember_lbl" />
    <label xlink:type="resource"
      xlink:label="pattern_PurchaseOrSaleOfPropertyOrOtherAssetsWithRelatedPartyMember_lbl"
      xml:lang="en"
      xlink:role="http://www.xbrl.org/2003/role/documentation">Suspendisse vestibulum augue eu justo. Pellentesque habitant morbi tristique senectus et netus et malesuada fames ac turpis egestas. Fusce suscipit pede ut erat. Sed rutrum.</label>
    <label xlink:type="resource"
      xlink:label="pattern_PurchaseOrSaleOfPropertyOrOtherAssetsWithRelatedPartyMember_lbl"
      xml:lang="en"
      xlink:role="http://www.xbrl.org/2003/role/label">Purchase or Sale of Property or Other Assets with Related Party [Member]</label>
    <loc xlink:type="locator"
      xlink:label="pattern_RelatedPartiesLineItems"
      xlink:href="NestedCompoundFact.xsd#pattern_RelatedPartiesLineItems" />
    <labelArc xlink:type="arc"
      xlink:arcrole="http://www.xbrl.org/2003/arcrole/concept-label"
      xlink:from="pattern_RelatedPartiesLineItems"
      xlink:to="pattern_RelatedPartiesLineItems_lbl" />
    <label xlink:type="resource"
      xlink:label="pattern_RelatedPartiesLineItems_lbl"
      xml:lang="en"
      xlink:role="http://www.xbrl.org/2003/role/documentation">Duis sapien diam, dapibus sed, dictum quis, interdum ac, erat. Suspendisse urna. Proin non mauris. Proin sed odio.</label>
    <label xlink:type="resource"
      xlink:label="pattern_RelatedPartiesLineItems_lbl"
      xml:lang="en"
      xlink:role="http://www.xbrl.org/2003/role/label">Related Parties [Line Items]</label>
    <loc xlink:type="locator"
      xlink:label="pattern_RelatedPartiesTable"
      xlink:href="NestedCompoundFact.xsd#pattern_RelatedPartiesTable" />
    <labelArc xlink:type="arc"
      xlink:arcrole="http://www.xbrl.org/2003/arcrole/concept-label"
      xlink:from="pattern_RelatedPartiesTable"
      xlink:to="pattern_RelatedPartiesTable_lbl" />
    <label xlink:type="resource"
      xlink:label="pattern_RelatedPartiesTable_lbl"
      xml:lang="en"
      xlink:role="http://www.xbrl.org/2003/role/documentation">Aliquam viverra risus vitae ante. Sed rhoncus mi in wisi</label>
    <label xlink:type="resource"
      xlink:label="pattern_RelatedPartiesTable_lbl"
      xml:lang="en"
      xlink:role="http://www.xbrl.org/2003/role/label">Related Parties [Table]</label>
    <loc xlink:type="locator"
      xlink:label="pattern_RelatedParty1Member"
      xlink:href="NestedCompoundFact.xsd#pattern_RelatedParty1Member" />
    <labelArc xlink:type="arc"
      xlink:arcrole="http://www.xbrl.org/2003/arcrole/concept-label"
      xlink:from="pattern_RelatedParty1Member"
      xlink:to="pattern_RelatedParty1Member_lbl" />
    <label xlink:type="resource"
      xlink:label="pattern_RelatedParty1Member_lbl"
      xml:lang="en"
      xlink:role="http://www.xbrl.org/2003/role/documentation">Suspendisse potenti. Class aptent taciti sociosqu ad litora torquent per conubia nostra.</label>
    <label xlink:type="resource"
      xlink:label="pattern_RelatedParty1Member_lbl"
      xml:lang="en"
      xlink:role="http://www.xbrl.org/2003/role/label">Related Party 1 [Member]</label>
    <loc xlink:type="locator"
      xlink:label="pattern_RelatedParty2Member"
      xlink:href="NestedCompoundFact.xsd#pattern_RelatedParty2Member" />
    <labelArc xlink:type="arc"
      xlink:arcrole="http://www.xbrl.org/2003/arcrole/concept-label"
      xlink:from="pattern_RelatedParty2Member"
      xlink:to="pattern_RelatedParty2Member_lbl" />
    <label xlink:type="resource"
      xlink:label="pattern_RelatedParty2Member_lbl"
      xml:lang="en"
      xlink:role="http://www.xbrl.org/2003/role/documentation">Fusce gravida, ligula a placerat placerat, leo erat euismod lectus, et lacinia justo libero non pede.</label>
    <label xlink:type="resource"
      xlink:label="pattern_RelatedParty2Member_lbl"
      xml:lang="en"
      xlink:role="http://www.xbrl.org/2003/role/label">Related Party 2 [Member]</label>
    <loc xlink:type="locator"
      xlink:label="pattern_RelatedPartyHierarchy"
      xlink:href="NestedCompoundFact.xsd#pattern_RelatedPartyHierarchy" />
    <labelArc xlink:type="arc"
      xlink:arcrole="http://www.xbrl.org/2003/arcrole/concept-label"
      xlink:from="pattern_RelatedPartyHierarchy"
      xlink:to="pattern_RelatedPartyHierarchy_lbl" />
    <label xlink:type="resource"
      xlink:label="pattern_RelatedPartyHierarchy_lbl"
      xml:lang="en"
      xlink:role="http://www.xbrl.org/2003/role/documentation">Fusce tristique posuere ipsum. Nulla facilisi. Aliquam viverra risus vitae ante.</label>
    <label xlink:type="resource"
      xlink:label="pattern_RelatedPartyHierarchy_lbl"
      xml:lang="en"
      xlink:role="http://www.xbrl.org/2003/role/label">Related Party [Hierarchy]</label>
    <loc xlink:type="locator"
      xlink:label="pattern_RelatedPartyNameAxis"
      xlink:href="NestedCompoundFact.xsd#pattern_RelatedPartyNameAxis" />
    <labelArc xlink:type="arc"
      xlink:arcrole="http://www.xbrl.org/2003/arcrole/concept-label"
      xlink:from="pattern_RelatedPartyNameAxis"
      xlink:to="pattern_RelatedPartyNameAxis_lbl" />
    <label xlink:type="resource"
      xlink:label="pattern_RelatedPartyNameAxis_lbl"
      xml:lang="en"
      xlink:role="http://www.xbrl.org/2003/role/documentation">Duis sapien diam, dapibus sed, dictum quis, interdum ac, erat. Suspendisse urna.</label>
    <label xlink:type="resource"
      xlink:label="pattern_RelatedPartyNameAxis_lbl"
      xml:lang="en"
      xlink:role="http://www.xbrl.org/2003/role/label">Related Party Name [Axis]</label>
    <loc xlink:type="locator"
      xlink:label="pattern_RelatedPartyNatureOfRelationship"
      xlink:href="NestedCompoundFact.xsd#pattern_RelatedPartyNatureOfRelationship" />
    <labelArc xlink:type="arc"
      xlink:arcrole="http://www.xbrl.org/2003/arcrole/concept-label"
      xlink:from="pattern_RelatedPartyNatureOfRelationship"
      xlink:to="pattern_RelatedPartyNatureOfRelationship_lbl" />
    <label xlink:type="resource"
      xlink:label="pattern_RelatedPartyNatureOfRelationship_lbl"
      xml:lang="en"
      xlink:role="http://www.xbrl.org/2003/role/documentation">Nam non tortor non leo porta bibendum. Morbi eu pede.</label>
    <label xlink:type="resource"
      xlink:label="pattern_RelatedPartyNatureOfRelationship_lbl"
      xml:lang="en"
      xlink:role="http://www.xbrl.org/2003/role/label">Related Party, Nature of Relationship</label>
    <loc xlink:type="locator"
      xlink:label="pattern_RelatedPartyTransactionAmount"
      xlink:href="NestedCompoundFact.xsd#pattern_RelatedPartyTransactionAmount" />
    <labelArc xlink:type="arc"
      xlink:arcrole="http://www.xbrl.org/2003/arcrole/concept-label"
      xlink:from="pattern_RelatedPartyTransactionAmount"
      xlink:to="pattern_RelatedPartyTransactionAmount_lbl" />
    <label xlink:type="resource"
      xlink:label="pattern_RelatedPartyTransactionAmount_lbl"
      xml:lang="en"
      xlink:role="http://www.xbrl.org/2003/role/documentation">Mauris tincidunt cursus est. Nulla sit amet nibh. Sed elementum feugiat augue. Nam non tortor non leo porta bibendum. Morbi eu pede. In eu erat et est feugiat fermentum. Praesent accumsan. Nulla convallis, lorem nec aliquet dapibus, libero felis sagittis augue, ut adipiscing nisl eros in quam.</label>
    <label xlink:type="resource"
      xlink:label="pattern_RelatedPartyTransactionAmount_lbl"
      xml:lang="en"
      xlink:role="http://www.xbrl.org/2003/role/periodEndLabel">Land, Ending Balance</label>
    <label xlink:type="resource"
      xlink:label="pattern_RelatedPartyTransactionAmount_lbl"
      xml:lang="en"
      xlink:role="http://www.xbrl.org/2003/role/periodStartLabel">Land, Beginning Balance</label>
    <label xlink:type="resource"
      xlink:label="pattern_RelatedPartyTransactionAmount_lbl"
      xml:lang="en"
      xlink:role="http://www.xbrl.org/2003/role/label">Related Party Transaction, Amount</label>
    <loc xlink:type="locator"
      xlink:label="pattern_RelatedPartyTransactionDescription"
      xlink:href="NestedCompoundFact.xsd#pattern_RelatedPartyTransactionDescription" />
    <labelArc xlink:type="arc"
      xlink:arcrole="http://www.xbrl.org/2003/arcrole/concept-label"
      xlink:from="pattern_RelatedPartyTransactionDescription"
      xlink:to="pattern_RelatedPartyTransactionDescription_lbl" />
    <label xlink:type="resource"
      xlink:label="pattern_RelatedPartyTransactionDescription_lbl"
      xml:lang="en"
      xlink:role="http://www.xbrl.org/2003/role/documentation">Ut ipsum mauris, pellentesque ut, tristique eget, fringilla id, ante. Vestibulum ante ipsum primis in faucibus orci luctus et ultrices posuere cubilia Curae; Duis erat.</label>
    <label xlink:type="resource"
      xlink:label="pattern_RelatedPartyTransactionDescription_lbl"
      xml:lang="en"
      xlink:role="http://www.xbrl.org/2003/role/periodEndLabel">Land, Ending Balance</label>
    <label xlink:type="resource"
      xlink:label="pattern_RelatedPartyTransactionDescription_lbl"
      xml:lang="en"
      xlink:role="http://www.xbrl.org/2003/role/periodStartLabel">Land, Beginning Balance</label>
    <label xlink:type="resource"
      xlink:label="pattern_RelatedPartyTransactionDescription_lbl"
      xml:lang="en"
      xlink:role="http://www.xbrl.org/2003/role/label">Related Party Transaction, Description</label>
    <loc xlink:type="locator"
      xlink:label="pattern_RelatedPartyTransactionHierarchy"
      xlink:href="NestedCompoundFact.xsd#pattern_RelatedPartyTransactionHierarchy" />
    <labelArc xlink:type="arc"
      xlink:arcrole="http://www.xbrl.org/2003/arcrole/concept-label"
      xlink:from="pattern_RelatedPartyTransactionHierarchy"
      xlink:to="pattern_RelatedPartyTransactionHierarchy_lbl" />
    <label xlink:type="resource"
      xlink:label="pattern_RelatedPartyTransactionHierarchy_lbl"
      xml:lang="en"
      xlink:role="http://www.xbrl.org/2003/role/documentation">Nullam id tellus id wisi gravida euismod. Cras massa arcu, facilisis sit amet.</label>
    <label xlink:type="resource"
      xlink:label="pattern_RelatedPartyTransactionHierarchy_lbl"
      xml:lang="en"
      xlink:role="http://www.xbrl.org/2003/role/label">Related Party Transaction [Hierarchy]</label>
    <loc xlink:type="locator"
      xlink:label="pattern_RelatedPartyTransactionLineItems"
      xlink:href="NestedCompoundFact.xsd#pattern_RelatedPartyTransactionLineItems" />
    <labelArc xlink:type="arc"
      xlink:arcrole="http://www.xbrl.org/2003/arcrole/concept-label"
      xlink:from="pattern_RelatedPartyTransactionLineItems"
      xlink:to="pattern_RelatedPartyTransactionLineItems_lbl" />
    <label xlink:type="resource"
      xlink:label="pattern_RelatedPartyTransactionLineItems_lbl"
      xml:lang="en"
      xlink:role="http://www.xbrl.org/2003/role/documentation">Pellentesque eget mi. In enim. Praesent nec eros.</label>
    <label xlink:type="resource"
      xlink:label="pattern_RelatedPartyTransactionLineItems_lbl"
      xml:lang="en"
      xlink:role="http://www.xbrl.org/2003/role/label">Related Party Transaction [Line Items]</label>
    <loc xlink:type="locator"
      xlink:label="pattern_RelatedPartyTransactionPricingPolicy"
      xlink:href="NestedCompoundFact.xsd#pattern_RelatedPartyTransactionPricingPolicy" />
    <labelArc xlink:type="arc"
      xlink:arcrole="http://www.xbrl.org/2003/arcrole/concept-label"
      xlink:from="pattern_RelatedPartyTransactionPricingPolicy"
      xlink:to="pattern_RelatedPartyTransactionPricingPolicy_lbl" />
    <label xlink:type="resource"
      xlink:label="pattern_RelatedPartyTransactionPricingPolicy_lbl"
      xml:lang="en"
      xlink:role="http://www.xbrl.org/2003/role/documentation">Donec vel augue. Phasellus pulvinar, eros eget nonummy molestie, purus urna dictum dui, ac pretium urna magna quis pede. Ut lacus diam, pretium at, commodo ut, sodales vel, leo. Nulla vitae ipsum. Vestibulum at risus vitae libero cursus mattis. Nam nec neque et leo imperdiet rutrum. Duis consequat suscipit mi.</label>
    <label xlink:type="resource"
      xlink:label="pattern_RelatedPartyTransactionPricingPolicy_lbl"
      xml:lang="en"
      xlink:role="http://www.xbrl.org/2003/role/periodEndLabel">Land, Ending Balance</label>
    <label xlink:type="resource"
      xlink:label="pattern_RelatedPartyTransactionPricingPolicy_lbl"
      xml:lang="en"
      xlink:role="http://www.xbrl.org/2003/role/periodStartLabel">Land, Beginning Balance</label>
    <label xlink:type="resource"
      xlink:label="pattern_RelatedPartyTransactionPricingPolicy_lbl"
      xml:lang="en"
      xlink:role="http://www.xbrl.org/2003/role/label">Related Party Transaction, Pricing Policy</label>
    <loc xlink:type="locator"
      xlink:label="pattern_RelatedPartyTransactionTypeAllMember"
      xlink:href="NestedCompoundFact.xsd#pattern_RelatedPartyTransactionTypeAllMember" />
    <labelArc xlink:type="arc"
      xlink:arcrole="http://www.xbrl.org/2003/arcrole/concept-label"
      xlink:from="pattern_RelatedPartyTransactionTypeAllMember"
      xlink:to="pattern_RelatedPartyTransactionTypeAllMember_lbl" />
    <label xlink:type="resource"
      xlink:label="pattern_RelatedPartyTransactionTypeAllMember_lbl"
      xml:lang="en"
      xlink:role="http://www.xbrl.org/2003/role/documentation">Proin feugiat lobortis mi. Nunc congue. Fusce venenatis. Maecenas tincidunt, ipsum in fringilla hendrerit, dolor metus eleifend neque, vel tincidunt mi nunc a purus.</label>
    <label xlink:type="resource"
      xlink:label="pattern_RelatedPartyTransactionTypeAllMember_lbl"
      xml:lang="en"
      xlink:role="http://www.xbrl.org/2003/role/label">Related Party Transaction Type, All [Member]</label>
    <loc xlink:type="locator"
      xlink:label="pattern_RelatedPartyTransactionTypeAxis"
      xlink:href="NestedCompoundFact.xsd#pattern_RelatedPartyTransactionTypeAxis" />
    <labelArc xlink:type="arc"
      xlink:arcrole="http://www.xbrl.org/2003/arcrole/concept-label"
      xlink:from="pattern_RelatedPartyTransactionTypeAxis"
      xlink:to="pattern_RelatedPartyTransactionTypeAxis_lbl" />
    <label xlink:type="resource"
      xlink:label="pattern_RelatedPartyTransactionTypeAxis_lbl"
      xml:lang="en"
      xlink:role="http://www.xbrl.org/2003/role/documentation">Class aptent taciti sociosqu ad litora torquent per conubia nostra, per inceptos hymenaeos. Donec vel augue.</label>
    <label xlink:type="resource"
      xlink:label="pattern_RelatedPartyTransactionTypeAxis_lbl"
      xml:lang="en"
      xlink:role="http://www.xbrl.org/2003/role/label">Related Party Transaction Type [Axis]</label>
    <loc xlink:type="locator"
      xlink:label="pattern_RelatedPartyTransactionsTable"
      xlink:href="NestedCompoundFact.xsd#pattern_RelatedPartyTransactionsTable" />
    <labelArc xlink:type="arc"
      xlink:arcrole="http://www.xbrl.org/2003/arcrole/concept-label"
      xlink:from="pattern_RelatedPartyTransactionsTable"
      xlink:to="pattern_RelatedPartyTransactionsTable_lbl" />
    <label xlink:type="resource"
      xlink:label="pattern_RelatedPartyTransactionsTable_lbl"
      xml:lang="en"
      xlink:role="http://www.xbrl.org/2003/role/documentation">Praesent id mauris. Sed dapibus dui quis lectus. Donec id sem. Integer sit amet diam ac nibh consequat vestibulum. Sed eget augue malesuada quam adipiscing mattis.</label>
    <label xlink:type="resource"
      xlink:label="pattern_RelatedPartyTransactionsTable_lbl"
      xml:lang="en"
      xlink:role="http://www.xbrl.org/2003/role/label">Related Party Transactions [Table]</label>
    <loc xlink:type="locator"
      xlink:label="pattern_RelatedPartyTypeOfRelationship"
      xlink:href="NestedCompoundFact.xsd#pattern_RelatedPartyTypeOfRelationship" />
    <labelArc xlink:type="arc"
      xlink:arcrole="http://www.xbrl.org/2003/arcrole/concept-label"
      xlink:from="pattern_RelatedPartyTypeOfRelationship"
      xlink:to="pattern_RelatedPartyTypeOfRelationship_lbl" />
    <label xlink:type="resource"
      xlink:label="pattern_RelatedPartyTypeOfRelationship_lbl"
      xml:lang="en"
      xlink:role="http://www.xbrl.org/2003/role/documentation">Proin non mauris. Proin sed odio. Phasellus sagittis orci quis orci. Aliquam erat volutpat.</label>
    <label xlink:type="resource"
      xlink:label="pattern_RelatedPartyTypeOfRelationship_lbl"
      xml:lang="en"
      xlink:role="http://www.xbrl.org/2003/role/periodEndLabel">Land, Ending Balance</label>
    <label xlink:type="resource"
      xlink:label="pattern_RelatedPartyTypeOfRelationship_lbl"
      xml:lang="en"
      xlink:role="http://www.xbrl.org/2003/role/periodStartLabel">Land, Beginning Balance</label>
    <label xlink:type="resource"
      xlink:label="pattern_RelatedPartyTypeOfRelationship_lbl"
      xml:lang="en"
      xlink:role="http://www.xbrl.org/2003/role/label">Related Party, Type of Relationship</label>
  </labelLink>
</linkbase>