<?xml version="1.0" encoding="utf-8"?>
<!--
Taxonomy Label Links linkbase based on XBRL standard Version 2.1.
Created by UBmatrix Taxonomy Designer 3.0.3.2436 (2009-06-02 13:18).  
Contact www.ubmatrix.com
Copyright (c) 2002-2017 UBmatrix inc., All Rights Reserved
Produced on 2017-05-09 16:14:01
-->
<linkbase
  xmlns="http://www.xbrl.org/2003/linkbase"
  xmlns:xsi="http://www.w3.org/2001/XMLSchema-instance"
  xmlns:xlink="http://www.w3.org/1999/xlink"
  xsi:schemaLocation="
    http://www.xbrl.org/2003/linkbase 
      http://www.xbrl.org/2003/xbrl-linkbase-2003-12-31.xsd
    ">
  <labelLink xlink:type="extended"
    xlink:role="http://www.xbrl.org/2003/role/link">
    <loc xlink:type="locator"
      xlink:label="pattern_PurchaseBusinessMember"
      xlink:href="RepeatingFact.xsd#pattern_PurchaseBusinessMember" />
    <labelArc xlink:type="arc"
      xlink:arcrole="http://www.xbrl.org/2003/arcrole/concept-label"
      xlink:from="pattern_PurchaseBusinessMember"
      xlink:to="pattern_PurchaseBusinessMember_lbl" />
    <label xlink:type="resource"
      xlink:label="pattern_PurchaseBusinessMember_lbl"
      xml:lang="en"
      xlink:role="http://www.xbrl.org/2003/role/documentation">Proin porta tincidunt nunc. Pellentesque condimentum commodo wisi.</label>
    <label xlink:type="resource"
      xlink:label="pattern_PurchaseBusinessMember_lbl"
      xml:lang="en"
      xlink:role="http://www.xbrl.org/2003/role/label">Purchase of Business [Member]</label>
    <loc xlink:type="locator"
      xlink:label="pattern_SubsequentEventAxis"
      xlink:href="RepeatingFact.xsd#pattern_SubsequentEventAxis" />
    <labelArc xlink:type="arc"
      xlink:arcrole="http://www.xbrl.org/2003/arcrole/concept-label"
      xlink:from="pattern_SubsequentEventAxis"
      xlink:to="pattern_SubsequentEventAxis_lbl" />
    <label xlink:type="resource"
      xlink:label="pattern_SubsequentEventAxis_lbl"
      xml:lang="en"
      xlink:role="http://www.xbrl.org/2003/role/documentation">Praesent id mauris. Sed dapibus dui quis lectus. Donec id sem.</label>
    <label xlink:type="resource"
      xlink:label="pattern_SubsequentEventAxis_lbl"
      xml:lang="en"
      xlink:role="http://www.xbrl.org/2003/role/label">Subsequent Event [Axis]</label>
    <loc xlink:type="locator"
      xlink:label="pattern_SubsequentEventDescription"
      xlink:href="RepeatingFact.xsd#pattern_SubsequentEventDescription" />
    <labelArc xlink:type="arc"
      xlink:arcrole="http://www.xbrl.org/2003/arcrole/concept-label"
      xlink:from="pattern_SubsequentEventDescription"
      xlink:to="pattern_SubsequentEventDescription_lbl" />
    <label xlink:type="resource"
      xlink:label="pattern_SubsequentEventDescription_lbl"
      xml:lang="en"
      xlink:role="http://www.xbrl.org/2003/role/documentation">Praesent eleifend dignissim eros. Proin feugiat lobortis mi. Nunc congue. Fusce venenatis. Maecenas tincidunt, ipsum in fringilla hendrerit, dolor metus eleifend neque, vel tincidunt mi nunc a purus. Curabitur porta dapibus odio. Proin commodo. Vestibulum odio mi, varius sit amet, adipiscing id, semper non, elit.</label>
    <label xlink:type="resource"
      xlink:label="pattern_SubsequentEventDescription_lbl"
      xml:lang="en"
      xlink:role="http://www.xbrl.org/2003/role/periodEndLabel">Land, Ending Balance</label>
    <label xlink:type="resource"
      xlink:label="pattern_SubsequentEventDescription_lbl"
      xml:lang="en"
      xlink:role="http://www.xbrl.org/2003/role/periodStartLabel">Land, Beginning Balance</label>
    <label xlink:type="resource"
      xlink:label="pattern_SubsequentEventDescription_lbl"
      xml:lang="en"
      xlink:role="http://www.xbrl.org/2003/role/label">Subsequent Event, Description</label>
    <loc xlink:type="locator"
      xlink:label="pattern_SubsequentEventHierarchy"
      xlink:href="RepeatingFact.xsd#pattern_SubsequentEventHierarchy" />
    <labelArc xlink:type="arc"
      xlink:arcrole="http://www.xbrl.org/2003/arcrole/concept-label"
      xlink:from="pattern_SubsequentEventHierarchy"
      xlink:to="pattern_SubsequentEventHierarchy_lbl" />
    <label xlink:type="resource"
      xlink:label="pattern_SubsequentEventHierarchy_lbl"
      xml:lang="en"
      xlink:role="http://www.xbrl.org/2003/role/documentation">Sed magna felis, accumsan a, fermentum quis, varius sed, ipsum. Nullam leo.</label>
    <label xlink:type="resource"
      xlink:label="pattern_SubsequentEventHierarchy_lbl"
      xml:lang="en"
      xlink:role="http://www.xbrl.org/2003/role/label">Subsequent Event [Hierarchy]</label>
    <loc xlink:type="locator"
      xlink:label="pattern_SubsequentEventLineItems"
      xlink:href="RepeatingFact.xsd#pattern_SubsequentEventLineItems" />
    <labelArc xlink:type="arc"
      xlink:arcrole="http://www.xbrl.org/2003/arcrole/concept-label"
      xlink:from="pattern_SubsequentEventLineItems"
      xlink:to="pattern_SubsequentEventLineItems_lbl" />
    <label xlink:type="resource"
      xlink:label="pattern_SubsequentEventLineItems_lbl"
      xml:lang="en"
      xlink:role="http://www.xbrl.org/2003/role/documentation">Nunc in elit non metus viverra sollicitudin. Duis metus.</label>
    <label xlink:type="resource"
      xlink:label="pattern_SubsequentEventLineItems_lbl"
      xml:lang="en"
      xlink:role="http://www.xbrl.org/2003/role/label">Subsequent Event [Line Items]</label>
    <loc xlink:type="locator"
      xlink:label="pattern_SubsequentEventsAllMember"
      xlink:href="RepeatingFact.xsd#pattern_SubsequentEventsAllMember" />
    <labelArc xlink:type="arc"
      xlink:arcrole="http://www.xbrl.org/2003/arcrole/concept-label"
      xlink:from="pattern_SubsequentEventsAllMember"
      xlink:to="pattern_SubsequentEventsAllMember_lbl" />
    <label xlink:type="resource"
      xlink:label="pattern_SubsequentEventsAllMember_lbl"
      xml:lang="en"
      xlink:role="http://www.xbrl.org/2003/role/documentation">Sed lobortis. Maecenas scelerisque ullamcorper libero. Aliquam porta leo imperdiet pede.</label>
    <label xlink:type="resource"
      xlink:label="pattern_SubsequentEventsAllMember_lbl"
      xml:lang="en"
      xlink:role="http://www.xbrl.org/2003/role/label">Subsequent Events, All [Member]</label>
    <loc xlink:type="locator"
      xlink:label="pattern_SubsequentEventsTable"
      xlink:href="RepeatingFact.xsd#pattern_SubsequentEventsTable" />
    <labelArc xlink:type="arc"
      xlink:arcrole="http://www.xbrl.org/2003/arcrole/concept-label"
      xlink:from="pattern_SubsequentEventsTable"
      xlink:to="pattern_SubsequentEventsTable_lbl" />
    <label xlink:type="resource"
      xlink:label="pattern_SubsequentEventsTable_lbl"
      xml:lang="en"
      xlink:role="http://www.xbrl.org/2003/role/documentation">Pellentesque habitant morbi tristique senectus et netus et malesuada fames ac turpis egestas.</label>
    <label xlink:type="resource"
      xlink:label="pattern_SubsequentEventsTable_lbl"
      xml:lang="en"
      xlink:role="http://www.xbrl.org/2003/role/label">Subsequent Events [Table]</label>
    <loc xlink:type="locator"
      xlink:label="pattern_UncollectedReceivableMember"
      xlink:href="RepeatingFact.xsd#pattern_UncollectedReceivableMember" />
    <labelArc xlink:type="arc"
      xlink:arcrole="http://www.xbrl.org/2003/arcrole/concept-label"
      xlink:from="pattern_UncollectedReceivableMember"
      xlink:to="pattern_UncollectedReceivableMember_lbl" />
    <label xlink:type="resource"
      xlink:label="pattern_UncollectedReceivableMember_lbl"
      xml:lang="en"
      xlink:role="http://www.xbrl.org/2003/role/documentation">Duis sapien diam, dapibus sed, dictum quis, interdum ac, erat.</label>
    <label xlink:type="resource"
      xlink:label="pattern_UncollectedReceivableMember_lbl"
      xml:lang="en"
      xlink:role="http://www.xbrl.org/2003/role/label">Uncollected Receivable [Member]</label>
  </labelLink>
</linkbase>