<?xml version="1.0" encoding="utf-8"?>
<!--
Taxonomy Definition Links linkbase based on XBRL standard Version 2.1.
Created by UBmatrix Taxonomy Designer 3.0.3.2436 (2009-06-02 13:18).  
Contact www.ubmatrix.com
Copyright (c) 2002-2017 UBmatrix inc., All Rights Reserved
Produced on 2017-05-09 16:14:01
-->
<linkbase
  xmlns="http://www.xbrl.org/2003/linkbase"
  xmlns:xsi="http://www.w3.org/2001/XMLSchema-instance"
  xmlns:xlink="http://www.w3.org/1999/xlink"
  xmlns:xbrldt="http://xbrl.org/2005/xbrldt"
  xsi:schemaLocation="
    http://www.xbrl.org/2003/linkbase 
      http://www.xbrl.org/2003/xbrl-linkbase-2003-12-31.xsd
    http://xbrl.org/2005/xbrldt  http://www.xbrl.org/2005/xbrldt-2005.xsd
    ">
  <roleRef xlink:type="simple"
    xlink:href="RepeatingFact.xsd#DirectorCompensation"
    roleURI="http://xbrlsite.azurewebsites.net/DigitalFinancialReporting/BusinessUseCases/RepeatingFact/SubsequentEvents" />
  <arcroleRef xlink:type="simple"
    xlink:href="http://www.xbrl.org/2005/xbrldt-2005.xsd#domain-member"
    arcroleURI="http://xbrl.org/int/dim/arcrole/domain-member" />
  <arcroleRef xlink:type="simple"
    xlink:href="http://www.xbrl.org/2005/xbrldt-2005.xsd#all"
    arcroleURI="http://xbrl.org/int/dim/arcrole/all" />
  <arcroleRef xlink:type="simple"
    xlink:href="http://www.xbrl.org/2005/xbrldt-2005.xsd#hypercube-dimension"
    arcroleURI="http://xbrl.org/int/dim/arcrole/hypercube-dimension" />
  <arcroleRef xlink:type="simple"
    xlink:href="http://www.xbrl.org/2005/xbrldt-2005.xsd#dimension-domain"
    arcroleURI="http://xbrl.org/int/dim/arcrole/dimension-domain" />
  <definitionLink xlink:type="extended"
    xlink:role="http://xbrlsite.azurewebsites.net/DigitalFinancialReporting/BusinessUseCases/RepeatingFact/SubsequentEvents">
    <loc xlink:type="locator"
      xlink:label="pattern_SubsequentEventLineItems"
      xlink:href="RepeatingFact.xsd#pattern_SubsequentEventLineItems" />
    <loc xlink:type="locator"
      xlink:label="pattern_SubsequentEventHierarchy"
      xlink:href="RepeatingFact.xsd#pattern_SubsequentEventHierarchy" />
    <definitionArc xlink:type="arc"
      xlink:arcrole="http://xbrl.org/int/dim/arcrole/domain-member"
      xlink:from="pattern_SubsequentEventLineItems"
      xlink:to="pattern_SubsequentEventHierarchy"
      order="1"
      use="optional" />
    <loc xlink:type="locator"
      xlink:label="pattern_SubsequentEventDescription"
      xlink:href="RepeatingFact.xsd#pattern_SubsequentEventDescription" />
    <definitionArc xlink:type="arc"
      xlink:arcrole="http://xbrl.org/int/dim/arcrole/domain-member"
      xlink:from="pattern_SubsequentEventHierarchy"
      xlink:to="pattern_SubsequentEventDescription"
      order="1"
      use="optional" />
    <loc xlink:type="locator"
      xlink:label="pattern_SubsequentEventsTable"
      xlink:href="RepeatingFact.xsd#pattern_SubsequentEventsTable" />
    <definitionArc xlink:type="arc"
      xlink:arcrole="http://xbrl.org/int/dim/arcrole/all"
      xlink:from="pattern_SubsequentEventLineItems"
      xlink:to="pattern_SubsequentEventsTable"
      order="2"
      use="optional"
      xbrldt:contextElement="segment"
      xbrldt:closed="true" />
    <loc xlink:type="locator"
      xlink:label="frm_LegalEntityAxis"
      xlink:href="http://xbrlsite.azurewebsites.net/DigitalFinancialReporting/Schemas/2017-05-07/frm.xsd#frm_LegalEntityAxis" />
    <definitionArc xlink:type="arc"
      xlink:arcrole="http://xbrl.org/int/dim/arcrole/hypercube-dimension"
      xlink:from="pattern_SubsequentEventsTable"
      xlink:to="frm_LegalEntityAxis"
      order="1"
      use="optional" />
    <loc xlink:type="locator"
      xlink:label="frm_ConsolidatedEntityMember"
      xlink:href="http://xbrlsite.azurewebsites.net/DigitalFinancialReporting/Schemas/2017-05-07/frm.xsd#frm_ConsolidatedEntityMember" />
    <definitionArc xlink:type="arc"
      xlink:arcrole="http://xbrl.org/int/dim/arcrole/dimension-domain"
      xlink:from="frm_LegalEntityAxis" xlink:to="frm_ConsolidatedEntityMember"
      order="1"
      use="optional" />
    <loc xlink:type="locator"
      xlink:label="pattern_SubsequentEventAxis"
      xlink:href="RepeatingFact.xsd#pattern_SubsequentEventAxis" />
    <definitionArc xlink:type="arc"
      xlink:arcrole="http://xbrl.org/int/dim/arcrole/hypercube-dimension"
      xlink:from="pattern_SubsequentEventsTable"
      xlink:to="pattern_SubsequentEventAxis"
      order="2"
      use="optional" />
    <loc xlink:type="locator"
      xlink:label="pattern_SubsequentEventsAllMember"
      xlink:href="RepeatingFact.xsd#pattern_SubsequentEventsAllMember" />
    <definitionArc xlink:type="arc"
      xlink:arcrole="http://xbrl.org/int/dim/arcrole/dimension-domain"
      xlink:from="pattern_SubsequentEventAxis"
      xlink:to="pattern_SubsequentEventsAllMember"
      order="1"
      use="optional"
      xbrldt:usable="false" />
    <loc xlink:type="locator"
      xlink:label="pattern_UncollectedReceivableMember"
      xlink:href="RepeatingFact.xsd#pattern_UncollectedReceivableMember" />
    <definitionArc xlink:type="arc"
      xlink:arcrole="http://xbrl.org/int/dim/arcrole/domain-member"
      xlink:from="pattern_SubsequentEventsAllMember"
      xlink:to="pattern_UncollectedReceivableMember"
      order="1"
      use="optional" />
    <loc xlink:type="locator"
      xlink:label="pattern_PurchaseBusinessMember"
      xlink:href="RepeatingFact.xsd#pattern_PurchaseBusinessMember" />
    <definitionArc xlink:type="arc"
      xlink:arcrole="http://xbrl.org/int/dim/arcrole/domain-member"
      xlink:from="pattern_SubsequentEventsAllMember"
      xlink:to="pattern_PurchaseBusinessMember"
      order="2"
      use="optional" />
  </definitionLink>
</linkbase>