<?xml version="1.0" encoding="UTF-8" standalone="no" ?><?xml-stylesheet type="text/xsl" href="file:/C:/Programs/XPE40/resources/System/XbrlFormula2008Trace-toHtml.xsl"?><formulaTrace type="Full Report" version="4.0.0.2125" date="Wed May 10 09:08:44 PDT 2017" baseURI="C:/Users/Charlie/Documents/CurrentVersions/DigitalFinancialReporting/Metapatterns/2017-05-07/09-Grid/Grid-SampleInstance.xml" xmlns:xlink="http://www.w3.org/1999/xlink" xmlns:link="http://www.xbrl.org/2003/linkbase" xmlns:xsi="http://www.w3.org/2001/XMLSchema-instance" xmlns:xbrli="http://www.xbrl.org/2003/instance" xmlns:iso4217="http://www.xbrl.org/2003/iso4217" xsi:schemaLocation="http://xbrl.org/2006/xbrldi xbrldi-2006.xsd" >
 <assertionTest cnt="1" id="RollForwardReconciles_CommonStockMember" message="SATISFIED: (OK) The roll forward of the concept pattern:Equity properly reconciles.&#xA;&#x9;&#x9;&#x9;&#x9;The reported beginning balance of 150000 whose context ID is 'I-2009-CS'&#xA;&#x9;&#x9;&#x9;&#x9;does reconcile to the ending balance of 175000 whose context ID is 'I-2010-CS'." satisfied="satisfied" test="$BalanceStart=150000 + $NetIncomeLoss=0 - $Dividends=0 + $CommonStockIssued=25000 = $BalanceEnd=175000" type="valueAssertion" value="true" />
 <assertionTest cnt="1" id="RollForwardReconciles_AdditionalPaidInCapitalMember" message="SATISFIED: (OK) The roll forward of the concept pattern:Equity properly reconciles.&#xA;&#x9;&#x9;&#x9;&#x9;The reported beginning balance of 50000 whose context ID is 'I-2009-AP'&#xA;&#x9;&#x9;&#x9;&#x9;does reconcile to the ending balance of 75000 whose context ID is 'I-2010-AP'." satisfied="satisfied" test="$BalanceStart=50000 + $NetIncomeLoss=0 - $Dividends=0 + $CommonStockIssued=25000 = $BalanceEnd=75000" type="valueAssertion" value="true" />
 <assertionTest cnt="1" id="RollForwardReconciles_RetainedEarningsAccumulatedDeficitMember" message="SATISFIED: (OK) The roll forward of the concept pattern:Equity properly reconciles.&#xA;&#x9;&#x9;&#x9;&#x9;The reported beginning balance of 200000 whose context ID is 'I-2009-RE'&#xA;&#x9;&#x9;&#x9;&#x9;does reconcile to the ending balance of 300000 whose context ID is 'I-2010-RE'." satisfied="satisfied" test="$BalanceStart=200000 + $NetIncomeLoss=200000 - $Dividends=100000 + $CommonStockIssued=0 = $BalanceEnd=300000" type="valueAssertion" value="true" />
 <assertionTest cnt="1" id="RollForwardReconciles_EquityMember" message="SATISFIED: (OK) The roll forward of the concept pattern:Equity properly reconciles.&#xA;&#x9;&#x9;&#x9;&#x9;The reported beginning balance of 400000 whose context ID is 'I-2009'&#xA;&#x9;&#x9;&#x9;&#x9;does reconcile to the ending balance of 550000 whose context ID is 'I-2010'." satisfied="satisfied" test="$BalanceStart=400000 + $NetIncomeLoss=200000 - $Dividends=100000 + $CommonStockIssued=50000 = $BalanceEnd=550000" type="valueAssertion" value="true" />
 <assertionTest cnt="1" id="MemberAggregation_CommonStockIssued" message="SATISFIED: (OK) The reported total 50000 for the concept pattern:CommonStockIssued agrees to the aggregate of each reported member." satisfied="satisfied" test="$VARIABLE_Total=50000 eq sum($VARIABLE_Each=[25000 25000 ])" type="valueAssertion" value="true" />
 <assertionTest cnt="1" id="MemberAggregation_Dividends" message="SATISFIED: (OK) The reported total 100000 for the concept pattern:Dividends agrees to the aggregate of each reported member." satisfied="satisfied" test="$VARIABLE_Total=100000 eq sum($VARIABLE_Each=100000)" type="valueAssertion" value="true" />
 <assertionTest cnt="1" id="MemberAggregation_NetIncomeLoss" message="SATISFIED: (OK) The reported total 200000 for the concept pattern:NetIncomeLoss agrees to the aggregate of each reported member." satisfied="satisfied" test="$VARIABLE_Total=200000 eq sum($VARIABLE_Each=200000)" type="valueAssertion" value="true" />
 <assertionTest cnt="1" id="MemberAggregation_Equity" message="SATISFIED: (OK) The reported total 400000 for the concept pattern:Equity agrees to the aggregate of each reported member." satisfied="satisfied" test="$VARIABLE_Total=400000 eq sum($VARIABLE_Each=[50000 150000 200000 ])" type="valueAssertion" value="true" />
 <assertionTest cnt="2" id="MemberAggregation_Equity" message="SATISFIED: (OK) The reported total 550000 for the concept pattern:Equity agrees to the aggregate of each reported member." satisfied="satisfied" test="$VARIABLE_Total=550000 eq sum($VARIABLE_Each=[75000 175000 300000 ])" type="valueAssertion" value="true" />
 <assertionTest cnt="1" count="9" id="Exists_Equity" satisfied="satisfied" test="[9]" type="existenceAssertion" value="9" />
 <assertionReport count="10">
 <assertionTest cnt="1" id="RollForwardReconciles_CommonStockMember" message="SATISFIED: (OK) The roll forward of the concept pattern:Equity properly reconciles.&#xA;&#x9;&#x9;&#x9;&#x9;The reported beginning balance of 150000 whose context ID is 'I-2009-CS'&#xA;&#x9;&#x9;&#x9;&#x9;does reconcile to the ending balance of 175000 whose context ID is 'I-2010-CS'." satisfied="satisfied" test="$BalanceStart=150000 + $NetIncomeLoss=0 - $Dividends=0 + $CommonStockIssued=25000 = $BalanceEnd=175000" type="valueAssertion" value="true" />
 <assertionTest cnt="1" id="RollForwardReconciles_AdditionalPaidInCapitalMember" message="SATISFIED: (OK) The roll forward of the concept pattern:Equity properly reconciles.&#xA;&#x9;&#x9;&#x9;&#x9;The reported beginning balance of 50000 whose context ID is 'I-2009-AP'&#xA;&#x9;&#x9;&#x9;&#x9;does reconcile to the ending balance of 75000 whose context ID is 'I-2010-AP'." satisfied="satisfied" test="$BalanceStart=50000 + $NetIncomeLoss=0 - $Dividends=0 + $CommonStockIssued=25000 = $BalanceEnd=75000" type="valueAssertion" value="true" />
 <assertionTest cnt="1" id="RollForwardReconciles_RetainedEarningsAccumulatedDeficitMember" message="SATISFIED: (OK) The roll forward of the concept pattern:Equity properly reconciles.&#xA;&#x9;&#x9;&#x9;&#x9;The reported beginning balance of 200000 whose context ID is 'I-2009-RE'&#xA;&#x9;&#x9;&#x9;&#x9;does reconcile to the ending balance of 300000 whose context ID is 'I-2010-RE'." satisfied="satisfied" test="$BalanceStart=200000 + $NetIncomeLoss=200000 - $Dividends=100000 + $CommonStockIssued=0 = $BalanceEnd=300000" type="valueAssertion" value="true" />
 <assertionTest cnt="1" id="RollForwardReconciles_EquityMember" message="SATISFIED: (OK) The roll forward of the concept pattern:Equity properly reconciles.&#xA;&#x9;&#x9;&#x9;&#x9;The reported beginning balance of 400000 whose context ID is 'I-2009'&#xA;&#x9;&#x9;&#x9;&#x9;does reconcile to the ending balance of 550000 whose context ID is 'I-2010'." satisfied="satisfied" test="$BalanceStart=400000 + $NetIncomeLoss=200000 - $Dividends=100000 + $CommonStockIssued=50000 = $BalanceEnd=550000" type="valueAssertion" value="true" />
 <assertionTest cnt="1" id="MemberAggregation_CommonStockIssued" message="SATISFIED: (OK) The reported total 50000 for the concept pattern:CommonStockIssued agrees to the aggregate of each reported member." satisfied="satisfied" test="$VARIABLE_Total=50000 eq sum($VARIABLE_Each=[25000 25000 ])" type="valueAssertion" value="true" />
 <assertionTest cnt="1" id="MemberAggregation_Dividends" message="SATISFIED: (OK) The reported total 100000 for the concept pattern:Dividends agrees to the aggregate of each reported member." satisfied="satisfied" test="$VARIABLE_Total=100000 eq sum($VARIABLE_Each=100000)" type="valueAssertion" value="true" />
 <assertionTest cnt="1" id="MemberAggregation_NetIncomeLoss" message="SATISFIED: (OK) The reported total 200000 for the concept pattern:NetIncomeLoss agrees to the aggregate of each reported member." satisfied="satisfied" test="$VARIABLE_Total=200000 eq sum($VARIABLE_Each=200000)" type="valueAssertion" value="true" />
 <assertionTest cnt="1" id="MemberAggregation_Equity" message="SATISFIED: (OK) The reported total 400000 for the concept pattern:Equity agrees to the aggregate of each reported member." satisfied="satisfied" test="$VARIABLE_Total=400000 eq sum($VARIABLE_Each=[50000 150000 200000 ])" type="valueAssertion" value="true" />
 <assertionTest cnt="2" id="MemberAggregation_Equity" message="SATISFIED: (OK) The reported total 550000 for the concept pattern:Equity agrees to the aggregate of each reported member." satisfied="satisfied" test="$VARIABLE_Total=550000 eq sum($VARIABLE_Each=[75000 175000 300000 ])" type="valueAssertion" value="true" />
 <assertionTest cnt="1" count="9" id="Exists_Equity" satisfied="satisfied" test="[9]" type="existenceAssertion" value="9" />
  </assertionReport>
 <summary notSatisfiedAssertionCount="0" firedAssertionCount="10" duration="1012ms" outputContextCount="0" outputUnitCount="0" firedFormulaCount="0" compiledFormulaCount="0" satisifiedAssertionCount="10" outputFactCount="0" compiledAssertionCount="9" />
</formulaTrace>
