<?xml version="1.0" encoding="utf-8"?>
<!--
Taxonomy Definition Links linkbase based on XBRL standard Version 2.1.
Created by UBmatrix Taxonomy Designer 3.0.3.2436 (2009-06-02 13:18).  
Contact www.ubmatrix.com
Copyright (c) 2002-2017 UBmatrix inc., All Rights Reserved
Produced on 2017-06-13 14:19:40
-->
<linkbase
  xmlns="http://www.xbrl.org/2003/linkbase"
  xmlns:xsi="http://www.w3.org/2001/XMLSchema-instance"
  xmlns:xlink="http://www.w3.org/1999/xlink"
  xmlns:xbrldt="http://xbrl.org/2005/xbrldt"
  xsi:schemaLocation="
    http://www.xbrl.org/2003/linkbase 
      http://www.xbrl.org/2003/xbrl-linkbase-2003-12-31.xsd
    http://xbrl.org/2005/xbrldt  http://www.xbrl.org/2005/xbrldt-2005.xsd
    ">
  <roleRef xlink:type="simple"
    xlink:href="Grid.xsd#StatementOfChangesInEquity"
    roleURI="http://xbrlsite.azurewebsites.net/DigitalFinancialReporting/ConceptArrangementPatterns/Grid/StatementOfChangesInEquity" />
  <arcroleRef xlink:type="simple"
    xlink:href="http://www.xbrl.org/2005/xbrldt-2005.xsd#domain-member"
    arcroleURI="http://xbrl.org/int/dim/arcrole/domain-member" />
  <arcroleRef xlink:type="simple"
    xlink:href="http://www.xbrl.org/2005/xbrldt-2005.xsd#all"
    arcroleURI="http://xbrl.org/int/dim/arcrole/all" />
  <arcroleRef xlink:type="simple"
    xlink:href="http://www.xbrl.org/2005/xbrldt-2005.xsd#hypercube-dimension"
    arcroleURI="http://xbrl.org/int/dim/arcrole/hypercube-dimension" />
  <arcroleRef xlink:type="simple"
    xlink:href="http://www.xbrl.org/2005/xbrldt-2005.xsd#dimension-domain"
    arcroleURI="http://xbrl.org/int/dim/arcrole/dimension-domain" />
  <definitionLink xlink:type="extended"
    xlink:role="http://xbrlsite.azurewebsites.net/DigitalFinancialReporting/ConceptArrangementPatterns/Grid/StatementOfChangesInEquity">
    <loc xlink:type="locator"
      xlink:label="pattern_StatementChangesInEquityLineItems"
      xlink:href="Grid.xsd#pattern_StatementChangesInEquityLineItems" />
    <loc xlink:type="locator"
      xlink:label="pattern_StatementChangesInEquityGrid"
      xlink:href="Grid.xsd#pattern_StatementChangesInEquityGrid" />
    <definitionArc xlink:type="arc"
      xlink:arcrole="http://xbrl.org/int/dim/arcrole/domain-member"
      xlink:from="pattern_StatementChangesInEquityLineItems"
      xlink:to="pattern_StatementChangesInEquityGrid"
      order="1"
      use="optional" />
    <loc xlink:type="locator"
      xlink:label="pattern_Equity"
      xlink:href="Grid.xsd#pattern_Equity" />
    <definitionArc xlink:type="arc"
      xlink:arcrole="http://xbrl.org/int/dim/arcrole/domain-member"
      xlink:from="pattern_StatementChangesInEquityGrid"
      xlink:to="pattern_Equity"
      order="1"
      use="optional" />
    <loc xlink:type="locator"
      xlink:label="pattern_NetIncomeLoss"
      xlink:href="Grid.xsd#pattern_NetIncomeLoss" />
    <definitionArc xlink:type="arc"
      xlink:arcrole="http://xbrl.org/int/dim/arcrole/domain-member"
      xlink:from="pattern_StatementChangesInEquityGrid"
      xlink:to="pattern_NetIncomeLoss"
      order="2"
      use="optional" />
    <loc xlink:type="locator"
      xlink:label="pattern_Dividends"
      xlink:href="Grid.xsd#pattern_Dividends" />
    <definitionArc xlink:type="arc"
      xlink:arcrole="http://xbrl.org/int/dim/arcrole/domain-member"
      xlink:from="pattern_StatementChangesInEquityGrid"
      xlink:to="pattern_Dividends"
      order="3"
      use="optional" />
    <loc xlink:type="locator"
      xlink:label="pattern_CommonStockIssued"
      xlink:href="Grid.xsd#pattern_CommonStockIssued" />
    <definitionArc xlink:type="arc"
      xlink:arcrole="http://xbrl.org/int/dim/arcrole/domain-member"
      xlink:from="pattern_StatementChangesInEquityGrid"
      xlink:to="pattern_CommonStockIssued"
      order="4"
      use="optional" />
    <loc xlink:type="locator"
      xlink:label="pattern_StatementChangesInEquityTable"
      xlink:href="Grid.xsd#pattern_StatementChangesInEquityTable" />
    <definitionArc xlink:type="arc"
      xlink:arcrole="http://xbrl.org/int/dim/arcrole/all"
      xlink:from="pattern_StatementChangesInEquityLineItems"
      xlink:to="pattern_StatementChangesInEquityTable"
      order="2"
      use="optional"
      xbrldt:contextElement="segment"
      xbrldt:closed="true" />
    <loc xlink:type="locator"
      xlink:label="frm_LegalEntityAxis"
      xlink:href="http://xbrlsite.azurewebsites.net/DigitalFinancialReporting/Schemas/2017-05-07/frm.xsd#frm_LegalEntityAxis" />
    <definitionArc xlink:type="arc"
      xlink:arcrole="http://xbrl.org/int/dim/arcrole/hypercube-dimension"
      xlink:from="pattern_StatementChangesInEquityTable"
      xlink:to="frm_LegalEntityAxis"
      order="1"
      use="optional" />
    <loc xlink:type="locator"
      xlink:label="frm_ConsolidatedEntityMember"
      xlink:href="http://xbrlsite.azurewebsites.net/DigitalFinancialReporting/Schemas/2017-05-07/frm.xsd#frm_ConsolidatedEntityMember" />
    <definitionArc xlink:type="arc"
      xlink:arcrole="http://xbrl.org/int/dim/arcrole/dimension-domain"
      xlink:from="frm_LegalEntityAxis" xlink:to="frm_ConsolidatedEntityMember"
      order="1"
      use="optional" />
    <loc xlink:type="locator"
      xlink:label="pattern_EquityComponentAxis"
      xlink:href="Grid.xsd#pattern_EquityComponentAxis" />
    <definitionArc xlink:type="arc"
      xlink:arcrole="http://xbrl.org/int/dim/arcrole/hypercube-dimension"
      xlink:from="pattern_StatementChangesInEquityTable"
      xlink:to="pattern_EquityComponentAxis"
      order="2"
      use="optional" />
    <loc xlink:type="locator"
      xlink:label="pattern_EquityMember"
      xlink:href="Grid.xsd#pattern_EquityMember" />
    <definitionArc xlink:type="arc"
      xlink:arcrole="http://xbrl.org/int/dim/arcrole/dimension-domain"
      xlink:from="pattern_EquityComponentAxis"
      xlink:to="pattern_EquityMember"
      order="1"
      use="optional" />
    <loc xlink:type="locator"
      xlink:label="pattern_CommonStockMember"
      xlink:href="Grid.xsd#pattern_CommonStockMember" />
    <definitionArc xlink:type="arc"
      xlink:arcrole="http://xbrl.org/int/dim/arcrole/domain-member"
      xlink:from="pattern_EquityMember" xlink:to="pattern_CommonStockMember"
      order="1"
      use="optional" />
    <loc xlink:type="locator"
      xlink:label="pattern_AdditionalPaidInCapitalMember"
      xlink:href="Grid.xsd#pattern_AdditionalPaidInCapitalMember" />
    <definitionArc xlink:type="arc"
      xlink:arcrole="http://xbrl.org/int/dim/arcrole/domain-member"
      xlink:from="pattern_EquityMember" xlink:to="pattern_AdditionalPaidInCapitalMember"
      order="2"
      use="optional" />
    <loc xlink:type="locator"
      xlink:label="pattern_RetainedEarningsAccumulatedDeficitMember"
      xlink:href="Grid.xsd#pattern_RetainedEarningsAccumulatedDeficitMember" />
    <definitionArc xlink:type="arc"
      xlink:arcrole="http://xbrl.org/int/dim/arcrole/domain-member"
      xlink:from="pattern_EquityMember" xlink:to="pattern_RetainedEarningsAccumulatedDeficitMember"
      order="3"
      use="optional" />
  </definitionLink>
</linkbase>