<?xml version="1.0" encoding="utf-8"?>
<!--
Taxonomy Calculation Links linkbase based on XBRL standard Version 2.1.
Created by UBmatrix Taxonomy Designer 3.0.3.2436 (2009-06-02 13:18).  
Contact www.ubmatrix.com
Copyright (c) 2002-2012 UBmatrix inc., All Rights Reserved
Produced on 2012-09-24 11:40:42
-->
<linkbase
  xmlns="http://www.xbrl.org/2003/linkbase"
  xmlns:xsi="http://www.w3.org/2001/XMLSchema-instance"
  xmlns:xlink="http://www.w3.org/1999/xlink"
  xsi:schemaLocation="
    http://www.xbrl.org/2003/linkbase 
      http://www.xbrl.org/2003/xbrl-linkbase-2003-12-31.xsd
    ">
  <roleRef xlink:type="simple"
    xlink:href="SimpleRollForward.xsd#RollForwardOfLand"
    roleURI="http://xbrlsite.azurewebsites.net/DigitalFinancialReporting/BusinessUseCases/SimpleRollForward/RollForwardOfLand" />
  <calculationLink xlink:type="extended"
    xlink:role="http://xbrlsite.azurewebsites.net/DigitalFinancialReporting/BusinessUseCases/SimpleRollForward/RollForwardOfLand">
    <loc xlink:type="locator"
      xlink:label="pattern_LandPeriodIncreaseDecrease"
      xlink:href="SimpleRollForward.xsd#pattern_LandPeriodIncreaseDecrease" />
    <loc xlink:type="locator"
      xlink:label="pattern_LandAdditions"
      xlink:href="SimpleRollForward.xsd#pattern_LandAdditions" />
    <calculationArc xlink:type="arc"
      xlink:arcrole="http://www.xbrl.org/2003/arcrole/summation-item"
      xlink:from="pattern_LandPeriodIncreaseDecrease"
      xlink:to="pattern_LandAdditions"
      order="1"
      weight="1"
      use="optional" />
    <loc xlink:type="locator"
      xlink:label="pattern_LandDisposals"
      xlink:href="SimpleRollForward.xsd#pattern_LandDisposals" />
    <calculationArc xlink:type="arc"
      xlink:arcrole="http://www.xbrl.org/2003/arcrole/summation-item"
      xlink:from="pattern_LandPeriodIncreaseDecrease"
      xlink:to="pattern_LandDisposals"
      order="2"
      weight="-1"
      use="optional" />
    <loc xlink:type="locator"
      xlink:label="pattern_LandTranslationDifference"
      xlink:href="SimpleRollForward.xsd#pattern_LandTranslationDifference" />
    <calculationArc xlink:type="arc"
      xlink:arcrole="http://www.xbrl.org/2003/arcrole/summation-item"
      xlink:from="pattern_LandPeriodIncreaseDecrease"
      xlink:to="pattern_LandTranslationDifference"
      order="3"
      weight="1"
      use="optional" />
  </calculationLink>
</linkbase>