<?xml version="1.0" encoding="utf-8"?>
<!--
Taxonomy Presentation Links linkbase based on XBRL standard Version 2.1.
Created by UBmatrix Taxonomy Designer 3.0.3.2436 (2009-06-02 13:18).  
Contact www.ubmatrix.com
Copyright (c) 2002-2012 UBmatrix inc., All Rights Reserved
Produced on 2012-09-24 11:40:42
-->
<linkbase
  xmlns="http://www.xbrl.org/2003/linkbase"
  xmlns:xsi="http://www.w3.org/2001/XMLSchema-instance"
  xmlns:xlink="http://www.w3.org/1999/xlink"
  xsi:schemaLocation="
    http://www.xbrl.org/2003/linkbase 
      http://www.xbrl.org/2003/xbrl-linkbase-2003-12-31.xsd
    ">
  <roleRef xlink:type="simple"
    xlink:href="SimpleRollForward.xsd#RollForwardOfLand"
    roleURI="http://xbrlsite.azurewebsites.net/DigitalFinancialReporting/BusinessUseCases/SimpleRollForward/RollForwardOfLand" />
  <roleRef xlink:type="simple"
    xlink:href="http://www.xbrl.org/lrr/role/negated-2009-12-16.xsd#negatedLabel"
    roleURI="http://www.xbrl.org/2009/role/negatedLabel" />
  <presentationLink xlink:type="extended"
    xlink:role="http://xbrlsite.azurewebsites.net/DigitalFinancialReporting/BusinessUseCases/SimpleRollForward/RollForwardOfLand">
    <loc xlink:type="locator"
      xlink:label="pattern_LandChangesTable"
      xlink:href="SimpleRollForward.xsd#pattern_LandChangesTable" />
    <loc xlink:type="locator"
      xlink:label="frm_LegalEntityAxis"
      xlink:href="http://xbrlsite.azurewebsites.net/DigitalFinancialReporting/Schemas/2017-05-07/frm.xsd#frm_LegalEntityAxis" />
    <presentationArc xlink:type="arc"
      xlink:arcrole="http://www.xbrl.org/2003/arcrole/parent-child"
      xlink:from="pattern_LandChangesTable"
      xlink:to="frm_LegalEntityAxis"
      order="1"
      use="optional" />
    <loc xlink:type="locator"
      xlink:label="frm_ConsolidatedEntityMember"
      xlink:href="http://xbrlsite.azurewebsites.net/DigitalFinancialReporting/Schemas/2017-05-07/frm.xsd#frm_ConsolidatedEntityMember" />
    <presentationArc xlink:type="arc"
      xlink:arcrole="http://www.xbrl.org/2003/arcrole/parent-child"
      xlink:from="frm_LegalEntityAxis" xlink:to="frm_ConsolidatedEntityMember"
      order="1"
      use="optional" />
    <loc xlink:type="locator"
      xlink:label="pattern_LandChangesLineItems"
      xlink:href="SimpleRollForward.xsd#pattern_LandChangesLineItems" />
    <presentationArc xlink:type="arc"
      xlink:arcrole="http://www.xbrl.org/2003/arcrole/parent-child"
      xlink:from="pattern_LandChangesTable"
      xlink:to="pattern_LandChangesLineItems"
      order="2"
      use="optional" />
    <loc xlink:type="locator"
      xlink:label="pattern_RollForwardLandRollForward"
      xlink:href="SimpleRollForward.xsd#pattern_RollForwardLandRollForward" />
    <presentationArc xlink:type="arc"
      xlink:arcrole="http://www.xbrl.org/2003/arcrole/parent-child"
      xlink:from="pattern_LandChangesLineItems"
      xlink:to="pattern_RollForwardLandRollForward"
      order="1"
      use="optional" />
    <loc xlink:type="locator"
      xlink:label="pattern_Land"
      xlink:href="SimpleRollForward.xsd#pattern_Land" />
    <presentationArc xlink:type="arc"
      xlink:arcrole="http://www.xbrl.org/2003/arcrole/parent-child"
      xlink:from="pattern_RollForwardLandRollForward"
      xlink:to="pattern_Land"
      preferredLabel="http://www.xbrl.org/2003/role/periodStartLabel"
      order="1"
      use="optional" />
    <loc xlink:type="locator"
      xlink:label="pattern_LandPeriodIncreaseDecreaseTotalRollUp"
      xlink:href="SimpleRollForward.xsd#pattern_LandPeriodIncreaseDecreaseTotalRollUp" />
    <presentationArc xlink:type="arc"
      xlink:arcrole="http://www.xbrl.org/2003/arcrole/parent-child"
      xlink:from="pattern_RollForwardLandRollForward"
      xlink:to="pattern_LandPeriodIncreaseDecreaseTotalRollUp"
      order="2"
      use="optional" />
    <loc xlink:type="locator"
      xlink:label="pattern_LandAdditions"
      xlink:href="SimpleRollForward.xsd#pattern_LandAdditions" />
    <presentationArc xlink:type="arc"
      xlink:arcrole="http://www.xbrl.org/2003/arcrole/parent-child"
      xlink:from="pattern_LandPeriodIncreaseDecreaseTotalRollUp"
      xlink:to="pattern_LandAdditions"
      order="1"
      use="optional" />
    <loc xlink:type="locator"
      xlink:label="pattern_LandDisposals"
      xlink:href="SimpleRollForward.xsd#pattern_LandDisposals" />
    <presentationArc xlink:type="arc"
      xlink:arcrole="http://www.xbrl.org/2003/arcrole/parent-child"
      xlink:from="pattern_LandPeriodIncreaseDecreaseTotalRollUp"
      xlink:to="pattern_LandDisposals"
      preferredLabel="http://www.xbrl.org/2009/role/negatedLabel"
      order="2"
      use="optional" />
    <loc xlink:type="locator"
      xlink:label="pattern_LandTranslationDifference"
      xlink:href="SimpleRollForward.xsd#pattern_LandTranslationDifference" />
    <presentationArc xlink:type="arc"
      xlink:arcrole="http://www.xbrl.org/2003/arcrole/parent-child"
      xlink:from="pattern_LandPeriodIncreaseDecreaseTotalRollUp"
      xlink:to="pattern_LandTranslationDifference"
      order="3"
      use="optional" />
    <loc xlink:type="locator"
      xlink:label="pattern_LandPeriodIncreaseDecrease"
      xlink:href="SimpleRollForward.xsd#pattern_LandPeriodIncreaseDecrease" />
    <presentationArc xlink:type="arc"
      xlink:arcrole="http://www.xbrl.org/2003/arcrole/parent-child"
      xlink:from="pattern_LandPeriodIncreaseDecreaseTotalRollUp"
      xlink:to="pattern_LandPeriodIncreaseDecrease"
      preferredLabel="http://www.xbrl.org/2003/role/totalLabel"
      order="4"
      use="optional" />
  </presentationLink>
  <presentationLink xlink:type="extended"
    xlink:role="http://xbrlsite.azurewebsites.net/DigitalFinancialReporting/BusinessUseCases/SimpleRollForward/RollForwardOfLand">
    <loc xlink:type="locator"
      xlink:label="pattern_RollForwardLandRollForward"
      xlink:href="SimpleRollForward.xsd#pattern_RollForwardLandRollForward" />
    <loc xlink:type="locator"
      xlink:label="pattern_Land"
      xlink:href="SimpleRollForward.xsd#pattern_Land" />
    <presentationArc xlink:type="arc"
      xlink:arcrole="http://www.xbrl.org/2003/arcrole/parent-child"
      xlink:from="pattern_RollForwardLandRollForward"
      xlink:to="pattern_Land"
      preferredLabel="http://www.xbrl.org/2003/role/periodEndLabel"
      order="3"
      use="optional" />
  </presentationLink>
</linkbase>