<?xml version="1.0" encoding="UTF-8"?>
<?xml-stylesheet type="text/xsl" href="file:/C:/Programs/XPE40/resources/System/CalcTrace-toHtml.xsl"?>
<CalculationTrace Date="03:08:06" PhysicalUri="C:/Users/Charlie/Documents/CurrentVersions/DigitalFinancialReporting/BusinessUseCases/2017-05-07/BUC07-SimpleRollForward/SimpleRollForward-SampleInstance.xml">
     <ExtendedLinkRole roleUri="http://xbrlsite.azurewebsites.net/DigitalFinancialReporting/BusinessUseCases/SimpleRollForward/RollForwardOfLand">
          <Context from="2010-01-01" id="D-2010" to="2010-12-31">
               <Unit id="U-Monetary">
                    <Rollup>
                         <To balance="debit" computed="false"
                              conceptNS="http://xbrlsite.azurewebsites.net/DigitalFinancialReporting/BusinessUseCases/SimpleRollForward"
                              conceptName="LandAdditions"
                              conceptQName="pattern:LandAdditions"
                              contextID="D-2010" decimals="INF"
                              duplicate="false" duration="3 ms"
                              effective="1,992,000" instance="1992000"
                              label="Land, Additions" precision=""
                              relationshipToFrom="item"
                              roleUri="http://xbrlsite.azurewebsites.net/DigitalFinancialReporting/BusinessUseCases/SimpleRollForward/RollForwardOfLand"
                              unitID="U-Monetary" weight="1.0"/>
                         <To balance="credit" computed="false"
                              conceptNS="http://xbrlsite.azurewebsites.net/DigitalFinancialReporting/BusinessUseCases/SimpleRollForward"
                              conceptName="LandDisposals"
                              conceptQName="pattern:LandDisposals"
                              contextID="D-2010" decimals="INF"
                              duplicate="false" duration="0 ms"
                              effective="193,000" instance="193000"
                              label="Land, Disposals" precision=""
                              relationshipToFrom="item"
                              roleUri="http://xbrlsite.azurewebsites.net/DigitalFinancialReporting/BusinessUseCases/SimpleRollForward/RollForwardOfLand"
                              unitID="U-Monetary" weight="-1.0"/>
                         <To balance="debit" computed="false"
                              conceptNS="http://xbrlsite.azurewebsites.net/DigitalFinancialReporting/BusinessUseCases/SimpleRollForward"
                              conceptName="LandTranslationDifference"
                              conceptQName="pattern:LandTranslationDifference"
                              contextID="D-2010" decimals="INF"
                              duplicate="false" duration="0 ms"
                              effective="2,401,000" instance="2401000"
                              label="Land, Translation Difference"
                              precision="" relationshipToFrom="item"
                              roleUri="http://xbrlsite.azurewebsites.net/DigitalFinancialReporting/BusinessUseCases/SimpleRollForward/RollForwardOfLand"
                              unitID="U-Monetary" weight="1.0"/>
                         <From balance="debit" bound="true"
                              computed="false"
                              conceptNS="http://xbrlsite.azurewebsites.net/DigitalFinancialReporting/BusinessUseCases/SimpleRollForward"
                              conceptName="LandPeriodIncreaseDecrease"
                              conceptQName="pattern:LandPeriodIncreaseDecrease"
                              consistent="true" contextID="D-2010"
                              decimals="INF" duplicate="false"
                              duration="61 ms" effective="4,200,000"
                              instance="4200000"
                              label="Land, Period Increase (Decrease)"
                              precision="INF" success="true"
                              toSumDecimals="15"
                              toSumEffective="4,200,000" unitID="U-Monetary"/>
                    </Rollup>
               </Unit>
          </Context>
          <Context from="2009-01-01" id="D-2009" to="2009-12-31">
               <Unit id="U-Monetary">
                    <Rollup>
                         <To balance="debit" computed="false"
                              conceptNS="http://xbrlsite.azurewebsites.net/DigitalFinancialReporting/BusinessUseCases/SimpleRollForward"
                              conceptName="LandAdditions"
                              conceptQName="pattern:LandAdditions"
                              contextID="D-2009" decimals="INF"
                              duplicate="false" duration="0 ms"
                              effective="400,000" instance="400000"
                              label="Land, Additions" precision=""
                              relationshipToFrom="item"
                              roleUri="http://xbrlsite.azurewebsites.net/DigitalFinancialReporting/BusinessUseCases/SimpleRollForward/RollForwardOfLand"
                              unitID="U-Monetary" weight="1.0"/>
                         <To balance="credit" computed="false"
                              conceptNS="http://xbrlsite.azurewebsites.net/DigitalFinancialReporting/BusinessUseCases/SimpleRollForward"
                              conceptName="LandDisposals"
                              conceptQName="pattern:LandDisposals"
                              contextID="D-2009" decimals="INF"
                              duplicate="false" duration="0 ms"
                              effective="200,000" instance="200000"
                              label="Land, Disposals" precision=""
                              relationshipToFrom="item"
                              roleUri="http://xbrlsite.azurewebsites.net/DigitalFinancialReporting/BusinessUseCases/SimpleRollForward/RollForwardOfLand"
                              unitID="U-Monetary" weight="-1.0"/>
                         <To balance="debit" computed="false"
                              conceptNS="http://xbrlsite.azurewebsites.net/DigitalFinancialReporting/BusinessUseCases/SimpleRollForward"
                              conceptName="LandTranslationDifference"
                              conceptQName="pattern:LandTranslationDifference"
                              contextID="D-2009" decimals="INF"
                              duplicate="false" duration="0 ms"
                              effective="-200,000" instance="-200000"
                              label="Land, Translation Difference"
                              precision="" relationshipToFrom="item"
                              roleUri="http://xbrlsite.azurewebsites.net/DigitalFinancialReporting/BusinessUseCases/SimpleRollForward/RollForwardOfLand"
                              unitID="U-Monetary" weight="1.0"/>
                         <From balance="debit" bound="true"
                              computed="false"
                              conceptNS="http://xbrlsite.azurewebsites.net/DigitalFinancialReporting/BusinessUseCases/SimpleRollForward"
                              conceptName="LandPeriodIncreaseDecrease"
                              conceptQName="pattern:LandPeriodIncreaseDecrease"
                              consistent="true" contextID="D-2009"
                              decimals="INF" duplicate="false"
                              duration="2 ms" effective="0" instance="0"
                              label="Land, Period Increase (Decrease)"
                              precision="INF" success="true"
                              toSumDecimals="15" toSumEffective="0" unitID="U-Monetary"/>
                    </Rollup>
               </Unit>
          </Context>
     </ExtendedLinkRole>
     <Statistics duplicates="0" duration="284 ms" fail="0"
          inconsistent="0" pass="2" total="2"/>
</CalculationTrace>
