<?xml version="1.0" encoding="utf-8"?>
<!--
Taxonomy Label Links linkbase based on XBRL standard Version 2.1.
Created by UBmatrix Taxonomy Designer 3.0.3.2436 (2009-06-02 13:18).  
Contact www.ubmatrix.com
Copyright (c) 2002-2012 UBmatrix inc., All Rights Reserved
Produced on 2012-09-24 11:40:42
-->
<linkbase
  xmlns="http://www.xbrl.org/2003/linkbase"
  xmlns:xsi="http://www.w3.org/2001/XMLSchema-instance"
  xmlns:xlink="http://www.w3.org/1999/xlink"
  xsi:schemaLocation="
    http://www.xbrl.org/2003/linkbase 
      http://www.xbrl.org/2003/xbrl-linkbase-2003-12-31.xsd
    ">
  <roleRef xlink:type="simple"
    xlink:href="http://www.xbrl.org/lrr/role/negated-2009-12-16.xsd#negatedLabel"
    roleURI="http://www.xbrl.org/2009/role/negatedLabel" />
  <labelLink xlink:type="extended"
    xlink:role="http://www.xbrl.org/2003/role/link">
    <loc xlink:type="locator"
      xlink:label="pattern_LandAdditions"
      xlink:href="SimpleRollForward.xsd#pattern_LandAdditions" />
    <labelArc xlink:type="arc"
      xlink:arcrole="http://www.xbrl.org/2003/arcrole/concept-label"
      xlink:from="pattern_LandAdditions" xlink:to="pattern_LandAdditions_lbl" />
    <label xlink:type="resource"
      xlink:label="pattern_LandAdditions_lbl"
      xml:lang="en"
      xlink:role="http://www.xbrl.org/2003/role/documentation">Aliquam viverra risus vitae ante. Sed rhoncus mi in wisi.</label>
    <label xlink:type="resource"
      xlink:label="pattern_LandAdditions_lbl"
      xml:lang="en"
      xlink:role="http://www.xbrl.org/2003/role/label">Land, Additions</label>
    <loc xlink:type="locator"
      xlink:label="pattern_LandChangesLineItems"
      xlink:href="SimpleRollForward.xsd#pattern_LandChangesLineItems" />
    <labelArc xlink:type="arc"
      xlink:arcrole="http://www.xbrl.org/2003/arcrole/concept-label"
      xlink:from="pattern_LandChangesLineItems"
      xlink:to="pattern_LandChangesLineItems_lbl" />
    <label xlink:type="resource"
      xlink:label="pattern_LandChangesLineItems_lbl"
      xml:lang="en"
      xlink:role="http://www.xbrl.org/2003/role/documentation">Proin elit sem, ornare non, ullamcorper vel, sollicitudin a, lacus.</label>
    <label xlink:type="resource"
      xlink:label="pattern_LandChangesLineItems_lbl"
      xml:lang="en"
      xlink:role="http://www.xbrl.org/2003/role/label">Land Changes [Line Items]</label>
    <loc xlink:type="locator"
      xlink:label="pattern_LandChangesTable"
      xlink:href="SimpleRollForward.xsd#pattern_LandChangesTable" />
    <labelArc xlink:type="arc"
      xlink:arcrole="http://www.xbrl.org/2003/arcrole/concept-label"
      xlink:from="pattern_LandChangesTable"
      xlink:to="pattern_LandChangesTable_lbl" />
    <label xlink:type="resource"
      xlink:label="pattern_LandChangesTable_lbl"
      xml:lang="en"
      xlink:role="http://www.xbrl.org/2003/role/documentation">Proin feugiat lobortis mi. Nunc congue. Fusce venenatis. Maecenas tincidunt, ipsum in fringilla hendrerit, dolor metus eleifend neque, vel tincidunt mi nunc a purus.</label>
    <label xlink:type="resource"
      xlink:label="pattern_LandChangesTable_lbl"
      xml:lang="en"
      xlink:role="http://www.xbrl.org/2003/role/label">Land Changes [Table]</label>
    <loc xlink:type="locator"
      xlink:label="pattern_LandDisposals"
      xlink:href="SimpleRollForward.xsd#pattern_LandDisposals" />
    <labelArc xlink:type="arc"
      xlink:arcrole="http://www.xbrl.org/2003/arcrole/concept-label"
      xlink:from="pattern_LandDisposals" xlink:to="pattern_LandDisposals_lbl" />
    <label xlink:type="resource"
      xlink:label="pattern_LandDisposals_lbl"
      xml:lang="en"
      xlink:role="http://www.xbrl.org/2003/role/documentation">Duis sapien diam, dapibus sed, dictum quis, interdum ac, erat. Suspendisse urna.</label>
    <label xlink:type="resource"
      xlink:label="pattern_LandDisposals_lbl"
      xml:lang="en"
      xlink:role="http://www.xbrl.org/2003/role/label">Land, Disposals</label>
    <label xlink:type="resource"
      xlink:label="pattern_LandDisposals_lbl"
      xml:lang="en"
      xlink:role="http://www.xbrl.org/2009/role/negatedLabel">Land, Disposals</label>
    <loc xlink:type="locator"
      xlink:label="pattern_LandPeriodIncreaseDecreaseTotalRollUp"
      xlink:href="SimpleRollForward.xsd#pattern_LandPeriodIncreaseDecreaseTotalRollUp" />
    <labelArc xlink:type="arc"
      xlink:arcrole="http://www.xbrl.org/2003/arcrole/concept-label"
      xlink:from="pattern_LandPeriodIncreaseDecreaseTotalRollUp"
      xlink:to="pattern_LandPeriodIncreaseDecreaseTotalRollUp_lbl" />
    <label xlink:type="resource"
      xlink:label="pattern_LandPeriodIncreaseDecreaseTotalRollUp_lbl"
      xml:lang="en"
      xlink:role="http://www.xbrl.org/2003/role/documentation">Sed lobortis. Maecenas scelerisque ullamcorper libero. Aliquam porta leo imperdiet pede.</label>
    <label xlink:type="resource"
      xlink:label="pattern_LandPeriodIncreaseDecreaseTotalRollUp_lbl"
      xml:lang="en"
      xlink:role="http://www.xbrl.org/2003/role/label">Land, Period Increase (Decrease), Total [Roll Up]</label>
    <loc xlink:type="locator"
      xlink:label="pattern_LandPeriodIncreaseDecrease"
      xlink:href="SimpleRollForward.xsd#pattern_LandPeriodIncreaseDecrease" />
    <labelArc xlink:type="arc"
      xlink:arcrole="http://www.xbrl.org/2003/arcrole/concept-label"
      xlink:from="pattern_LandPeriodIncreaseDecrease"
      xlink:to="pattern_LandPeriodIncreaseDecrease_lbl" />
    <label xlink:type="resource"
      xlink:label="pattern_LandPeriodIncreaseDecrease_lbl"
      xml:lang="en"
      xlink:role="http://www.xbrl.org/2003/role/documentation">Etiam viverra neque non sem. Nullam lacinia sem. Duis sapien diam, dapibus sed, dictum quis, interdum ac, erat.</label>
    <label xlink:type="resource"
      xlink:label="pattern_LandPeriodIncreaseDecrease_lbl"
      xml:lang="en"
      xlink:role="http://www.xbrl.org/2003/role/label">Land, Period Increase (Decrease)</label>
    <label xlink:type="resource"
      xlink:label="pattern_LandPeriodIncreaseDecrease_lbl"
      xml:lang="en"
      xlink:role="http://www.xbrl.org/2003/role/totalLabel">Land, Period Increase (Decrease), Total</label>
    <loc xlink:type="locator"
      xlink:label="pattern_LandTranslationDifference"
      xlink:href="SimpleRollForward.xsd#pattern_LandTranslationDifference" />
    <labelArc xlink:type="arc"
      xlink:arcrole="http://www.xbrl.org/2003/arcrole/concept-label"
      xlink:from="pattern_LandTranslationDifference"
      xlink:to="pattern_LandTranslationDifference_lbl" />
    <label xlink:type="resource"
      xlink:label="pattern_LandTranslationDifference_lbl"
      xml:lang="en"
      xlink:role="http://www.xbrl.org/2003/role/documentation">Pellentesque condimentum commodo wisi. Fusce gravida, ligula a placerat placerat, leo erat euismod lectus, et lacinia justo libero non pede.</label>
    <label xlink:type="resource"
      xlink:label="pattern_LandTranslationDifference_lbl"
      xml:lang="en"
      xlink:role="http://www.xbrl.org/2003/role/label">Land, Translation Difference</label>
    <loc xlink:type="locator"
      xlink:label="pattern_Land"
      xlink:href="SimpleRollForward.xsd#pattern_Land" />
    <labelArc xlink:type="arc"
      xlink:arcrole="http://www.xbrl.org/2003/arcrole/concept-label"
      xlink:from="pattern_Land" xlink:to="pattern_Land_lbl" />
    <label xlink:type="resource"
      xlink:label="pattern_Land_lbl" xml:lang="en"
      xlink:role="http://www.xbrl.org/2003/role/documentation">Class aptent taciti sociosqu ad litora torquent per conubia nostra, per inceptos hymenaeos.</label>
    <label xlink:type="resource"
      xlink:label="pattern_Land_lbl" xml:lang="en"
      xlink:role="http://www.xbrl.org/2003/role/periodEndLabel">Land, Ending Balance</label>
    <label xlink:type="resource"
      xlink:label="pattern_Land_lbl" xml:lang="en"
      xlink:role="http://www.xbrl.org/2003/role/periodStartLabel">Land, Beginning Balance</label>
    <label xlink:type="resource"
      xlink:label="pattern_Land_lbl" xml:lang="en"
      xlink:role="http://www.xbrl.org/2003/role/label">Land</label>
    <loc xlink:type="locator"
      xlink:label="pattern_RollForwardLandRollForward"
      xlink:href="SimpleRollForward.xsd#pattern_RollForwardLandRollForward" />
    <labelArc xlink:type="arc"
      xlink:arcrole="http://www.xbrl.org/2003/arcrole/concept-label"
      xlink:from="pattern_RollForwardLandRollForward"
      xlink:to="pattern_RollForwardLandRollForward_lbl" />
    <label xlink:type="resource"
      xlink:label="pattern_RollForwardLandRollForward_lbl"
      xml:lang="en"
      xlink:role="http://www.xbrl.org/2003/role/documentation">Suspendisse potenti. Donec malesuada lorem id mi. Nunc ut purus ac nisl tempus accumsan.</label>
    <label xlink:type="resource"
      xlink:label="pattern_RollForwardLandRollForward_lbl"
      xml:lang="en"
      xlink:role="http://www.xbrl.org/2003/role/label">Roll Forward of Land [Roll Forward]</label>
  </labelLink>
</linkbase>