<?xml version="1.0" encoding="UTF-8"?>
<?xml-stylesheet type="text/xsl" href="file:/C:/Programs/XPE40/resources/System/CalcTrace-toHtml.xsl"?>
<CalculationTrace Date="09:59:21" PhysicalUri="C:/Users/Charlie/Documents/CurrentVersions/DigitalFinancialReporting/BusinessUseCases/2017-05-07/BUC15-Adjustment/Adjustment-SampleInstance.xml">
     <ExtendedLinkRole roleUri="http://xbrlsite.azurewebsites.net/DigitalFinancialReporting/BusinessUseCases/Adjustment/PriorPeriodAdjustments">
          <Context id="I-2009" instant="2009-12-31">
               <Unit id="U-Monetary">
                    <Rollup>
                         <To balance="credit" computed="false"
                              conceptNS="http://xbrlsite.azurewebsites.net/DigitalFinancialReporting/BusinessUseCases/Adjustment"
                              conceptName="ChangesInAccountingPolicy"
                              conceptQName="pattern:ChangesInAccountingPolicy"
                              contextID="I-2009" decimals="INF"
                              duplicate="false" duration="3 ms"
                              effective="3,000" instance="3000"
                              label="Changes in Accounting Policy"
                              precision="" relationshipToFrom="item"
                              roleUri="http://xbrlsite.azurewebsites.net/DigitalFinancialReporting/BusinessUseCases/Adjustment/PriorPeriodAdjustments"
                              unitID="U-Monetary" weight="1.0"/>
                         <To balance="credit" computed="false"
                              conceptNS="http://xbrlsite.azurewebsites.net/DigitalFinancialReporting/BusinessUseCases/Adjustment"
                              conceptName="CorrectionAnError"
                              conceptQName="pattern:CorrectionAnError"
                              contextID="I-2009" decimals="INF"
                              duplicate="false" duration="1 ms"
                              effective="-1,000" instance="-1000"
                              label="Correction of an Error"
                              precision="" relationshipToFrom="item"
                              roleUri="http://xbrlsite.azurewebsites.net/DigitalFinancialReporting/BusinessUseCases/Adjustment/PriorPeriodAdjustments"
                              unitID="U-Monetary" weight="1.0"/>
                         <From balance="credit" bound="true"
                              computed="false"
                              conceptNS="http://xbrlsite.azurewebsites.net/DigitalFinancialReporting/BusinessUseCases/Adjustment"
                              conceptName="PriorPeriodAdjustments"
                              conceptQName="pattern:PriorPeriodAdjustments"
                              consistent="true" contextID="I-2009"
                              decimals="INF" duplicate="false"
                              duration="53 ms" effective="2,000"
                              instance="2000"
                              label="Prior Period Adjustments"
                              precision="INF" success="true"
                              toSumDecimals="15" toSumEffective="2,000" unitID="U-Monetary"/>
                    </Rollup>
               </Unit>
          </Context>
     </ExtendedLinkRole>
     <Statistics duplicates="0" duration="274 ms" fail="0"
          inconsistent="0" pass="1" total="1"/>
</CalculationTrace>
