<?xml version="1.0" encoding="utf-8"?>
<!--
Taxonomy Definition Links linkbase based on XBRL standard Version 2.1.
Created by UBmatrix Taxonomy Designer 3.0.3.2436 (2009-06-02 13:18).  
Contact www.ubmatrix.com
Copyright (c) 2002-2017 UBmatrix inc., All Rights Reserved
Produced on 2017-05-10 10:02:08
-->
<linkbase
  xmlns="http://www.xbrl.org/2003/linkbase"
  xmlns:xsi="http://www.w3.org/2001/XMLSchema-instance"
  xmlns:xlink="http://www.w3.org/1999/xlink"
  xmlns:xbrldt="http://xbrl.org/2005/xbrldt"
  xsi:schemaLocation="
    http://www.xbrl.org/2003/linkbase 
      http://www.xbrl.org/2003/xbrl-linkbase-2003-12-31.xsd
    http://xbrl.org/2005/xbrldt  http://www.xbrl.org/2005/xbrldt-2005.xsd
    ">
  <roleRef xlink:type="simple"
    xlink:href="Adjustment.xsd#PriorPeriodAdjustments"
    roleURI="http://xbrlsite.azurewebsites.net/DigitalFinancialReporting/BusinessUseCases/Adjustment/PriorPeriodAdjustments" />
  <arcroleRef xlink:type="simple"
    xlink:href="http://www.xbrl.org/2005/xbrldt-2005.xsd#domain-member"
    arcroleURI="http://xbrl.org/int/dim/arcrole/domain-member" />
  <arcroleRef xlink:type="simple"
    xlink:href="http://www.xbrl.org/2005/xbrldt-2005.xsd#all"
    arcroleURI="http://xbrl.org/int/dim/arcrole/all" />
  <arcroleRef xlink:type="simple"
    xlink:href="http://www.xbrl.org/2005/xbrldt-2005.xsd#hypercube-dimension"
    arcroleURI="http://xbrl.org/int/dim/arcrole/hypercube-dimension" />
  <arcroleRef xlink:type="simple"
    xlink:href="http://www.xbrl.org/2005/xbrldt-2005.xsd#dimension-domain"
    arcroleURI="http://xbrl.org/int/dim/arcrole/dimension-domain" />
  <definitionLink xlink:type="extended"
    xlink:role="http://xbrlsite.azurewebsites.net/DigitalFinancialReporting/BusinessUseCases/Adjustment/PriorPeriodAdjustments">
    <loc xlink:type="locator"
      xlink:label="pattern_PriorPeriodAdjustmentsLineItems"
      xlink:href="Adjustment.xsd#pattern_PriorPeriodAdjustmentsLineItems" />
    <loc xlink:type="locator"
      xlink:label="pattern_PriorPeriodAdjustmentsToRetainedEarningsAdjustment"
      xlink:href="Adjustment.xsd#pattern_PriorPeriodAdjustmentsToRetainedEarningsAdjustment" />
    <definitionArc xlink:type="arc"
      xlink:arcrole="http://xbrl.org/int/dim/arcrole/domain-member"
      xlink:from="pattern_PriorPeriodAdjustmentsLineItems"
      xlink:to="pattern_PriorPeriodAdjustmentsToRetainedEarningsAdjustment"
      order="1"
      use="optional" />
    <loc xlink:type="locator"
      xlink:label="pattern_RetainedEarningsAccumulatedLosses"
      xlink:href="Adjustment.xsd#pattern_RetainedEarningsAccumulatedLosses" />
    <definitionArc xlink:type="arc"
      xlink:arcrole="http://xbrl.org/int/dim/arcrole/domain-member"
      xlink:from="pattern_PriorPeriodAdjustmentsToRetainedEarningsAdjustment"
      xlink:to="pattern_RetainedEarningsAccumulatedLosses"
      order="1"
      use="optional" />
    <loc xlink:type="locator"
      xlink:label="pattern_PriorPeriodAdjustmentsPeriodIncreaseDecreaseTotalRollUp"
      xlink:href="Adjustment.xsd#pattern_PriorPeriodAdjustmentsPeriodIncreaseDecreaseTotalRollUp" />
    <definitionArc xlink:type="arc"
      xlink:arcrole="http://xbrl.org/int/dim/arcrole/domain-member"
      xlink:from="pattern_PriorPeriodAdjustmentsToRetainedEarningsAdjustment"
      xlink:to="pattern_PriorPeriodAdjustmentsPeriodIncreaseDecreaseTotalRollUp"
      order="2"
      use="optional" />
    <loc xlink:type="locator"
      xlink:label="pattern_ChangesInAccountingPolicy"
      xlink:href="Adjustment.xsd#pattern_ChangesInAccountingPolicy" />
    <definitionArc xlink:type="arc"
      xlink:arcrole="http://xbrl.org/int/dim/arcrole/domain-member"
      xlink:from="pattern_PriorPeriodAdjustmentsPeriodIncreaseDecreaseTotalRollUp"
      xlink:to="pattern_ChangesInAccountingPolicy"
      order="1"
      use="optional" />
    <loc xlink:type="locator"
      xlink:label="pattern_CorrectionAnError"
      xlink:href="Adjustment.xsd#pattern_CorrectionAnError" />
    <definitionArc xlink:type="arc"
      xlink:arcrole="http://xbrl.org/int/dim/arcrole/domain-member"
      xlink:from="pattern_PriorPeriodAdjustmentsPeriodIncreaseDecreaseTotalRollUp"
      xlink:to="pattern_CorrectionAnError"
      order="2"
      use="optional" />
    <loc xlink:type="locator"
      xlink:label="pattern_PriorPeriodAdjustments"
      xlink:href="Adjustment.xsd#pattern_PriorPeriodAdjustments" />
    <definitionArc xlink:type="arc"
      xlink:arcrole="http://xbrl.org/int/dim/arcrole/domain-member"
      xlink:from="pattern_PriorPeriodAdjustmentsPeriodIncreaseDecreaseTotalRollUp"
      xlink:to="pattern_PriorPeriodAdjustments"
      order="3"
      use="optional" />
    <loc xlink:type="locator"
      xlink:label="pattern_PriorPeriodAdjustmentsTable"
      xlink:href="Adjustment.xsd#pattern_PriorPeriodAdjustmentsTable" />
    <definitionArc xlink:type="arc"
      xlink:arcrole="http://xbrl.org/int/dim/arcrole/all"
      xlink:from="pattern_PriorPeriodAdjustmentsLineItems"
      xlink:to="pattern_PriorPeriodAdjustmentsTable"
      order="2"
      use="optional"
      xbrldt:contextElement="segment"
      xbrldt:closed="true" />
    <loc xlink:type="locator"
      xlink:label="frm_LegalEntityAxis"
      xlink:href="http://xbrlsite.azurewebsites.net/DigitalFinancialReporting/Schemas/2017-05-07/frm.xsd#frm_LegalEntityAxis" />
    <definitionArc xlink:type="arc"
      xlink:arcrole="http://xbrl.org/int/dim/arcrole/hypercube-dimension"
      xlink:from="pattern_PriorPeriodAdjustmentsTable"
      xlink:to="frm_LegalEntityAxis"
      order="1"
      use="optional" />
    <loc xlink:type="locator"
      xlink:label="frm_ConsolidatedEntityMember"
      xlink:href="http://xbrlsite.azurewebsites.net/DigitalFinancialReporting/Schemas/2017-05-07/frm.xsd#frm_ConsolidatedEntityMember" />
    <definitionArc xlink:type="arc"
      xlink:arcrole="http://xbrl.org/int/dim/arcrole/dimension-domain"
      xlink:from="frm_LegalEntityAxis" xlink:to="frm_ConsolidatedEntityMember"
      order="1"
      use="optional" />
    <loc xlink:type="locator"
      xlink:label="frm_ReportDateAxis"
      xlink:href="http://xbrlsite.azurewebsites.net/DigitalFinancialReporting/Schemas/2017-05-07/frm.xsd#frm_ReportDateAxis" />
    <definitionArc xlink:type="arc"
      xlink:arcrole="http://xbrl.org/int/dim/arcrole/hypercube-dimension"
      xlink:from="pattern_PriorPeriodAdjustmentsTable"
      xlink:to="frm_ReportDateAxis"
      order="2"
      use="optional" />
    <loc xlink:type="locator"
      xlink:label="pattern_ReportedMarch212010Member"
      xlink:href="Adjustment.xsd#pattern_ReportedMarch212010Member" />
    <definitionArc xlink:type="arc"
      xlink:arcrole="http://xbrl.org/int/dim/arcrole/dimension-domain"
      xlink:from="frm_ReportDateAxis" xlink:to="pattern_ReportedMarch212010Member"
      order="1"
      use="optional" />
    <loc xlink:type="locator"
      xlink:label="pattern_ReportedMarch182011Member"
      xlink:href="Adjustment.xsd#pattern_ReportedMarch182011Member" />
    <definitionArc xlink:type="arc"
      xlink:arcrole="http://xbrl.org/int/dim/arcrole/dimension-domain"
      xlink:from="frm_ReportDateAxis" xlink:to="pattern_ReportedMarch182011Member"
      order="2"
      use="optional" />
  </definitionLink>
</linkbase>