<?xml version="1.0" encoding="utf-8"?>
<!--
Taxonomy Label Links linkbase based on XBRL standard Version 2.1.
Created by UBmatrix Taxonomy Designer 3.0.3.2436 (2009-06-02 13:18).  
Contact www.ubmatrix.com
Copyright (c) 2002-2017 UBmatrix inc., All Rights Reserved
Produced on 2017-05-10 10:02:08
-->
<linkbase
  xmlns="http://www.xbrl.org/2003/linkbase"
  xmlns:xsi="http://www.w3.org/2001/XMLSchema-instance"
  xmlns:xlink="http://www.w3.org/1999/xlink"
  xsi:schemaLocation="
    http://www.xbrl.org/2003/linkbase 
      http://www.xbrl.org/2003/xbrl-linkbase-2003-12-31.xsd
    ">
  <roleRef xlink:type="simple"
    xlink:href="http://xbrlsite.azurewebsites.net/2016/conceptual-model/cm-roles.xsd#originallyStatedLabel"
    roleURI="http://xbrlsite.azurewebsites.net/2016/conceptual-model/cm-roles/roles/originallyStatedLabel" />
  <roleRef xlink:type="simple"
    xlink:href="http://www.xbrl.org/lrr/role/restated-2006-02-21.xsd#restatedLabel"
    roleURI="http://www.xbrl.org/2006/role/restatedLabel" />
  <labelLink xlink:type="extended"
    xlink:role="http://www.xbrl.org/2003/role/link">
    <loc xlink:type="locator"
      xlink:label="pattern_ChangesInAccountingPolicy"
      xlink:href="Adjustment.xsd#pattern_ChangesInAccountingPolicy" />
    <labelArc xlink:type="arc"
      xlink:arcrole="http://www.xbrl.org/2003/arcrole/concept-label"
      xlink:from="pattern_ChangesInAccountingPolicy"
      xlink:to="pattern_ChangesInAccountingPolicy_lbl" />
    <label xlink:type="resource"
      xlink:label="pattern_ChangesInAccountingPolicy_lbl"
      xml:lang="en"
      xlink:role="http://www.xbrl.org/2003/role/label">Changes in Accounting Policy</label>
    <loc xlink:type="locator"
      xlink:label="pattern_CorrectionAnError"
      xlink:href="Adjustment.xsd#pattern_CorrectionAnError" />
    <labelArc xlink:type="arc"
      xlink:arcrole="http://www.xbrl.org/2003/arcrole/concept-label"
      xlink:from="pattern_CorrectionAnError"
      xlink:to="pattern_CorrectionAnError_lbl" />
    <label xlink:type="resource"
      xlink:label="pattern_CorrectionAnError_lbl"
      xml:lang="en"
      xlink:role="http://www.xbrl.org/2003/role/label">Correction of an Error</label>
    <loc xlink:type="locator"
      xlink:label="pattern_PriorPeriodAdjustmentsLineItems"
      xlink:href="Adjustment.xsd#pattern_PriorPeriodAdjustmentsLineItems" />
    <labelArc xlink:type="arc"
      xlink:arcrole="http://www.xbrl.org/2003/arcrole/concept-label"
      xlink:from="pattern_PriorPeriodAdjustmentsLineItems"
      xlink:to="pattern_PriorPeriodAdjustmentsLineItems_lbl" />
    <label xlink:type="resource"
      xlink:label="pattern_PriorPeriodAdjustmentsLineItems_lbl"
      xml:lang="en"
      xlink:role="http://www.xbrl.org/2003/role/label">Prior Period Adjustments [Line Items]</label>
    <loc xlink:type="locator"
      xlink:label="pattern_PriorPeriodAdjustmentsPeriodIncreaseDecreaseTotalRollUp"
      xlink:href="Adjustment.xsd#pattern_PriorPeriodAdjustmentsPeriodIncreaseDecreaseTotalRollUp" />
    <labelArc xlink:type="arc"
      xlink:arcrole="http://www.xbrl.org/2003/arcrole/concept-label"
      xlink:from="pattern_PriorPeriodAdjustmentsPeriodIncreaseDecreaseTotalRollUp"
      xlink:to="pattern_PriorPeriodAdjustmentsPeriodIncreaseDecreaseTotalRollUp_lbl" />
    <label xlink:type="resource"
      xlink:label="pattern_PriorPeriodAdjustmentsPeriodIncreaseDecreaseTotalRollUp_lbl"
      xml:lang="en"
      xlink:role="http://www.xbrl.org/2003/role/label">Prior Period Adjustments, Period Increase (Decrease), Total [Roll Up]</label>
    <loc xlink:type="locator"
      xlink:label="pattern_PriorPeriodAdjustmentsTable"
      xlink:href="Adjustment.xsd#pattern_PriorPeriodAdjustmentsTable" />
    <labelArc xlink:type="arc"
      xlink:arcrole="http://www.xbrl.org/2003/arcrole/concept-label"
      xlink:from="pattern_PriorPeriodAdjustmentsTable"
      xlink:to="pattern_PriorPeriodAdjustmentsTable_lbl" />
    <label xlink:type="resource"
      xlink:label="pattern_PriorPeriodAdjustmentsTable_lbl"
      xml:lang="en"
      xlink:role="http://www.xbrl.org/2003/role/label">Prior Period Adjustments [Table]</label>
    <loc xlink:type="locator"
      xlink:label="pattern_PriorPeriodAdjustmentsToRetainedEarningsAdjustment"
      xlink:href="Adjustment.xsd#pattern_PriorPeriodAdjustmentsToRetainedEarningsAdjustment" />
    <labelArc xlink:type="arc"
      xlink:arcrole="http://www.xbrl.org/2003/arcrole/concept-label"
      xlink:from="pattern_PriorPeriodAdjustmentsToRetainedEarningsAdjustment"
      xlink:to="pattern_PriorPeriodAdjustmentsToRetainedEarningsAdjustment_lbl" />
    <label xlink:type="resource"
      xlink:label="pattern_PriorPeriodAdjustmentsToRetainedEarningsAdjustment_lbl"
      xml:lang="en"
      xlink:role="http://www.xbrl.org/2003/role/label">Prior Period Adjustments to Retained Earnings [Adjustment]</label>
    <loc xlink:type="locator"
      xlink:label="pattern_PriorPeriodAdjustments"
      xlink:href="Adjustment.xsd#pattern_PriorPeriodAdjustments" />
    <labelArc xlink:type="arc"
      xlink:arcrole="http://www.xbrl.org/2003/arcrole/concept-label"
      xlink:from="pattern_PriorPeriodAdjustments"
      xlink:to="pattern_PriorPeriodAdjustments_lbl" />
    <label xlink:type="resource"
      xlink:label="pattern_PriorPeriodAdjustments_lbl"
      xml:lang="en"
      xlink:role="http://www.xbrl.org/2003/role/label">Prior Period Adjustments</label>
    <label xlink:type="resource"
      xlink:label="pattern_PriorPeriodAdjustments_lbl"
      xml:lang="en"
      xlink:role="http://www.xbrl.org/2003/role/totalLabel">Prior Period Adjustments, Period Increase (Decrease), Total</label>
    <loc xlink:type="locator"
      xlink:label="pattern_ReportedMarch182011Member"
      xlink:href="Adjustment.xsd#pattern_ReportedMarch182011Member" />
    <labelArc xlink:type="arc"
      xlink:arcrole="http://www.xbrl.org/2003/arcrole/concept-label"
      xlink:from="pattern_ReportedMarch182011Member"
      xlink:to="pattern_ReportedMarch182011Member_lbl" />
    <label xlink:type="resource"
      xlink:label="pattern_ReportedMarch182011Member_lbl"
      xml:lang="en"
      xlink:role="http://www.xbrl.org/2003/role/label">Reported March 18, 2011 [Member]</label>
    <loc xlink:type="locator"
      xlink:label="pattern_ReportedMarch212010Member"
      xlink:href="Adjustment.xsd#pattern_ReportedMarch212010Member" />
    <labelArc xlink:type="arc"
      xlink:arcrole="http://www.xbrl.org/2003/arcrole/concept-label"
      xlink:from="pattern_ReportedMarch212010Member"
      xlink:to="pattern_ReportedMarch212010Member_lbl" />
    <label xlink:type="resource"
      xlink:label="pattern_ReportedMarch212010Member_lbl"
      xml:lang="en"
      xlink:role="http://www.xbrl.org/2003/role/label">Reported March 21, 2010 [Member]</label>
    <loc xlink:type="locator"
      xlink:label="pattern_RetainedEarningsAccumulatedLosses"
      xlink:href="Adjustment.xsd#pattern_RetainedEarningsAccumulatedLosses" />
    <labelArc xlink:type="arc"
      xlink:arcrole="http://www.xbrl.org/2003/arcrole/concept-label"
      xlink:from="pattern_RetainedEarningsAccumulatedLosses"
      xlink:to="pattern_RetainedEarningsAccumulatedLosses_lbl" />
    <label xlink:type="resource"
      xlink:label="pattern_RetainedEarningsAccumulatedLosses_lbl"
      xml:lang="en"
      xlink:role="http://www.xbrl.org/2003/role/label">Retained Earnings (Accumulated Losses)</label>
    <label xlink:type="resource"
      xlink:label="pattern_RetainedEarningsAccumulatedLosses_lbl"
      xml:lang="en"
      xlink:role="http://xbrlsite.azurewebsites.net/2016/conceptual-model/cm-roles/roles/originallyStatedLabel">Retained Earnings (Accumulated Losses), Origionally Stated</label>
    <label xlink:type="resource"
      xlink:label="pattern_RetainedEarningsAccumulatedLosses_lbl"
      xml:lang="en"
      xlink:role="http://www.xbrl.org/2006/role/restatedLabel">Retained Earnings (Accumulated Losses), Restated</label>
  </labelLink>
</linkbase>