<?xml version="1.0" encoding="UTF-8" standalone="no" ?><?xml-stylesheet type="text/xsl" href="file:/C:/Programs/XPE40/resources/System/XbrlFormula2008Trace-toHtml.xsl"?><formulaTrace type="Full Report" version="4.0.0.2125" date="Wed May 10 09:59:33 PDT 2017" baseURI="C:/Users/Charlie/Documents/CurrentVersions/DigitalFinancialReporting/BusinessUseCases/2017-05-07/BUC15-Adjustment/Adjustment-SampleInstance.xml" xmlns:xlink="http://www.w3.org/1999/xlink" xmlns:link="http://www.xbrl.org/2003/linkbase" xmlns:xsi="http://www.w3.org/2001/XMLSchema-instance" xmlns:xbrli="http://www.xbrl.org/2003/instance" xmlns:iso4217="http://www.xbrl.org/2003/iso4217" xsi:schemaLocation="http://xbrl.org/2006/xbrldi xbrldi-2006.xsd" >
 <assertionTest cnt="1" id="Assertion_Adjustment_Reconciles_PriorPeriodAdjustments" satisfied="satisfied" test="$VARIABLE_Restated=6000 = ($VARIABLE_Origional=4000 + $VARIABLE_Adjustment=2000)" type="valueAssertion" value="true" />
 <assertionTest cnt="1" id="ASSERTION_Adjustment_Reconciles_PriorPeriodAdjustments" satisfied="satisfied" test="$Restated=6000 = ($OrigionallyStated=4000 + $CorrectionOfError=3000 + $ManditoryAccountingChange=-1000)" type="valueAssertion" value="true" />
 <assertionTest cnt="1" id="ASSERTION_Adjustment_Reconciles_PriorPeriodAdjustments_TotalOnly" satisfied="satisfied" test="$Restated=6000 = ($OrigionallyStated=4000 + $PriorPeriodAdjustments=2000)" type="valueAssertion" value="true" />
 <assertionTest cnt="1" count="2" id="ASSERTION_Exists_RetainedEarningsAccumulatedLosses" satisfied="satisfied" test="[2]" type="existenceAssertion" value="2" />
 <assertionReport count="4">
 <assertionTest cnt="1" id="Assertion_Adjustment_Reconciles_PriorPeriodAdjustments" satisfied="satisfied" test="$VARIABLE_Restated=6000 = ($VARIABLE_Origional=4000 + $VARIABLE_Adjustment=2000)" type="valueAssertion" value="true" />
 <assertionTest cnt="1" id="ASSERTION_Adjustment_Reconciles_PriorPeriodAdjustments" satisfied="satisfied" test="$Restated=6000 = ($OrigionallyStated=4000 + $CorrectionOfError=3000 + $ManditoryAccountingChange=-1000)" type="valueAssertion" value="true" />
 <assertionTest cnt="1" id="ASSERTION_Adjustment_Reconciles_PriorPeriodAdjustments_TotalOnly" satisfied="satisfied" test="$Restated=6000 = ($OrigionallyStated=4000 + $PriorPeriodAdjustments=2000)" type="valueAssertion" value="true" />
 <assertionTest cnt="1" count="2" id="ASSERTION_Exists_RetainedEarningsAccumulatedLosses" satisfied="satisfied" test="[2]" type="existenceAssertion" value="2" />
  </assertionReport>
 <summary notSatisfiedAssertionCount="0" firedAssertionCount="4" duration="677ms" outputContextCount="0" outputUnitCount="0" firedFormulaCount="0" compiledFormulaCount="0" satisifiedAssertionCount="4" outputFactCount="0" compiledAssertionCount="4" />
</formulaTrace>
