<?xml version="1.0" encoding="utf-8"?>
<!--
Taxonomy Presentation Links linkbase based on XBRL standard Version 2.1.
Created by UBmatrix Taxonomy Designer 3.0.3.2436 (2009-06-02 13:18).  
Contact www.ubmatrix.com
Copyright (c) 2002-2017 UBmatrix inc., All Rights Reserved
Produced on 2017-05-10 10:02:08
-->
<linkbase
  xmlns="http://www.xbrl.org/2003/linkbase"
  xmlns:xsi="http://www.w3.org/2001/XMLSchema-instance"
  xmlns:xlink="http://www.w3.org/1999/xlink"
  xsi:schemaLocation="
    http://www.xbrl.org/2003/linkbase 
      http://www.xbrl.org/2003/xbrl-linkbase-2003-12-31.xsd
    ">
  <roleRef xlink:type="simple"
    xlink:href="Adjustment.xsd#PriorPeriodAdjustments"
    roleURI="http://xbrlsite.azurewebsites.net/DigitalFinancialReporting/BusinessUseCases/Adjustment/PriorPeriodAdjustments" />
  <roleRef xlink:type="simple"
    xlink:href="http://xbrlsite.azurewebsites.net/2016/conceptual-model/cm-roles.xsd#originallyStatedLabel"
    roleURI="http://xbrlsite.azurewebsites.net/2016/conceptual-model/cm-roles/roles/originallyStatedLabel" />
  <roleRef xlink:type="simple"
    xlink:href="http://www.xbrl.org/lrr/role/restated-2006-02-21.xsd#restatedLabel"
    roleURI="http://www.xbrl.org/2006/role/restatedLabel" />
  <presentationLink xlink:type="extended"
    xlink:role="http://xbrlsite.azurewebsites.net/DigitalFinancialReporting/BusinessUseCases/Adjustment/PriorPeriodAdjustments">
    <loc xlink:type="locator"
      xlink:label="pattern_PriorPeriodAdjustmentsTable"
      xlink:href="Adjustment.xsd#pattern_PriorPeriodAdjustmentsTable" />
    <loc xlink:type="locator"
      xlink:label="frm_LegalEntityAxis"
      xlink:href="http://xbrlsite.azurewebsites.net/DigitalFinancialReporting/Schemas/2017-05-07/frm.xsd#frm_LegalEntityAxis" />
    <presentationArc xlink:type="arc"
      xlink:arcrole="http://www.xbrl.org/2003/arcrole/parent-child"
      xlink:from="pattern_PriorPeriodAdjustmentsTable"
      xlink:to="frm_LegalEntityAxis"
      order="1"
      use="optional" />
    <loc xlink:type="locator"
      xlink:label="frm_ConsolidatedEntityMember"
      xlink:href="http://xbrlsite.azurewebsites.net/DigitalFinancialReporting/Schemas/2017-05-07/frm.xsd#frm_ConsolidatedEntityMember" />
    <presentationArc xlink:type="arc"
      xlink:arcrole="http://www.xbrl.org/2003/arcrole/parent-child"
      xlink:from="frm_LegalEntityAxis" xlink:to="frm_ConsolidatedEntityMember"
      order="1"
      use="optional" />
    <loc xlink:type="locator"
      xlink:label="frm_ReportDateAxis"
      xlink:href="http://xbrlsite.azurewebsites.net/DigitalFinancialReporting/Schemas/2017-05-07/frm.xsd#frm_ReportDateAxis" />
    <presentationArc xlink:type="arc"
      xlink:arcrole="http://www.xbrl.org/2003/arcrole/parent-child"
      xlink:from="pattern_PriorPeriodAdjustmentsTable"
      xlink:to="frm_ReportDateAxis"
      order="2"
      use="optional" />
    <loc xlink:type="locator"
      xlink:label="pattern_ReportedMarch212010Member"
      xlink:href="Adjustment.xsd#pattern_ReportedMarch212010Member" />
    <presentationArc xlink:type="arc"
      xlink:arcrole="http://www.xbrl.org/2003/arcrole/parent-child"
      xlink:from="frm_ReportDateAxis" xlink:to="pattern_ReportedMarch212010Member"
      order="1"
      use="optional" />
    <loc xlink:type="locator"
      xlink:label="pattern_ReportedMarch182011Member"
      xlink:href="Adjustment.xsd#pattern_ReportedMarch182011Member" />
    <presentationArc xlink:type="arc"
      xlink:arcrole="http://www.xbrl.org/2003/arcrole/parent-child"
      xlink:from="frm_ReportDateAxis" xlink:to="pattern_ReportedMarch182011Member"
      order="2"
      use="optional" />
    <loc xlink:type="locator"
      xlink:label="pattern_PriorPeriodAdjustmentsLineItems"
      xlink:href="Adjustment.xsd#pattern_PriorPeriodAdjustmentsLineItems" />
    <presentationArc xlink:type="arc"
      xlink:arcrole="http://www.xbrl.org/2003/arcrole/parent-child"
      xlink:from="pattern_PriorPeriodAdjustmentsTable"
      xlink:to="pattern_PriorPeriodAdjustmentsLineItems"
      order="3"
      use="optional" />
    <loc xlink:type="locator"
      xlink:label="pattern_PriorPeriodAdjustmentsToRetainedEarningsAdjustment"
      xlink:href="Adjustment.xsd#pattern_PriorPeriodAdjustmentsToRetainedEarningsAdjustment" />
    <presentationArc xlink:type="arc"
      xlink:arcrole="http://www.xbrl.org/2003/arcrole/parent-child"
      xlink:from="pattern_PriorPeriodAdjustmentsLineItems"
      xlink:to="pattern_PriorPeriodAdjustmentsToRetainedEarningsAdjustment"
      order="1"
      use="optional" />
    <loc xlink:type="locator"
      xlink:label="pattern_RetainedEarningsAccumulatedLosses"
      xlink:href="Adjustment.xsd#pattern_RetainedEarningsAccumulatedLosses" />
    <presentationArc xlink:type="arc"
      xlink:arcrole="http://www.xbrl.org/2003/arcrole/parent-child"
      xlink:from="pattern_PriorPeriodAdjustmentsToRetainedEarningsAdjustment"
      xlink:to="pattern_RetainedEarningsAccumulatedLosses"
      preferredLabel="http://xbrlsite.azurewebsites.net/2016/conceptual-model/cm-roles/roles/originallyStatedLabel"
      order="1"
      use="optional" />
    <loc xlink:type="locator"
      xlink:label="pattern_PriorPeriodAdjustmentsPeriodIncreaseDecreaseTotalRollUp"
      xlink:href="Adjustment.xsd#pattern_PriorPeriodAdjustmentsPeriodIncreaseDecreaseTotalRollUp" />
    <presentationArc xlink:type="arc"
      xlink:arcrole="http://www.xbrl.org/2003/arcrole/parent-child"
      xlink:from="pattern_PriorPeriodAdjustmentsToRetainedEarningsAdjustment"
      xlink:to="pattern_PriorPeriodAdjustmentsPeriodIncreaseDecreaseTotalRollUp"
      order="2"
      use="optional" />
    <loc xlink:type="locator"
      xlink:label="pattern_ChangesInAccountingPolicy"
      xlink:href="Adjustment.xsd#pattern_ChangesInAccountingPolicy" />
    <presentationArc xlink:type="arc"
      xlink:arcrole="http://www.xbrl.org/2003/arcrole/parent-child"
      xlink:from="pattern_PriorPeriodAdjustmentsPeriodIncreaseDecreaseTotalRollUp"
      xlink:to="pattern_ChangesInAccountingPolicy"
      order="1"
      use="optional" />
    <loc xlink:type="locator"
      xlink:label="pattern_CorrectionAnError"
      xlink:href="Adjustment.xsd#pattern_CorrectionAnError" />
    <presentationArc xlink:type="arc"
      xlink:arcrole="http://www.xbrl.org/2003/arcrole/parent-child"
      xlink:from="pattern_PriorPeriodAdjustmentsPeriodIncreaseDecreaseTotalRollUp"
      xlink:to="pattern_CorrectionAnError"
      order="2"
      use="optional" />
    <loc xlink:type="locator"
      xlink:label="pattern_PriorPeriodAdjustments"
      xlink:href="Adjustment.xsd#pattern_PriorPeriodAdjustments" />
    <presentationArc xlink:type="arc"
      xlink:arcrole="http://www.xbrl.org/2003/arcrole/parent-child"
      xlink:from="pattern_PriorPeriodAdjustmentsPeriodIncreaseDecreaseTotalRollUp"
      xlink:to="pattern_PriorPeriodAdjustments"
      preferredLabel="http://www.xbrl.org/2003/role/totalLabel"
      order="3"
      use="optional" />
  </presentationLink>
  <presentationLink xlink:type="extended"
    xlink:role="http://xbrlsite.azurewebsites.net/DigitalFinancialReporting/BusinessUseCases/Adjustment/PriorPeriodAdjustments">
    <loc xlink:type="locator"
      xlink:label="pattern_PriorPeriodAdjustmentsToRetainedEarningsAdjustment"
      xlink:href="Adjustment.xsd#pattern_PriorPeriodAdjustmentsToRetainedEarningsAdjustment" />
    <loc xlink:type="locator"
      xlink:label="pattern_RetainedEarningsAccumulatedLosses"
      xlink:href="Adjustment.xsd#pattern_RetainedEarningsAccumulatedLosses" />
    <presentationArc xlink:type="arc"
      xlink:arcrole="http://www.xbrl.org/2003/arcrole/parent-child"
      xlink:from="pattern_PriorPeriodAdjustmentsToRetainedEarningsAdjustment"
      xlink:to="pattern_RetainedEarningsAccumulatedLosses"
      preferredLabel="http://www.xbrl.org/2006/role/restatedLabel"
      order="3"
      use="optional" />
  </presentationLink>
</linkbase>