<?xml version="1.0" encoding="utf-8"?>
<!--
Taxonomy Label Links linkbase based on XBRL standard Version 2.1.
Created by UBmatrix Taxonomy Designer 3.0.3.2436 (2009-06-02 13:18).  
Contact www.ubmatrix.com
Copyright (c) 2002-2012 UBmatrix inc., All Rights Reserved
Produced on 2012-09-26 15:05:12
-->
<linkbase
  xmlns="http://www.xbrl.org/2003/linkbase"
  xmlns:xsi="http://www.w3.org/2001/XMLSchema-instance"
  xmlns:xlink="http://www.w3.org/1999/xlink"
  xsi:schemaLocation="
    http://www.xbrl.org/2003/linkbase 
      http://www.xbrl.org/2003/xbrl-linkbase-2003-12-31.xsd
    ">
  <labelLink xlink:type="extended"
    xlink:role="http://www.xbrl.org/2003/role/link">
    <loc xlink:type="locator"
      xlink:label="pattern_ConsumerHealthSegmentMember"
      xlink:href="Flow.xsd#pattern_ConsumerHealthSegmentMember" />
    <labelArc xlink:type="arc"
      xlink:arcrole="http://www.xbrl.org/2003/arcrole/concept-label"
      xlink:from="pattern_ConsumerHealthSegmentMember"
      xlink:to="pattern_ConsumerHealthSegmentMember_lbl" />
    <label xlink:type="resource"
      xlink:label="pattern_ConsumerHealthSegmentMember_lbl"
      xml:lang="en"
      xlink:role="http://www.xbrl.org/2003/role/label">Consumer Health Segment [Member]</label>
    <loc xlink:type="locator"
      xlink:label="pattern_GenericsSegmentMember"
      xlink:href="Flow.xsd#pattern_GenericsSegmentMember" />
    <labelArc xlink:type="arc"
      xlink:arcrole="http://www.xbrl.org/2003/arcrole/concept-label"
      xlink:from="pattern_GenericsSegmentMember"
      xlink:to="pattern_GenericsSegmentMember_lbl" />
    <label xlink:type="resource"
      xlink:label="pattern_GenericsSegmentMember_lbl"
      xml:lang="en"
      xlink:role="http://www.xbrl.org/2003/role/label">Generics Segment [Member]</label>
    <loc xlink:type="locator"
      xlink:label="pattern_OtherSegmentsMember"
      xlink:href="Flow.xsd#pattern_OtherSegmentsMember" />
    <labelArc xlink:type="arc"
      xlink:arcrole="http://www.xbrl.org/2003/arcrole/concept-label"
      xlink:from="pattern_OtherSegmentsMember"
      xlink:to="pattern_OtherSegmentsMember_lbl" />
    <label xlink:type="resource"
      xlink:label="pattern_OtherSegmentsMember_lbl"
      xml:lang="en"
      xlink:role="http://www.xbrl.org/2003/role/label">Other Segments [Member]</label>
    <loc xlink:type="locator"
      xlink:label="pattern_PharmaceuticalsSegmentMember"
      xlink:href="Flow.xsd#pattern_PharmaceuticalsSegmentMember" />
    <labelArc xlink:type="arc"
      xlink:arcrole="http://www.xbrl.org/2003/arcrole/concept-label"
      xlink:from="pattern_PharmaceuticalsSegmentMember"
      xlink:to="pattern_PharmaceuticalsSegmentMember_lbl" />
    <label xlink:type="resource"
      xlink:label="pattern_PharmaceuticalsSegmentMember_lbl"
      xml:lang="en"
      xlink:role="http://www.xbrl.org/2003/role/label">Pharmaceuticals Segment [Member]</label>
    <loc xlink:type="locator"
      xlink:label="pattern_SalesAnalysisByBusinessSegmentHierarchy"
      xlink:href="Flow.xsd#pattern_SalesAnalysisByBusinessSegmentHierarchy" />
    <labelArc xlink:type="arc"
      xlink:arcrole="http://www.xbrl.org/2003/arcrole/concept-label"
      xlink:from="pattern_SalesAnalysisByBusinessSegmentHierarchy"
      xlink:to="pattern_SalesAnalysisByBusinessSegmentHierarchy_lbl" />
    <label xlink:type="resource"
      xlink:label="pattern_SalesAnalysisByBusinessSegmentHierarchy_lbl"
      xml:lang="en"
      xlink:role="http://www.xbrl.org/2003/role/documentation">Nam non tortor non leo porta bibendum. Morbi eu pede.</label>
    <label xlink:type="resource"
      xlink:label="pattern_SalesAnalysisByBusinessSegmentHierarchy_lbl"
      xml:lang="en"
      xlink:role="http://www.xbrl.org/2003/role/label">Sales Analysis, by Business Segment [Hierarchy]</label>
    <loc xlink:type="locator"
      xlink:label="pattern_SalesAnalysisByBusinessSegmentLineItems"
      xlink:href="Flow.xsd#pattern_SalesAnalysisByBusinessSegmentLineItems" />
    <labelArc xlink:type="arc"
      xlink:arcrole="http://www.xbrl.org/2003/arcrole/concept-label"
      xlink:from="pattern_SalesAnalysisByBusinessSegmentLineItems"
      xlink:to="pattern_SalesAnalysisByBusinessSegmentLineItems_lbl" />
    <label xlink:type="resource"
      xlink:label="pattern_SalesAnalysisByBusinessSegmentLineItems_lbl"
      xml:lang="en"
      xlink:role="http://www.xbrl.org/2003/role/documentation">Ut venenatis, velit a accumsan interdum, odio metus mollis mauris, non pharetra augue arcu eu felis.</label>
    <label xlink:type="resource"
      xlink:label="pattern_SalesAnalysisByBusinessSegmentLineItems_lbl"
      xml:lang="en"
      xlink:role="http://www.xbrl.org/2003/role/label">Sales Analysis, by Business Segment [Line Items]</label>
    <loc xlink:type="locator"
      xlink:label="pattern_SalesAnalysisByBusinessSegmentTable"
      xlink:href="Flow.xsd#pattern_SalesAnalysisByBusinessSegmentTable" />
    <labelArc xlink:type="arc"
      xlink:arcrole="http://www.xbrl.org/2003/arcrole/concept-label"
      xlink:from="pattern_SalesAnalysisByBusinessSegmentTable"
      xlink:to="pattern_SalesAnalysisByBusinessSegmentTable_lbl" />
    <label xlink:type="resource"
      xlink:label="pattern_SalesAnalysisByBusinessSegmentTable_lbl"
      xml:lang="en"
      xlink:role="http://www.xbrl.org/2003/role/documentation">Vivamus quis nunc. Proin porta tincidunt nunc. Pellentesque condimentum commodo wisi.</label>
    <label xlink:type="resource"
      xlink:label="pattern_SalesAnalysisByBusinessSegmentTable_lbl"
      xml:lang="en"
      xlink:role="http://www.xbrl.org/2003/role/label">Sales Analysis, by Business Segment [Table]</label>
    <loc xlink:type="locator"
      xlink:label="pattern_SalesAnalysisByGeographicAreaHierarchy"
      xlink:href="Flow.xsd#pattern_SalesAnalysisByGeographicAreaHierarchy" />
    <labelArc xlink:type="arc"
      xlink:arcrole="http://www.xbrl.org/2003/arcrole/concept-label"
      xlink:from="pattern_SalesAnalysisByGeographicAreaHierarchy"
      xlink:to="pattern_SalesAnalysisByGeographicAreaHierarchy_lbl" />
    <label xlink:type="resource"
      xlink:label="pattern_SalesAnalysisByGeographicAreaHierarchy_lbl"
      xml:lang="en"
      xlink:role="http://www.xbrl.org/2003/role/documentation">Nullam lacinia sem. Duis sapien diam, dapibus sed, dictum quis, interdum ac, erat.</label>
    <label xlink:type="resource"
      xlink:label="pattern_SalesAnalysisByGeographicAreaHierarchy_lbl"
      xml:lang="en"
      xlink:role="http://www.xbrl.org/2003/role/label">Sales Analysis, by Geographic Area [Hierarchy]</label>
    <loc xlink:type="locator"
      xlink:label="pattern_SalesAnalysisByGeographicAreaLineItems"
      xlink:href="Flow.xsd#pattern_SalesAnalysisByGeographicAreaLineItems" />
    <labelArc xlink:type="arc"
      xlink:arcrole="http://www.xbrl.org/2003/arcrole/concept-label"
      xlink:from="pattern_SalesAnalysisByGeographicAreaLineItems"
      xlink:to="pattern_SalesAnalysisByGeographicAreaLineItems_lbl" />
    <label xlink:type="resource"
      xlink:label="pattern_SalesAnalysisByGeographicAreaLineItems_lbl"
      xml:lang="en"
      xlink:role="http://www.xbrl.org/2003/role/documentation">Nullam dui orci, scelerisque porttitor, volutpat a, porttitor a, enim. Sed lobortis. Maecenas scelerisque ullamcorper libero.</label>
    <label xlink:type="resource"
      xlink:label="pattern_SalesAnalysisByGeographicAreaLineItems_lbl"
      xml:lang="en"
      xlink:role="http://www.xbrl.org/2003/role/label">Sales Analysis, by Geographic Area [Line Items]</label>
    <loc xlink:type="locator"
      xlink:label="pattern_SalesAnalysisByGeographicAreaTable"
      xlink:href="Flow.xsd#pattern_SalesAnalysisByGeographicAreaTable" />
    <labelArc xlink:type="arc"
      xlink:arcrole="http://www.xbrl.org/2003/arcrole/concept-label"
      xlink:from="pattern_SalesAnalysisByGeographicAreaTable"
      xlink:to="pattern_SalesAnalysisByGeographicAreaTable_lbl" />
    <label xlink:type="resource"
      xlink:label="pattern_SalesAnalysisByGeographicAreaTable_lbl"
      xml:lang="en"
      xlink:role="http://www.xbrl.org/2003/role/documentation">Etiam viverra neque non sem. Nullam lacinia sem. Duis sapien diam, dapibus sed, dictum quis, interdum ac, erat. Suspendisse urna.</label>
    <label xlink:type="resource"
      xlink:label="pattern_SalesAnalysisByGeographicAreaTable_lbl"
      xml:lang="en"
      xlink:role="http://www.xbrl.org/2003/role/label">Sales Analysis, by Geographic Area [Table]</label>
    <loc xlink:type="locator"
      xlink:label="pattern_SalesAnalysisSchedule"
      xlink:href="Flow.xsd#pattern_SalesAnalysisSchedule" />
    <labelArc xlink:type="arc"
      xlink:arcrole="http://www.xbrl.org/2003/arcrole/concept-label"
      xlink:from="pattern_SalesAnalysisSchedule"
      xlink:to="pattern_SalesAnalysisSchedule_lbl" />
    <label xlink:type="resource"
      xlink:label="pattern_SalesAnalysisSchedule_lbl"
      xml:lang="en"
      xlink:role="http://www.xbrl.org/2003/role/label">Sales Analysis [Table]</label>
    <loc xlink:type="locator"
      xlink:label="pattern_SalesAnalysisSummaryHierarchy"
      xlink:href="Flow.xsd#pattern_SalesAnalysisSummaryHierarchy" />
    <labelArc xlink:type="arc"
      xlink:arcrole="http://www.xbrl.org/2003/arcrole/concept-label"
      xlink:from="pattern_SalesAnalysisSummaryHierarchy"
      xlink:to="pattern_SalesAnalysisSummaryHierarchy_lbl" />
    <label xlink:type="resource"
      xlink:label="pattern_SalesAnalysisSummaryHierarchy_lbl"
      xml:lang="en"
      xlink:role="http://www.xbrl.org/2003/role/documentation">In vel justo at urna rutrum ultrices. Cras consectetuer orci non lorem. Vestibulum bibendum aliquet augue.</label>
    <label xlink:type="resource"
      xlink:label="pattern_SalesAnalysisSummaryHierarchy_lbl"
      xml:lang="en"
      xlink:role="http://www.xbrl.org/2003/role/label">Sales Analysis, Summary [Hierarchy]</label>
    <loc xlink:type="locator"
      xlink:label="pattern_SalesAnalysisSummaryLineItems"
      xlink:href="Flow.xsd#pattern_SalesAnalysisSummaryLineItems" />
    <labelArc xlink:type="arc"
      xlink:arcrole="http://www.xbrl.org/2003/arcrole/concept-label"
      xlink:from="pattern_SalesAnalysisSummaryLineItems"
      xlink:to="pattern_SalesAnalysisSummaryLineItems_lbl" />
    <label xlink:type="resource"
      xlink:label="pattern_SalesAnalysisSummaryLineItems_lbl"
      xml:lang="en"
      xlink:role="http://www.xbrl.org/2003/role/documentation">Fusce gravida, ligula a placerat placerat, leo erat euismod lectus, et lacinia justo libero non pede.</label>
    <label xlink:type="resource"
      xlink:label="pattern_SalesAnalysisSummaryLineItems_lbl"
      xml:lang="en"
      xlink:role="http://www.xbrl.org/2003/role/label">Sales Analysis, Summary [Line Items]</label>
    <loc xlink:type="locator"
      xlink:label="pattern_SalesAnalysisSummaryTable"
      xlink:href="Flow.xsd#pattern_SalesAnalysisSummaryTable" />
    <labelArc xlink:type="arc"
      xlink:arcrole="http://www.xbrl.org/2003/arcrole/concept-label"
      xlink:from="pattern_SalesAnalysisSummaryTable"
      xlink:to="pattern_SalesAnalysisSummaryTable_lbl" />
    <label xlink:type="resource"
      xlink:label="pattern_SalesAnalysisSummaryTable_lbl"
      xml:lang="en"
      xlink:role="http://www.xbrl.org/2003/role/documentation">Sed mauris. Nulla facilisi. Fusce tristique posuere ipsum.</label>
    <label xlink:type="resource"
      xlink:label="pattern_SalesAnalysisSummaryTable_lbl"
      xml:lang="en"
      xlink:role="http://www.xbrl.org/2003/role/label">Sales Analysis, Summary [Table]</label>
    <loc xlink:type="locator"
      xlink:label="pattern_Sales"
      xlink:href="Flow.xsd#pattern_Sales" />
    <labelArc xlink:type="arc"
      xlink:arcrole="http://www.xbrl.org/2003/arcrole/concept-label"
      xlink:from="pattern_Sales" xlink:to="pattern_Sales_lbl" />
    <label xlink:type="resource"
      xlink:label="pattern_Sales_lbl" xml:lang="en"
      xlink:role="http://www.xbrl.org/2003/role/documentation">Praesent id mauris. Sed dapibus dui quis lectus. Donec id sem. Integer sit amet diam ac nibh consequat vestibulum.</label>
    <label xlink:type="resource"
      xlink:label="pattern_Sales_lbl" xml:lang="en"
      xlink:role="http://www.xbrl.org/2003/role/label">Sales</label>
  </labelLink>
</linkbase>