<?xml version="1.0" encoding="utf-8"?>
<!--
Taxonomy Reference Links linkbase based on XBRL standard Version 2.1.
Created by UBmatrix Taxonomy Designer 3.0.3.2433 (2009-05-15 09:36).  
Contact www.ubmatrix.com
Copyright (c) 2002-2010 UBmatrix inc., All Rights Reserved
Produced on 2010-08-08 07:58:15
-->
<linkbase
  xmlns="http://www.xbrl.org/2003/linkbase"
  xmlns:xsi="http://www.w3.org/2001/XMLSchema-instance"
  xmlns:xlink="http://www.w3.org/1999/xlink"
  xmlns:pattern="http://xbrlsite.azurewebsites.net/DigitalFinancialReporting/BusinessUseCases/generalComment"
  xmlns:ref="http://www.xbrl.org/2004/ref"
  xsi:schemaLocation="
    http://www.xbrl.org/2003/linkbase 
      http://www.xbrl.org/2003/xbrl-linkbase-2003-12-31.xsd
    http://xbrlsite.azurewebsites.net/DigitalFinancialReporting/BusinessUseCases/generalComment  GeneralComment.xsd
    http://www.xbrl.org/2004/ref 
      http://www.xbrl.org/2004/ref-2004-08-10.xsd
    ">
  <referenceLink xlink:type="extended"
    xlink:role="http://www.xbrl.org/2003/role/link">
    <loc xlink:type="locator"
      xlink:label="pattern_SalesNet"
      xlink:href="GeneralComment.xsd#pattern_SalesNet" />
    <referenceArc xlink:type="arc"
      xlink:arcrole="http://www.xbrl.org/2003/arcrole/concept-reference"
      xlink:from="pattern_SalesNet" xlink:to="pattern_SalesNet_ref" />
    <reference xlink:type="resource"
      xlink:role="http://www.xbrl.org/2003/role/reference"
      xlink:label="pattern_SalesNet_ref">
      <ref:Name>XASB</ref:Name>
      <ref:Number>1</ref:Number>
      <ref:Paragraph>1</ref:Paragraph>
      <ref:Subparagraph>C</ref:Subparagraph>
      <ref:Clause>i</ref:Clause>
      <ref:Subclause>II</ref:Subclause>
      <ref:Page>2</ref:Page>
    </reference>
  </referenceLink>
</linkbase>