<?xml version="1.0" encoding="utf-8"?>
<!--
Taxonomy Label Links linkbase based on XBRL standard Version 2.1.
Created by UBmatrix Taxonomy Designer 3.0.3.2433 (2009-05-15 09:36).  
Contact www.ubmatrix.com
Copyright (c) 2002-2011 UBmatrix inc., All Rights Reserved
Produced on 2011-07-16 09:09:28
-->
<linkbase
  xmlns="http://www.xbrl.org/2003/linkbase"
  xmlns:xsi="http://www.w3.org/2001/XMLSchema-instance"
  xmlns:xlink="http://www.w3.org/1999/xlink"
  xsi:schemaLocation="
    http://www.xbrl.org/2003/linkbase 
      http://www.xbrl.org/2003/xbrl-linkbase-2003-12-31.xsd
    ">
  <labelLink xlink:type="extended"
    xlink:role="http://www.xbrl.org/2003/role/link">
    <loc xlink:type="locator"
      xlink:label="pattern_BuildingsNet"
      xlink:href="SimpleRollUp.xsd#pattern_BuildingsNet" />
    <labelArc xlink:type="arc"
      xlink:arcrole="http://www.xbrl.org/2003/arcrole/concept-label"
      xlink:from="pattern_BuildingsNet" xlink:to="pattern_BuildingsNet_lbl" />
    <label xlink:type="resource"
      xlink:label="pattern_BuildingsNet_lbl"
      xml:lang="en"
      xlink:role="http://www.xbrl.org/2003/role/documentation">Pellentesque pede felis, rhoncus accumsan, luctus ut, facilisis vitae, tortor. Suspendisse potenti.</label>
    <label xlink:type="resource"
      xlink:label="pattern_BuildingsNet_lbl"
      xml:lang="en"
      xlink:role="http://www.xbrl.org/2003/role/label">Buildings, Net</label>
    <loc xlink:type="locator"
      xlink:label="pattern_ComputerEquipmentNet"
      xlink:href="SimpleRollUp.xsd#pattern_ComputerEquipmentNet" />
    <labelArc xlink:type="arc"
      xlink:arcrole="http://www.xbrl.org/2003/arcrole/concept-label"
      xlink:from="pattern_ComputerEquipmentNet"
      xlink:to="pattern_ComputerEquipmentNet_lbl" />
    <label xlink:type="resource"
      xlink:label="pattern_ComputerEquipmentNet_lbl"
      xml:lang="en"
      xlink:role="http://www.xbrl.org/2003/role/documentation">Nam rhoncus mi. Nunc eu dui non mauris interdum tincidunt. Sed magna felis, accumsan a, fermentum quis, varius sed, ipsum. Nullam leo.</label>
    <label xlink:type="resource"
      xlink:label="pattern_ComputerEquipmentNet_lbl"
      xml:lang="en"
      xlink:role="http://www.xbrl.org/2003/role/label">Computer Equipment, Net</label>
    <loc xlink:type="locator"
      xlink:label="pattern_FurnitureAndFixturesNet"
      xlink:href="SimpleRollUp.xsd#pattern_FurnitureAndFixturesNet" />
    <labelArc xlink:type="arc"
      xlink:arcrole="http://www.xbrl.org/2003/arcrole/concept-label"
      xlink:from="pattern_FurnitureAndFixturesNet"
      xlink:to="pattern_FurnitureAndFixturesNet_lbl" />
    <label xlink:type="resource"
      xlink:label="pattern_FurnitureAndFixturesNet_lbl"
      xml:lang="en"
      xlink:role="http://www.xbrl.org/2003/role/documentation">Ut ut risus nec nibh dictum posuere. Phasellus eleifend, diam vitae dapibus pulvinar, erat ligula auctor dui, eget congue justo lorem hendrerit tellus.</label>
    <label xlink:type="resource"
      xlink:label="pattern_FurnitureAndFixturesNet_lbl"
      xml:lang="en"
      xlink:role="http://www.xbrl.org/2003/role/label">Furniture and Fixtures, Net</label>
    <loc xlink:type="locator"
      xlink:label="pattern_Land"
      xlink:href="SimpleRollUp.xsd#pattern_Land" />
    <labelArc xlink:type="arc"
      xlink:arcrole="http://www.xbrl.org/2003/arcrole/concept-label"
      xlink:from="pattern_Land" xlink:to="pattern_Land_lbl" />
    <label xlink:type="resource"
      xlink:label="pattern_Land_lbl" xml:lang="en"
      xlink:role="http://www.xbrl.org/2003/role/documentation">In vel justo at urna rutrum ultrices. Cras consectetuer orci non lorem. Vestibulum bibendum aliquet augue.</label>
    <label xlink:type="resource"
      xlink:label="pattern_Land_lbl" xml:lang="en"
      xlink:role="http://www.xbrl.org/2003/role/periodEndLabel">Land, Ending Balance</label>
    <label xlink:type="resource"
      xlink:label="pattern_Land_lbl" xml:lang="en"
      xlink:role="http://www.xbrl.org/2003/role/periodStartLabel">Land, Beginning Balance</label>
    <label xlink:type="resource"
      xlink:label="pattern_Land_lbl" xml:lang="en"
      xlink:role="http://www.xbrl.org/2003/role/label">Land</label>
    <loc xlink:type="locator"
      xlink:label="pattern_OtherPropertyPlantAndEquipmentNet"
      xlink:href="SimpleRollUp.xsd#pattern_OtherPropertyPlantAndEquipmentNet" />
    <labelArc xlink:type="arc"
      xlink:arcrole="http://www.xbrl.org/2003/arcrole/concept-label"
      xlink:from="pattern_OtherPropertyPlantAndEquipmentNet"
      xlink:to="pattern_OtherPropertyPlantAndEquipmentNet_lbl" />
    <label xlink:type="resource"
      xlink:label="pattern_OtherPropertyPlantAndEquipmentNet_lbl"
      xml:lang="en"
      xlink:role="http://www.xbrl.org/2003/role/documentation">Mauris tincidunt cursus est. Nulla sit amet nibh. Sed elementum feugiat augue.</label>
    <label xlink:type="resource"
      xlink:label="pattern_OtherPropertyPlantAndEquipmentNet_lbl"
      xml:lang="en"
      xlink:role="http://www.xbrl.org/2003/role/label">Other Property, Plant and Equipment, Net</label>
    <loc xlink:type="locator"
      xlink:label="pattern_PropertyPlantAndEquipmentNet"
      xlink:href="SimpleRollUp.xsd#pattern_PropertyPlantAndEquipmentNet" />
    <labelArc xlink:type="arc"
      xlink:arcrole="http://www.xbrl.org/2003/arcrole/concept-label"
      xlink:from="pattern_PropertyPlantAndEquipmentNet"
      xlink:to="pattern_PropertyPlantAndEquipmentNet_lbl" />
    <label xlink:type="resource"
      xlink:label="pattern_PropertyPlantAndEquipmentNet_lbl"
      xml:lang="en"
      xlink:role="http://www.xbrl.org/2003/role/documentation">Suspendisse et lorem eu risus convallis placerat. Suspendisse potenti. Donec malesuada lorem id mi.</label>
    <label xlink:type="resource"
      xlink:label="pattern_PropertyPlantAndEquipmentNet_lbl"
      xml:lang="en"
      xlink:role="http://www.xbrl.org/2003/role/label">Property, Plant and Equipment, Net</label>
    <label xlink:type="resource"
      xlink:label="pattern_PropertyPlantAndEquipmentNet_lbl"
      xml:lang="en"
      xlink:role="http://www.xbrl.org/2003/role/totalLabel">Property, Plant and Equipment, Net, Total</label>
    <loc xlink:type="locator"
      xlink:label="pattern_PropertyPlantEquipmentByComponentLineItems"
      xlink:href="SimpleRollUp.xsd#pattern_PropertyPlantEquipmentByComponentLineItems" />
    <labelArc xlink:type="arc"
      xlink:arcrole="http://www.xbrl.org/2003/arcrole/concept-label"
      xlink:from="pattern_PropertyPlantEquipmentByComponentLineItems"
      xlink:to="pattern_PropertyPlantEquipmentByComponentLineItems_lbl" />
    <label xlink:type="resource"
      xlink:label="pattern_PropertyPlantEquipmentByComponentLineItems_lbl"
      xml:lang="en"
      xlink:role="http://www.xbrl.org/2003/role/documentation">Nulla sit amet nibh. Sed elementum feugiat augue. Nam non tortor non leo porta bibendum.</label>
    <label xlink:type="resource"
      xlink:label="pattern_PropertyPlantEquipmentByComponentLineItems_lbl"
      xml:lang="en"
      xlink:role="http://www.xbrl.org/2003/role/label">Property, Plant and Equipment, by Component [Line Items]</label>
    <loc xlink:type="locator"
      xlink:label="pattern_PropertyPlantEquipmentByComponentTable"
      xlink:href="SimpleRollUp.xsd#pattern_PropertyPlantEquipmentByComponentTable" />
    <labelArc xlink:type="arc"
      xlink:arcrole="http://www.xbrl.org/2003/arcrole/concept-label"
      xlink:from="pattern_PropertyPlantEquipmentByComponentTable"
      xlink:to="pattern_PropertyPlantEquipmentByComponentTable_lbl" />
    <label xlink:type="resource"
      xlink:label="pattern_PropertyPlantEquipmentByComponentTable_lbl"
      xml:lang="en"
      xlink:role="http://www.xbrl.org/2003/role/documentation">Proin feugiat lobortis mi. Nunc congue. Fusce venenatis. Maecenas tincidunt, ipsum in fringilla hendrerit, dolor metus eleifend neque, vel tincidunt mi nunc a purus.</label>
    <label xlink:type="resource"
      xlink:label="pattern_PropertyPlantEquipmentByComponentTable_lbl"
      xml:lang="en"
      xlink:role="http://www.xbrl.org/2003/role/label">Property, Plant and Equipment, by Component [Table]</label>
    <loc xlink:type="locator"
      xlink:label="pattern_PropertyPlantEquipmentNetRollUp"
      xlink:href="SimpleRollUp.xsd#pattern_PropertyPlantEquipmentNetRollUp" />
    <labelArc xlink:type="arc"
      xlink:arcrole="http://www.xbrl.org/2003/arcrole/concept-label"
      xlink:from="pattern_PropertyPlantEquipmentNetRollUp"
      xlink:to="pattern_PropertyPlantEquipmentNetRollUp_lbl" />
    <label xlink:type="resource"
      xlink:label="pattern_PropertyPlantEquipmentNetRollUp_lbl"
      xml:lang="en"
      xlink:role="http://www.xbrl.org/2003/role/documentation">Fusce gravida, ligula a placerat placerat, leo erat euismod lectus, et lacinia justo libero non pede.</label>
    <label xlink:type="resource"
      xlink:label="pattern_PropertyPlantEquipmentNetRollUp_lbl"
      xml:lang="en"
      xlink:role="http://www.xbrl.org/2003/role/label">Property, Plant and Equipment, Net [Roll Up]</label>
  </labelLink>
</linkbase>