<?xml version="1.0" encoding="utf-8"?>
<MeasureRelations>
   <FactGroup uniqueIdentifier="http://xbrlsite.azurewebsites.net/DigitalFinancialReporting/MemberArrangementPatterns/CompleteFlatSet/SubsequentEvents"
              label="Subsequent Events">
      <Measure name="pattern:SubsequentEventsTable" label="Subsequent Events [Table]"
               prefix="pattern"
               substitutionGroup="xbrldt:hypercubeItem">
         <Measure name="frm:LegalEntityAxis" label="Legal Entity [Axis]" prefix="frm"
                  substitutionGroup="xbrldt:dimensionItem">
            <Measure name="frm:ConsolidatedEntityMember" label="Consolidated Entity [Member]"
                     prefix="frm"
                     dataType="nonnum:domainItemType"
                     baseDataType="xbrli:stringItemType"
                     abstract="true"
                     periodType="duration"
                     substitutionGroup="xbrli:item"/>
         </Measure>
         <Measure name="pattern:SubsequentEventAxis" label="Subsequent Event [Axis]"
                  prefix="pattern"
                  substitutionGroup="xbrldt:dimensionItem">
            <Measure name="pattern:UncollectedReceivableMember"
                     label="Uncollected Receivable [Member]"
                     prefix="pattern"
                     dataType="nonnum:domainItemType"
                     baseDataType="xbrli:stringItemType"
                     abstract="false"
                     periodType="duration"
                     substitutionGroup="xbrli:item"/>
            <Measure name="pattern:PurchaseBusinessMember" label="Purchase of Business [Member]"
                     prefix="pattern"
                     dataType="nonnum:domainItemType"
                     baseDataType="xbrli:stringItemType"
                     abstract="false"
                     periodType="duration"
                     substitutionGroup="xbrli:item"/>
         </Measure>
         <Measure name="pattern:SubsequentEventLineItems" label="Subsequent Event [Line Items]"
                  prefix="pattern"
                  dataType="xbrli:stringItemType"
                  baseDataType="xbrli:stringItemType"
                  abstract="true"
                  periodType="duration"
                  substitutionGroup="xbrli:item">
            <Measure name="pattern:SubsequentEventHierarchy" label="Subsequent Event [Hierarchy]"
                     prefix="pattern"
                     dataType="xbrli:stringItemType"
                     baseDataType="xbrli:stringItemType"
                     abstract="true"
                     periodType="duration"
                     substitutionGroup="xbrli:item">
               <Measure name="pattern:SubsequentEventDescription" label="Subsequent Event, Description"
                        prefix="pattern"
                        dataType="xbrli:stringItemType"
                        baseDataType="xbrli:stringItemType"
                        abstract="false"
                        periodType="duration"
                        substitutionGroup="xbrli:item"/>
               <Measure name="pattern:SubsequentEventDate" label="Subsequent Event, Date"
                        prefix="pattern"
                        dataType="xbrli:dateItemType"
                        baseDataType="xbrli:dateItemType"
                        abstract="false"
                        periodType="duration"
                        substitutionGroup="xbrli:item"/>
            </Measure>
         </Measure>
      </Measure>
   </FactGroup>
   <FactGroup uniqueIdentifier="http://www.xbrl.org/2003/role/link"
              label="http://www.xbrl.org/2003/role/link"/>
</MeasureRelations>