<?xml version="1.0" encoding="utf-8"?>
<!--
Taxonomy Presentation Links linkbase based on XBRL standard Version 2.1.
Created by UBmatrix Taxonomy Designer 3.0.3.2436 (2009-06-02 13:18).  
Contact www.ubmatrix.com
Copyright (c) 2002-2017 UBmatrix inc., All Rights Reserved
Produced on 2017-05-09 09:59:39
-->
<linkbase
  xmlns="http://www.xbrl.org/2003/linkbase"
  xmlns:xsi="http://www.w3.org/2001/XMLSchema-instance"
  xmlns:xlink="http://www.w3.org/1999/xlink"
  xsi:schemaLocation="
    http://www.xbrl.org/2003/linkbase 
      http://www.xbrl.org/2003/xbrl-linkbase-2003-12-31.xsd
    ">
  <roleRef xlink:type="simple"
    xlink:href="CompleteFlatSet.xsd#DirectorCompensation"
    roleURI="http://xbrlsite.azurewebsites.net/DigitalFinancialReporting/MemberArrangementPatterns/CompleteFlatSet/SubsequentEvents" />
  <presentationLink xlink:type="extended"
    xlink:role="http://xbrlsite.azurewebsites.net/DigitalFinancialReporting/MemberArrangementPatterns/CompleteFlatSet/SubsequentEvents">
    <loc xlink:type="locator"
      xlink:label="pattern_SubsequentEventsTable"
      xlink:href="CompleteFlatSet.xsd#pattern_SubsequentEventsTable" />
    <loc xlink:type="locator"
      xlink:label="frm_LegalEntityAxis"
      xlink:href="http://xbrlsite.azurewebsites.net/DigitalFinancialReporting/Schemas/2017-05-07/frm.xsd#frm_LegalEntityAxis" />
    <presentationArc xlink:type="arc"
      xlink:arcrole="http://www.xbrl.org/2003/arcrole/parent-child"
      xlink:from="pattern_SubsequentEventsTable"
      xlink:to="frm_LegalEntityAxis"
      order="1"
      use="optional" />
    <loc xlink:type="locator"
      xlink:label="frm_ConsolidatedEntityMember"
      xlink:href="http://xbrlsite.azurewebsites.net/DigitalFinancialReporting/Schemas/2017-05-07/frm.xsd#frm_ConsolidatedEntityMember" />
    <presentationArc xlink:type="arc"
      xlink:arcrole="http://www.xbrl.org/2003/arcrole/parent-child"
      xlink:from="frm_LegalEntityAxis" xlink:to="frm_ConsolidatedEntityMember"
      order="1"
      use="optional" />
    <loc xlink:type="locator"
      xlink:label="pattern_SubsequentEventAxis"
      xlink:href="CompleteFlatSet.xsd#pattern_SubsequentEventAxis" />
    <presentationArc xlink:type="arc"
      xlink:arcrole="http://www.xbrl.org/2003/arcrole/parent-child"
      xlink:from="pattern_SubsequentEventsTable"
      xlink:to="pattern_SubsequentEventAxis"
      order="2"
      use="optional" />
    <loc xlink:type="locator"
      xlink:label="pattern_UncollectedReceivableMember"
      xlink:href="CompleteFlatSet.xsd#pattern_UncollectedReceivableMember" />
    <presentationArc xlink:type="arc"
      xlink:arcrole="http://www.xbrl.org/2003/arcrole/parent-child"
      xlink:from="pattern_SubsequentEventAxis"
      xlink:to="pattern_UncollectedReceivableMember"
      order="1"
      use="optional" />
    <loc xlink:type="locator"
      xlink:label="pattern_PurchaseBusinessMember"
      xlink:href="CompleteFlatSet.xsd#pattern_PurchaseBusinessMember" />
    <presentationArc xlink:type="arc"
      xlink:arcrole="http://www.xbrl.org/2003/arcrole/parent-child"
      xlink:from="pattern_SubsequentEventAxis"
      xlink:to="pattern_PurchaseBusinessMember"
      order="2"
      use="optional" />
    <loc xlink:type="locator"
      xlink:label="pattern_SubsequentEventLineItems"
      xlink:href="CompleteFlatSet.xsd#pattern_SubsequentEventLineItems" />
    <presentationArc xlink:type="arc"
      xlink:arcrole="http://www.xbrl.org/2003/arcrole/parent-child"
      xlink:from="pattern_SubsequentEventsTable"
      xlink:to="pattern_SubsequentEventLineItems"
      order="3"
      use="optional" />
    <loc xlink:type="locator"
      xlink:label="pattern_SubsequentEventHierarchy"
      xlink:href="CompleteFlatSet.xsd#pattern_SubsequentEventHierarchy" />
    <presentationArc xlink:type="arc"
      xlink:arcrole="http://www.xbrl.org/2003/arcrole/parent-child"
      xlink:from="pattern_SubsequentEventLineItems"
      xlink:to="pattern_SubsequentEventHierarchy"
      order="1"
      use="optional" />
    <loc xlink:type="locator"
      xlink:label="pattern_SubsequentEventDescription"
      xlink:href="CompleteFlatSet.xsd#pattern_SubsequentEventDescription" />
    <presentationArc xlink:type="arc"
      xlink:arcrole="http://www.xbrl.org/2003/arcrole/parent-child"
      xlink:from="pattern_SubsequentEventHierarchy"
      xlink:to="pattern_SubsequentEventDescription"
      order="1"
      use="optional" />
    <loc xlink:type="locator"
      xlink:label="pattern_SubsequentEventDate"
      xlink:href="CompleteFlatSet.xsd#pattern_SubsequentEventDate" />
    <presentationArc xlink:type="arc"
      xlink:arcrole="http://www.xbrl.org/2003/arcrole/parent-child"
      xlink:from="pattern_SubsequentEventHierarchy"
      xlink:to="pattern_SubsequentEventDate"
      order="2"
      use="optional" />
  </presentationLink>
</linkbase>