<?xml version="1.0" encoding="utf-8"?>
<!--
Taxonomy Definition Links linkbase based on XBRL standard Version 2.1.
Created by UBmatrix Taxonomy Designer 3.0.3.2436 (2009-06-02 13:18).  
Contact www.ubmatrix.com
Copyright (c) 2002-2018 UBmatrix inc., All Rights Reserved
Produced on 2018-09-29 11:08:22
-->
<linkbase
  xmlns="http://www.xbrl.org/2003/linkbase"
  xmlns:xsi="http://www.w3.org/2001/XMLSchema-instance"
  xmlns:xlink="http://www.w3.org/1999/xlink"
  xmlns:xbrldt="http://xbrl.org/2005/xbrldt"
  xsi:schemaLocation="
    http://www.xbrl.org/2003/linkbase 
      http://www.xbrl.org/2003/xbrl-linkbase-2003-12-31.xsd
    http://xbrl.org/2005/xbrldt  http://www.xbrl.org/2005/xbrldt-2005.xsd
    ">
  <roleRef xlink:type="simple"
    xlink:href="Template.xsd#SomeNetwork"
    roleURI="http://www.template.com/SomeNetwork" />
  <arcroleRef xlink:type="simple"
    xlink:href="http://www.xbrl.org/2005/xbrldt-2005.xsd#domain-member"
    arcroleURI="http://xbrl.org/int/dim/arcrole/domain-member" />
  <arcroleRef xlink:type="simple"
    xlink:href="http://www.xbrl.org/2005/xbrldt-2005.xsd#all"
    arcroleURI="http://xbrl.org/int/dim/arcrole/all" />
  <arcroleRef xlink:type="simple"
    xlink:href="http://www.xbrl.org/2005/xbrldt-2005.xsd#hypercube-dimension"
    arcroleURI="http://xbrl.org/int/dim/arcrole/hypercube-dimension" />
  <arcroleRef xlink:type="simple"
    xlink:href="http://www.xbrl.org/2005/xbrldt-2005.xsd#dimension-domain"
    arcroleURI="http://xbrl.org/int/dim/arcrole/dimension-domain" />
  <arcroleRef xlink:type="simple"
    xlink:href="http://www.xbrl.org/2005/xbrldt-2005.xsd#dimension-default"
    arcroleURI="http://xbrl.org/int/dim/arcrole/dimension-default" />
  <definitionLink xlink:type="extended"
    xlink:role="http://www.template.com/SomeNetwork"
    xlink:title="Some Network">
    <loc xlink:type="locator"
      xlink:label="us-gaap_ScheduleOfAvailableForSaleSecuritiesLineItems"
      xlink:href="http://xbrl.fasb.org/us-gaap/2017/elts/us-gaap-2017-01-31.xsd#us-gaap_ScheduleOfAvailableForSaleSecuritiesLineItems" />
    <loc xlink:type="locator"
      xlink:label="us-gaap_AvailableForSaleSecuritiesDebtMaturitiesWithinOneYearAmortizedCost"
      xlink:href="http://xbrl.fasb.org/us-gaap/2017/elts/us-gaap-2017-01-31.xsd#us-gaap_AvailableForSaleSecuritiesDebtMaturitiesWithinOneYearAmortizedCost" />
    <definitionArc xlink:type="arc"
      xlink:arcrole="http://xbrl.org/int/dim/arcrole/domain-member"
      xlink:from="us-gaap_ScheduleOfAvailableForSaleSecuritiesLineItems"
      xlink:to="us-gaap_AvailableForSaleSecuritiesDebtMaturitiesWithinOneYearAmortizedCost"
      order="1"
      use="optional" />
    <loc xlink:type="locator"
      xlink:label="us-gaap_ScheduleOfAvailableForSaleSecuritiesTable"
      xlink:href="http://xbrl.fasb.org/us-gaap/2017/elts/us-gaap-2017-01-31.xsd#us-gaap_ScheduleOfAvailableForSaleSecuritiesTable" />
    <definitionArc xlink:type="arc"
      xlink:arcrole="http://xbrl.org/int/dim/arcrole/all"
      xlink:from="us-gaap_ScheduleOfAvailableForSaleSecuritiesLineItems"
      xlink:to="us-gaap_ScheduleOfAvailableForSaleSecuritiesTable"
      order="2"
      use="optional"
      xbrldt:contextElement="segment"
      xbrldt:closed="true" />
    <loc xlink:type="locator"
      xlink:label="us-gaap_MajorTypesOfDebtAndEquitySecuritiesAxis"
      xlink:href="http://xbrl.fasb.org/us-gaap/2017/elts/us-gaap-2017-01-31.xsd#us-gaap_MajorTypesOfDebtAndEquitySecuritiesAxis" />
    <definitionArc xlink:type="arc"
      xlink:arcrole="http://xbrl.org/int/dim/arcrole/hypercube-dimension"
      xlink:from="us-gaap_ScheduleOfAvailableForSaleSecuritiesTable"
      xlink:to="us-gaap_MajorTypesOfDebtAndEquitySecuritiesAxis"
      order="1"
      use="optional" />
    <loc xlink:type="locator"
      xlink:label="us-gaap_MajorTypesOfDebtAndEquitySecuritiesDomain"
      xlink:href="http://xbrl.fasb.org/us-gaap/2017/elts/us-gaap-2017-01-31.xsd#us-gaap_MajorTypesOfDebtAndEquitySecuritiesDomain" />
    <definitionArc xlink:type="arc"
      xlink:arcrole="http://xbrl.org/int/dim/arcrole/dimension-domain"
      xlink:from="us-gaap_MajorTypesOfDebtAndEquitySecuritiesAxis"
      xlink:to="us-gaap_MajorTypesOfDebtAndEquitySecuritiesDomain"
      order="1"
      use="optional" />
    <loc xlink:type="locator"
      xlink:label="us-gaap_USTreasurySecuritiesMember"
      xlink:href="http://xbrl.fasb.org/us-gaap/2017/elts/us-gaap-2017-01-31.xsd#us-gaap_USTreasurySecuritiesMember" />
    <definitionArc xlink:type="arc"
      xlink:arcrole="http://xbrl.org/int/dim/arcrole/domain-member"
      xlink:from="us-gaap_MajorTypesOfDebtAndEquitySecuritiesDomain"
      xlink:to="us-gaap_USTreasurySecuritiesMember"
      order="1"
      use="optional" />
    <loc xlink:type="locator"
      xlink:label="us-gaap_CorporateBondSecuritiesMember"
      xlink:href="http://xbrl.fasb.org/us-gaap/2017/elts/us-gaap-2017-01-31.xsd#us-gaap_CorporateBondSecuritiesMember" />
    <definitionArc xlink:type="arc"
      xlink:arcrole="http://xbrl.org/int/dim/arcrole/domain-member"
      xlink:from="us-gaap_MajorTypesOfDebtAndEquitySecuritiesDomain"
      xlink:to="us-gaap_CorporateBondSecuritiesMember"
      order="2"
      use="optional" />
    <loc xlink:type="locator"
      xlink:label="us-gaap_SovereignDebtSecuritiesMember"
      xlink:href="http://xbrl.fasb.org/us-gaap/2017/elts/us-gaap-2017-01-31.xsd#us-gaap_SovereignDebtSecuritiesMember" />
    <definitionArc xlink:type="arc"
      xlink:arcrole="http://xbrl.org/int/dim/arcrole/domain-member"
      xlink:from="us-gaap_MajorTypesOfDebtAndEquitySecuritiesDomain"
      xlink:to="us-gaap_SovereignDebtSecuritiesMember"
      order="3"
      use="optional" />
    <loc xlink:type="locator"
      xlink:label="us-gaap_AvailableForSaleSecuritiesDebtMaturitiesAfterOneThroughFiveYearsAmortizedCost"
      xlink:href="http://xbrl.fasb.org/us-gaap/2017/elts/us-gaap-2017-01-31.xsd#us-gaap_AvailableForSaleSecuritiesDebtMaturitiesAfterOneThroughFiveYearsAmortizedCost" />
    <definitionArc xlink:type="arc"
      xlink:arcrole="http://xbrl.org/int/dim/arcrole/domain-member"
      xlink:from="us-gaap_ScheduleOfAvailableForSaleSecuritiesLineItems"
      xlink:to="us-gaap_AvailableForSaleSecuritiesDebtMaturitiesAfterOneThroughFiveYearsAmortizedCost"
      order="3"
      use="optional" />
    <loc xlink:type="locator"
      xlink:label="us-gaap_AvailableForSaleSecuritiesDebtMaturitiesAfterFiveThroughTenYearsAmortizedCost"
      xlink:href="http://xbrl.fasb.org/us-gaap/2017/elts/us-gaap-2017-01-31.xsd#us-gaap_AvailableForSaleSecuritiesDebtMaturitiesAfterFiveThroughTenYearsAmortizedCost" />
    <definitionArc xlink:type="arc"
      xlink:arcrole="http://xbrl.org/int/dim/arcrole/domain-member"
      xlink:from="us-gaap_ScheduleOfAvailableForSaleSecuritiesLineItems"
      xlink:to="us-gaap_AvailableForSaleSecuritiesDebtMaturitiesAfterFiveThroughTenYearsAmortizedCost"
      order="4"
      use="optional" />
    <loc xlink:type="locator"
      xlink:label="us-gaap_AvailableForSaleSecuritiesDebtMaturitiesAfterTenYearsAmortizedCost"
      xlink:href="http://xbrl.fasb.org/us-gaap/2017/elts/us-gaap-2017-01-31.xsd#us-gaap_AvailableForSaleSecuritiesDebtMaturitiesAfterTenYearsAmortizedCost" />
    <definitionArc xlink:type="arc"
      xlink:arcrole="http://xbrl.org/int/dim/arcrole/domain-member"
      xlink:from="us-gaap_ScheduleOfAvailableForSaleSecuritiesLineItems"
      xlink:to="us-gaap_AvailableForSaleSecuritiesDebtMaturitiesAfterTenYearsAmortizedCost"
      order="5"
      use="optional" />
    <loc xlink:type="locator"
      xlink:label="us-gaap_AvailableForSaleSecuritiesDebtMaturitiesWithoutSingleMaturityDateAmortizedCost"
      xlink:href="http://xbrl.fasb.org/us-gaap/2017/elts/us-gaap-2017-01-31.xsd#us-gaap_AvailableForSaleSecuritiesDebtMaturitiesWithoutSingleMaturityDateAmortizedCost" />
    <definitionArc xlink:type="arc"
      xlink:arcrole="http://xbrl.org/int/dim/arcrole/domain-member"
      xlink:from="us-gaap_ScheduleOfAvailableForSaleSecuritiesLineItems"
      xlink:to="us-gaap_AvailableForSaleSecuritiesDebtMaturitiesWithoutSingleMaturityDateAmortizedCost"
      order="6"
      use="optional" />
    <loc xlink:type="locator"
      xlink:label="us-gaap_AvailableForSaleSecuritiesDebtMaturitiesWithinOneYearFairValue"
      xlink:href="http://xbrl.fasb.org/us-gaap/2017/elts/us-gaap-2017-01-31.xsd#us-gaap_AvailableForSaleSecuritiesDebtMaturitiesWithinOneYearFairValue" />
    <definitionArc xlink:type="arc"
      xlink:arcrole="http://xbrl.org/int/dim/arcrole/domain-member"
      xlink:from="us-gaap_ScheduleOfAvailableForSaleSecuritiesLineItems"
      xlink:to="us-gaap_AvailableForSaleSecuritiesDebtMaturitiesWithinOneYearFairValue"
      order="7"
      use="optional" />
    <loc xlink:type="locator"
      xlink:label="us-gaap_AvailableForSaleSecuritiesDebtMaturitiesAfterOneThroughFiveYearsFairValue"
      xlink:href="http://xbrl.fasb.org/us-gaap/2017/elts/us-gaap-2017-01-31.xsd#us-gaap_AvailableForSaleSecuritiesDebtMaturitiesAfterOneThroughFiveYearsFairValue" />
    <definitionArc xlink:type="arc"
      xlink:arcrole="http://xbrl.org/int/dim/arcrole/domain-member"
      xlink:from="us-gaap_ScheduleOfAvailableForSaleSecuritiesLineItems"
      xlink:to="us-gaap_AvailableForSaleSecuritiesDebtMaturitiesAfterOneThroughFiveYearsFairValue"
      order="8"
      use="optional" />
    <loc xlink:type="locator"
      xlink:label="us-gaap_AvailableForSaleSecuritiesDebtMaturitiesAfterFiveThroughTenYearsFairValue"
      xlink:href="http://xbrl.fasb.org/us-gaap/2017/elts/us-gaap-2017-01-31.xsd#us-gaap_AvailableForSaleSecuritiesDebtMaturitiesAfterFiveThroughTenYearsFairValue" />
    <definitionArc xlink:type="arc"
      xlink:arcrole="http://xbrl.org/int/dim/arcrole/domain-member"
      xlink:from="us-gaap_ScheduleOfAvailableForSaleSecuritiesLineItems"
      xlink:to="us-gaap_AvailableForSaleSecuritiesDebtMaturitiesAfterFiveThroughTenYearsFairValue"
      order="9"
      use="optional" />
    <loc xlink:type="locator"
      xlink:label="us-gaap_AvailableForSaleSecuritiesDebtMaturitiesAfterTenYearsFairValue"
      xlink:href="http://xbrl.fasb.org/us-gaap/2017/elts/us-gaap-2017-01-31.xsd#us-gaap_AvailableForSaleSecuritiesDebtMaturitiesAfterTenYearsFairValue" />
    <definitionArc xlink:type="arc"
      xlink:arcrole="http://xbrl.org/int/dim/arcrole/domain-member"
      xlink:from="us-gaap_ScheduleOfAvailableForSaleSecuritiesLineItems"
      xlink:to="us-gaap_AvailableForSaleSecuritiesDebtMaturitiesAfterTenYearsFairValue"
      order="10"
      use="optional" />
    <loc xlink:type="locator"
      xlink:label="us-gaap_AvailableForSaleSecuritiesDebtMaturitiesWithoutSingleMaturityDateFairValue"
      xlink:href="http://xbrl.fasb.org/us-gaap/2017/elts/us-gaap-2017-01-31.xsd#us-gaap_AvailableForSaleSecuritiesDebtMaturitiesWithoutSingleMaturityDateFairValue" />
    <definitionArc xlink:type="arc"
      xlink:arcrole="http://xbrl.org/int/dim/arcrole/domain-member"
      xlink:from="us-gaap_ScheduleOfAvailableForSaleSecuritiesLineItems"
      xlink:to="us-gaap_AvailableForSaleSecuritiesDebtMaturitiesWithoutSingleMaturityDateFairValue"
      order="11"
      use="optional" />
    <loc xlink:type="locator"
      xlink:label="us-gaap_AvailableForSaleSecuritiesDebtSecurities"
      xlink:href="http://xbrl.fasb.org/us-gaap/2017/elts/us-gaap-2017-01-31.xsd#us-gaap_AvailableForSaleSecuritiesDebtSecurities" />
    <definitionArc xlink:type="arc"
      xlink:arcrole="http://xbrl.org/int/dim/arcrole/domain-member"
      xlink:from="us-gaap_ScheduleOfAvailableForSaleSecuritiesLineItems"
      xlink:to="us-gaap_AvailableForSaleSecuritiesDebtSecurities"
      order="12"
      use="optional" />
    <loc xlink:type="locator"
      xlink:label="us-gaap_AvailableForSaleSecuritiesAmortizedCost"
      xlink:href="http://xbrl.fasb.org/us-gaap/2017/elts/us-gaap-2017-01-31.xsd#us-gaap_AvailableForSaleSecuritiesAmortizedCost" />
    <definitionArc xlink:type="arc"
      xlink:arcrole="http://xbrl.org/int/dim/arcrole/domain-member"
      xlink:from="us-gaap_ScheduleOfAvailableForSaleSecuritiesLineItems"
      xlink:to="us-gaap_AvailableForSaleSecuritiesAmortizedCost"
      order="13"
      use="optional" />
  </definitionLink>
  <definitionLink xlink:type="extended"
    xlink:role="http://www.template.com/SomeNetwork"
    xlink:title="Some Network">
    <loc xlink:type="locator"
      xlink:label="us-gaap_MajorTypesOfDebtAndEquitySecuritiesAxis"
      xlink:href="http://xbrl.fasb.org/us-gaap/2017/elts/us-gaap-2017-01-31.xsd#us-gaap_MajorTypesOfDebtAndEquitySecuritiesAxis" />
    <loc xlink:type="locator"
      xlink:label="us-gaap_MajorTypesOfDebtAndEquitySecuritiesDomain"
      xlink:href="http://xbrl.fasb.org/us-gaap/2017/elts/us-gaap-2017-01-31.xsd#us-gaap_MajorTypesOfDebtAndEquitySecuritiesDomain" />
    <definitionArc xlink:type="arc"
      xlink:arcrole="http://xbrl.org/int/dim/arcrole/dimension-default"
      xlink:from="us-gaap_MajorTypesOfDebtAndEquitySecuritiesAxis"
      xlink:to="us-gaap_MajorTypesOfDebtAndEquitySecuritiesDomain"
      order="1"
      use="optional" />
  </definitionLink>
</linkbase>