<?xml version='1.0' encoding='UTF-8'?>
<!-- Created by Charles Hoffman, CPA: 2013-05-15 -->
<link:linkbase
	xmlns:xsi="http://www.w3.org/2001/XMLSchema-instance"
	xmlns:xs="http://www.w3.org/2001/XMLSchema"
	xmlns:xbrli="http://www.xbrl.org/2003/instance" 
	xmlns:xlink="http://www.w3.org/1999/xlink"
	xmlns:link="http://www.xbrl.org/2003/linkbase"
	xmlns:xfi='http://www.xbrl.org/2008/function/instance'
	xmlns:num="http://www.xbrl.org/dtr/type/numeric"
	xmlns:generic="http://xbrl.org/2008/generic"
	xmlns:formula="http://xbrl.org/2008/formula"
	xmlns:validation="http://xbrl.org/2008/validation"
	xmlns:ca="http://xbrl.org/2008/assertion/consistency"
   xmlns:ea="http://xbrl.org/2008/assertion/existence"
   xmlns:va="http://xbrl.org/2008/assertion/value"
	xmlns:variable="http://xbrl.org/2008/variable"
	xmlns:pf="http://xbrl.org/2008/filter/period"
	xmlns:cf="http://xbrl.org/2008/filter/concept"
	xmlns:df="http://xbrl.org/2008/filter/dimension"
	xmlns:gf="http://xbrl.org/2008/filter/general"
	xmlns:label="http://xbrl.org/2008/label"
   xmlns:uf="http://xbrl.org/2008/filter/unit"
   xmlns:ef="http://xbrl.org/2008/filter/entity"
   xmlns:msg="http://xbrl.org/2010/message"
 
 xmlns:dei='http://xbrl.sec.gov/dei/2014-01-31'
 xmlns:us-gaap='http://fasb.org/us-gaap/2017-01-31'
 
 xmlns:added='http://www.template.com/added'
 
 xsi:schemaLocation='
		http://www.xbrl.org/2003/linkbase http://www.xbrl.org/2003/xbrl-linkbase-2003-12-31.xsd
		http://www.xbrl.org/dtr/type/numeric http://www.xbrl.org/dtr/type/numeric-2009-12-16.xsd
		http://xbrl.org/2008/generic http://www.xbrl.org/2008/generic-link.xsd
		http://xbrl.org/2008/formula http://www.xbrl.org/2008/formula.xsd
		http://xbrl.org/2008/label http://www.xbrl.org/2008/generic-label.xsd
		http://xbrl.org/2008/assertion/consistency http://www.xbrl.org/2008/consistency-assertion.xsd
      http://xbrl.org/2008/assertion/existence http://www.xbrl.org/2008/existence-assertion.xsd
      http://xbrl.org/2008/assertion/value http://www.xbrl.org/2008/value-assertion.xsd
		http://xbrl.org/2008/filter/period http://www.xbrl.org/2008/period-filter.xsd
		http://xbrl.org/2008/filter/concept http://www.xbrl.org/2008/concept-filter.xsd
		http://xbrl.org/2008/filter/dimension http://www.xbrl.org/2008/dimension-filter.xsd
		http://xbrl.org/2008/filter/general http://www.xbrl.org/2008/general-filter.xsd
		http://xbrl.org/2008/filter/unit http://www.xbrl.org/2008/unit-filter.xsd
		http://xbrl.org/2008/filter/entity http://www.xbrl.org/2008/entity-filter.xsd
		http://xbrl.org/2008/variable http://www.xbrl.org/2008/variable.xsd
		http://xbrl.org/2008/validation http://www.xbrl.org/2008/validation.xsd
      http://xbrl.org/2010/message http://www.xbrl.org/2010/generic-message.xsd
  '>
 
	<!-- ArcroleRef declarations.  All these are declared by XBRL Formulas. -->
	<link:arcroleRef arcroleURI="http://xbrl.org/arcrole/2008/element-label" xlink:href="http://www.xbrl.org/2008/generic-label.xsd#element-label" xlink:type="simple"/>
	<link:arcroleRef arcroleURI="http://xbrl.org/arcrole/2008/variable-set" xlink:href="http://www.xbrl.org/2008/variable.xsd#variable-set" xlink:type="simple"/>
	<link:arcroleRef arcroleURI="http://xbrl.org/arcrole/2008/variable-filter" xlink:href="http://www.xbrl.org/2008/variable.xsd#variable-filter" xlink:type="simple"/>
	<link:arcroleRef arcroleURI="http://xbrl.org/arcrole/2008/variable-set-precondition" xlink:href="http://www.xbrl.org/2008/variable.xsd#variable-set-precondition" xlink:type="simple"/>
	<link:arcroleRef arcroleURI="http://xbrl.org/arcrole/2008/consistency-assertion-formula" xlink:href="http://www.xbrl.org/2008/consistency-assertion.xsd#consistency-assertion-formula" xlink:type="simple"/>

	<link:roleRef roleURI="http://www.xbrl.org/2008/role/link" xlink:href="http://www.xbrl.org/2008/generic-link.xsd#standard-link-role" xlink:type="simple"/>
	<link:roleRef roleURI="http://www.xbrl.org/2008/role/label" xlink:href="http://www.xbrl.org/2008/generic-label.xsd#standard-label" xlink:type="simple"/>
	<link:roleRef roleURI="http://www.xbrl.org/2010/role/message" xlink:href="http://www.xbrl.org/2010/generic-message.xsd#standard-message" xlink:type="simple"/>

	<link:arcroleRef arcroleURI="http://xbrl.org/arcrole/2010/assertion-satisfied-message" xlink:href="http://www.xbrl.org/2010/validation-message.xsd#assertion-satisfied-message" xlink:type="simple"/>
	<link:arcroleRef arcroleURI="http://xbrl.org/arcrole/2010/assertion-unsatisfied-message" xlink:href="http://www.xbrl.org/2010/validation-message.xsd#assertion-unsatisfied-message" xlink:type="simple"/>

	<link:documentation> 
		Template
	</link:documentation>
 
 
   <link:roleRef xlink:type='simple' xlink:href='Template.xsd#SomeNetwork' roleURI='http://www.template.com/SomeNetwork' />
 
 

     <generic:link xlink:type='extended' xlink:role='http://www.xbrl.org/2003/role/link'>
		       <va:valueAssertion xlink:type='resource' xlink:label='ASSERTION_RollUp'
		         id='ASSERTION_RollUp_AmortizedCost'
		         aspectModel='dimensional' 
		         implicitFiltering='true' 
		         test='$Total_AmortizedCost = ($OneYear + $AfterOneThroughFive + $AfterFiveThroughTen + $AfterTenYears + $WithoutSingleMaturityDate)' />
		
				<generic:arc xlink:type='arc' xlink:arcrole='http://xbrl.org/arcrole/2008/element-label'
				    xlink:from='ASSERTION_RollUp' 
				    xlink:to='ASSERTION_Label'
				    order='1.0'/>
				
				<label:label xlink:type='resource' xlink:label='ASSERTION_Label' xlink:role='http://www.xbrl.org/2008/role/label' 
				    xml:lang='en'>Total contractual maturities at amortized cost foot.</label:label>

			    <!-- ARC: (B) to (C)(Formula to Variable) -->
			    <variable:variableArc xlink:type='arc' xlink:arcrole='http://xbrl.org/arcrole/2008/variable-set' 
			             xlink:from='ASSERTION_RollUp' order='1.0' 
			             xlink:to='VARIABLE_Total'
			             name='Total_AmortizedCost' 
			             />
		
			    <variable:variableArc xlink:type='arc' xlink:arcrole='http://xbrl.org/arcrole/2008/variable-set' 
			             xlink:from='ASSERTION_RollUp' order='1.0' 
			             xlink:to='VARIABLE_A' 
			             name='OneYear' 
			             />
			    <variable:variableArc xlink:type='arc' xlink:arcrole='http://xbrl.org/arcrole/2008/variable-set' 
			             xlink:from='ASSERTION_RollUp' order='1.0' 
			             xlink:to='VARIABLE_B' 
			             name='AfterOneThroughFive' 
			             />
			    <variable:variableArc xlink:type='arc' xlink:arcrole='http://xbrl.org/arcrole/2008/variable-set' 
			             xlink:from='ASSERTION_RollUp' order='1.0' 
			             xlink:to='VARIABLE_C' 
			             name='AfterFiveThroughTen' 
			             />
			    <variable:variableArc xlink:type='arc' xlink:arcrole='http://xbrl.org/arcrole/2008/variable-set' 
			             xlink:from='ASSERTION_RollUp' order='1.0' 
			             xlink:to='VARIABLE_D' 
			             name='AfterTenYears' 
			             />
			    <variable:variableArc xlink:type='arc' xlink:arcrole='http://xbrl.org/arcrole/2008/variable-set' 
			             xlink:from='ASSERTION_RollUp' order='1.0' 
			             xlink:to='VARIABLE_E' 
			             name='WithoutSingleMaturityDate' 
			             />
				
			    <!--  RESOURCE: VARIABLES-Fact -->
			    <variable:factVariable xlink:type='resource' xlink:label='VARIABLE_Total' bindAsSequence='false' />
		
			    <variable:factVariable xlink:type='resource' xlink:label='VARIABLE_A' bindAsSequence='false' />
			    <variable:factVariable xlink:type='resource' xlink:label='VARIABLE_B' bindAsSequence='false' />
			    <variable:factVariable xlink:type='resource' xlink:label='VARIABLE_C' bindAsSequence='false' />
			    <variable:factVariable xlink:type='resource' xlink:label='VARIABLE_D' bindAsSequence='false' />
			    <variable:factVariable xlink:type='resource' xlink:label='VARIABLE_E' bindAsSequence='false' />
		
			    <!--  ARC: (Variables to Filters) -->
			    <variable:variableFilterArc xlink:type='arc' xlink:arcrole='http://xbrl.org/arcrole/2008/variable-filter' 
			             xlink:from='VARIABLE_Total' 
			             xlink:to='FILTER_Total' order='1.0' complement='false' cover='true' />
		
			    <variable:variableFilterArc xlink:type='arc' xlink:arcrole='http://xbrl.org/arcrole/2008/variable-filter' 
			             xlink:from='VARIABLE_A' 
			             xlink:to='FILTER_A' order='1.0' complement='false' cover='true' />
			    <variable:variableFilterArc xlink:type='arc' xlink:arcrole='http://xbrl.org/arcrole/2008/variable-filter' 
			             xlink:from='VARIABLE_B' 
			             xlink:to='FILTER_B' order='1.0' complement='false' cover='true' 
			             />
			    <variable:variableFilterArc xlink:type='arc' xlink:arcrole='http://xbrl.org/arcrole/2008/variable-filter' 
			             xlink:from='VARIABLE_C' 
			             xlink:to='FILTER_C' order='1.0' complement='false' cover='true' 
			             />
			    <variable:variableFilterArc xlink:type='arc' xlink:arcrole='http://xbrl.org/arcrole/2008/variable-filter' 
			             xlink:from='VARIABLE_D' 
			             xlink:to='FILTER_D' order='1.0' complement='false' cover='true' 
			             />
			    <variable:variableFilterArc xlink:type='arc' xlink:arcrole='http://xbrl.org/arcrole/2008/variable-filter' 
			             xlink:from='VARIABLE_E' 
			             xlink:to='FILTER_E' order='1.0' complement='false' cover='true' 
			             />
		
		
			    <!-- RESOURCE: (D) FILTER-Concept (similar to WHERE statement) -->
			    <cf:conceptName xlink:type='resource' xlink:label='FILTER_Total'><cf:concept><cf:qname>us-gaap:AvailableForSaleSecuritiesAmortizedCost</cf:qname></cf:concept></cf:conceptName>

			    <cf:conceptName xlink:type='resource' xlink:label='FILTER_A'><cf:concept><cf:qname>us-gaap:AvailableForSaleSecuritiesDebtMaturitiesWithinOneYearAmortizedCost</cf:qname></cf:concept></cf:conceptName>
			    <cf:conceptName xlink:type='resource' xlink:label='FILTER_B'><cf:concept><cf:qname>us-gaap:AvailableForSaleSecuritiesDebtMaturitiesAfterOneThroughFiveYearsAmortizedCost</cf:qname></cf:concept></cf:conceptName>
			    <cf:conceptName xlink:type='resource' xlink:label='FILTER_C'><cf:concept><cf:qname>us-gaap:AvailableForSaleSecuritiesDebtMaturitiesAfterFiveThroughTenYearsAmortizedCost</cf:qname></cf:concept></cf:conceptName>
			    <cf:conceptName xlink:type='resource' xlink:label='FILTER_D'><cf:concept><cf:qname>us-gaap:AvailableForSaleSecuritiesDebtMaturitiesAfterTenYearsAmortizedCost</cf:qname></cf:concept></cf:conceptName>
			    <cf:conceptName xlink:type='resource' xlink:label='FILTER_E'><cf:concept><cf:qname>us-gaap:AvailableForSaleSecuritiesDebtMaturitiesWithoutSingleMaturityDateAmortizedCost</cf:qname></cf:concept></cf:conceptName>
		
		
     </generic:link>

     <generic:link xlink:type='extended' xlink:role='http://www.xbrl.org/2003/role/link'>
		       <va:valueAssertion xlink:type='resource' xlink:label='ASSERTION_RollUp'
		         id='ASSERTION_RollUp_EstimatedFairValue'
		         aspectModel='dimensional' 
		         implicitFiltering='true' 
		         test='$Total_EstimatedFairValue = ($OneYear + $AfterOneThroughFive + $AfterFiveThroughTen + $AfterTenYears + $WithoutSingleMaturityDate)' />
		
				<generic:arc xlink:type='arc' xlink:arcrole='http://xbrl.org/arcrole/2008/element-label'
				    xlink:from='ASSERTION_RollUp' 
				    xlink:to='ASSERTION_Label'
				    order='1.0'/>
				
				<label:label xlink:type='resource' xlink:label='ASSERTION_Label' xlink:role='http://www.xbrl.org/2008/role/label' 
				    xml:lang='en'>Total contractual maturities at estimated fair value foot.</label:label>

			    <!-- ARC: (B) to (C)(Formula to Variable) -->
			    <variable:variableArc xlink:type='arc' xlink:arcrole='http://xbrl.org/arcrole/2008/variable-set' 
			             xlink:from='ASSERTION_RollUp' order='1.0' 
			             xlink:to='VARIABLE_Total'
			             name='Total_EstimatedFairValue' 
			             />
		
			    <variable:variableArc xlink:type='arc' xlink:arcrole='http://xbrl.org/arcrole/2008/variable-set' 
			             xlink:from='ASSERTION_RollUp' order='1.0' 
			             xlink:to='VARIABLE_A' 
			             name='OneYear' 
			             />
			    <variable:variableArc xlink:type='arc' xlink:arcrole='http://xbrl.org/arcrole/2008/variable-set' 
			             xlink:from='ASSERTION_RollUp' order='1.0' 
			             xlink:to='VARIABLE_B' 
			             name='AfterOneThroughFive' 
			             />
			    <variable:variableArc xlink:type='arc' xlink:arcrole='http://xbrl.org/arcrole/2008/variable-set' 
			             xlink:from='ASSERTION_RollUp' order='1.0' 
			             xlink:to='VARIABLE_C' 
			             name='AfterFiveThroughTen' 
			             />
			    <variable:variableArc xlink:type='arc' xlink:arcrole='http://xbrl.org/arcrole/2008/variable-set' 
			             xlink:from='ASSERTION_RollUp' order='1.0' 
			             xlink:to='VARIABLE_D' 
			             name='AfterTenYears' 
			             />
			    <variable:variableArc xlink:type='arc' xlink:arcrole='http://xbrl.org/arcrole/2008/variable-set' 
			             xlink:from='ASSERTION_RollUp' order='1.0' 
			             xlink:to='VARIABLE_E' 
			             name='WithoutSingleMaturityDate' 
			             />
				
			    <!--  RESOURCE: VARIABLES-Fact -->
			    <variable:factVariable xlink:type='resource' xlink:label='VARIABLE_Total' bindAsSequence='false' />
		
			    <variable:factVariable xlink:type='resource' xlink:label='VARIABLE_A' bindAsSequence='false' />
			    <variable:factVariable xlink:type='resource' xlink:label='VARIABLE_B' bindAsSequence='false' />
			    <variable:factVariable xlink:type='resource' xlink:label='VARIABLE_C' bindAsSequence='false' />
			    <variable:factVariable xlink:type='resource' xlink:label='VARIABLE_D' bindAsSequence='false' />
			    <variable:factVariable xlink:type='resource' xlink:label='VARIABLE_E' bindAsSequence='false' />
		
			    <!--  ARC: (Variables to Filters) -->
			    <variable:variableFilterArc xlink:type='arc' xlink:arcrole='http://xbrl.org/arcrole/2008/variable-filter' 
			             xlink:from='VARIABLE_Total' 
			             xlink:to='FILTER_Total' order='1.0' complement='false' cover='true' />
		
			    <variable:variableFilterArc xlink:type='arc' xlink:arcrole='http://xbrl.org/arcrole/2008/variable-filter' 
			             xlink:from='VARIABLE_A' 
			             xlink:to='FILTER_A' order='1.0' complement='false' cover='true' />
			    <variable:variableFilterArc xlink:type='arc' xlink:arcrole='http://xbrl.org/arcrole/2008/variable-filter' 
			             xlink:from='VARIABLE_B' 
			             xlink:to='FILTER_B' order='1.0' complement='false' cover='true' 
			             />
			    <variable:variableFilterArc xlink:type='arc' xlink:arcrole='http://xbrl.org/arcrole/2008/variable-filter' 
			             xlink:from='VARIABLE_C' 
			             xlink:to='FILTER_C' order='1.0' complement='false' cover='true' 
			             />
			    <variable:variableFilterArc xlink:type='arc' xlink:arcrole='http://xbrl.org/arcrole/2008/variable-filter' 
			             xlink:from='VARIABLE_D' 
			             xlink:to='FILTER_D' order='1.0' complement='false' cover='true' 
			             />
			    <variable:variableFilterArc xlink:type='arc' xlink:arcrole='http://xbrl.org/arcrole/2008/variable-filter' 
			             xlink:from='VARIABLE_E' 
			             xlink:to='FILTER_E' order='1.0' complement='false' cover='true' 
			             />
		
		
			    <!-- RESOURCE: (D) FILTER-Concept (similar to WHERE statement) -->
			    <cf:conceptName xlink:type='resource' xlink:label='FILTER_Total'><cf:concept><cf:qname>us-gaap:AvailableForSaleSecuritiesDebtSecurities</cf:qname></cf:concept></cf:conceptName>

			    <cf:conceptName xlink:type='resource' xlink:label='FILTER_A'><cf:concept><cf:qname>us-gaap:AvailableForSaleSecuritiesDebtMaturitiesWithinOneYearFairValue</cf:qname></cf:concept></cf:conceptName>
			    <cf:conceptName xlink:type='resource' xlink:label='FILTER_B'><cf:concept><cf:qname>us-gaap:AvailableForSaleSecuritiesDebtMaturitiesAfterOneThroughFiveYearsFairValue</cf:qname></cf:concept></cf:conceptName>
			    <cf:conceptName xlink:type='resource' xlink:label='FILTER_C'><cf:concept><cf:qname>us-gaap:AvailableForSaleSecuritiesDebtMaturitiesAfterFiveThroughTenYearsFairValue</cf:qname></cf:concept></cf:conceptName>
			    <cf:conceptName xlink:type='resource' xlink:label='FILTER_D'><cf:concept><cf:qname>us-gaap:AvailableForSaleSecuritiesDebtMaturitiesAfterTenYearsFairValue</cf:qname></cf:concept></cf:conceptName>
			    <cf:conceptName xlink:type='resource' xlink:label='FILTER_E'><cf:concept><cf:qname>us-gaap:AvailableForSaleSecuritiesDebtMaturitiesWithoutSingleMaturityDateFairValue</cf:qname></cf:concept></cf:conceptName>
		
		
     </generic:link>


	<generic:link xlink:type='extended' xlink:role='http://www.xbrl.org/2003/role/link'>
	
	    <ea:existenceAssertion xlink:type='resource' xlink:label='ASSERTION_ConceptsExist'
	        id='ASSERTION_Exists_AvailableForSaleSecuritiesDebtMaturitiesAmortizedCost'
	        aspectModel='dimensional' implicitFiltering='true'/>
	
		 <generic:arc xlink:type='arc' xlink:arcrole='http://xbrl.org/arcrole/2008/element-label' xlink:from='ASSERTION_ConceptsExist' xlink:to='ASSERTION_Label' order='1.0'/>
		
		 <label:label xlink:type='resource' xlink:label='ASSERTION_Label' xlink:role='http://www.xbrl.org/2008/role/label' xml:lang='en'>
			Available-for-sale securities at amortized cost (us-gaap:AvailableForSaleSecuritiesDebtMaturitiesAmortizedCost) required in this component.
		 </label:label>
	
	    <variable:factVariable xlink:type='resource' xlink:label='FACT_VARIABLE_ThisConcept' bindAsSequence='false'/>
	
	    <variable:variableArc xlink:type='arc' xlink:arcrole='http://xbrl.org/arcrole/2008/variable-set' xlink:from='ASSERTION_ConceptsExist' xlink:to='FACT_VARIABLE_ThisConcept' order='2.0' name='v1'/>
	
	    <variable:variableFilterArc xlink:type='arc' xlink:arcrole='http://xbrl.org/arcrole/2008/variable-filter'
	        xlink:from='FACT_VARIABLE_ThisConcept' 
	        xlink:to='FILTER_ThisConcept' 
	        complement='false' 
	        cover='true' 
	        order='1.0'/>
	
	    <cf:conceptName xlink:type='resource' xlink:label='FILTER_ThisConcept'>
		   <cf:concept>
		     <cf:qname>us-gaap:AvailableForSaleSecuritiesDebtMaturitiesAmortizedCost</cf:qname>
		   </cf:concept>
	    </cf:conceptName>
	
	</generic:link>


	<generic:link xlink:type='extended' xlink:role='http://www.xbrl.org/2003/role/link'>
	
	    <ea:existenceAssertion xlink:type='resource' xlink:label='ASSERTION_ConceptsExist'
	        id='ASSERTION_Exists_AvailableForSaleSecuritiesDebtSecurities'
	        aspectModel='dimensional' implicitFiltering='true'/>
	
		 <generic:arc xlink:type='arc' xlink:arcrole='http://xbrl.org/arcrole/2008/element-label' xlink:from='ASSERTION_ConceptsExist' xlink:to='ASSERTION_Label' order='1.0'/>
		
		 <label:label xlink:type='resource' xlink:label='ASSERTION_Label' xlink:role='http://www.xbrl.org/2008/role/label' xml:lang='en'>
			Available-for-sale securities at estimated fair value (us-gaap:AvailableForSaleSecuritiesDebtSecurities) required in this component.
		 </label:label>
	
	    <variable:factVariable xlink:type='resource' xlink:label='FACT_VARIABLE_ThisConcept' bindAsSequence='false'/>
	
	    <variable:variableArc xlink:type='arc' xlink:arcrole='http://xbrl.org/arcrole/2008/variable-set' xlink:from='ASSERTION_ConceptsExist' xlink:to='FACT_VARIABLE_ThisConcept' order='2.0' name='v1'/>
	
	    <variable:variableFilterArc xlink:type='arc' xlink:arcrole='http://xbrl.org/arcrole/2008/variable-filter'
	        xlink:from='FACT_VARIABLE_ThisConcept' 
	        xlink:to='FILTER_ThisConcept' 
	        complement='false' 
	        cover='true' 
	        order='1.0'/>
	
	    <cf:conceptName xlink:type='resource' xlink:label='FILTER_ThisConcept'>
		   <cf:concept>
		     <cf:qname>us-gaap:AvailableForSaleSecuritiesDebtSecurities</cf:qname>
		   </cf:concept>
	    </cf:conceptName>
	
	</generic:link>




	<generic:link xlink:type='extended' xlink:role='http://www.xbrl.org/2003/role/link'>
 
		     	<!-- Value ASSERTION -->
		     	<va:valueAssertion xlink:type='resource' xlink:label='ASSERTION_Foots'
		     		id='ASSERTION_MemberAggregation_Foots_AvailableForSaleSecuritiesDebtMaturities'
		     		aspectModel='dimensional'
		     		implicitFiltering='true'
		     		test='$VARIABLE_Total = sum($VARIABLE_Each)' />
		     	
		     	<!-- Arc from Assertion to Label -->
		     	<generic:arc xlink:type='arc' xlink:arcrole='http://xbrl.org/arcrole/2008/element-label'
		     		xlink:from='ASSERTION_Foots' 
		     		xlink:to='ASSERTION_Label'
		     		order='1.0'/>
		     	
		     	<!-- Assertion Label -->
		     	<label:label xlink:type='resource' xlink:label='ASSERTION_Label' 
		     		xlink:role='http://www.xbrl.org/2008/role/label' 
		     		xml:lang='en'>Available-for-sale contractual maturities cross cast across major type.</label:label>
		     	
		     	
		     	<!-- ARC: (B) to (C)(Formula to Variable) -->
		     	<variable:variableArc xlink:type='arc' xlink:arcrole='http://xbrl.org/arcrole/2008/variable-set' 
		     		xlink:from='ASSERTION_Foots' 
		     		xlink:to='VARIABLE_Total' 
		     		order='3.0'
		     		name='VARIABLE_Total' 
		     	/>
		     	<variable:variableArc xlink:type='arc' xlink:arcrole='http://xbrl.org/arcrole/2008/variable-set' 
		     		xlink:from='ASSERTION_Foots' 
		     		xlink:to='VARIABLE_Each' 
		     		order='4.0' 
		     		name='VARIABLE_Each' 
		     	/>
		     	
		     	
		     	<!--  RESOURCE: (C) VARIABLES-Fact -->
		     	<variable:factVariable xlink:type='resource' xlink:label='VARIABLE_Total' 
		     		bindAsSequence='false'
		     	/>
		     	<variable:factVariable xlink:type='resource' xlink:label='VARIABLE_Each' 
		     		bindAsSequence='true'
		     	/>
		     	
		     	
		     	<variable:variableFilterArc xlink:type='arc' xlink:arcrole='http://xbrl.org/arcrole/2008/variable-filter' 
		     		xlink:from='VARIABLE_Each' 
		     		xlink:to='FILTER_DIMENSION' 
		     		order='3.0'
		     		complement='false' 
		     		cover='true'
		     	/>
		     	
		
		    <df:explicitDimension xlink:type="resource" xlink:label="FILTER_DIMENSION">
		      <df:dimension>
		        <df:qname>us-gaap:MajorTypesOfDebtAndEquitySecuritiesAxis</df:qname>
		      </df:dimension>
		      <df:member>
		        <df:variable>VARIABLE_Total</df:variable>
		        <df:linkrole>http://www.template.com/SomeNetwork</df:linkrole>
	           <df:arcrole>http://xbrl.org/int/dim/arcrole/domain-member</df:arcrole>
	           <df:axis>child</df:axis>
		      </df:member>
		    </df:explicitDimension> 		     	
		     	
	</generic:link>


</link:linkbase>
