<?xml version="1.0" encoding="utf-8"?>
<!--
Taxonomy Label Links linkbase based on XBRL standard Version 2.1.
Created by UBmatrix Taxonomy Designer 3.0.3.2436 (2009-06-02 13:18).  
Contact www.ubmatrix.com
Copyright (c) 2002-2018 UBmatrix inc., All Rights Reserved
Produced on 2018-09-29 11:08:22
-->
<linkbase
  xmlns="http://www.xbrl.org/2003/linkbase"
  xmlns:xsi="http://www.w3.org/2001/XMLSchema-instance"
  xmlns:xlink="http://www.w3.org/1999/xlink"
  xsi:schemaLocation="
    http://www.xbrl.org/2003/linkbase 
      http://www.xbrl.org/2003/xbrl-linkbase-2003-12-31.xsd
    ">
  <labelLink xlink:type="extended"
    xlink:role="http://www.xbrl.org/2003/role/link">
    <loc xlink:type="locator"
      xlink:label="us-gaap_AvailableForSaleSecuritiesAmortizedCost"
      xlink:href="http://xbrl.fasb.org/us-gaap/2017/elts/us-gaap-2017-01-31.xsd#us-gaap_AvailableForSaleSecuritiesAmortizedCost" />
    <labelArc xlink:type="arc"
      xlink:arcrole="http://www.xbrl.org/2003/arcrole/concept-label"
      xlink:from="us-gaap_AvailableForSaleSecuritiesAmortizedCost"
      xlink:to="us-gaap_AvailableForSaleSecuritiesAmortizedCost_lbl" />
    <label xlink:type="resource"
      xlink:label="us-gaap_AvailableForSaleSecuritiesAmortizedCost_lbl"
      xml:lang="en-US"
      xlink:role="http://www.xbrl.org/2003/role/label">Available-for-sale securities at amortized cost</label>
    <loc xlink:type="locator"
      xlink:label="us-gaap_AvailableForSaleSecuritiesDebtMaturitiesAfterFiveThroughTenYearsAmortizedCost"
      xlink:href="http://xbrl.fasb.org/us-gaap/2017/elts/us-gaap-2017-01-31.xsd#us-gaap_AvailableForSaleSecuritiesDebtMaturitiesAfterFiveThroughTenYearsAmortizedCost" />
    <labelArc xlink:type="arc"
      xlink:arcrole="http://www.xbrl.org/2003/arcrole/concept-label"
      xlink:from="us-gaap_AvailableForSaleSecuritiesDebtMaturitiesAfterFiveThroughTenYearsAmortizedCost"
      xlink:to="us-gaap_AvailableForSaleSecuritiesDebtMaturitiesAfterFiveThroughTenYearsAmortizedCost_lbl" />
    <label xlink:type="resource"
      xlink:label="us-gaap_AvailableForSaleSecuritiesDebtMaturitiesAfterFiveThroughTenYearsAmortizedCost_lbl"
      xml:lang="en-US"
      xlink:role="http://www.xbrl.org/2003/role/label">Due after five years through ten years</label>
    <loc xlink:type="locator"
      xlink:label="us-gaap_AvailableForSaleSecuritiesDebtMaturitiesAfterFiveThroughTenYearsFairValue"
      xlink:href="http://xbrl.fasb.org/us-gaap/2017/elts/us-gaap-2017-01-31.xsd#us-gaap_AvailableForSaleSecuritiesDebtMaturitiesAfterFiveThroughTenYearsFairValue" />
    <labelArc xlink:type="arc"
      xlink:arcrole="http://www.xbrl.org/2003/arcrole/concept-label"
      xlink:from="us-gaap_AvailableForSaleSecuritiesDebtMaturitiesAfterFiveThroughTenYearsFairValue"
      xlink:to="us-gaap_AvailableForSaleSecuritiesDebtMaturitiesAfterFiveThroughTenYearsFairValue_lbl" />
    <label xlink:type="resource"
      xlink:label="us-gaap_AvailableForSaleSecuritiesDebtMaturitiesAfterFiveThroughTenYearsFairValue_lbl"
      xml:lang="en-US"
      xlink:role="http://www.xbrl.org/2003/role/label">Due after five years through ten years</label>
    <loc xlink:type="locator"
      xlink:label="us-gaap_AvailableForSaleSecuritiesDebtMaturitiesAfterOneThroughFiveYearsAmortizedCost"
      xlink:href="http://xbrl.fasb.org/us-gaap/2017/elts/us-gaap-2017-01-31.xsd#us-gaap_AvailableForSaleSecuritiesDebtMaturitiesAfterOneThroughFiveYearsAmortizedCost" />
    <labelArc xlink:type="arc"
      xlink:arcrole="http://www.xbrl.org/2003/arcrole/concept-label"
      xlink:from="us-gaap_AvailableForSaleSecuritiesDebtMaturitiesAfterOneThroughFiveYearsAmortizedCost"
      xlink:to="us-gaap_AvailableForSaleSecuritiesDebtMaturitiesAfterOneThroughFiveYearsAmortizedCost_lbl" />
    <label xlink:type="resource"
      xlink:label="us-gaap_AvailableForSaleSecuritiesDebtMaturitiesAfterOneThroughFiveYearsAmortizedCost_lbl"
      xml:lang="en-US"
      xlink:role="http://www.xbrl.org/2003/role/label">Due after one year through five years</label>
    <loc xlink:type="locator"
      xlink:label="us-gaap_AvailableForSaleSecuritiesDebtMaturitiesAfterOneThroughFiveYearsFairValue"
      xlink:href="http://xbrl.fasb.org/us-gaap/2017/elts/us-gaap-2017-01-31.xsd#us-gaap_AvailableForSaleSecuritiesDebtMaturitiesAfterOneThroughFiveYearsFairValue" />
    <labelArc xlink:type="arc"
      xlink:arcrole="http://www.xbrl.org/2003/arcrole/concept-label"
      xlink:from="us-gaap_AvailableForSaleSecuritiesDebtMaturitiesAfterOneThroughFiveYearsFairValue"
      xlink:to="us-gaap_AvailableForSaleSecuritiesDebtMaturitiesAfterOneThroughFiveYearsFairValue_lbl" />
    <label xlink:type="resource"
      xlink:label="us-gaap_AvailableForSaleSecuritiesDebtMaturitiesAfterOneThroughFiveYearsFairValue_lbl"
      xml:lang="en-US"
      xlink:role="http://www.xbrl.org/2003/role/label">Due after one year through five years</label>
    <loc xlink:type="locator"
      xlink:label="us-gaap_AvailableForSaleSecuritiesDebtMaturitiesAfterTenYearsAmortizedCost"
      xlink:href="http://xbrl.fasb.org/us-gaap/2017/elts/us-gaap-2017-01-31.xsd#us-gaap_AvailableForSaleSecuritiesDebtMaturitiesAfterTenYearsAmortizedCost" />
    <labelArc xlink:type="arc"
      xlink:arcrole="http://www.xbrl.org/2003/arcrole/concept-label"
      xlink:from="us-gaap_AvailableForSaleSecuritiesDebtMaturitiesAfterTenYearsAmortizedCost"
      xlink:to="us-gaap_AvailableForSaleSecuritiesDebtMaturitiesAfterTenYearsAmortizedCost_lbl" />
    <label xlink:type="resource"
      xlink:label="us-gaap_AvailableForSaleSecuritiesDebtMaturitiesAfterTenYearsAmortizedCost_lbl"
      xml:lang="en-US"
      xlink:role="http://www.xbrl.org/2003/role/label">Due after ten years</label>
    <loc xlink:type="locator"
      xlink:label="us-gaap_AvailableForSaleSecuritiesDebtMaturitiesAfterTenYearsFairValue"
      xlink:href="http://xbrl.fasb.org/us-gaap/2017/elts/us-gaap-2017-01-31.xsd#us-gaap_AvailableForSaleSecuritiesDebtMaturitiesAfterTenYearsFairValue" />
    <labelArc xlink:type="arc"
      xlink:arcrole="http://www.xbrl.org/2003/arcrole/concept-label"
      xlink:from="us-gaap_AvailableForSaleSecuritiesDebtMaturitiesAfterTenYearsFairValue"
      xlink:to="us-gaap_AvailableForSaleSecuritiesDebtMaturitiesAfterTenYearsFairValue_lbl" />
    <label xlink:type="resource"
      xlink:label="us-gaap_AvailableForSaleSecuritiesDebtMaturitiesAfterTenYearsFairValue_lbl"
      xml:lang="en-US"
      xlink:role="http://www.xbrl.org/2003/role/label">Due after ten years</label>
    <loc xlink:type="locator"
      xlink:label="us-gaap_AvailableForSaleSecuritiesDebtMaturitiesAmortizedCostAbstract"
      xlink:href="http://xbrl.fasb.org/us-gaap/2017/elts/us-gaap-2017-01-31.xsd#us-gaap_AvailableForSaleSecuritiesDebtMaturitiesAmortizedCostAbstract" />
    <labelArc xlink:type="arc"
      xlink:arcrole="http://www.xbrl.org/2003/arcrole/concept-label"
      xlink:from="us-gaap_AvailableForSaleSecuritiesDebtMaturitiesAmortizedCostAbstract"
      xlink:to="us-gaap_AvailableForSaleSecuritiesDebtMaturitiesAmortizedCostAbstract_lbl" />
    <label xlink:type="resource"
      xlink:label="us-gaap_AvailableForSaleSecuritiesDebtMaturitiesAmortizedCostAbstract_lbl"
      xml:lang="en-US"
      xlink:role="http://www.xbrl.org/2003/role/label">Available-for-sale securities at amortized cost [Roll Up]</label>
    <loc xlink:type="locator"
      xlink:label="us-gaap_AvailableForSaleSecuritiesDebtMaturitiesFairValueAbstract"
      xlink:href="http://xbrl.fasb.org/us-gaap/2017/elts/us-gaap-2017-01-31.xsd#us-gaap_AvailableForSaleSecuritiesDebtMaturitiesFairValueAbstract" />
    <labelArc xlink:type="arc"
      xlink:arcrole="http://www.xbrl.org/2003/arcrole/concept-label"
      xlink:from="us-gaap_AvailableForSaleSecuritiesDebtMaturitiesFairValueAbstract"
      xlink:to="us-gaap_AvailableForSaleSecuritiesDebtMaturitiesFairValueAbstract_lbl" />
    <label xlink:type="resource"
      xlink:label="us-gaap_AvailableForSaleSecuritiesDebtMaturitiesFairValueAbstract_lbl"
      xml:lang="en-US"
      xlink:role="http://www.xbrl.org/2003/role/label">Available-for-sale securities at estimated fair value [Roll Up]</label>
    <loc xlink:type="locator"
      xlink:label="us-gaap_AvailableForSaleSecuritiesDebtMaturitiesWithinOneYearAmortizedCost"
      xlink:href="http://xbrl.fasb.org/us-gaap/2017/elts/us-gaap-2017-01-31.xsd#us-gaap_AvailableForSaleSecuritiesDebtMaturitiesWithinOneYearAmortizedCost" />
    <labelArc xlink:type="arc"
      xlink:arcrole="http://www.xbrl.org/2003/arcrole/concept-label"
      xlink:from="us-gaap_AvailableForSaleSecuritiesDebtMaturitiesWithinOneYearAmortizedCost"
      xlink:to="us-gaap_AvailableForSaleSecuritiesDebtMaturitiesWithinOneYearAmortizedCost_lbl" />
    <label xlink:type="resource"
      xlink:label="us-gaap_AvailableForSaleSecuritiesDebtMaturitiesWithinOneYearAmortizedCost_lbl"
      xml:lang="en-US"
      xlink:role="http://www.xbrl.org/2003/role/label">Due in one year or less</label>
    <loc xlink:type="locator"
      xlink:label="us-gaap_AvailableForSaleSecuritiesDebtMaturitiesWithinOneYearFairValue"
      xlink:href="http://xbrl.fasb.org/us-gaap/2017/elts/us-gaap-2017-01-31.xsd#us-gaap_AvailableForSaleSecuritiesDebtMaturitiesWithinOneYearFairValue" />
    <labelArc xlink:type="arc"
      xlink:arcrole="http://www.xbrl.org/2003/arcrole/concept-label"
      xlink:from="us-gaap_AvailableForSaleSecuritiesDebtMaturitiesWithinOneYearFairValue"
      xlink:to="us-gaap_AvailableForSaleSecuritiesDebtMaturitiesWithinOneYearFairValue_lbl" />
    <label xlink:type="resource"
      xlink:label="us-gaap_AvailableForSaleSecuritiesDebtMaturitiesWithinOneYearFairValue_lbl"
      xml:lang="en-US"
      xlink:role="http://www.xbrl.org/2003/role/label">Due in one year or less</label>
    <loc xlink:type="locator"
      xlink:label="us-gaap_AvailableForSaleSecuritiesDebtMaturitiesWithoutSingleMaturityDateAmortizedCost"
      xlink:href="http://xbrl.fasb.org/us-gaap/2017/elts/us-gaap-2017-01-31.xsd#us-gaap_AvailableForSaleSecuritiesDebtMaturitiesWithoutSingleMaturityDateAmortizedCost" />
    <labelArc xlink:type="arc"
      xlink:arcrole="http://www.xbrl.org/2003/arcrole/concept-label"
      xlink:from="us-gaap_AvailableForSaleSecuritiesDebtMaturitiesWithoutSingleMaturityDateAmortizedCost"
      xlink:to="us-gaap_AvailableForSaleSecuritiesDebtMaturitiesWithoutSingleMaturityDateAmortizedCost_lbl" />
    <label xlink:type="resource"
      xlink:label="us-gaap_AvailableForSaleSecuritiesDebtMaturitiesWithoutSingleMaturityDateAmortizedCost_lbl"
      xml:lang="en-US"
      xlink:role="http://www.xbrl.org/2003/role/label">No contractual maturity dates</label>
    <loc xlink:type="locator"
      xlink:label="us-gaap_AvailableForSaleSecuritiesDebtMaturitiesWithoutSingleMaturityDateFairValue"
      xlink:href="http://xbrl.fasb.org/us-gaap/2017/elts/us-gaap-2017-01-31.xsd#us-gaap_AvailableForSaleSecuritiesDebtMaturitiesWithoutSingleMaturityDateFairValue" />
    <labelArc xlink:type="arc"
      xlink:arcrole="http://www.xbrl.org/2003/arcrole/concept-label"
      xlink:from="us-gaap_AvailableForSaleSecuritiesDebtMaturitiesWithoutSingleMaturityDateFairValue"
      xlink:to="us-gaap_AvailableForSaleSecuritiesDebtMaturitiesWithoutSingleMaturityDateFairValue_lbl" />
    <label xlink:type="resource"
      xlink:label="us-gaap_AvailableForSaleSecuritiesDebtMaturitiesWithoutSingleMaturityDateFairValue_lbl"
      xml:lang="en-US"
      xlink:role="http://www.xbrl.org/2003/role/label">No contractual maturity dates</label>
    <loc xlink:type="locator"
      xlink:label="us-gaap_AvailableForSaleSecuritiesDebtSecurities"
      xlink:href="http://xbrl.fasb.org/us-gaap/2017/elts/us-gaap-2017-01-31.xsd#us-gaap_AvailableForSaleSecuritiesDebtSecurities" />
    <labelArc xlink:type="arc"
      xlink:arcrole="http://www.xbrl.org/2003/arcrole/concept-label"
      xlink:from="us-gaap_AvailableForSaleSecuritiesDebtSecurities"
      xlink:to="us-gaap_AvailableForSaleSecuritiesDebtSecurities_lbl" />
    <label xlink:type="resource"
      xlink:label="us-gaap_AvailableForSaleSecuritiesDebtSecurities_lbl"
      xml:lang="en-US"
      xlink:role="http://www.xbrl.org/2003/role/label">Available-for-sale securities at estimated fair value</label>
    <loc xlink:type="locator"
      xlink:label="us-gaap_CorporateBondSecuritiesMember"
      xlink:href="http://xbrl.fasb.org/us-gaap/2017/elts/us-gaap-2017-01-31.xsd#us-gaap_CorporateBondSecuritiesMember" />
    <labelArc xlink:type="arc"
      xlink:arcrole="http://www.xbrl.org/2003/arcrole/concept-label"
      xlink:from="us-gaap_CorporateBondSecuritiesMember"
      xlink:to="us-gaap_CorporateBondSecuritiesMember_lbl" />
    <label xlink:type="resource"
      xlink:label="us-gaap_CorporateBondSecuritiesMember_lbl"
      xml:lang="en-US"
      xlink:role="http://www.xbrl.org/2003/role/label">Corporate bonds [Member]</label>
    <loc xlink:type="locator"
      xlink:label="us-gaap_MajorTypesOfDebtAndEquitySecuritiesAxis"
      xlink:href="http://xbrl.fasb.org/us-gaap/2017/elts/us-gaap-2017-01-31.xsd#us-gaap_MajorTypesOfDebtAndEquitySecuritiesAxis" />
    <labelArc xlink:type="arc"
      xlink:arcrole="http://www.xbrl.org/2003/arcrole/concept-label"
      xlink:from="us-gaap_MajorTypesOfDebtAndEquitySecuritiesAxis"
      xlink:to="us-gaap_MajorTypesOfDebtAndEquitySecuritiesAxis_lbl" />
    <label xlink:type="resource"
      xlink:label="us-gaap_MajorTypesOfDebtAndEquitySecuritiesAxis_lbl"
      xml:lang="en-US"
      xlink:role="http://www.xbrl.org/2003/role/label">Major Types of Available-for-Sale Debt and Equity Securities [Axis]</label>
    <loc xlink:type="locator"
      xlink:label="us-gaap_MajorTypesOfDebtAndEquitySecuritiesDomain"
      xlink:href="http://xbrl.fasb.org/us-gaap/2017/elts/us-gaap-2017-01-31.xsd#us-gaap_MajorTypesOfDebtAndEquitySecuritiesDomain" />
    <labelArc xlink:type="arc"
      xlink:arcrole="http://www.xbrl.org/2003/arcrole/concept-label"
      xlink:from="us-gaap_MajorTypesOfDebtAndEquitySecuritiesDomain"
      xlink:to="us-gaap_MajorTypesOfDebtAndEquitySecuritiesDomain_lbl" />
    <label xlink:type="resource"
      xlink:label="us-gaap_MajorTypesOfDebtAndEquitySecuritiesDomain_lbl"
      xml:lang="en-US"
      xlink:role="http://www.xbrl.org/2003/role/label">All Available-for-Sale Debt and Equity Securities [Domain]</label>
    <loc xlink:type="locator"
      xlink:label="us-gaap_ScheduleOfAvailableForSaleSecuritiesLineItems"
      xlink:href="http://xbrl.fasb.org/us-gaap/2017/elts/us-gaap-2017-01-31.xsd#us-gaap_ScheduleOfAvailableForSaleSecuritiesLineItems" />
    <labelArc xlink:type="arc"
      xlink:arcrole="http://www.xbrl.org/2003/arcrole/concept-label"
      xlink:from="us-gaap_ScheduleOfAvailableForSaleSecuritiesLineItems"
      xlink:to="us-gaap_ScheduleOfAvailableForSaleSecuritiesLineItems_lbl" />
    <label xlink:type="resource"
      xlink:label="us-gaap_ScheduleOfAvailableForSaleSecuritiesLineItems_lbl"
      xml:lang="en-US"
      xlink:role="http://www.xbrl.org/2003/role/label">Available-for-sale Securities, Contractual Maturities [Line Items]</label>
    <loc xlink:type="locator"
      xlink:label="us-gaap_ScheduleOfAvailableForSaleSecuritiesTable"
      xlink:href="http://xbrl.fasb.org/us-gaap/2017/elts/us-gaap-2017-01-31.xsd#us-gaap_ScheduleOfAvailableForSaleSecuritiesTable" />
    <labelArc xlink:type="arc"
      xlink:arcrole="http://www.xbrl.org/2003/arcrole/concept-label"
      xlink:from="us-gaap_ScheduleOfAvailableForSaleSecuritiesTable"
      xlink:to="us-gaap_ScheduleOfAvailableForSaleSecuritiesTable_lbl" />
    <label xlink:type="resource"
      xlink:label="us-gaap_ScheduleOfAvailableForSaleSecuritiesTable_lbl"
      xml:lang="en-US"
      xlink:role="http://www.xbrl.org/2003/role/label">Available-for-sale Securities, Contractual Maturities [Table]</label>
    <loc xlink:type="locator"
      xlink:label="us-gaap_SovereignDebtSecuritiesMember"
      xlink:href="http://xbrl.fasb.org/us-gaap/2017/elts/us-gaap-2017-01-31.xsd#us-gaap_SovereignDebtSecuritiesMember" />
    <labelArc xlink:type="arc"
      xlink:arcrole="http://www.xbrl.org/2003/arcrole/concept-label"
      xlink:from="us-gaap_SovereignDebtSecuritiesMember"
      xlink:to="us-gaap_SovereignDebtSecuritiesMember_lbl" />
    <label xlink:type="resource"
      xlink:label="us-gaap_SovereignDebtSecuritiesMember_lbl"
      xml:lang="en-US"
      xlink:role="http://www.xbrl.org/2003/role/label">Sovereign debt securities [Member]</label>
    <loc xlink:type="locator"
      xlink:label="us-gaap_USTreasurySecuritiesMember"
      xlink:href="http://xbrl.fasb.org/us-gaap/2017/elts/us-gaap-2017-01-31.xsd#us-gaap_USTreasurySecuritiesMember" />
    <labelArc xlink:type="arc"
      xlink:arcrole="http://www.xbrl.org/2003/arcrole/concept-label"
      xlink:from="us-gaap_USTreasurySecuritiesMember"
      xlink:to="us-gaap_USTreasurySecuritiesMember_lbl" />
    <label xlink:type="resource"
      xlink:label="us-gaap_USTreasurySecuritiesMember_lbl"
      xml:lang="en-US"
      xlink:role="http://www.xbrl.org/2003/role/label">Treasury bills [Member]</label>
  </labelLink>
</linkbase>