<?xml version="1.0" encoding="UTF-8" standalone="no" ?><?xml-stylesheet type="text/xsl" href="file:/C:/Programs/XPE40/resources/System/XbrlFormula2008Trace-toHtml.xsl"?><formulaTrace type="Full Report" version="4.0.0.2125" date="Wed May 17 15:22:30 PDT 2017" baseURI="C:/Users/Charlie/Documents/CurrentVersions/UGT-2017/ReportingTemplates/2017-05-07/2017-05-07/104000-001-BalanceSheet-WithControllingInterest/Instance.xml" xmlns:xlink="http://www.w3.org/1999/xlink" xmlns:link="http://www.xbrl.org/2003/linkbase" xmlns:xsi="http://www.w3.org/2001/XMLSchema-instance" xmlns:xbrli="http://www.xbrl.org/2003/instance" xmlns:iso4217="http://www.xbrl.org/2003/iso4217" xsi:schemaLocation="http://xbrl.org/2006/xbrldi xbrldi-2006.xsd" >
 <assertionTest cnt="1" id="ASSERTION_Balances_BalanceSheet" satisfied="satisfied" test="$Total_Assets=147000000 = $Total_LiabilitiesAndEquity=147000000" type="valueAssertion" value="true" />
 <assertionTest cnt="2" id="ASSERTION_Balances_BalanceSheet" satisfied="satisfied" test="$Total_Assets=147000000 = $Total_LiabilitiesAndEquity=147000000" type="valueAssertion" value="true" />
 <assertionTest cnt="1" id="ASSERTION_Exists_Assets" satisfied="satisfied" test="exists ($VARIABLE_Concept=147000000)" type="valueAssertion" value="true" />
 <assertionTest cnt="2" id="ASSERTION_Exists_Assets" satisfied="satisfied" test="exists ($VARIABLE_Concept=147000000)" type="valueAssertion" value="true" />
 <assertionTest cnt="1" id="ASSERTION_Exists_LiabilitiesAndEquity" satisfied="satisfied" test="exists ($VARIABLE_Concept=147000000)" type="valueAssertion" value="true" />
 <assertionTest cnt="2" id="ASSERTION_Exists_LiabilitiesAndEquity" satisfied="satisfied" test="exists ($VARIABLE_Concept=147000000)" type="valueAssertion" value="true" />
 <assertionTest cnt="1" id="ASSERTION_Exists_Equity" satisfied="satisfied" test="exists ($VARIABLE_Concept=40000000)" type="valueAssertion" value="true" />
 <assertionTest cnt="2" id="ASSERTION_Exists_Equity" satisfied="satisfied" test="exists ($VARIABLE_Concept=39000000)" type="valueAssertion" value="true" />
 <assertionTest cnt="3" id="ASSERTION_Exists_Equity" satisfied="satisfied" test="exists ($VARIABLE_Concept=36000000)" type="valueAssertion" value="true" />
 <assertionTest cnt="4" id="ASSERTION_Exists_Equity" satisfied="satisfied" test="exists ($VARIABLE_Concept=36000000)" type="valueAssertion" value="true" />
 <assertionTest cnt="1" count="2" id="ASSERTION_Exists_Assets_Alternative" satisfied="satisfied" test="[2]" type="existenceAssertion" value="2" />
 <assertionTest cnt="1" count="2" id="ASSERTION_Exists_CurrentAssets" satisfied="satisfied" test="[2]" type="existenceAssertion" value="2" />
 <assertionTest cnt="1" count="2" id="ASSERTION_Exists_CurrentLiabilities" satisfied="satisfied" test="[2]" type="existenceAssertion" value="2" />
 <assertionReport count="13">
 <assertionTest cnt="1" id="ASSERTION_Balances_BalanceSheet" satisfied="satisfied" test="$Total_Assets=147000000 = $Total_LiabilitiesAndEquity=147000000" type="valueAssertion" value="true" />
 <assertionTest cnt="2" id="ASSERTION_Balances_BalanceSheet" satisfied="satisfied" test="$Total_Assets=147000000 = $Total_LiabilitiesAndEquity=147000000" type="valueAssertion" value="true" />
 <assertionTest cnt="1" id="ASSERTION_Exists_Assets" satisfied="satisfied" test="exists ($VARIABLE_Concept=147000000)" type="valueAssertion" value="true" />
 <assertionTest cnt="2" id="ASSERTION_Exists_Assets" satisfied="satisfied" test="exists ($VARIABLE_Concept=147000000)" type="valueAssertion" value="true" />
 <assertionTest cnt="1" id="ASSERTION_Exists_LiabilitiesAndEquity" satisfied="satisfied" test="exists ($VARIABLE_Concept=147000000)" type="valueAssertion" value="true" />
 <assertionTest cnt="2" id="ASSERTION_Exists_LiabilitiesAndEquity" satisfied="satisfied" test="exists ($VARIABLE_Concept=147000000)" type="valueAssertion" value="true" />
 <assertionTest cnt="1" id="ASSERTION_Exists_Equity" satisfied="satisfied" test="exists ($VARIABLE_Concept=40000000)" type="valueAssertion" value="true" />
 <assertionTest cnt="2" id="ASSERTION_Exists_Equity" satisfied="satisfied" test="exists ($VARIABLE_Concept=39000000)" type="valueAssertion" value="true" />
 <assertionTest cnt="3" id="ASSERTION_Exists_Equity" satisfied="satisfied" test="exists ($VARIABLE_Concept=36000000)" type="valueAssertion" value="true" />
 <assertionTest cnt="4" id="ASSERTION_Exists_Equity" satisfied="satisfied" test="exists ($VARIABLE_Concept=36000000)" type="valueAssertion" value="true" />
 <assertionTest cnt="1" count="2" id="ASSERTION_Exists_Assets_Alternative" satisfied="satisfied" test="[2]" type="existenceAssertion" value="2" />
 <assertionTest cnt="1" count="2" id="ASSERTION_Exists_CurrentAssets" satisfied="satisfied" test="[2]" type="existenceAssertion" value="2" />
 <assertionTest cnt="1" count="2" id="ASSERTION_Exists_CurrentLiabilities" satisfied="satisfied" test="[2]" type="existenceAssertion" value="2" />
  </assertionReport>
 <summary notSatisfiedAssertionCount="0" firedAssertionCount="13" duration="722ms" outputContextCount="0" outputUnitCount="0" firedFormulaCount="0" compiledFormulaCount="0" satisifiedAssertionCount="13" outputFactCount="0" compiledAssertionCount="7" />
</formulaTrace>
