<?xml version="1.0" encoding="utf-8"?>
<!--
Taxonomy Calculation Links linkbase based on XBRL standard Version 2.1.
Created by UBmatrix Taxonomy Designer 3.0.3.2436 (2009-06-02 13:18).  
Contact www.ubmatrix.com
Copyright (c) 2002-2012 UBmatrix inc., All Rights Reserved
Produced on 2012-05-01 11:34:12
-->
<linkbase
  xmlns="http://www.xbrl.org/2003/linkbase"
  xmlns:xsi="http://www.w3.org/2001/XMLSchema-instance"
  xmlns:xlink="http://www.w3.org/1999/xlink"
  xsi:schemaLocation="
    http://www.xbrl.org/2003/linkbase 
      http://www.xbrl.org/2003/xbrl-linkbase-2003-12-31.xsd
    ">
  <roleRef xlink:type="simple"
    xlink:href="Template.xsd#SomeNetwork"
    roleURI="http://www.template.com/SomeNetwork" />
  <calculationLink xlink:type="extended"
    xlink:role="http://www.template.com/SomeNetwork">
    <loc xlink:type="locator"
      xlink:label="us-gaap_Assets"
      xlink:href="http://xbrl.fasb.org/us-gaap/2017/elts/us-gaap-2017-01-31.xsd#us-gaap_Assets" />
    <loc xlink:type="locator"
      xlink:label="us-gaap_AssetsCurrent"
      xlink:href="http://xbrl.fasb.org/us-gaap/2017/elts/us-gaap-2017-01-31.xsd#us-gaap_AssetsCurrent" />
    <calculationArc xlink:type="arc"
      xlink:arcrole="http://www.xbrl.org/2003/arcrole/summation-item"
      xlink:from="us-gaap_Assets" xlink:to="us-gaap_AssetsCurrent"
      order="1"
      weight="1"
      use="optional" />
    <loc xlink:type="locator"
      xlink:label="us-gaap_CashAndCashEquivalentsAtCarryingValue"
      xlink:href="http://xbrl.fasb.org/us-gaap/2017/elts/us-gaap-2017-01-31.xsd#us-gaap_CashAndCashEquivalentsAtCarryingValue" />
    <calculationArc xlink:type="arc"
      xlink:arcrole="http://www.xbrl.org/2003/arcrole/summation-item"
      xlink:from="us-gaap_AssetsCurrent" xlink:to="us-gaap_CashAndCashEquivalentsAtCarryingValue"
      order="1"
      weight="1"
      use="optional" />
    <loc xlink:type="locator"
      xlink:label="us-gaap_RestrictedCashAndInvestmentsCurrent"
      xlink:href="http://xbrl.fasb.org/us-gaap/2017/elts/us-gaap-2017-01-31.xsd#us-gaap_RestrictedCashAndInvestmentsCurrent" />
    <calculationArc xlink:type="arc"
      xlink:arcrole="http://www.xbrl.org/2003/arcrole/summation-item"
      xlink:from="us-gaap_AssetsCurrent" xlink:to="us-gaap_RestrictedCashAndInvestmentsCurrent"
      order="2"
      weight="1"
      use="optional" />
    <loc xlink:type="locator"
      xlink:label="us-gaap_ShortTermInvestments"
      xlink:href="http://xbrl.fasb.org/us-gaap/2017/elts/us-gaap-2017-01-31.xsd#us-gaap_ShortTermInvestments" />
    <calculationArc xlink:type="arc"
      xlink:arcrole="http://www.xbrl.org/2003/arcrole/summation-item"
      xlink:from="us-gaap_AssetsCurrent" xlink:to="us-gaap_ShortTermInvestments"
      order="3"
      weight="1"
      use="optional" />
    <loc xlink:type="locator"
      xlink:label="us-gaap_AccountsReceivableNetCurrent"
      xlink:href="http://xbrl.fasb.org/us-gaap/2017/elts/us-gaap-2017-01-31.xsd#us-gaap_AccountsReceivableNetCurrent" />
    <calculationArc xlink:type="arc"
      xlink:arcrole="http://www.xbrl.org/2003/arcrole/summation-item"
      xlink:from="us-gaap_AssetsCurrent" xlink:to="us-gaap_AccountsReceivableNetCurrent"
      order="4"
      weight="1"
      use="optional" />
    <loc xlink:type="locator"
      xlink:label="us-gaap_InventoryNet"
      xlink:href="http://xbrl.fasb.org/us-gaap/2017/elts/us-gaap-2017-01-31.xsd#us-gaap_InventoryNet" />
    <calculationArc xlink:type="arc"
      xlink:arcrole="http://www.xbrl.org/2003/arcrole/summation-item"
      xlink:from="us-gaap_AssetsCurrent" xlink:to="us-gaap_InventoryNet"
      order="5"
      weight="1"
      use="optional" />
    <loc xlink:type="locator"
      xlink:label="us-gaap_PrepaidExpenseCurrent"
      xlink:href="http://xbrl.fasb.org/us-gaap/2017/elts/us-gaap-2017-01-31.xsd#us-gaap_PrepaidExpenseCurrent" />
    <calculationArc xlink:type="arc"
      xlink:arcrole="http://www.xbrl.org/2003/arcrole/summation-item"
      xlink:from="us-gaap_AssetsCurrent" xlink:to="us-gaap_PrepaidExpenseCurrent"
      order="6"
      weight="1"
      use="optional" />
    <loc xlink:type="locator"
      xlink:label="us-gaap_OtherAssetsCurrent"
      xlink:href="http://xbrl.fasb.org/us-gaap/2017/elts/us-gaap-2017-01-31.xsd#us-gaap_OtherAssetsCurrent" />
    <calculationArc xlink:type="arc"
      xlink:arcrole="http://www.xbrl.org/2003/arcrole/summation-item"
      xlink:from="us-gaap_AssetsCurrent" xlink:to="us-gaap_OtherAssetsCurrent"
      order="7"
      weight="1"
      use="optional" />
    <loc xlink:type="locator"
      xlink:label="us-gaap_AssetsNoncurrent"
      xlink:href="http://xbrl.fasb.org/us-gaap/2017/elts/us-gaap-2017-01-31.xsd#us-gaap_AssetsNoncurrent" />
    <calculationArc xlink:type="arc"
      xlink:arcrole="http://www.xbrl.org/2003/arcrole/summation-item"
      xlink:from="us-gaap_Assets" xlink:to="us-gaap_AssetsNoncurrent"
      order="2"
      weight="1"
      use="optional" />
    <loc xlink:type="locator"
      xlink:label="us-gaap_PropertyPlantAndEquipmentNet"
      xlink:href="http://xbrl.fasb.org/us-gaap/2017/elts/us-gaap-2017-01-31.xsd#us-gaap_PropertyPlantAndEquipmentNet" />
    <calculationArc xlink:type="arc"
      xlink:arcrole="http://www.xbrl.org/2003/arcrole/summation-item"
      xlink:from="us-gaap_AssetsNoncurrent"
      xlink:to="us-gaap_PropertyPlantAndEquipmentNet"
      order="1"
      weight="1"
      use="optional" />
    <loc xlink:type="locator"
      xlink:label="us-gaap_OtherAssetsNoncurrent"
      xlink:href="http://xbrl.fasb.org/us-gaap/2017/elts/us-gaap-2017-01-31.xsd#us-gaap_OtherAssetsNoncurrent" />
    <calculationArc xlink:type="arc"
      xlink:arcrole="http://www.xbrl.org/2003/arcrole/summation-item"
      xlink:from="us-gaap_AssetsNoncurrent"
      xlink:to="us-gaap_OtherAssetsNoncurrent"
      order="2"
      weight="1"
      use="optional" />
    <loc xlink:type="locator"
      xlink:label="us-gaap_LiabilitiesAndStockholdersEquity"
      xlink:href="http://xbrl.fasb.org/us-gaap/2017/elts/us-gaap-2017-01-31.xsd#us-gaap_LiabilitiesAndStockholdersEquity" />
    <loc xlink:type="locator"
      xlink:label="us-gaap_Liabilities"
      xlink:href="http://xbrl.fasb.org/us-gaap/2017/elts/us-gaap-2017-01-31.xsd#us-gaap_Liabilities" />
    <calculationArc xlink:type="arc"
      xlink:arcrole="http://www.xbrl.org/2003/arcrole/summation-item"
      xlink:from="us-gaap_LiabilitiesAndStockholdersEquity"
      xlink:to="us-gaap_Liabilities"
      order="1"
      weight="1"
      use="optional" />
    <loc xlink:type="locator"
      xlink:label="us-gaap_LiabilitiesCurrent"
      xlink:href="http://xbrl.fasb.org/us-gaap/2017/elts/us-gaap-2017-01-31.xsd#us-gaap_LiabilitiesCurrent" />
    <calculationArc xlink:type="arc"
      xlink:arcrole="http://www.xbrl.org/2003/arcrole/summation-item"
      xlink:from="us-gaap_Liabilities" xlink:to="us-gaap_LiabilitiesCurrent"
      order="1"
      weight="1"
      use="optional" />
    <loc xlink:type="locator"
      xlink:label="us-gaap_AccountsPayableAndAccruedLiabilitiesCurrent"
      xlink:href="http://xbrl.fasb.org/us-gaap/2017/elts/us-gaap-2017-01-31.xsd#us-gaap_AccountsPayableAndAccruedLiabilitiesCurrent" />
    <calculationArc xlink:type="arc"
      xlink:arcrole="http://www.xbrl.org/2003/arcrole/summation-item"
      xlink:from="us-gaap_LiabilitiesCurrent"
      xlink:to="us-gaap_AccountsPayableAndAccruedLiabilitiesCurrent"
      order="1"
      weight="1"
      use="optional" />
    <loc xlink:type="locator"
      xlink:label="us-gaap_DebtCurrent"
      xlink:href="http://xbrl.fasb.org/us-gaap/2017/elts/us-gaap-2017-01-31.xsd#us-gaap_DebtCurrent" />
    <calculationArc xlink:type="arc"
      xlink:arcrole="http://www.xbrl.org/2003/arcrole/summation-item"
      xlink:from="us-gaap_LiabilitiesCurrent"
      xlink:to="us-gaap_DebtCurrent"
      order="2"
      weight="1"
      use="optional" />
    <loc xlink:type="locator"
      xlink:label="us-gaap_OtherLiabilitiesCurrent"
      xlink:href="http://xbrl.fasb.org/us-gaap/2017/elts/us-gaap-2017-01-31.xsd#us-gaap_OtherLiabilitiesCurrent" />
    <calculationArc xlink:type="arc"
      xlink:arcrole="http://www.xbrl.org/2003/arcrole/summation-item"
      xlink:from="us-gaap_LiabilitiesCurrent"
      xlink:to="us-gaap_OtherLiabilitiesCurrent"
      order="3"
      weight="1"
      use="optional" />
    <loc xlink:type="locator"
      xlink:label="us-gaap_LiabilitiesNoncurrent"
      xlink:href="http://xbrl.fasb.org/us-gaap/2017/elts/us-gaap-2017-01-31.xsd#us-gaap_LiabilitiesNoncurrent" />
    <calculationArc xlink:type="arc"
      xlink:arcrole="http://www.xbrl.org/2003/arcrole/summation-item"
      xlink:from="us-gaap_Liabilities" xlink:to="us-gaap_LiabilitiesNoncurrent"
      order="2"
      weight="1"
      use="optional" />
    <loc xlink:type="locator"
      xlink:label="us-gaap_AccountsPayableAndAccruedLiabilitiesNoncurrent"
      xlink:href="http://xbrl.fasb.org/us-gaap/2017/elts/us-gaap-2017-01-31.xsd#us-gaap_AccountsPayableAndAccruedLiabilitiesNoncurrent" />
    <calculationArc xlink:type="arc"
      xlink:arcrole="http://www.xbrl.org/2003/arcrole/summation-item"
      xlink:from="us-gaap_LiabilitiesNoncurrent"
      xlink:to="us-gaap_AccountsPayableAndAccruedLiabilitiesNoncurrent"
      order="1"
      weight="1"
      use="optional" />
    <loc xlink:type="locator"
      xlink:label="us-gaap_LongTermDebt"
      xlink:href="http://xbrl.fasb.org/us-gaap/2017/elts/us-gaap-2017-01-31.xsd#us-gaap_LongTermDebt" />
    <calculationArc xlink:type="arc"
      xlink:arcrole="http://www.xbrl.org/2003/arcrole/summation-item"
      xlink:from="us-gaap_LiabilitiesNoncurrent"
      xlink:to="us-gaap_LongTermDebt"
      order="2"
      weight="1"
      use="optional" />
    <loc xlink:type="locator"
      xlink:label="us-gaap_OtherLiabilitiesNoncurrent"
      xlink:href="http://xbrl.fasb.org/us-gaap/2017/elts/us-gaap-2017-01-31.xsd#us-gaap_OtherLiabilitiesNoncurrent" />
    <calculationArc xlink:type="arc"
      xlink:arcrole="http://www.xbrl.org/2003/arcrole/summation-item"
      xlink:from="us-gaap_LiabilitiesNoncurrent"
      xlink:to="us-gaap_OtherLiabilitiesNoncurrent"
      order="3"
      weight="1"
      use="optional" />
    <loc xlink:type="locator"
      xlink:label="us-gaap_CommitmentsAndContingencies"
      xlink:href="http://xbrl.fasb.org/us-gaap/2017/elts/us-gaap-2017-01-31.xsd#us-gaap_CommitmentsAndContingencies" />
    <calculationArc xlink:type="arc"
      xlink:arcrole="http://www.xbrl.org/2003/arcrole/summation-item"
      xlink:from="us-gaap_LiabilitiesAndStockholdersEquity"
      xlink:to="us-gaap_CommitmentsAndContingencies"
      order="2"
      weight="1"
      use="optional" />
    <loc xlink:type="locator"
      xlink:label="us-gaap_StockholdersEquityIncludingPortionAttributableToNoncontrollingInterest"
      xlink:href="http://xbrl.fasb.org/us-gaap/2017/elts/us-gaap-2017-01-31.xsd#us-gaap_StockholdersEquityIncludingPortionAttributableToNoncontrollingInterest" />
    <calculationArc xlink:type="arc"
      xlink:arcrole="http://www.xbrl.org/2003/arcrole/summation-item"
      xlink:from="us-gaap_LiabilitiesAndStockholdersEquity"
      xlink:to="us-gaap_StockholdersEquityIncludingPortionAttributableToNoncontrollingInterest"
      order="3"
      weight="1"
      use="optional" />
    <loc xlink:type="locator"
      xlink:label="us-gaap_StockholdersEquity"
      xlink:href="http://xbrl.fasb.org/us-gaap/2017/elts/us-gaap-2017-01-31.xsd#us-gaap_StockholdersEquity" />
    <calculationArc xlink:type="arc"
      xlink:arcrole="http://www.xbrl.org/2003/arcrole/summation-item"
      xlink:from="us-gaap_StockholdersEquityIncludingPortionAttributableToNoncontrollingInterest"
      xlink:to="us-gaap_StockholdersEquity"
      order="1"
      weight="1"
      use="optional" />
    <loc xlink:type="locator"
      xlink:label="us-gaap_PreferredStockValue"
      xlink:href="http://xbrl.fasb.org/us-gaap/2017/elts/us-gaap-2017-01-31.xsd#us-gaap_PreferredStockValue" />
    <calculationArc xlink:type="arc"
      xlink:arcrole="http://www.xbrl.org/2003/arcrole/summation-item"
      xlink:from="us-gaap_StockholdersEquity"
      xlink:to="us-gaap_PreferredStockValue"
      order="1"
      weight="1"
      use="optional" />
    <loc xlink:type="locator"
      xlink:label="us-gaap_CommonStockValue"
      xlink:href="http://xbrl.fasb.org/us-gaap/2017/elts/us-gaap-2017-01-31.xsd#us-gaap_CommonStockValue" />
    <calculationArc xlink:type="arc"
      xlink:arcrole="http://www.xbrl.org/2003/arcrole/summation-item"
      xlink:from="us-gaap_StockholdersEquity"
      xlink:to="us-gaap_CommonStockValue"
      order="2"
      weight="1"
      use="optional" />
    <loc xlink:type="locator"
      xlink:label="us-gaap_AdditionalPaidInCapital"
      xlink:href="http://xbrl.fasb.org/us-gaap/2017/elts/us-gaap-2017-01-31.xsd#us-gaap_AdditionalPaidInCapital" />
    <calculationArc xlink:type="arc"
      xlink:arcrole="http://www.xbrl.org/2003/arcrole/summation-item"
      xlink:from="us-gaap_StockholdersEquity"
      xlink:to="us-gaap_AdditionalPaidInCapital"
      order="3"
      weight="1"
      use="optional" />
    <loc xlink:type="locator"
      xlink:label="us-gaap_TreasuryStockValue"
      xlink:href="http://xbrl.fasb.org/us-gaap/2017/elts/us-gaap-2017-01-31.xsd#us-gaap_TreasuryStockValue" />
    <calculationArc xlink:type="arc"
      xlink:arcrole="http://www.xbrl.org/2003/arcrole/summation-item"
      xlink:from="us-gaap_StockholdersEquity"
      xlink:to="us-gaap_TreasuryStockValue"
      order="4"
      weight="-1"
      use="optional" />
    <loc xlink:type="locator"
      xlink:label="us-gaap_RetainedEarningsAccumulatedDeficit"
      xlink:href="http://xbrl.fasb.org/us-gaap/2017/elts/us-gaap-2017-01-31.xsd#us-gaap_RetainedEarningsAccumulatedDeficit" />
    <calculationArc xlink:type="arc"
      xlink:arcrole="http://www.xbrl.org/2003/arcrole/summation-item"
      xlink:from="us-gaap_StockholdersEquity"
      xlink:to="us-gaap_RetainedEarningsAccumulatedDeficit"
      order="5"
      weight="1"
      use="optional" />
    <loc xlink:type="locator"
      xlink:label="us-gaap_AccumulatedOtherComprehensiveIncomeLossNetOfTax"
      xlink:href="http://xbrl.fasb.org/us-gaap/2017/elts/us-gaap-2017-01-31.xsd#us-gaap_AccumulatedOtherComprehensiveIncomeLossNetOfTax" />
    <calculationArc xlink:type="arc"
      xlink:arcrole="http://www.xbrl.org/2003/arcrole/summation-item"
      xlink:from="us-gaap_StockholdersEquity"
      xlink:to="us-gaap_AccumulatedOtherComprehensiveIncomeLossNetOfTax"
      order="6"
      weight="1"
      use="optional" />
    <loc xlink:type="locator"
      xlink:label="us-gaap_MinorityInterest"
      xlink:href="http://xbrl.fasb.org/us-gaap/2017/elts/us-gaap-2017-01-31.xsd#us-gaap_MinorityInterest" />
    <calculationArc xlink:type="arc"
      xlink:arcrole="http://www.xbrl.org/2003/arcrole/summation-item"
      xlink:from="us-gaap_StockholdersEquityIncludingPortionAttributableToNoncontrollingInterest"
      xlink:to="us-gaap_MinorityInterest"
      order="2"
      weight="1"
      use="optional" />
  </calculationLink>
</linkbase>