<?xml version="1.0" encoding="utf-8"?>
<!--
Taxonomy Presentation Links linkbase based on XBRL standard Version 2.1.
Created by UBmatrix Taxonomy Designer 3.0.3.2436 (2009-06-02 13:18).  
Contact www.ubmatrix.com
Copyright (c) 2002-2012 UBmatrix inc., All Rights Reserved
Produced on 2012-05-01 11:34:12
-->
<linkbase
  xmlns="http://www.xbrl.org/2003/linkbase"
  xmlns:xsi="http://www.w3.org/2001/XMLSchema-instance"
  xmlns:xlink="http://www.w3.org/1999/xlink"
  xsi:schemaLocation="
    http://www.xbrl.org/2003/linkbase 
      http://www.xbrl.org/2003/xbrl-linkbase-2003-12-31.xsd
    ">
  <roleRef xlink:type="simple"
    xlink:href="Template.xsd#SomeNetwork"
    roleURI="http://www.template.com/SomeNetwork" />
  <roleRef xlink:type='simple' xlink:href='http://www.xbrl.org/lrr/role/negated-2009-12-16.xsd#negatedLabel' roleURI='http://www.xbrl.org/2009/role/negatedLabel' />
  <presentationLink xlink:type="extended"
    xlink:role="http://www.template.com/SomeNetwork">
    <loc xlink:type="locator"
      xlink:label="added_BalanceSheetTable"
      xlink:href="Template.xsd#added_BalanceSheetTable" />
    <loc xlink:type="locator"
      xlink:label="dei_LegalEntityAxis"
      xlink:href="http://xbrl.sec.gov/dei/2014/dei-2014-01-31.xsd#dei_LegalEntityAxis" />
    <presentationArc xlink:type="arc"
      xlink:arcrole="http://www.xbrl.org/2003/arcrole/parent-child"
      xlink:from="added_BalanceSheetTable" xlink:to="dei_LegalEntityAxis"
      order="2"
      use="optional" />
    <loc xlink:type="locator"
      xlink:label="dei_EntityDomain"
      xlink:href="http://xbrl.sec.gov/dei/2014/dei-2014-01-31.xsd#dei_EntityDomain" />
    <presentationArc xlink:type="arc"
      xlink:arcrole="http://www.xbrl.org/2003/arcrole/parent-child"
      xlink:from="dei_LegalEntityAxis" xlink:to="dei_EntityDomain"
      order="3"
      use="optional" />
    <loc xlink:type="locator"
      xlink:label="added_BalanceSheetLineItems"
      xlink:href="Template.xsd#added_BalanceSheetLineItems" />
    <presentationArc xlink:type="arc"
      xlink:arcrole="http://www.xbrl.org/2003/arcrole/parent-child"
      xlink:from="added_BalanceSheetTable" xlink:to="added_BalanceSheetLineItems"
      order="4"
      use="optional" />
    <loc xlink:type="locator"
      xlink:label="us-gaap_AssetsAbstract"
      xlink:href="http://xbrl.fasb.org/us-gaap/2017/elts/us-gaap-2017-01-31.xsd#us-gaap_AssetsAbstract" />
    <presentationArc xlink:type="arc"
      xlink:arcrole="http://www.xbrl.org/2003/arcrole/parent-child"
      xlink:from="added_BalanceSheetLineItems"
      xlink:to="us-gaap_AssetsAbstract"
      order="5"
      use="optional" />
    <loc xlink:type="locator"
      xlink:label="us-gaap_AssetsCurrentAbstract"
      xlink:href="http://xbrl.fasb.org/us-gaap/2017/elts/us-gaap-2017-01-31.xsd#us-gaap_AssetsCurrentAbstract" />
    <presentationArc xlink:type="arc"
      xlink:arcrole="http://www.xbrl.org/2003/arcrole/parent-child"
      xlink:from="us-gaap_AssetsAbstract" xlink:to="us-gaap_AssetsCurrentAbstract"
      order="6"
      use="optional" />
    <loc xlink:type="locator"
      xlink:label="us-gaap_CashAndCashEquivalentsAtCarryingValue"
      xlink:href="http://xbrl.fasb.org/us-gaap/2017/elts/us-gaap-2017-01-31.xsd#us-gaap_CashAndCashEquivalentsAtCarryingValue" />
    <presentationArc xlink:type="arc"
      xlink:arcrole="http://www.xbrl.org/2003/arcrole/parent-child"
      xlink:from="us-gaap_AssetsCurrentAbstract"
      xlink:to="us-gaap_CashAndCashEquivalentsAtCarryingValue"
      order="7"
      use="optional" />
    <loc xlink:type="locator"
      xlink:label="us-gaap_RestrictedCashAndInvestmentsCurrent"
      xlink:href="http://xbrl.fasb.org/us-gaap/2017/elts/us-gaap-2017-01-31.xsd#us-gaap_RestrictedCashAndInvestmentsCurrent" />
    <presentationArc xlink:type="arc"
      xlink:arcrole="http://www.xbrl.org/2003/arcrole/parent-child"
      xlink:from="us-gaap_AssetsCurrentAbstract"
      xlink:to="us-gaap_RestrictedCashAndInvestmentsCurrent"
      order="8"
      use="optional" />
    <loc xlink:type="locator"
      xlink:label="us-gaap_ShortTermInvestments"
      xlink:href="http://xbrl.fasb.org/us-gaap/2017/elts/us-gaap-2017-01-31.xsd#us-gaap_ShortTermInvestments" />
    <presentationArc xlink:type="arc"
      xlink:arcrole="http://www.xbrl.org/2003/arcrole/parent-child"
      xlink:from="us-gaap_AssetsCurrentAbstract"
      xlink:to="us-gaap_ShortTermInvestments"
      order="9"
      use="optional" />
    <loc xlink:type="locator"
      xlink:label="us-gaap_AccountsReceivableNetCurrent"
      xlink:href="http://xbrl.fasb.org/us-gaap/2017/elts/us-gaap-2017-01-31.xsd#us-gaap_AccountsReceivableNetCurrent" />
    <presentationArc xlink:type="arc"
      xlink:arcrole="http://www.xbrl.org/2003/arcrole/parent-child"
      xlink:from="us-gaap_AssetsCurrentAbstract"
      xlink:to="us-gaap_AccountsReceivableNetCurrent"
      order="10"
      use="optional" />
    <loc xlink:type="locator"
      xlink:label="us-gaap_InventoryNet"
      xlink:href="http://xbrl.fasb.org/us-gaap/2017/elts/us-gaap-2017-01-31.xsd#us-gaap_InventoryNet" />
    <presentationArc xlink:type="arc"
      xlink:arcrole="http://www.xbrl.org/2003/arcrole/parent-child"
      xlink:from="us-gaap_AssetsCurrentAbstract"
      xlink:to="us-gaap_InventoryNet"
      order="11"
      use="optional" />
    <loc xlink:type="locator"
      xlink:label="us-gaap_PrepaidExpenseCurrent"
      xlink:href="http://xbrl.fasb.org/us-gaap/2017/elts/us-gaap-2017-01-31.xsd#us-gaap_PrepaidExpenseCurrent" />
    <presentationArc xlink:type="arc"
      xlink:arcrole="http://www.xbrl.org/2003/arcrole/parent-child"
      xlink:from="us-gaap_AssetsCurrentAbstract"
      xlink:to="us-gaap_PrepaidExpenseCurrent"
      order="12"
      use="optional" />
    <loc xlink:type="locator"
      xlink:label="us-gaap_OtherAssetsCurrent"
      xlink:href="http://xbrl.fasb.org/us-gaap/2017/elts/us-gaap-2017-01-31.xsd#us-gaap_OtherAssetsCurrent" />
    <presentationArc xlink:type="arc"
      xlink:arcrole="http://www.xbrl.org/2003/arcrole/parent-child"
      xlink:from="us-gaap_AssetsCurrentAbstract"
      xlink:to="us-gaap_OtherAssetsCurrent"
      order="13"
      use="optional" />
    <loc xlink:type="locator"
      xlink:label="us-gaap_AssetsCurrent"
      xlink:href="http://xbrl.fasb.org/us-gaap/2017/elts/us-gaap-2017-01-31.xsd#us-gaap_AssetsCurrent" />
    <presentationArc xlink:type="arc"
      xlink:arcrole="http://www.xbrl.org/2003/arcrole/parent-child"
      xlink:from="us-gaap_AssetsCurrentAbstract"
      xlink:to="us-gaap_AssetsCurrent"
      preferredLabel="http://www.xbrl.org/2003/role/totalLabel"
      order="14"
      use="optional" />
    <loc xlink:type="locator"
      xlink:label="us-gaap_AssetsNoncurrentAbstract"
      xlink:href="http://xbrl.fasb.org/us-gaap/2017/elts/us-gaap-2017-01-31.xsd#us-gaap_AssetsNoncurrentAbstract" />
    <presentationArc xlink:type="arc"
      xlink:arcrole="http://www.xbrl.org/2003/arcrole/parent-child"
      xlink:from="us-gaap_AssetsAbstract" xlink:to="us-gaap_AssetsNoncurrentAbstract"
      order="15"
      use="optional" />
    <loc xlink:type="locator"
      xlink:label="us-gaap_PropertyPlantAndEquipmentNet"
      xlink:href="http://xbrl.fasb.org/us-gaap/2017/elts/us-gaap-2017-01-31.xsd#us-gaap_PropertyPlantAndEquipmentNet" />
    <presentationArc xlink:type="arc"
      xlink:arcrole="http://www.xbrl.org/2003/arcrole/parent-child"
      xlink:from="us-gaap_AssetsNoncurrentAbstract"
      xlink:to="us-gaap_PropertyPlantAndEquipmentNet"
      order="16"
      use="optional" />
    <loc xlink:type="locator"
      xlink:label="us-gaap_OtherAssetsNoncurrent"
      xlink:href="http://xbrl.fasb.org/us-gaap/2017/elts/us-gaap-2017-01-31.xsd#us-gaap_OtherAssetsNoncurrent" />
    <presentationArc xlink:type="arc"
      xlink:arcrole="http://www.xbrl.org/2003/arcrole/parent-child"
      xlink:from="us-gaap_AssetsNoncurrentAbstract"
      xlink:to="us-gaap_OtherAssetsNoncurrent"
      order="17"
      use="optional" />
    <loc xlink:type="locator"
      xlink:label="us-gaap_AssetsNoncurrent"
      xlink:href="http://xbrl.fasb.org/us-gaap/2017/elts/us-gaap-2017-01-31.xsd#us-gaap_AssetsNoncurrent" />
    <presentationArc xlink:type="arc"
      xlink:arcrole="http://www.xbrl.org/2003/arcrole/parent-child"
      xlink:from="us-gaap_AssetsNoncurrentAbstract"
      xlink:to="us-gaap_AssetsNoncurrent"
      preferredLabel="http://www.xbrl.org/2003/role/totalLabel"
      order="18"
      use="optional" />
    <loc xlink:type="locator"
      xlink:label="us-gaap_Assets"
      xlink:href="http://xbrl.fasb.org/us-gaap/2017/elts/us-gaap-2017-01-31.xsd#us-gaap_Assets" />
    <presentationArc xlink:type="arc"
      xlink:arcrole="http://www.xbrl.org/2003/arcrole/parent-child"
      xlink:from="us-gaap_AssetsAbstract" xlink:to="us-gaap_Assets"
      preferredLabel="http://www.xbrl.org/2003/role/totalLabel"
      order="19"
      use="optional" />
    <loc xlink:type="locator"
      xlink:label="us-gaap_LiabilitiesAndStockholdersEquityAbstract"
      xlink:href="http://xbrl.fasb.org/us-gaap/2017/elts/us-gaap-2017-01-31.xsd#us-gaap_LiabilitiesAndStockholdersEquityAbstract" />
    <presentationArc xlink:type="arc"
      xlink:arcrole="http://www.xbrl.org/2003/arcrole/parent-child"
      xlink:from="added_BalanceSheetLineItems"
      xlink:to="us-gaap_LiabilitiesAndStockholdersEquityAbstract"
      order="20"
      use="optional" />
    <loc xlink:type="locator"
      xlink:label="us-gaap_LiabilitiesAbstract"
      xlink:href="http://xbrl.fasb.org/us-gaap/2017/elts/us-gaap-2017-01-31.xsd#us-gaap_LiabilitiesAbstract" />
    <presentationArc xlink:type="arc"
      xlink:arcrole="http://www.xbrl.org/2003/arcrole/parent-child"
      xlink:from="us-gaap_LiabilitiesAndStockholdersEquityAbstract"
      xlink:to="us-gaap_LiabilitiesAbstract"
      order="1"
      use="optional" />
    <loc xlink:type="locator"
      xlink:label="us-gaap_LiabilitiesCurrentAbstract"
      xlink:href="http://xbrl.fasb.org/us-gaap/2017/elts/us-gaap-2017-01-31.xsd#us-gaap_LiabilitiesCurrentAbstract" />
    <presentationArc xlink:type="arc"
      xlink:arcrole="http://www.xbrl.org/2003/arcrole/parent-child"
      xlink:from="us-gaap_LiabilitiesAbstract"
      xlink:to="us-gaap_LiabilitiesCurrentAbstract"
      order="22"
      use="optional" />
    <loc xlink:type="locator"
      xlink:label="us-gaap_AccountsPayableAndAccruedLiabilitiesCurrent"
      xlink:href="http://xbrl.fasb.org/us-gaap/2017/elts/us-gaap-2017-01-31.xsd#us-gaap_AccountsPayableAndAccruedLiabilitiesCurrent" />
    <presentationArc xlink:type="arc"
      xlink:arcrole="http://www.xbrl.org/2003/arcrole/parent-child"
      xlink:from="us-gaap_LiabilitiesCurrentAbstract"
      xlink:to="us-gaap_AccountsPayableAndAccruedLiabilitiesCurrent"
      order="23"
      use="optional" />
    <loc xlink:type="locator"
      xlink:label="us-gaap_DebtCurrent"
      xlink:href="http://xbrl.fasb.org/us-gaap/2017/elts/us-gaap-2017-01-31.xsd#us-gaap_DebtCurrent" />
    <presentationArc xlink:type="arc"
      xlink:arcrole="http://www.xbrl.org/2003/arcrole/parent-child"
      xlink:from="us-gaap_LiabilitiesCurrentAbstract"
      xlink:to="us-gaap_DebtCurrent"
      order="24"
      use="optional" />
    <loc xlink:type="locator"
      xlink:label="us-gaap_OtherLiabilitiesCurrent"
      xlink:href="http://xbrl.fasb.org/us-gaap/2017/elts/us-gaap-2017-01-31.xsd#us-gaap_OtherLiabilitiesCurrent" />
    <presentationArc xlink:type="arc"
      xlink:arcrole="http://www.xbrl.org/2003/arcrole/parent-child"
      xlink:from="us-gaap_LiabilitiesCurrentAbstract"
      xlink:to="us-gaap_OtherLiabilitiesCurrent"
      order="25"
      use="optional" />
    <loc xlink:type="locator"
      xlink:label="us-gaap_LiabilitiesCurrent"
      xlink:href="http://xbrl.fasb.org/us-gaap/2017/elts/us-gaap-2017-01-31.xsd#us-gaap_LiabilitiesCurrent" />
    <presentationArc xlink:type="arc"
      xlink:arcrole="http://www.xbrl.org/2003/arcrole/parent-child"
      xlink:from="us-gaap_LiabilitiesCurrentAbstract"
      xlink:to="us-gaap_LiabilitiesCurrent"
      preferredLabel="http://www.xbrl.org/2003/role/totalLabel"
      order="26"
      use="optional" />
    <loc xlink:type="locator"
      xlink:label="us-gaap_LiabilitiesNoncurrentAbstract"
      xlink:href="http://xbrl.fasb.org/us-gaap/2017/elts/us-gaap-2017-01-31.xsd#us-gaap_LiabilitiesNoncurrentAbstract" />
    <presentationArc xlink:type="arc"
      xlink:arcrole="http://www.xbrl.org/2003/arcrole/parent-child"
      xlink:from="us-gaap_LiabilitiesAbstract"
      xlink:to="us-gaap_LiabilitiesNoncurrentAbstract"
      order="27"
      use="optional" />
    <loc xlink:type="locator"
      xlink:label="us-gaap_AccountsPayableAndAccruedLiabilitiesNoncurrent"
      xlink:href="http://xbrl.fasb.org/us-gaap/2017/elts/us-gaap-2017-01-31.xsd#us-gaap_AccountsPayableAndAccruedLiabilitiesNoncurrent" />
    <presentationArc xlink:type="arc"
      xlink:arcrole="http://www.xbrl.org/2003/arcrole/parent-child"
      xlink:from="us-gaap_LiabilitiesNoncurrentAbstract"
      xlink:to="us-gaap_AccountsPayableAndAccruedLiabilitiesNoncurrent"
      order="1"
      use="optional" />
    <loc xlink:type="locator"
      xlink:label="us-gaap_LongTermDebt"
      xlink:href="http://xbrl.fasb.org/us-gaap/2017/elts/us-gaap-2017-01-31.xsd#us-gaap_LongTermDebt" />
    <presentationArc xlink:type="arc"
      xlink:arcrole="http://www.xbrl.org/2003/arcrole/parent-child"
      xlink:from="us-gaap_LiabilitiesNoncurrentAbstract"
      xlink:to="us-gaap_LongTermDebt"
      order="2"
      use="optional" />
    <loc xlink:type="locator"
      xlink:label="us-gaap_OtherLiabilitiesNoncurrent"
      xlink:href="http://xbrl.fasb.org/us-gaap/2017/elts/us-gaap-2017-01-31.xsd#us-gaap_OtherLiabilitiesNoncurrent" />
    <presentationArc xlink:type="arc"
      xlink:arcrole="http://www.xbrl.org/2003/arcrole/parent-child"
      xlink:from="us-gaap_LiabilitiesNoncurrentAbstract"
      xlink:to="us-gaap_OtherLiabilitiesNoncurrent"
      order="3"
      use="optional" />
    <loc xlink:type="locator"
      xlink:label="us-gaap_LiabilitiesNoncurrent"
      xlink:href="http://xbrl.fasb.org/us-gaap/2017/elts/us-gaap-2017-01-31.xsd#us-gaap_LiabilitiesNoncurrent" />
    <presentationArc xlink:type="arc"
      xlink:arcrole="http://www.xbrl.org/2003/arcrole/parent-child"
      xlink:from="us-gaap_LiabilitiesNoncurrentAbstract"
      xlink:to="us-gaap_LiabilitiesNoncurrent"
      preferredLabel="http://www.xbrl.org/2003/role/totalLabel"
      order="4"
      use="optional" />
    <loc xlink:type="locator"
      xlink:label="us-gaap_Liabilities"
      xlink:href="http://xbrl.fasb.org/us-gaap/2017/elts/us-gaap-2017-01-31.xsd#us-gaap_Liabilities" />
    <presentationArc xlink:type="arc"
      xlink:arcrole="http://www.xbrl.org/2003/arcrole/parent-child"
      xlink:from="us-gaap_LiabilitiesAbstract"
      xlink:to="us-gaap_Liabilities"
      preferredLabel="http://www.xbrl.org/2003/role/totalLabel"
      order="32"
      use="optional" />
    <loc xlink:type="locator"
      xlink:label="us-gaap_CommitmentsAndContingencies"
      xlink:href="http://xbrl.fasb.org/us-gaap/2017/elts/us-gaap-2017-01-31.xsd#us-gaap_CommitmentsAndContingencies" />
    <presentationArc xlink:type="arc"
      xlink:arcrole="http://www.xbrl.org/2003/arcrole/parent-child"
      xlink:from="us-gaap_LiabilitiesAndStockholdersEquityAbstract"
      xlink:to="us-gaap_CommitmentsAndContingencies"
      order="2"
      use="optional" />
    <loc xlink:type="locator"
      xlink:label="us-gaap_StockholdersEquityIncludingPortionAttributableToNoncontrollingInterestAbstract"
      xlink:href="http://xbrl.fasb.org/us-gaap/2017/elts/us-gaap-2017-01-31.xsd#us-gaap_StockholdersEquityIncludingPortionAttributableToNoncontrollingInterestAbstract" />
    <presentationArc xlink:type="arc"
      xlink:arcrole="http://www.xbrl.org/2003/arcrole/parent-child"
      xlink:from="us-gaap_LiabilitiesAndStockholdersEquityAbstract"
      xlink:to="us-gaap_StockholdersEquityIncludingPortionAttributableToNoncontrollingInterestAbstract"
      order="3"
      use="optional" />
    <loc xlink:type="locator"
      xlink:label="us-gaap_StockholdersEquityAbstract"
      xlink:href="http://xbrl.fasb.org/us-gaap/2017/elts/us-gaap-2017-01-31.xsd#us-gaap_StockholdersEquityAbstract" />
    <presentationArc xlink:type="arc"
      xlink:arcrole="http://www.xbrl.org/2003/arcrole/parent-child"
      xlink:from="us-gaap_StockholdersEquityIncludingPortionAttributableToNoncontrollingInterestAbstract"
      xlink:to="us-gaap_StockholdersEquityAbstract"
      order="35"
      use="optional" />
    <loc xlink:type="locator"
      xlink:label="us-gaap_PreferredStockValue"
      xlink:href="http://xbrl.fasb.org/us-gaap/2017/elts/us-gaap-2017-01-31.xsd#us-gaap_PreferredStockValue" />
    <presentationArc xlink:type="arc"
      xlink:arcrole="http://www.xbrl.org/2003/arcrole/parent-child"
      xlink:from="us-gaap_StockholdersEquityAbstract"
      xlink:to="us-gaap_PreferredStockValue"
      order="1"
      use="optional" />
    <loc xlink:type="locator"
      xlink:label="us-gaap_CommonStockValue"
      xlink:href="http://xbrl.fasb.org/us-gaap/2017/elts/us-gaap-2017-01-31.xsd#us-gaap_CommonStockValue" />
    <presentationArc xlink:type="arc"
      xlink:arcrole="http://www.xbrl.org/2003/arcrole/parent-child"
      xlink:from="us-gaap_StockholdersEquityAbstract"
      xlink:to="us-gaap_CommonStockValue"
      order="2"
      use="optional" />
    <loc xlink:type="locator"
      xlink:label="us-gaap_AdditionalPaidInCapital"
      xlink:href="http://xbrl.fasb.org/us-gaap/2017/elts/us-gaap-2017-01-31.xsd#us-gaap_AdditionalPaidInCapital" />
    <presentationArc xlink:type="arc"
      xlink:arcrole="http://www.xbrl.org/2003/arcrole/parent-child"
      xlink:from="us-gaap_StockholdersEquityAbstract"
      xlink:to="us-gaap_AdditionalPaidInCapital"
      order="3"
      use="optional" />
    <loc xlink:type="locator"
      xlink:label="us-gaap_TreasuryStockValue"
      xlink:href="http://xbrl.fasb.org/us-gaap/2017/elts/us-gaap-2017-01-31.xsd#us-gaap_TreasuryStockValue" />
    <presentationArc xlink:type="arc"
      xlink:arcrole="http://www.xbrl.org/2003/arcrole/parent-child"
      xlink:from="us-gaap_StockholdersEquityAbstract"
      xlink:to="us-gaap_TreasuryStockValue"
      preferredLabel="http://www.xbrl.org/2009/role/negatedLabel"
      order="4"
      use="optional" />
    <loc xlink:type="locator"
      xlink:label="us-gaap_RetainedEarningsAccumulatedDeficit"
      xlink:href="http://xbrl.fasb.org/us-gaap/2017/elts/us-gaap-2017-01-31.xsd#us-gaap_RetainedEarningsAccumulatedDeficit" />
    <presentationArc xlink:type="arc"
      xlink:arcrole="http://www.xbrl.org/2003/arcrole/parent-child"
      xlink:from="us-gaap_StockholdersEquityAbstract"
      xlink:to="us-gaap_RetainedEarningsAccumulatedDeficit"
      order="5"
      use="optional" />
    <loc xlink:type="locator"
      xlink:label="us-gaap_AccumulatedOtherComprehensiveIncomeLossNetOfTax"
      xlink:href="http://xbrl.fasb.org/us-gaap/2017/elts/us-gaap-2017-01-31.xsd#us-gaap_AccumulatedOtherComprehensiveIncomeLossNetOfTax" />
    <presentationArc xlink:type="arc"
      xlink:arcrole="http://www.xbrl.org/2003/arcrole/parent-child"
      xlink:from="us-gaap_StockholdersEquityAbstract"
      xlink:to="us-gaap_AccumulatedOtherComprehensiveIncomeLossNetOfTax"
      order="6"
      use="optional" />
    <loc xlink:type="locator"
      xlink:label="us-gaap_StockholdersEquity"
      xlink:href="http://xbrl.fasb.org/us-gaap/2017/elts/us-gaap-2017-01-31.xsd#us-gaap_StockholdersEquity" />
    <presentationArc xlink:type="arc"
      xlink:arcrole="http://www.xbrl.org/2003/arcrole/parent-child"
      xlink:from="us-gaap_StockholdersEquityAbstract"
      xlink:to="us-gaap_StockholdersEquity"
      preferredLabel="http://www.xbrl.org/2003/role/totalLabel"
      order="7"
      use="optional" />
    <loc xlink:type="locator"
      xlink:label="us-gaap_MinorityInterest"
      xlink:href="http://xbrl.fasb.org/us-gaap/2017/elts/us-gaap-2017-01-31.xsd#us-gaap_MinorityInterest" />
    <presentationArc xlink:type="arc"
      xlink:arcrole="http://www.xbrl.org/2003/arcrole/parent-child"
      xlink:from="us-gaap_StockholdersEquityIncludingPortionAttributableToNoncontrollingInterestAbstract"
      xlink:to="us-gaap_MinorityInterest"
      order="42"
      use="optional" />
    <loc xlink:type="locator"
      xlink:label="us-gaap_StockholdersEquityIncludingPortionAttributableToNoncontrollingInterest"
      xlink:href="http://xbrl.fasb.org/us-gaap/2017/elts/us-gaap-2017-01-31.xsd#us-gaap_StockholdersEquityIncludingPortionAttributableToNoncontrollingInterest" />
    <presentationArc xlink:type="arc"
      xlink:arcrole="http://www.xbrl.org/2003/arcrole/parent-child"
      xlink:from="us-gaap_StockholdersEquityIncludingPortionAttributableToNoncontrollingInterestAbstract"
      xlink:to="us-gaap_StockholdersEquityIncludingPortionAttributableToNoncontrollingInterest"
      preferredLabel="http://www.xbrl.org/2003/role/totalLabel"
      order="43"
      use="optional" />
    <loc xlink:type="locator"
      xlink:label="us-gaap_LiabilitiesAndStockholdersEquity"
      xlink:href="http://xbrl.fasb.org/us-gaap/2017/elts/us-gaap-2017-01-31.xsd#us-gaap_LiabilitiesAndStockholdersEquity" />
    <presentationArc xlink:type="arc"
      xlink:arcrole="http://www.xbrl.org/2003/arcrole/parent-child"
      xlink:from="us-gaap_LiabilitiesAndStockholdersEquityAbstract"
      xlink:to="us-gaap_LiabilitiesAndStockholdersEquity"
      preferredLabel="http://www.xbrl.org/2003/role/totalLabel"
      order="4"
      use="optional" />
  </presentationLink>
</linkbase>