<?xml version="1.0" encoding="utf-8"?>
<!--
Taxonomy Label Links linkbase based on XBRL standard Version 2.1.
Created by UBmatrix Taxonomy Designer 3.0.3.2433 (2009-05-15 09:36).  
Contact www.ubmatrix.com
Copyright (c) 2002-2011 UBmatrix inc., All Rights Reserved
Produced on 2011-07-17 11:21:52
-->
<linkbase
  xmlns="http://www.xbrl.org/2003/linkbase"
  xmlns:xsi="http://www.w3.org/2001/XMLSchema-instance"
  xmlns:xlink="http://www.w3.org/1999/xlink"
  xsi:schemaLocation="
    http://www.xbrl.org/2003/linkbase 
      http://www.xbrl.org/2003/xbrl-linkbase-2003-12-31.xsd
    ">
  <labelLink xlink:type="extended"
    xlink:role="http://www.xbrl.org/2003/role/link">
    <loc xlink:type="locator"
      xlink:label="pattern_AeneanConvallisSemMember"
      xlink:href="NonFinancialInformation.xsd#pattern_AeneanConvallisSemMember" />
    <labelArc xlink:type="arc"
      xlink:arcrole="http://www.xbrl.org/2003/arcrole/concept-label"
      xlink:from="pattern_AeneanConvallisSemMember"
      xlink:to="pattern_AeneanConvallisSemMember_lbl" />
    <label xlink:type="resource"
      xlink:label="pattern_AeneanConvallisSemMember_lbl"
      xml:lang="en"
      xlink:role="http://www.xbrl.org/2003/role/documentation">Fusce gravida, ligula a placerat placerat, leo erat euismod lectus, et lacinia justo libero non pede.</label>
    <label xlink:type="resource"
      xlink:label="pattern_AeneanConvallisSemMember_lbl"
      xml:lang="en"
      xlink:role="http://www.xbrl.org/2003/role/label">Aenean Convallis Sem [Member]</label>
    <loc xlink:type="locator"
      xlink:label="pattern_CurabiturFermentumMattisMember"
      xlink:href="NonFinancialInformation.xsd#pattern_CurabiturFermentumMattisMember" />
    <labelArc xlink:type="arc"
      xlink:arcrole="http://www.xbrl.org/2003/arcrole/concept-label"
      xlink:from="pattern_CurabiturFermentumMattisMember"
      xlink:to="pattern_CurabiturFermentumMattisMember_lbl" />
    <label xlink:type="resource"
      xlink:label="pattern_CurabiturFermentumMattisMember_lbl"
      xml:lang="en"
      xlink:role="http://www.xbrl.org/2003/role/documentation">Praesent fringilla feugiat magna. Suspendisse et lorem eu risus convallis placerat. Suspendisse potenti.</label>
    <label xlink:type="resource"
      xlink:label="pattern_CurabiturFermentumMattisMember_lbl"
      xml:lang="en"
      xlink:role="http://www.xbrl.org/2003/role/label">Curabitur Fermentum Mattis [Member]</label>
    <loc xlink:type="locator"
      xlink:label="pattern_CurabiturPortaDapibusMember"
      xlink:href="NonFinancialInformation.xsd#pattern_CurabiturPortaDapibusMember" />
    <labelArc xlink:type="arc"
      xlink:arcrole="http://www.xbrl.org/2003/arcrole/concept-label"
      xlink:from="pattern_CurabiturPortaDapibusMember"
      xlink:to="pattern_CurabiturPortaDapibusMember_lbl" />
    <label xlink:type="resource"
      xlink:label="pattern_CurabiturPortaDapibusMember_lbl"
      xml:lang="en"
      xlink:role="http://www.xbrl.org/2003/role/documentation">Suspendisse urna. Proin non mauris. Proin sed odio. Phasellus sagittis orci quis orci.</label>
    <label xlink:type="resource"
      xlink:label="pattern_CurabiturPortaDapibusMember_lbl"
      xml:lang="en"
      xlink:role="http://www.xbrl.org/2003/role/label">Curabitur Porta Dapibus [Member]</label>
    <loc xlink:type="locator"
      xlink:label="pattern_FringillaFeugiatMagnaHierarchy"
      xlink:href="NonFinancialInformation.xsd#pattern_FringillaFeugiatMagnaHierarchy" />
    <labelArc xlink:type="arc"
      xlink:arcrole="http://www.xbrl.org/2003/arcrole/concept-label"
      xlink:from="pattern_FringillaFeugiatMagnaHierarchy"
      xlink:to="pattern_FringillaFeugiatMagnaHierarchy_lbl" />
    <label xlink:type="resource"
      xlink:label="pattern_FringillaFeugiatMagnaHierarchy_lbl"
      xml:lang="en"
      xlink:role="http://www.xbrl.org/2003/role/documentation">Pellentesque pede felis, rhoncus accumsan, luctus ut, facilisis vitae, tortor. Suspendisse potenti.</label>
    <label xlink:type="resource"
      xlink:label="pattern_FringillaFeugiatMagnaHierarchy_lbl"
      xml:lang="en"
      xlink:role="http://www.xbrl.org/2003/role/label">Fringilla Feugiat Magna [Hierarchy]</label>
    <loc xlink:type="locator"
      xlink:label="pattern_LitoraTorquentAxis"
      xlink:href="NonFinancialInformation.xsd#pattern_LitoraTorquentAxis" />
    <labelArc xlink:type="arc"
      xlink:arcrole="http://www.xbrl.org/2003/arcrole/concept-label"
      xlink:from="pattern_LitoraTorquentAxis"
      xlink:to="pattern_LitoraTorquentAxis_lbl" />
    <label xlink:type="resource"
      xlink:label="pattern_LitoraTorquentAxis_lbl"
      xml:lang="en"
      xlink:role="http://www.xbrl.org/2003/role/documentation">Proin elit sem, ornare non, ullamcorper vel, sollicitudin a, lacus.</label>
    <label xlink:type="resource"
      xlink:label="pattern_LitoraTorquentAxis_lbl"
      xml:lang="en"
      xlink:role="http://www.xbrl.org/2003/role/label">Litora Torquent [Axis]</label>
    <loc xlink:type="locator"
      xlink:label="pattern_LitoraTorquentMember"
      xlink:href="NonFinancialInformation.xsd#pattern_LitoraTorquentMember" />
    <labelArc xlink:type="arc"
      xlink:arcrole="http://www.xbrl.org/2003/arcrole/concept-label"
      xlink:from="pattern_LitoraTorquentMember"
      xlink:to="pattern_LitoraTorquentMember_lbl" />
    <label xlink:type="resource"
      xlink:label="pattern_LitoraTorquentMember_lbl"
      xml:lang="en"
      xlink:role="http://www.xbrl.org/2003/role/label">Litora Torquent [Member]</label>
    <loc xlink:type="locator"
      xlink:label="pattern_MalesuadaFamesAxis"
      xlink:href="NonFinancialInformation.xsd#pattern_MalesuadaFamesAxis" />
    <labelArc xlink:type="arc"
      xlink:arcrole="http://www.xbrl.org/2003/arcrole/concept-label"
      xlink:from="pattern_MalesuadaFamesAxis"
      xlink:to="pattern_MalesuadaFamesAxis_lbl" />
    <label xlink:type="resource"
      xlink:label="pattern_MalesuadaFamesAxis_lbl"
      xml:lang="en"
      xlink:role="http://www.xbrl.org/2003/role/documentation">Sed eu nibh. Fusce vitae mi. Sed dapibus venenatis ipsum. Sed in purus. Class aptent taciti sociosqu ad litora torquent per conubia nostra, per inceptos hymenaeos.</label>
    <label xlink:type="resource"
      xlink:label="pattern_MalesuadaFamesAxis_lbl"
      xml:lang="en"
      xlink:role="http://www.xbrl.org/2003/role/label">Malesuada Fames [Axis]</label>
    <loc xlink:type="locator"
      xlink:label="pattern_MalesuadaFamesMember"
      xlink:href="NonFinancialInformation.xsd#pattern_MalesuadaFamesMember" />
    <labelArc xlink:type="arc"
      xlink:arcrole="http://www.xbrl.org/2003/arcrole/concept-label"
      xlink:from="pattern_MalesuadaFamesMember"
      xlink:to="pattern_MalesuadaFamesMember_lbl" />
    <label xlink:type="resource"
      xlink:label="pattern_MalesuadaFamesMember_lbl"
      xml:lang="en"
      xlink:role="http://www.xbrl.org/2003/role/label">Malesuada Fames [Member]</label>
    <loc xlink:type="locator"
      xlink:label="pattern_MaurisTinciduntCursus"
      xlink:href="NonFinancialInformation.xsd#pattern_MaurisTinciduntCursus" />
    <labelArc xlink:type="arc"
      xlink:arcrole="http://www.xbrl.org/2003/arcrole/concept-label"
      xlink:from="pattern_MaurisTinciduntCursus"
      xlink:to="pattern_MaurisTinciduntCursus_lbl" />
    <label xlink:type="resource"
      xlink:label="pattern_MaurisTinciduntCursus_lbl"
      xml:lang="en"
      xlink:role="http://www.xbrl.org/2003/role/documentation">Nunc eu dui non mauris interdum tincidunt. Sed magna felis, accumsan a, fermentum quis, varius sed, ipsum.</label>
    <label xlink:type="resource"
      xlink:label="pattern_MaurisTinciduntCursus_lbl"
      xml:lang="en"
      xlink:role="http://www.xbrl.org/2003/role/label">MaurisTincidunt Cursus</label>
    <loc xlink:type="locator"
      xlink:label="pattern_MetusViverraSollicitudin"
      xlink:href="NonFinancialInformation.xsd#pattern_MetusViverraSollicitudin" />
    <labelArc xlink:type="arc"
      xlink:arcrole="http://www.xbrl.org/2003/arcrole/concept-label"
      xlink:from="pattern_MetusViverraSollicitudin"
      xlink:to="pattern_MetusViverraSollicitudin_lbl" />
    <label xlink:type="resource"
      xlink:label="pattern_MetusViverraSollicitudin_lbl"
      xml:lang="en"
      xlink:role="http://www.xbrl.org/2003/role/documentation">Proin elit sem, ornare non, ullamcorper vel, sollicitudin a, lacus.</label>
    <label xlink:type="resource"
      xlink:label="pattern_MetusViverraSollicitudin_lbl"
      xml:lang="en"
      xlink:role="http://www.xbrl.org/2003/role/label">Metus Viverra Sollicitudin</label>
    <loc xlink:type="locator"
      xlink:label="pattern_PellentesqueHabitantMorbiTristique"
      xlink:href="NonFinancialInformation.xsd#pattern_PellentesqueHabitantMorbiTristique" />
    <labelArc xlink:type="arc"
      xlink:arcrole="http://www.xbrl.org/2003/arcrole/concept-label"
      xlink:from="pattern_PellentesqueHabitantMorbiTristique"
      xlink:to="pattern_PellentesqueHabitantMorbiTristique_lbl" />
    <label xlink:type="resource"
      xlink:label="pattern_PellentesqueHabitantMorbiTristique_lbl"
      xml:lang="en"
      xlink:role="http://www.xbrl.org/2003/role/documentation">Phasellus eleifend, diam vitae dapibus pulvinar, erat ligula auctor dui, eget congue justo lorem hendrerit tellus.</label>
    <label xlink:type="resource"
      xlink:label="pattern_PellentesqueHabitantMorbiTristique_lbl"
      xml:lang="en"
      xlink:role="http://www.xbrl.org/2003/role/label">Pellentesque Habitant Morbi Tristique</label>
    <loc xlink:type="locator"
      xlink:label="pattern_RisusConvallisPlaceratLineItems"
      xlink:href="NonFinancialInformation.xsd#pattern_RisusConvallisPlaceratLineItems" />
    <labelArc xlink:type="arc"
      xlink:arcrole="http://www.xbrl.org/2003/arcrole/concept-label"
      xlink:from="pattern_RisusConvallisPlaceratLineItems"
      xlink:to="pattern_RisusConvallisPlaceratLineItems_lbl" />
    <label xlink:type="resource"
      xlink:label="pattern_RisusConvallisPlaceratLineItems_lbl"
      xml:lang="en"
      xlink:role="http://www.xbrl.org/2003/role/documentation">Donec pulvinar nonummy erat. In vel justo at urna rutrum ultrices. Cras consectetuer orci non lorem.</label>
    <label xlink:type="resource"
      xlink:label="pattern_RisusConvallisPlaceratLineItems_lbl"
      xml:lang="en"
      xlink:role="http://www.xbrl.org/2003/role/label">Risus Convallis Placerat [Line Items]</label>
    <loc xlink:type="locator"
      xlink:label="pattern_RisusConvallisPlaceratTable"
      xlink:href="NonFinancialInformation.xsd#pattern_RisusConvallisPlaceratTable" />
    <labelArc xlink:type="arc"
      xlink:arcrole="http://www.xbrl.org/2003/arcrole/concept-label"
      xlink:from="pattern_RisusConvallisPlaceratTable"
      xlink:to="pattern_RisusConvallisPlaceratTable_lbl" />
    <label xlink:type="resource"
      xlink:label="pattern_RisusConvallisPlaceratTable_lbl"
      xml:lang="en"
      xlink:role="http://www.xbrl.org/2003/role/documentation">Nam rhoncus mi. Nunc eu dui non mauris interdum tincidunt. Sed magna felis, accumsan a, fermentum quis, varius sed, ipsum. Nullam leo.</label>
    <label xlink:type="resource"
      xlink:label="pattern_RisusConvallisPlaceratTable_lbl"
      xml:lang="en"
      xlink:role="http://www.xbrl.org/2003/role/label">Risus Convallis Placerat [Table]</label>
    <loc xlink:type="locator"
      xlink:label="pattern_SuspendisseVestibulumAugue"
      xlink:href="NonFinancialInformation.xsd#pattern_SuspendisseVestibulumAugue" />
    <labelArc xlink:type="arc"
      xlink:arcrole="http://www.xbrl.org/2003/arcrole/concept-label"
      xlink:from="pattern_SuspendisseVestibulumAugue"
      xlink:to="pattern_SuspendisseVestibulumAugue_lbl" />
    <label xlink:type="resource"
      xlink:label="pattern_SuspendisseVestibulumAugue_lbl"
      xml:lang="en"
      xlink:role="http://www.xbrl.org/2003/role/documentation">Praesent fringilla feugiat magna. Suspendisse et lorem eu risus convallis placerat. Suspendisse potenti.</label>
    <label xlink:type="resource"
      xlink:label="pattern_SuspendisseVestibulumAugue_lbl"
      xml:lang="en"
      xlink:role="http://www.xbrl.org/2003/role/label">Suspendisse Vestibulum Augue</label>
  </labelLink>
</linkbase>