<?xml version="1.0" encoding="utf-8"?>
<!--
Taxonomy Definition Links linkbase based on XBRL standard Version 2.1.
Created by UBmatrix Taxonomy Designer 3.0.3.2433 (2009-05-15 09:36).  
Contact www.ubmatrix.com
Copyright (c) 2002-2011 UBmatrix inc., All Rights Reserved
Produced on 2011-07-17 11:21:52
-->
<linkbase
  xmlns="http://www.xbrl.org/2003/linkbase"
  xmlns:xsi="http://www.w3.org/2001/XMLSchema-instance"
  xmlns:xlink="http://www.w3.org/1999/xlink"
  xmlns:xbrldt="http://xbrl.org/2005/xbrldt"
  xsi:schemaLocation="
    http://www.xbrl.org/2003/linkbase 
      http://www.xbrl.org/2003/xbrl-linkbase-2003-12-31.xsd
    http://xbrl.org/2005/xbrldt  http://www.xbrl.org/2005/xbrldt-2005.xsd
    ">
  <roleRef xlink:type="simple"
    xlink:href="NonFinancialInformation.xsd#RisusConvallisPlacerat"
    roleURI="http://xbrlsite.azurewebsites.net/DigitalFinancialReporting/BusinessUseCases/NonFinancialInformation/RisusConvallisPlacerat" />
  <arcroleRef xlink:type="simple"
    xlink:href="http://www.xbrl.org/2005/xbrldt-2005.xsd#domain-member"
    arcroleURI="http://xbrl.org/int/dim/arcrole/domain-member" />
  <arcroleRef xlink:type="simple"
    xlink:href="http://www.xbrl.org/2005/xbrldt-2005.xsd#all"
    arcroleURI="http://xbrl.org/int/dim/arcrole/all" />
  <arcroleRef xlink:type="simple"
    xlink:href="http://www.xbrl.org/2005/xbrldt-2005.xsd#hypercube-dimension"
    arcroleURI="http://xbrl.org/int/dim/arcrole/hypercube-dimension" />
  <arcroleRef xlink:type="simple"
    xlink:href="http://www.xbrl.org/2005/xbrldt-2005.xsd#dimension-domain"
    arcroleURI="http://xbrl.org/int/dim/arcrole/dimension-domain" />
  <definitionLink xlink:type="extended"
    xlink:role="http://xbrlsite.azurewebsites.net/DigitalFinancialReporting/BusinessUseCases/NonFinancialInformation/RisusConvallisPlacerat">
    <loc xlink:type="locator"
      xlink:label="pattern_RisusConvallisPlaceratLineItems"
      xlink:href="NonFinancialInformation.xsd#pattern_RisusConvallisPlaceratLineItems" />
    <loc xlink:type="locator"
      xlink:label="pattern_FringillaFeugiatMagnaHierarchy"
      xlink:href="NonFinancialInformation.xsd#pattern_FringillaFeugiatMagnaHierarchy" />
    <definitionArc xlink:type="arc"
      xlink:arcrole="http://xbrl.org/int/dim/arcrole/domain-member"
      xlink:from="pattern_RisusConvallisPlaceratLineItems"
      xlink:to="pattern_FringillaFeugiatMagnaHierarchy"
      order="1"
      use="optional" />
    <loc xlink:type="locator"
      xlink:label="pattern_PellentesqueHabitantMorbiTristique"
      xlink:href="NonFinancialInformation.xsd#pattern_PellentesqueHabitantMorbiTristique" />
    <definitionArc xlink:type="arc"
      xlink:arcrole="http://xbrl.org/int/dim/arcrole/domain-member"
      xlink:from="pattern_FringillaFeugiatMagnaHierarchy"
      xlink:to="pattern_PellentesqueHabitantMorbiTristique"
      order="1"
      use="optional" />
    <loc xlink:type="locator"
      xlink:label="pattern_MaurisTinciduntCursus"
      xlink:href="NonFinancialInformation.xsd#pattern_MaurisTinciduntCursus" />
    <definitionArc xlink:type="arc"
      xlink:arcrole="http://xbrl.org/int/dim/arcrole/domain-member"
      xlink:from="pattern_FringillaFeugiatMagnaHierarchy"
      xlink:to="pattern_MaurisTinciduntCursus"
      order="2"
      use="optional" />
    <loc xlink:type="locator"
      xlink:label="pattern_MetusViverraSollicitudin"
      xlink:href="NonFinancialInformation.xsd#pattern_MetusViverraSollicitudin" />
    <definitionArc xlink:type="arc"
      xlink:arcrole="http://xbrl.org/int/dim/arcrole/domain-member"
      xlink:from="pattern_FringillaFeugiatMagnaHierarchy"
      xlink:to="pattern_MetusViverraSollicitudin"
      order="3"
      use="optional" />
    <loc xlink:type="locator"
      xlink:label="pattern_SuspendisseVestibulumAugue"
      xlink:href="NonFinancialInformation.xsd#pattern_SuspendisseVestibulumAugue" />
    <definitionArc xlink:type="arc"
      xlink:arcrole="http://xbrl.org/int/dim/arcrole/domain-member"
      xlink:from="pattern_FringillaFeugiatMagnaHierarchy"
      xlink:to="pattern_SuspendisseVestibulumAugue"
      order="4"
      use="optional" />
    <loc xlink:type="locator"
      xlink:label="pattern_RisusConvallisPlaceratTable"
      xlink:href="NonFinancialInformation.xsd#pattern_RisusConvallisPlaceratTable" />
    <definitionArc xlink:type="arc"
      xlink:arcrole="http://xbrl.org/int/dim/arcrole/all"
      xlink:from="pattern_RisusConvallisPlaceratLineItems"
      xlink:to="pattern_RisusConvallisPlaceratTable"
      order="2"
      use="optional"
      xbrldt:contextElement="segment"
      xbrldt:closed="true" />
    <loc xlink:type="locator"
      xlink:label="pattern_LitoraTorquentAxis"
      xlink:href="NonFinancialInformation.xsd#pattern_LitoraTorquentAxis" />
    <definitionArc xlink:type="arc"
      xlink:arcrole="http://xbrl.org/int/dim/arcrole/hypercube-dimension"
      xlink:from="pattern_RisusConvallisPlaceratTable"
      xlink:to="pattern_LitoraTorquentAxis"
      order="1"
      use="optional" />
    <loc xlink:type="locator"
      xlink:label="pattern_CurabiturFermentumMattisMember"
      xlink:href="NonFinancialInformation.xsd#pattern_CurabiturFermentumMattisMember" />
    <definitionArc xlink:type="arc"
      xlink:arcrole="http://xbrl.org/int/dim/arcrole/dimension-domain"
      xlink:from="pattern_LitoraTorquentAxis"
      xlink:to="pattern_CurabiturFermentumMattisMember"
      order="1"
      use="optional" />
    <loc xlink:type="locator"
      xlink:label="pattern_MalesuadaFamesAxis"
      xlink:href="NonFinancialInformation.xsd#pattern_MalesuadaFamesAxis" />
    <definitionArc xlink:type="arc"
      xlink:arcrole="http://xbrl.org/int/dim/arcrole/hypercube-dimension"
      xlink:from="pattern_RisusConvallisPlaceratTable"
      xlink:to="pattern_MalesuadaFamesAxis"
      order="2"
      use="optional" />
    <loc xlink:type="locator"
      xlink:label="pattern_MalesuadaFamesMember"
      xlink:href="NonFinancialInformation.xsd#pattern_MalesuadaFamesMember" />
    <definitionArc xlink:type="arc"
      xlink:arcrole="http://xbrl.org/int/dim/arcrole/dimension-domain"
      xlink:from="pattern_MalesuadaFamesAxis"
      xlink:to="pattern_MalesuadaFamesMember"
      order="1"
      use="optional" />
    <loc xlink:type="locator"
      xlink:label="pattern_CurabiturPortaDapibusMember"
      xlink:href="NonFinancialInformation.xsd#pattern_CurabiturPortaDapibusMember" />
    <definitionArc xlink:type="arc"
      xlink:arcrole="http://xbrl.org/int/dim/arcrole/domain-member"
      xlink:from="pattern_MalesuadaFamesMember"
      xlink:to="pattern_CurabiturPortaDapibusMember"
      order="1"
      use="optional" />
    <loc xlink:type="locator"
      xlink:label="pattern_AeneanConvallisSemMember"
      xlink:href="NonFinancialInformation.xsd#pattern_AeneanConvallisSemMember" />
    <definitionArc xlink:type="arc"
      xlink:arcrole="http://xbrl.org/int/dim/arcrole/domain-member"
      xlink:from="pattern_MalesuadaFamesMember"
      xlink:to="pattern_AeneanConvallisSemMember"
      order="2"
      use="optional" />
  </definitionLink>
</linkbase>