<?xml version="1.0" encoding="utf-8"?>
<!-- Created by Charles Hoffman, CPA: 2013-05-15 -->
<xbrl xmlns="http://www.xbrl.org/2003/instance" 
      xmlns:xbrli="http://www.xbrl.org/2003/instance"
      xmlns:link="http://www.xbrl.org/2003/linkbase" 
      xmlns:xlink="http://www.w3.org/1999/xlink" 
      xmlns:xsi="http://www.w3.org/2001/XMLSchema-instance" 
      xmlns:xbrldi="http://xbrl.org/2006/xbrldi" 
       
      xmlns:pattern="http://xbrlsite.azurewebsites.net/DigitalFinancialReporting/BusinessUseCases/NonFinancialInformation" 
      xmlns:iso4217="http://www.xbrl.org/2003/iso4217" 
      xsi:schemaLocation="http://xbrl.org/2006/xbrldi http://www.xbrl.org/2006/xbrldi-2006.xsd">

   <link:schemaRef xlink:type="simple" xlink:href="NonFinancialInformation.xsd" />
  	<link:linkbaseRef xlink:type='simple' xlink:href='NonFinancialInformation-formula.xml' xlink:arcrole='http://www.w3.org/1999/xlink/properties/linkbase'/>
   
   <context id="D-2010-Curabitur">
      <entity>
         <identifier scheme="http://www.SampleCompany.com">SAMP</identifier>
         <segment>
            <xbrldi:explicitMember dimension="pattern:LitoraTorquentAxis">pattern:CurabiturFermentumMattisMember</xbrldi:explicitMember>
            <xbrldi:explicitMember dimension="pattern:MalesuadaFamesAxis">pattern:CurabiturPortaDapibusMember</xbrldi:explicitMember>
         </segment>
      </entity>
      <period>
         <startDate>2010-01-01</startDate>
         <endDate>2010-12-31</endDate>
      </period>
   </context>
   <context id="D-2010-Aenean">
      <entity>
         <identifier scheme="http://www.SampleCompany.com">SAMP</identifier>
         <segment>
            <xbrldi:explicitMember dimension="pattern:LitoraTorquentAxis">pattern:CurabiturFermentumMattisMember</xbrldi:explicitMember>
            <xbrldi:explicitMember dimension="pattern:MalesuadaFamesAxis">pattern:AeneanConvallisSemMember</xbrldi:explicitMember>
         </segment>
      </entity>
      <period>
         <startDate>2010-01-01</startDate>
         <endDate>2010-12-31</endDate>
      </period>
   </context>
   <context id="D-2010-All">
      <entity>
         <identifier scheme="http://www.SampleCompany.com">SAMP</identifier>
         <segment>
            <xbrldi:explicitMember dimension="pattern:LitoraTorquentAxis">pattern:CurabiturFermentumMattisMember</xbrldi:explicitMember>
             <xbrldi:explicitMember dimension="pattern:MalesuadaFamesAxis">pattern:MalesuadaFamesMember</xbrldi:explicitMember>
         </segment>
      </entity>
      <period>
         <startDate>2010-01-01</startDate>
         <endDate>2010-12-31</endDate>
      </period>
   </context>


   <unit id="U-Monetary">
      <measure>iso4217:USD</measure>
   </unit>


   <pattern:PellentesqueHabitantMorbiTristique contextRef="D-2010-Curabitur" unitRef="U-Monetary" decimals="INF">1000</pattern:PellentesqueHabitantMorbiTristique>
   <pattern:MaurisTinciduntCursus contextRef="D-2010-Curabitur" unitRef="U-Monetary" decimals="INF">1000</pattern:MaurisTinciduntCursus>
   <pattern:MetusViverraSollicitudin contextRef="D-2010-Curabitur" unitRef="U-Monetary" decimals="INF">1000</pattern:MetusViverraSollicitudin>
   <pattern:SuspendisseVestibulumAugue contextRef="D-2010-Curabitur" unitRef="U-Monetary" decimals="INF">1000</pattern:SuspendisseVestibulumAugue>

   <pattern:PellentesqueHabitantMorbiTristique contextRef="D-2010-Aenean" unitRef="U-Monetary" decimals="INF">1000</pattern:PellentesqueHabitantMorbiTristique>
   <pattern:MaurisTinciduntCursus contextRef="D-2010-Aenean" unitRef="U-Monetary" decimals="INF">1000</pattern:MaurisTinciduntCursus>
   <pattern:MetusViverraSollicitudin contextRef="D-2010-Aenean" unitRef="U-Monetary" decimals="INF">1000</pattern:MetusViverraSollicitudin>
   <pattern:SuspendisseVestibulumAugue contextRef="D-2010-Aenean" unitRef="U-Monetary" decimals="INF">1000</pattern:SuspendisseVestibulumAugue>

   <pattern:PellentesqueHabitantMorbiTristique contextRef="D-2010-All" unitRef="U-Monetary" decimals="INF">2000</pattern:PellentesqueHabitantMorbiTristique>
   <pattern:MaurisTinciduntCursus contextRef="D-2010-All" unitRef="U-Monetary" decimals="INF">2000</pattern:MaurisTinciduntCursus>
   <pattern:MetusViverraSollicitudin contextRef="D-2010-All" unitRef="U-Monetary" decimals="INF">2000</pattern:MetusViverraSollicitudin>
   <pattern:SuspendisseVestibulumAugue contextRef="D-2010-All" unitRef="U-Monetary" decimals="INF">2000</pattern:SuspendisseVestibulumAugue>


</xbrl>
