<?xml version="1.0" encoding="utf-8"?>
<!--
Taxonomy Definition Links linkbase based on XBRL standard Version 2.1.
Created by UBmatrix Taxonomy Designer 3.0.3.2436 (2009-06-02 13:18).  
Contact www.ubmatrix.com
Copyright (c) 2002-2017 UBmatrix inc., All Rights Reserved
Produced on 2017-05-09 10:07:31
-->
<linkbase
  xmlns="http://www.xbrl.org/2003/linkbase"
  xmlns:xsi="http://www.w3.org/2001/XMLSchema-instance"
  xmlns:xlink="http://www.w3.org/1999/xlink"
  xmlns:xbrldt="http://xbrl.org/2005/xbrldt"
  xsi:schemaLocation="
    http://www.xbrl.org/2003/linkbase 
      http://www.xbrl.org/2003/xbrl-linkbase-2003-12-31.xsd
    http://xbrl.org/2005/xbrldt  http://www.xbrl.org/2005/xbrldt-2005.xsd
    ">
  <roleRef xlink:type="simple"
    xlink:href="NestedMemberAggregation.xsd#SalesAnalysisByGeographicArea"
    roleURI="http://xbrlsite.azurewebsites.net/DigitalFinancialReporting/MemberArrangementPatterns/NestedMemberAggregation/SalesAnalysisByGeographicArea" />
  <arcroleRef xlink:type="simple"
    xlink:href="http://www.xbrl.org/2005/xbrldt-2005.xsd#domain-member"
    arcroleURI="http://xbrl.org/int/dim/arcrole/domain-member" />
  <arcroleRef xlink:type="simple"
    xlink:href="http://www.xbrl.org/2005/xbrldt-2005.xsd#all"
    arcroleURI="http://xbrl.org/int/dim/arcrole/all" />
  <arcroleRef xlink:type="simple"
    xlink:href="http://www.xbrl.org/2005/xbrldt-2005.xsd#hypercube-dimension"
    arcroleURI="http://xbrl.org/int/dim/arcrole/hypercube-dimension" />
  <arcroleRef xlink:type="simple"
    xlink:href="http://www.xbrl.org/2005/xbrldt-2005.xsd#dimension-domain"
    arcroleURI="http://xbrl.org/int/dim/arcrole/dimension-domain" />
  <definitionLink xlink:type="extended"
    xlink:role="http://xbrlsite.azurewebsites.net/DigitalFinancialReporting/MemberArrangementPatterns/NestedMemberAggregation/SalesAnalysisByGeographicArea">
    <loc xlink:type="locator"
      xlink:label="pattern_SalesAnalysisByBusinessSegmentLineItems"
      xlink:href="NestedMemberAggregation.xsd#pattern_SalesAnalysisByBusinessSegmentLineItems" />
    <loc xlink:type="locator"
      xlink:label="pattern_SalesAnalysisSummaryHierarchy"
      xlink:href="NestedMemberAggregation.xsd#pattern_SalesAnalysisSummaryHierarchy" />
    <definitionArc xlink:type="arc"
      xlink:arcrole="http://xbrl.org/int/dim/arcrole/domain-member"
      xlink:from="pattern_SalesAnalysisByBusinessSegmentLineItems"
      xlink:to="pattern_SalesAnalysisSummaryHierarchy"
      order="1"
      use="optional" />
    <loc xlink:type="locator"
      xlink:label="pattern_Sales"
      xlink:href="NestedMemberAggregation.xsd#pattern_Sales" />
    <definitionArc xlink:type="arc"
      xlink:arcrole="http://xbrl.org/int/dim/arcrole/domain-member"
      xlink:from="pattern_SalesAnalysisSummaryHierarchy"
      xlink:to="pattern_Sales"
      order="1"
      use="optional" />
    <loc xlink:type="locator"
      xlink:label="pattern_SalesAnalysisByGeographicAreaTable"
      xlink:href="NestedMemberAggregation.xsd#pattern_SalesAnalysisByGeographicAreaTable" />
    <definitionArc xlink:type="arc"
      xlink:arcrole="http://xbrl.org/int/dim/arcrole/all"
      xlink:from="pattern_SalesAnalysisByBusinessSegmentLineItems"
      xlink:to="pattern_SalesAnalysisByGeographicAreaTable"
      order="2"
      use="optional"
      xbrldt:contextElement="segment"
      xbrldt:closed="true" />
    <loc xlink:type="locator"
      xlink:label="frm_LegalEntityAxis"
      xlink:href="http://xbrlsite.azurewebsites.net/DigitalFinancialReporting/Schemas/2017-05-07/frm.xsd#frm_LegalEntityAxis" />
    <definitionArc xlink:type="arc"
      xlink:arcrole="http://xbrl.org/int/dim/arcrole/hypercube-dimension"
      xlink:from="pattern_SalesAnalysisByGeographicAreaTable"
      xlink:to="frm_LegalEntityAxis"
      order="1"
      use="optional" />
    <loc xlink:type="locator"
      xlink:label="frm_ConsolidatedEntityMember"
      xlink:href="http://xbrlsite.azurewebsites.net/DigitalFinancialReporting/Schemas/2017-05-07/frm.xsd#frm_ConsolidatedEntityMember" />
    <definitionArc xlink:type="arc"
      xlink:arcrole="http://xbrl.org/int/dim/arcrole/dimension-domain"
      xlink:from="frm_LegalEntityAxis" xlink:to="frm_ConsolidatedEntityMember"
      order="1"
      use="optional" />
    <loc xlink:type="locator"
      xlink:label="frm_GeographicAreaAxis"
      xlink:href="http://xbrlsite.azurewebsites.net/DigitalFinancialReporting/Schemas/2017-05-07/frm.xsd#frm_GeographicAreaAxis" />
    <definitionArc xlink:type="arc"
      xlink:arcrole="http://xbrl.org/int/dim/arcrole/hypercube-dimension"
      xlink:from="pattern_SalesAnalysisByGeographicAreaTable"
      xlink:to="frm_GeographicAreaAxis"
      order="2"
      use="optional" />
    <loc xlink:type="locator"
      xlink:label="frm_GeographicAreasAllMember"
      xlink:href="http://xbrlsite.azurewebsites.net/DigitalFinancialReporting/Schemas/2017-05-07/frm.xsd#frm_GeographicAreasAllMember" />
    <definitionArc xlink:type="arc"
      xlink:arcrole="http://xbrl.org/int/dim/arcrole/dimension-domain"
      xlink:from="frm_GeographicAreaAxis" xlink:to="frm_GeographicAreasAllMember"
      order="1"
      use="optional" />
    <loc xlink:type="locator"
      xlink:label="frm_NorthAmericaRegionMember"
      xlink:href="http://xbrlsite.azurewebsites.net/DigitalFinancialReporting/Schemas/2017-05-07/frm.xsd#frm_NorthAmericaRegionMember" />
    <definitionArc xlink:type="arc"
      xlink:arcrole="http://xbrl.org/int/dim/arcrole/domain-member"
      xlink:from="frm_GeographicAreasAllMember"
      xlink:to="frm_NorthAmericaRegionMember"
      order="1"
      use="optional" />
    <loc xlink:type="locator"
      xlink:label="pattern_UnitedStatesMember"
      xlink:href="NestedMemberAggregation.xsd#pattern_UnitedStatesMember" />
    <definitionArc xlink:type="arc"
      xlink:arcrole="http://xbrl.org/int/dim/arcrole/domain-member"
      xlink:from="frm_NorthAmericaRegionMember"
      xlink:to="pattern_UnitedStatesMember"
      order="1"
      use="optional" />
    <loc xlink:type="locator"
      xlink:label="pattern_CanadaMember"
      xlink:href="NestedMemberAggregation.xsd#pattern_CanadaMember" />
    <definitionArc xlink:type="arc"
      xlink:arcrole="http://xbrl.org/int/dim/arcrole/domain-member"
      xlink:from="frm_NorthAmericaRegionMember"
      xlink:to="pattern_CanadaMember"
      order="2"
      use="optional" />
    <loc xlink:type="locator"
      xlink:label="frm_EuropeRegionMember"
      xlink:href="http://xbrlsite.azurewebsites.net/DigitalFinancialReporting/Schemas/2017-05-07/frm.xsd#frm_EuropeRegionMember" />
    <definitionArc xlink:type="arc"
      xlink:arcrole="http://xbrl.org/int/dim/arcrole/domain-member"
      xlink:from="frm_GeographicAreasAllMember"
      xlink:to="frm_EuropeRegionMember"
      order="2"
      use="optional" />
    <loc xlink:type="locator"
      xlink:label="pattern_UnitedKingdomMember"
      xlink:href="NestedMemberAggregation.xsd#pattern_UnitedKingdomMember" />
    <definitionArc xlink:type="arc"
      xlink:arcrole="http://xbrl.org/int/dim/arcrole/domain-member"
      xlink:from="frm_EuropeRegionMember" xlink:to="pattern_UnitedKingdomMember"
      order="1"
      use="optional" />
    <loc xlink:type="locator"
      xlink:label="pattern_GermanyMember"
      xlink:href="NestedMemberAggregation.xsd#pattern_GermanyMember" />
    <definitionArc xlink:type="arc"
      xlink:arcrole="http://xbrl.org/int/dim/arcrole/domain-member"
      xlink:from="frm_EuropeRegionMember" xlink:to="pattern_GermanyMember"
      order="2"
      use="optional" />
  </definitionLink>
</linkbase>