<?xml version="1.0" encoding="utf-8"?>
<!-- Created by Charles Hoffman, CPA: 2013-05-15 -->
<xbrl xmlns="http://www.xbrl.org/2003/instance" 
      xmlns:xbrli="http://www.xbrl.org/2003/instance"
      xmlns:link="http://www.xbrl.org/2003/linkbase" 
      xmlns:xlink="http://www.w3.org/1999/xlink" 
      xmlns:xsi="http://www.w3.org/2001/XMLSchema-instance" 
      xmlns:xbrldi="http://xbrl.org/2006/xbrldi" 
      xmlns:brm="http://www.xbrlsite.com/Schemas/brm"
      xmlns:frm="http://xbrlsite.azurewebsites.net/DigitalFinancialReporting/Schemas/frm"
      xmlns:pattern="http://xbrlsite.azurewebsites.net/DigitalFinancialReporting/MemberArrangementPatterns/NestedMemberAggregation" 
      xmlns:iso4217="http://www.xbrl.org/2003/iso4217" 
      xsi:schemaLocation="http://xbrl.org/2006/xbrldi http://www.xbrl.org/2006/xbrldi-2006.xsd">

   <link:schemaRef xlink:type="simple" xlink:href="NestedMemberAggregation.xsd" />
  	<link:linkbaseRef xlink:type='simple' xlink:href='NestedMemberAggregation-formula.xml' xlink:arcrole='http://www.w3.org/1999/xlink/properties/linkbase'/>

  
  <context id="D-2010">
    <entity>
      <identifier scheme="http://www.SampleCompany.com">SAMP</identifier>
      <segment>
      	<xbrldi:explicitMember dimension="frm:LegalEntityAxis">frm:ConsolidatedEntityMember</xbrldi:explicitMember>
      	<xbrldi:explicitMember dimension="frm:GeographicAreaAxis">frm:GeographicAreasAllMember</xbrldi:explicitMember>
      </segment>
    </entity>
    <period>
      <startDate>2010-01-01</startDate>
      <endDate>2010-12-31</endDate>
    </period>
  </context>
  <context id="D-2009">
    <entity>
      <identifier scheme="http://www.SampleCompany.com">SAMP</identifier>
      <segment>
      	<xbrldi:explicitMember dimension="frm:LegalEntityAxis">frm:ConsolidatedEntityMember</xbrldi:explicitMember>
      	<xbrldi:explicitMember dimension="frm:GeographicAreaAxis">frm:GeographicAreasAllMember</xbrldi:explicitMember>
      </segment>
    </entity>
    <period>
      <startDate>2009-01-01</startDate>
      <endDate>2009-12-31</endDate>
    </period>
  </context>


  <!-- Geographic Areas -->
  <context id="D-2010-NorthAmericaMember-UnitedStatesMember">
    <entity>
      <identifier scheme="http://www.SampleCompany.com">SAMP</identifier>
      <segment>
      	<xbrldi:explicitMember dimension="frm:LegalEntityAxis">frm:ConsolidatedEntityMember</xbrldi:explicitMember>
      	<xbrldi:explicitMember dimension="frm:GeographicAreaAxis">pattern:UnitedStatesMember</xbrldi:explicitMember>
      </segment>
    </entity>
    <period>
      <startDate>2010-01-01</startDate>
      <endDate>2010-12-31</endDate>
    </period>
  </context>
  <context id="D-2009-NorthAmericaMember-UnitedStatesMember">
    <entity>
      <identifier scheme="http://www.SampleCompany.com">SAMP</identifier>
      <segment>
      	<xbrldi:explicitMember dimension="frm:LegalEntityAxis">frm:ConsolidatedEntityMember</xbrldi:explicitMember>
      	<xbrldi:explicitMember dimension="frm:GeographicAreaAxis">pattern:UnitedStatesMember</xbrldi:explicitMember>
      </segment>
    </entity>
    <period>
      <startDate>2009-01-01</startDate>
      <endDate>2009-12-31</endDate>
    </period>
  </context>

  <context id="D-2010-NorthAmericaMember-CanadaMember">
    <entity>
      <identifier scheme="http://www.SampleCompany.com">SAMP</identifier>
      <segment>
      	<xbrldi:explicitMember dimension="frm:LegalEntityAxis">frm:ConsolidatedEntityMember</xbrldi:explicitMember>
      	<xbrldi:explicitMember dimension="frm:GeographicAreaAxis">pattern:CanadaMember</xbrldi:explicitMember>
      </segment>
    </entity>
    <period>
      <startDate>2010-01-01</startDate>
      <endDate>2010-12-31</endDate>
    </period>
  </context>
  <context id="D-2009-NorthAmericaMember-CanadaMember">
    <entity>
      <identifier scheme="http://www.SampleCompany.com">SAMP</identifier>
      <segment>
      	<xbrldi:explicitMember dimension="frm:LegalEntityAxis">frm:ConsolidatedEntityMember</xbrldi:explicitMember>
      	<xbrldi:explicitMember dimension="frm:GeographicAreaAxis">pattern:CanadaMember</xbrldi:explicitMember>
      </segment>
    </entity>
    <period>
      <startDate>2009-01-01</startDate>
      <endDate>2009-12-31</endDate>
    </period>
  </context>

  <context id="D-2010-NorthAmericaMember">
    <entity>
      <identifier scheme="http://www.SampleCompany.com">SAMP</identifier>
      <segment>
      	<xbrldi:explicitMember dimension="frm:LegalEntityAxis">frm:ConsolidatedEntityMember</xbrldi:explicitMember>
      	<xbrldi:explicitMember dimension="frm:GeographicAreaAxis">frm:NorthAmericaRegionMember</xbrldi:explicitMember>
      </segment>
    </entity>
    <period>
      <startDate>2010-01-01</startDate>
      <endDate>2010-12-31</endDate>
    </period>
  </context>
  <context id="D-2009-NorthAmericaMember">
    <entity>
      <identifier scheme="http://www.SampleCompany.com">SAMP</identifier>
      <segment>
      	<xbrldi:explicitMember dimension="frm:LegalEntityAxis">frm:ConsolidatedEntityMember</xbrldi:explicitMember>
      	<xbrldi:explicitMember dimension="frm:GeographicAreaAxis">frm:NorthAmericaRegionMember</xbrldi:explicitMember>
      </segment>
    </entity>
    <period>
      <startDate>2009-01-01</startDate>
      <endDate>2009-12-31</endDate>
    </period>
  </context>


  <context id="D-2010-EuropeMember-UnitedKingdomMember">
    <entity>
      <identifier scheme="http://www.SampleCompany.com">SAMP</identifier>
      <segment>
      	<xbrldi:explicitMember dimension="frm:LegalEntityAxis">frm:ConsolidatedEntityMember</xbrldi:explicitMember>
      	<xbrldi:explicitMember dimension="frm:GeographicAreaAxis">pattern:UnitedKingdomMember</xbrldi:explicitMember>
      </segment>
    </entity>
    <period>
      <startDate>2010-01-01</startDate>
      <endDate>2010-12-31</endDate>
    </period>
  </context>
  <context id="D-2009-EuropeMember-UnitedKingdomMember">
    <entity>
      <identifier scheme="http://www.SampleCompany.com">SAMP</identifier>
      <segment>
      	<xbrldi:explicitMember dimension="frm:LegalEntityAxis">frm:ConsolidatedEntityMember</xbrldi:explicitMember>
      	<xbrldi:explicitMember dimension="frm:GeographicAreaAxis">pattern:UnitedKingdomMember</xbrldi:explicitMember>
      </segment>
    </entity>
    <period>
      <startDate>2009-01-01</startDate>
      <endDate>2009-12-31</endDate>
    </period>
  </context>

  <context id="D-2010-EuropeMember-GermanyMember">
    <entity>
      <identifier scheme="http://www.SampleCompany.com">SAMP</identifier>
      <segment>
      	<xbrldi:explicitMember dimension="frm:LegalEntityAxis">frm:ConsolidatedEntityMember</xbrldi:explicitMember>
      	<xbrldi:explicitMember dimension="frm:GeographicAreaAxis">pattern:GermanyMember</xbrldi:explicitMember>
      </segment>
    </entity>
    <period>
      <startDate>2010-01-01</startDate>
      <endDate>2010-12-31</endDate>
    </period>
  </context>
  <context id="D-2009-EuropeMember-GermanyMember">
    <entity>
      <identifier scheme="http://www.SampleCompany.com">SAMP</identifier>
      <segment>
      	<xbrldi:explicitMember dimension="frm:LegalEntityAxis">frm:ConsolidatedEntityMember</xbrldi:explicitMember>
      	<xbrldi:explicitMember dimension="frm:GeographicAreaAxis">pattern:GermanyMember</xbrldi:explicitMember>
      </segment>
    </entity>
    <period>
      <startDate>2009-01-01</startDate>
      <endDate>2009-12-31</endDate>
    </period>
  </context>


  <context id="D-2010-EuropeMember">
    <entity>
      <identifier scheme="http://www.SampleCompany.com">SAMP</identifier>
      <segment>
      	<xbrldi:explicitMember dimension="frm:LegalEntityAxis">frm:ConsolidatedEntityMember</xbrldi:explicitMember>
      	<xbrldi:explicitMember dimension="frm:GeographicAreaAxis">frm:EuropeRegionMember</xbrldi:explicitMember>
      </segment>
    </entity>
    <period>
      <startDate>2010-01-01</startDate>
      <endDate>2010-12-31</endDate>
    </period>
  </context>
  <context id="D-2009-EuropeMember">
    <entity>
      <identifier scheme="http://www.SampleCompany.com">SAMP</identifier>
      <segment>
      	<xbrldi:explicitMember dimension="frm:LegalEntityAxis">frm:ConsolidatedEntityMember</xbrldi:explicitMember>
      	<xbrldi:explicitMember dimension="frm:GeographicAreaAxis">frm:EuropeRegionMember</xbrldi:explicitMember>
      </segment>
    </entity>
    <period>
      <startDate>2009-01-01</startDate>
      <endDate>2009-12-31</endDate>
    </period>
  </context>



   <unit id='U-Monetary'>
      <measure>iso4217:USD</measure>
   </unit>

	<!-- Geographic Areas -->
   <pattern:Sales contextRef="D-2010-NorthAmericaMember-UnitedStatesMember" unitRef="U-Monetary" decimals="-3">4000000</pattern:Sales>
   <pattern:Sales contextRef="D-2009-NorthAmericaMember-UnitedStatesMember" unitRef="U-Monetary" decimals="-3">4000000</pattern:Sales>

   <pattern:Sales contextRef="D-2010-NorthAmericaMember-CanadaMember" unitRef="U-Monetary" decimals="-3">2000000</pattern:Sales>
   <pattern:Sales contextRef="D-2009-NorthAmericaMember-CanadaMember" unitRef="U-Monetary" decimals="-3">2000000</pattern:Sales>


   <pattern:Sales contextRef="D-2010-NorthAmericaMember" unitRef="U-Monetary" decimals="-3">6000000</pattern:Sales>
   <pattern:Sales contextRef="D-2009-NorthAmericaMember" unitRef="U-Monetary" decimals="-3">6000000</pattern:Sales>


   <pattern:Sales contextRef="D-2010-EuropeMember-UnitedKingdomMember" unitRef="U-Monetary" decimals="-3">2000000</pattern:Sales>
   <pattern:Sales contextRef="D-2009-EuropeMember-UnitedKingdomMember" unitRef="U-Monetary" decimals="-3">2000000</pattern:Sales>

   <pattern:Sales contextRef="D-2010-EuropeMember-GermanyMember" unitRef="U-Monetary" decimals="-3">2000000</pattern:Sales>
   <pattern:Sales contextRef="D-2009-EuropeMember-GermanyMember" unitRef="U-Monetary" decimals="-3">2000000</pattern:Sales>


   <pattern:Sales contextRef="D-2010-EuropeMember" unitRef="U-Monetary" decimals="-3">4000000</pattern:Sales>
   <pattern:Sales contextRef="D-2009-EuropeMember" unitRef="U-Monetary" decimals="-3">4000000</pattern:Sales>


  <pattern:Sales contextRef="D-2010" unitRef="U-Monetary" decimals="-3">10000000</pattern:Sales>
  <pattern:Sales contextRef="D-2009" unitRef="U-Monetary" decimals="-3">10000000</pattern:Sales>


</xbrl>
