<?xml version="1.0" encoding="utf-8"?>
<!--
Taxonomy Presentation Links linkbase based on XBRL standard Version 2.1.
Created by UBmatrix Taxonomy Designer 3.0.3.2436 (2009-06-02 13:18).  
Contact www.ubmatrix.com
Copyright (c) 2002-2017 UBmatrix inc., All Rights Reserved
Produced on 2017-05-09 15:39:12
-->
<linkbase
  xmlns="http://www.xbrl.org/2003/linkbase"
  xmlns:xsi="http://www.w3.org/2001/XMLSchema-instance"
  xmlns:xlink="http://www.w3.org/1999/xlink"
  xsi:schemaLocation="
    http://www.xbrl.org/2003/linkbase 
      http://www.xbrl.org/2003/xbrl-linkbase-2003-12-31.xsd
    ">
  <roleRef xlink:type="simple"
    xlink:href="NestedHierarchy.xsd#AccountingPolicies"
    roleURI="http://xbrlsite.azurewebsites.net/DigitalFinancialReporting/BusinessUseCases/NestedHierarchy/AccountingPolicies" />
  <presentationLink xlink:type="extended"
    xlink:role="http://xbrlsite.azurewebsites.net/DigitalFinancialReporting/BusinessUseCases/NestedHierarchy/AccountingPolicies">
    <loc xlink:type="locator"
      xlink:label="pattern_AccountingPoliciesTable"
      xlink:href="NestedHierarchy.xsd#pattern_AccountingPoliciesTable" />
    <loc xlink:type="locator"
      xlink:label="frm_LegalEntityAxis"
      xlink:href="http://xbrlsite.azurewebsites.net/DigitalFinancialReporting/Schemas/2017-05-07/frm.xsd#frm_LegalEntityAxis" />
    <presentationArc xlink:type="arc"
      xlink:arcrole="http://www.xbrl.org/2003/arcrole/parent-child"
      xlink:from="pattern_AccountingPoliciesTable"
      xlink:to="frm_LegalEntityAxis"
      order="1"
      use="optional" />
    <loc xlink:type="locator"
      xlink:label="frm_ConsolidatedEntityMember"
      xlink:href="http://xbrlsite.azurewebsites.net/DigitalFinancialReporting/Schemas/2017-05-07/frm.xsd#frm_ConsolidatedEntityMember" />
    <presentationArc xlink:type="arc"
      xlink:arcrole="http://www.xbrl.org/2003/arcrole/parent-child"
      xlink:from="frm_LegalEntityAxis" xlink:to="frm_ConsolidatedEntityMember"
      order="1"
      use="optional" />
    <loc xlink:type="locator"
      xlink:label="pattern_AccountingPoliciesLineItems"
      xlink:href="NestedHierarchy.xsd#pattern_AccountingPoliciesLineItems" />
    <presentationArc xlink:type="arc"
      xlink:arcrole="http://www.xbrl.org/2003/arcrole/parent-child"
      xlink:from="pattern_AccountingPoliciesTable"
      xlink:to="pattern_AccountingPoliciesLineItems"
      order="2"
      use="optional" />
    <loc xlink:type="locator"
      xlink:label="pattern_BasisOfPresentationTextBlock"
      xlink:href="NestedHierarchy.xsd#pattern_BasisOfPresentationTextBlock" />
    <presentationArc xlink:type="arc"
      xlink:arcrole="http://www.xbrl.org/2003/arcrole/parent-child"
      xlink:from="pattern_AccountingPoliciesLineItems"
      xlink:to="pattern_BasisOfPresentationTextBlock"
      order="1"
      use="optional" />
    <loc xlink:type="locator"
      xlink:label="pattern_InventoryPolicyTextBlock"
      xlink:href="NestedHierarchy.xsd#pattern_InventoryPolicyTextBlock" />
    <presentationArc xlink:type="arc"
      xlink:arcrole="http://www.xbrl.org/2003/arcrole/parent-child"
      xlink:from="pattern_AccountingPoliciesLineItems"
      xlink:to="pattern_InventoryPolicyTextBlock"
      order="2"
      use="optional" />
    <loc xlink:type="locator"
      xlink:label="pattern_FinancialInstrumentsPolicyTextBlock"
      xlink:href="NestedHierarchy.xsd#pattern_FinancialInstrumentsPolicyTextBlock" />
    <presentationArc xlink:type="arc"
      xlink:arcrole="http://www.xbrl.org/2003/arcrole/parent-child"
      xlink:from="pattern_AccountingPoliciesLineItems"
      xlink:to="pattern_FinancialInstrumentsPolicyTextBlock"
      order="3"
      use="optional" />
    <loc xlink:type="locator"
      xlink:label="pattern_AccountingPoliciesHierarchy"
      xlink:href="NestedHierarchy.xsd#pattern_AccountingPoliciesHierarchy" />
    <presentationArc xlink:type="arc"
      xlink:arcrole="http://www.xbrl.org/2003/arcrole/parent-child"
      xlink:from="pattern_AccountingPoliciesLineItems"
      xlink:to="pattern_AccountingPoliciesHierarchy"
      order="4"
      use="optional" />
    <loc xlink:type="locator"
      xlink:label="pattern_BasisOfPresentation"
      xlink:href="NestedHierarchy.xsd#pattern_BasisOfPresentation" />
    <presentationArc xlink:type="arc"
      xlink:arcrole="http://www.xbrl.org/2003/arcrole/parent-child"
      xlink:from="pattern_AccountingPoliciesHierarchy"
      xlink:to="pattern_BasisOfPresentation"
      order="1"
      use="optional" />
    <loc xlink:type="locator"
      xlink:label="pattern_InventoryValuationMethod"
      xlink:href="NestedHierarchy.xsd#pattern_InventoryValuationMethod" />
    <presentationArc xlink:type="arc"
      xlink:arcrole="http://www.xbrl.org/2003/arcrole/parent-child"
      xlink:from="pattern_AccountingPoliciesHierarchy"
      xlink:to="pattern_InventoryValuationMethod"
      order="2"
      use="optional" />
    <loc xlink:type="locator"
      xlink:label="pattern_DescriptionOfInventoryComponents"
      xlink:href="NestedHierarchy.xsd#pattern_DescriptionOfInventoryComponents" />
    <presentationArc xlink:type="arc"
      xlink:arcrole="http://www.xbrl.org/2003/arcrole/parent-child"
      xlink:from="pattern_AccountingPoliciesHierarchy"
      xlink:to="pattern_DescriptionOfInventoryComponents"
      order="3"
      use="optional" />
    <loc xlink:type="locator"
      xlink:label="pattern_InventoryCostMethod"
      xlink:href="NestedHierarchy.xsd#pattern_InventoryCostMethod" />
    <presentationArc xlink:type="arc"
      xlink:arcrole="http://www.xbrl.org/2003/arcrole/parent-child"
      xlink:from="pattern_AccountingPoliciesHierarchy"
      xlink:to="pattern_InventoryCostMethod"
      order="4"
      use="optional" />
    <loc xlink:type="locator"
      xlink:label="pattern_DescriptionNetRealizableValue"
      xlink:href="NestedHierarchy.xsd#pattern_DescriptionNetRealizableValue" />
    <presentationArc xlink:type="arc"
      xlink:arcrole="http://www.xbrl.org/2003/arcrole/parent-child"
      xlink:from="pattern_AccountingPoliciesHierarchy"
      xlink:to="pattern_DescriptionNetRealizableValue"
      order="5"
      use="optional" />
    <loc xlink:type="locator"
      xlink:label="pattern_InvestmentsInSecuritiesPolicy"
      xlink:href="NestedHierarchy.xsd#pattern_InvestmentsInSecuritiesPolicy" />
    <presentationArc xlink:type="arc"
      xlink:arcrole="http://www.xbrl.org/2003/arcrole/parent-child"
      xlink:from="pattern_AccountingPoliciesHierarchy"
      xlink:to="pattern_InvestmentsInSecuritiesPolicy"
      order="6"
      use="optional" />
    <loc xlink:type="locator"
      xlink:label="pattern_ProvisionsPolicy"
      xlink:href="NestedHierarchy.xsd#pattern_ProvisionsPolicy" />
    <presentationArc xlink:type="arc"
      xlink:arcrole="http://www.xbrl.org/2003/arcrole/parent-child"
      xlink:from="pattern_AccountingPoliciesHierarchy"
      xlink:to="pattern_ProvisionsPolicy"
      order="7"
      use="optional" />
    <loc xlink:type="locator"
      xlink:label="pattern_TradeReceivablesPolicy"
      xlink:href="NestedHierarchy.xsd#pattern_TradeReceivablesPolicy" />
    <presentationArc xlink:type="arc"
      xlink:arcrole="http://www.xbrl.org/2003/arcrole/parent-child"
      xlink:from="pattern_AccountingPoliciesHierarchy"
      xlink:to="pattern_TradeReceivablesPolicy"
      order="8"
      use="optional" />
    <loc xlink:type="locator"
      xlink:label="pattern_BankBorrowingsPolicy"
      xlink:href="NestedHierarchy.xsd#pattern_BankBorrowingsPolicy" />
    <presentationArc xlink:type="arc"
      xlink:arcrole="http://www.xbrl.org/2003/arcrole/parent-child"
      xlink:from="pattern_AccountingPoliciesHierarchy"
      xlink:to="pattern_BankBorrowingsPolicy"
      order="9"
      use="optional" />
  </presentationLink>
</linkbase>