<?xml version="1.0" encoding="utf-8"?>
<!--
Taxonomy Label Links linkbase based on XBRL standard Version 2.1.
Created by UBmatrix Taxonomy Designer 3.0.3.2436 (2009-06-02 13:18).  
Contact www.ubmatrix.com
Copyright (c) 2002-2017 UBmatrix inc., All Rights Reserved
Produced on 2017-05-09 15:39:12
-->
<linkbase
  xmlns="http://www.xbrl.org/2003/linkbase"
  xmlns:xsi="http://www.w3.org/2001/XMLSchema-instance"
  xmlns:xlink="http://www.w3.org/1999/xlink"
  xsi:schemaLocation="
    http://www.xbrl.org/2003/linkbase 
      http://www.xbrl.org/2003/xbrl-linkbase-2003-12-31.xsd
    ">
  <labelLink xlink:type="extended"
    xlink:role="http://www.xbrl.org/2003/role/link">
    <loc xlink:type="locator"
      xlink:label="pattern_AccountingPoliciesHierarchy"
      xlink:href="NestedHierarchy.xsd#pattern_AccountingPoliciesHierarchy" />
    <labelArc xlink:type="arc"
      xlink:arcrole="http://www.xbrl.org/2003/arcrole/concept-label"
      xlink:from="pattern_AccountingPoliciesHierarchy"
      xlink:to="pattern_AccountingPoliciesHierarchy_lbl" />
    <label xlink:type="resource"
      xlink:label="pattern_AccountingPoliciesHierarchy_lbl"
      xml:lang="en"
      xlink:role="http://www.xbrl.org/2003/role/documentation">Duis fermentum. Nullam dui orci, scelerisque porttitor, volutpat a, porttitor a, enim. Sed lobortis.</label>
    <label xlink:type="resource"
      xlink:label="pattern_AccountingPoliciesHierarchy_lbl"
      xml:lang="en"
      xlink:role="http://www.xbrl.org/2003/role/label">Accounting Policies [Hierarchy]</label>
    <loc xlink:type="locator"
      xlink:label="pattern_AccountingPoliciesLineItems"
      xlink:href="NestedHierarchy.xsd#pattern_AccountingPoliciesLineItems" />
    <labelArc xlink:type="arc"
      xlink:arcrole="http://www.xbrl.org/2003/arcrole/concept-label"
      xlink:from="pattern_AccountingPoliciesLineItems"
      xlink:to="pattern_AccountingPoliciesLineItems_lbl" />
    <label xlink:type="resource"
      xlink:label="pattern_AccountingPoliciesLineItems_lbl"
      xml:lang="en"
      xlink:role="http://www.xbrl.org/2003/role/documentation">Lorem ipsum dolor sit amet, consectetuer adipiscing elit. Praesent id mauris. Sed dapibus dui quis lectus.</label>
    <label xlink:type="resource"
      xlink:label="pattern_AccountingPoliciesLineItems_lbl"
      xml:lang="en"
      xlink:role="http://www.xbrl.org/2003/role/label">Accounting Policies [Line Items]</label>
    <loc xlink:type="locator"
      xlink:label="pattern_AccountingPoliciesTable"
      xlink:href="NestedHierarchy.xsd#pattern_AccountingPoliciesTable" />
    <labelArc xlink:type="arc"
      xlink:arcrole="http://www.xbrl.org/2003/arcrole/concept-label"
      xlink:from="pattern_AccountingPoliciesTable"
      xlink:to="pattern_AccountingPoliciesTable_lbl" />
    <label xlink:type="resource"
      xlink:label="pattern_AccountingPoliciesTable_lbl"
      xml:lang="en"
      xlink:role="http://www.xbrl.org/2003/role/documentation">Suspendisse vestibulum augue eu justo. Pellentesque habitant morbi tristique senectus et netus et malesuada fames ac turpis egestas.</label>
    <label xlink:type="resource"
      xlink:label="pattern_AccountingPoliciesTable_lbl"
      xml:lang="en"
      xlink:role="http://www.xbrl.org/2003/role/label">Accounting Policies [Table]</label>
    <loc xlink:type="locator"
      xlink:label="pattern_BankBorrowingsPolicy"
      xlink:href="NestedHierarchy.xsd#pattern_BankBorrowingsPolicy" />
    <labelArc xlink:type="arc"
      xlink:arcrole="http://www.xbrl.org/2003/arcrole/concept-label"
      xlink:from="pattern_BankBorrowingsPolicy"
      xlink:to="pattern_BankBorrowingsPolicy_lbl" />
    <label xlink:type="resource"
      xlink:label="pattern_BankBorrowingsPolicy_lbl"
      xml:lang="en"
      xlink:role="http://www.xbrl.org/2003/role/documentation">Nulla facilisi. Fusce tristique posuere ipsum. Nulla facilisi.</label>
    <label xlink:type="resource"
      xlink:label="pattern_BankBorrowingsPolicy_lbl"
      xml:lang="en"
      xlink:role="http://www.xbrl.org/2003/role/label">Bank Borrowings Policy</label>
    <loc xlink:type="locator"
      xlink:label="pattern_BasisOfPresentationTextBlock"
      xlink:href="NestedHierarchy.xsd#pattern_BasisOfPresentationTextBlock" />
    <labelArc xlink:type="arc"
      xlink:arcrole="http://www.xbrl.org/2003/arcrole/concept-label"
      xlink:from="pattern_BasisOfPresentationTextBlock"
      xlink:to="pattern_BasisOfPresentationTextBlock_lbl" />
    <label xlink:type="resource"
      xlink:label="pattern_BasisOfPresentationTextBlock_lbl"
      xml:lang="en"
      xlink:role="http://www.xbrl.org/2003/role/documentation">Duis fermentum. Nullam dui orci, scelerisque porttitor, volutpat a, porttitor a, enim. Sed lobortis.</label>
    <label xlink:type="resource"
      xlink:label="pattern_BasisOfPresentationTextBlock_lbl"
      xml:lang="en"
      xlink:role="http://www.xbrl.org/2003/role/label">Basis of Presentation [Text Block]</label>
    <loc xlink:type="locator"
      xlink:label="pattern_BasisOfPresentation"
      xlink:href="NestedHierarchy.xsd#pattern_BasisOfPresentation" />
    <labelArc xlink:type="arc"
      xlink:arcrole="http://www.xbrl.org/2003/arcrole/concept-label"
      xlink:from="pattern_BasisOfPresentation"
      xlink:to="pattern_BasisOfPresentation_lbl" />
    <label xlink:type="resource"
      xlink:label="pattern_BasisOfPresentation_lbl"
      xml:lang="en"
      xlink:role="http://www.xbrl.org/2003/role/documentation">Sed mauris. Nulla facilisi. Fusce tristique posuere ipsum. Nulla facilisi.</label>
    <label xlink:type="resource"
      xlink:label="pattern_BasisOfPresentation_lbl"
      xml:lang="en"
      xlink:role="http://www.xbrl.org/2003/role/label">Basis of Presentation</label>
    <loc xlink:type="locator"
      xlink:label="pattern_DescriptionNetRealizableValue"
      xlink:href="NestedHierarchy.xsd#pattern_DescriptionNetRealizableValue" />
    <labelArc xlink:type="arc"
      xlink:arcrole="http://www.xbrl.org/2003/arcrole/concept-label"
      xlink:from="pattern_DescriptionNetRealizableValue"
      xlink:to="pattern_DescriptionNetRealizableValue_lbl" />
    <label xlink:type="resource"
      xlink:label="pattern_DescriptionNetRealizableValue_lbl"
      xml:lang="en"
      xlink:role="http://www.xbrl.org/2003/role/documentation">Cras consectetuer orci non lorem. Vestibulum bibendum aliquet augue.</label>
    <label xlink:type="resource"
      xlink:label="pattern_DescriptionNetRealizableValue_lbl"
      xml:lang="en"
      xlink:role="http://www.xbrl.org/2003/role/label">Description of Net Realizable Value</label>
    <loc xlink:type="locator"
      xlink:label="pattern_DescriptionOfInventoryComponents"
      xlink:href="NestedHierarchy.xsd#pattern_DescriptionOfInventoryComponents" />
    <labelArc xlink:type="arc"
      xlink:arcrole="http://www.xbrl.org/2003/arcrole/concept-label"
      xlink:from="pattern_DescriptionOfInventoryComponents"
      xlink:to="pattern_DescriptionOfInventoryComponents_lbl" />
    <label xlink:type="resource"
      xlink:label="pattern_DescriptionOfInventoryComponents_lbl"
      xml:lang="en"
      xlink:role="http://www.xbrl.org/2003/role/documentation">Nulla facilisi. Aliquam viverra risus vitae ante. Sed rhoncus mi in wisi. Nullam nibh dui, molestie vitae, imperdiet non, ornare at, elit.</label>
    <label xlink:type="resource"
      xlink:label="pattern_DescriptionOfInventoryComponents_lbl"
      xml:lang="en"
      xlink:role="http://www.xbrl.org/2003/role/label">Description of Inventory Components</label>
    <loc xlink:type="locator"
      xlink:label="pattern_FinancialInstrumentsPolicyTextBlock"
      xlink:href="NestedHierarchy.xsd#pattern_FinancialInstrumentsPolicyTextBlock" />
    <labelArc xlink:type="arc"
      xlink:arcrole="http://www.xbrl.org/2003/arcrole/concept-label"
      xlink:from="pattern_FinancialInstrumentsPolicyTextBlock"
      xlink:to="pattern_FinancialInstrumentsPolicyTextBlock_lbl" />
    <label xlink:type="resource"
      xlink:label="pattern_FinancialInstrumentsPolicyTextBlock_lbl"
      xml:lang="en"
      xlink:role="http://www.xbrl.org/2003/role/documentation">Duis fermentum. Nullam dui orci, scelerisque porttitor, volutpat a, porttitor a, enim. Sed lobortis.</label>
    <label xlink:type="resource"
      xlink:label="pattern_FinancialInstrumentsPolicyTextBlock_lbl"
      xml:lang="en"
      xlink:role="http://www.xbrl.org/2003/role/label">Financial Instruments Policy [Text Block]</label>
    <loc xlink:type="locator"
      xlink:label="pattern_InventoryCostMethod"
      xlink:href="NestedHierarchy.xsd#pattern_InventoryCostMethod" />
    <labelArc xlink:type="arc"
      xlink:arcrole="http://www.xbrl.org/2003/arcrole/concept-label"
      xlink:from="pattern_InventoryCostMethod"
      xlink:to="pattern_InventoryCostMethod_lbl" />
    <label xlink:type="resource"
      xlink:label="pattern_InventoryCostMethod_lbl"
      xml:lang="en"
      xlink:role="http://www.xbrl.org/2003/role/documentation">Praesent fringilla feugiat magna. Suspendisse et lorem eu risus convallis placerat.</label>
    <label xlink:type="resource"
      xlink:label="pattern_InventoryCostMethod_lbl"
      xml:lang="en"
      xlink:role="http://www.xbrl.org/2003/role/label">Inventory Cost Method</label>
    <loc xlink:type="locator"
      xlink:label="pattern_InventoryPolicyTextBlock"
      xlink:href="NestedHierarchy.xsd#pattern_InventoryPolicyTextBlock" />
    <labelArc xlink:type="arc"
      xlink:arcrole="http://www.xbrl.org/2003/arcrole/concept-label"
      xlink:from="pattern_InventoryPolicyTextBlock"
      xlink:to="pattern_InventoryPolicyTextBlock_lbl" />
    <label xlink:type="resource"
      xlink:label="pattern_InventoryPolicyTextBlock_lbl"
      xml:lang="en"
      xlink:role="http://www.xbrl.org/2003/role/documentation">Nam lorem. Ut ut risus nec nibh dictum posuere. Phasellus eleifend, diam vitae dapibus pulvinar, erat ligula auctor dui, eget congue justo lorem hendrerit tellus.</label>
    <label xlink:type="resource"
      xlink:label="pattern_InventoryPolicyTextBlock_lbl"
      xml:lang="en"
      xlink:role="http://www.xbrl.org/2003/role/label">Inventory Policy [Text Block]</label>
    <loc xlink:type="locator"
      xlink:label="pattern_InventoryValuationMethod"
      xlink:href="NestedHierarchy.xsd#pattern_InventoryValuationMethod" />
    <labelArc xlink:type="arc"
      xlink:arcrole="http://www.xbrl.org/2003/arcrole/concept-label"
      xlink:from="pattern_InventoryValuationMethod"
      xlink:to="pattern_InventoryValuationMethod_lbl" />
    <label xlink:type="resource"
      xlink:label="pattern_InventoryValuationMethod_lbl"
      xml:lang="en"
      xlink:role="http://www.xbrl.org/2003/role/documentation">Lorem ipsum dolor sit amet, consectetuer adipiscing elit.</label>
    <label xlink:type="resource"
      xlink:label="pattern_InventoryValuationMethod_lbl"
      xml:lang="en"
      xlink:role="http://www.xbrl.org/2003/role/label">Inventory Valuation Method</label>
    <loc xlink:type="locator"
      xlink:label="pattern_InvestmentsInSecuritiesPolicy"
      xlink:href="NestedHierarchy.xsd#pattern_InvestmentsInSecuritiesPolicy" />
    <labelArc xlink:type="arc"
      xlink:arcrole="http://www.xbrl.org/2003/arcrole/concept-label"
      xlink:from="pattern_InvestmentsInSecuritiesPolicy"
      xlink:to="pattern_InvestmentsInSecuritiesPolicy_lbl" />
    <label xlink:type="resource"
      xlink:label="pattern_InvestmentsInSecuritiesPolicy_lbl"
      xml:lang="en"
      xlink:role="http://www.xbrl.org/2003/role/documentation">Proin non mauris. Proin sed odio. Phasellus sagittis orci quis orci.</label>
    <label xlink:type="resource"
      xlink:label="pattern_InvestmentsInSecuritiesPolicy_lbl"
      xml:lang="en"
      xlink:role="http://www.xbrl.org/2003/role/label">Investments in Securities Policy</label>
    <loc xlink:type="locator"
      xlink:label="pattern_ProvisionsPolicy"
      xlink:href="NestedHierarchy.xsd#pattern_ProvisionsPolicy" />
    <labelArc xlink:type="arc"
      xlink:arcrole="http://www.xbrl.org/2003/arcrole/concept-label"
      xlink:from="pattern_ProvisionsPolicy"
      xlink:to="pattern_ProvisionsPolicy_lbl" />
    <label xlink:type="resource"
      xlink:label="pattern_ProvisionsPolicy_lbl"
      xml:lang="en"
      xlink:role="http://www.xbrl.org/2003/role/documentation">Pellentesque condimentum commodo wisi. Fusce gravida, ligula a placerat placerat, leo erat euismod lectus, et lacinia justo libero non pede.</label>
    <label xlink:type="resource"
      xlink:label="pattern_ProvisionsPolicy_lbl"
      xml:lang="en"
      xlink:role="http://www.xbrl.org/2003/role/label">Provisions Policy</label>
    <loc xlink:type="locator"
      xlink:label="pattern_TradeReceivablesPolicy"
      xlink:href="NestedHierarchy.xsd#pattern_TradeReceivablesPolicy" />
    <labelArc xlink:type="arc"
      xlink:arcrole="http://www.xbrl.org/2003/arcrole/concept-label"
      xlink:from="pattern_TradeReceivablesPolicy"
      xlink:to="pattern_TradeReceivablesPolicy_lbl" />
    <label xlink:type="resource"
      xlink:label="pattern_TradeReceivablesPolicy_lbl"
      xml:lang="en"
      xlink:role="http://www.xbrl.org/2003/role/documentation">Nunc in elit non metus viverra sollicitudin. Duis metus. Donec pulvinar nonummy erat.</label>
    <label xlink:type="resource"
      xlink:label="pattern_TradeReceivablesPolicy_lbl"
      xml:lang="en"
      xlink:role="http://www.xbrl.org/2003/role/label">Trade Receivables Policy</label>
  </labelLink>
</linkbase>