<?xml version="1.0" encoding="utf-8"?>
<!--
Taxonomy Definition Links linkbase based on XBRL standard Version 2.1.
Created by UBmatrix Taxonomy Designer 3.0.3.2436 (2009-06-02 13:18).  
Contact www.ubmatrix.com
Copyright (c) 2002-2017 UBmatrix inc., All Rights Reserved
Produced on 2017-05-09 05:38:24
-->
<linkbase
  xmlns="http://www.xbrl.org/2003/linkbase"
  xmlns:xsi="http://www.w3.org/2001/XMLSchema-instance"
  xmlns:xlink="http://www.w3.org/1999/xlink"
  xmlns:xbrldt="http://xbrl.org/2005/xbrldt"
  xsi:schemaLocation="
    http://www.xbrl.org/2003/linkbase 
      http://www.xbrl.org/2003/xbrl-linkbase-2003-12-31.xsd
    http://xbrl.org/2005/xbrldt  http://www.xbrl.org/2005/xbrldt-2005.xsd
    ">
  <roleRef xlink:type="simple"
    xlink:href="RollForwardInfo.xsd#StockActivity"
    roleURI="http://xbrlsite.azurewebsites.net/DigitalFinancialReporting/ConceptArrangementPatterns/RollForwardInfo/StockActivity" />
  <arcroleRef xlink:type="simple"
    xlink:href="http://www.xbrl.org/2005/xbrldt-2005.xsd#domain-member"
    arcroleURI="http://xbrl.org/int/dim/arcrole/domain-member" />
  <arcroleRef xlink:type="simple"
    xlink:href="http://www.xbrl.org/2005/xbrldt-2005.xsd#all"
    arcroleURI="http://xbrl.org/int/dim/arcrole/all" />
  <arcroleRef xlink:type="simple"
    xlink:href="http://www.xbrl.org/2005/xbrldt-2005.xsd#hypercube-dimension"
    arcroleURI="http://xbrl.org/int/dim/arcrole/hypercube-dimension" />
  <arcroleRef xlink:type="simple"
    xlink:href="http://www.xbrl.org/2005/xbrldt-2005.xsd#dimension-domain"
    arcroleURI="http://xbrl.org/int/dim/arcrole/dimension-domain" />
  <definitionLink xlink:type="extended"
    xlink:role="http://xbrlsite.azurewebsites.net/DigitalFinancialReporting/ConceptArrangementPatterns/RollForwardInfo/StockActivity">
    <loc xlink:type="locator"
      xlink:label="pattern_WeightedAverageGrantDateFairValueLineItems"
      xlink:href="RollForwardInfo.xsd#pattern_WeightedAverageGrantDateFairValueLineItems" />
    <loc xlink:type="locator"
      xlink:label="pattern_WeightedAverageGrantDateFairValueRollForwardInfo"
      xlink:href="RollForwardInfo.xsd#pattern_WeightedAverageGrantDateFairValueRollForwardInfo" />
    <definitionArc xlink:type="arc"
      xlink:arcrole="http://xbrl.org/int/dim/arcrole/domain-member"
      xlink:from="pattern_WeightedAverageGrantDateFairValueLineItems"
      xlink:to="pattern_WeightedAverageGrantDateFairValueRollForwardInfo"
      order="1"
      use="optional" />
    <loc xlink:type="locator"
      xlink:label="pattern_NonvestedFairValue"
      xlink:href="RollForwardInfo.xsd#pattern_NonvestedFairValue" />
    <definitionArc xlink:type="arc"
      xlink:arcrole="http://xbrl.org/int/dim/arcrole/domain-member"
      xlink:from="pattern_WeightedAverageGrantDateFairValueRollForwardInfo"
      xlink:to="pattern_NonvestedFairValue"
      order="1"
      use="optional" />
    <loc xlink:type="locator"
      xlink:label="pattern_Granted"
      xlink:href="RollForwardInfo.xsd#pattern_Granted" />
    <definitionArc xlink:type="arc"
      xlink:arcrole="http://xbrl.org/int/dim/arcrole/domain-member"
      xlink:from="pattern_WeightedAverageGrantDateFairValueRollForwardInfo"
      xlink:to="pattern_Granted"
      order="2"
      use="optional" />
    <loc xlink:type="locator"
      xlink:label="pattern_Vested"
      xlink:href="RollForwardInfo.xsd#pattern_Vested" />
    <definitionArc xlink:type="arc"
      xlink:arcrole="http://xbrl.org/int/dim/arcrole/domain-member"
      xlink:from="pattern_WeightedAverageGrantDateFairValueRollForwardInfo"
      xlink:to="pattern_Vested"
      order="3"
      use="optional" />
    <loc xlink:type="locator"
      xlink:label="pattern_Forfeited"
      xlink:href="RollForwardInfo.xsd#pattern_Forfeited" />
    <definitionArc xlink:type="arc"
      xlink:arcrole="http://xbrl.org/int/dim/arcrole/domain-member"
      xlink:from="pattern_WeightedAverageGrantDateFairValueRollForwardInfo"
      xlink:to="pattern_Forfeited"
      order="4"
      use="optional" />
    <loc xlink:type="locator"
      xlink:label="pattern_WeightedAverageGrantDateFairValueTable"
      xlink:href="RollForwardInfo.xsd#pattern_WeightedAverageGrantDateFairValueTable" />
    <definitionArc xlink:type="arc"
      xlink:arcrole="http://xbrl.org/int/dim/arcrole/all"
      xlink:from="pattern_WeightedAverageGrantDateFairValueLineItems"
      xlink:to="pattern_WeightedAverageGrantDateFairValueTable"
      order="2"
      use="optional"
      xbrldt:contextElement="segment"
      xbrldt:closed="true" />
    <loc xlink:type="locator"
      xlink:label="frm_LegalEntityAxis"
      xlink:href="http://xbrlsite.azurewebsites.net/DigitalFinancialReporting/Schemas/2017-05-07/frm.xsd#frm_LegalEntityAxis" />
    <definitionArc xlink:type="arc"
      xlink:arcrole="http://xbrl.org/int/dim/arcrole/hypercube-dimension"
      xlink:from="pattern_WeightedAverageGrantDateFairValueTable"
      xlink:to="frm_LegalEntityAxis"
      order="1"
      use="optional" />
    <loc xlink:type="locator"
      xlink:label="frm_ConsolidatedEntityMember"
      xlink:href="http://xbrlsite.azurewebsites.net/DigitalFinancialReporting/Schemas/2017-05-07/frm.xsd#frm_ConsolidatedEntityMember" />
    <definitionArc xlink:type="arc"
      xlink:arcrole="http://xbrl.org/int/dim/arcrole/dimension-domain"
      xlink:from="frm_LegalEntityAxis" xlink:to="frm_ConsolidatedEntityMember"
      order="1"
      use="optional" />
  </definitionLink>
</linkbase>