<?xml version='1.0' encoding='us-ascii' standalone='yes'?>
<!-- Created by Charles Hoffman, CPA: 2013-05-15 -->
<xbrl 
	xmlns='http://www.xbrl.org/2003/instance' 
	xmlns:xbrll='http://www.xbrl.org/2003/linkbase' 
	xmlns:xlink='http://www.w3.org/1999/xlink' 
	xmlns:iso4217='http://www.xbrl.org/2003/iso4217' 
	xmlns:xbrldi='http://xbrl.org/2006/xbrldi' 
	xmlns:xbrldt='http://xbrl.org/2005/xbrldt'
	xmlns:xsi='http://www.w3.org/2001/XMLSchema-instance'
	xmlns:dei='http://xbrl.sec.gov/dei/2013-01-31' 
	xmlns:us-gaap='http://fasb.org/us-gaap/2013-01-31' 
	xmlns:us-roles='http://fasb.org/us-roles/2013-01-31' 
	xmlns:us-types='http://fasb.org/us-types/2013-01-31' 
   xmlns:negated='http://www.xbrl.org/2009/role/negated'

   xmlns:added='http://www.template.com/added'
   
   xsi:schemaLocation='http://xbrl.org/2006/xbrldi http://www.xbrl.org/2006/xbrldi-2006.xsd'>

  <xbrll:schemaRef xlink:href='Template.xsd' xlink:type='simple' xlink:arcrole='http://www.xbrl.org/2003/linkbase' />
  <xbrll:linkbaseRef xlink:type='simple' xlink:href='Template_formulas.xml' xlink:arcrole='http://www.w3.org/1999/xlink/properties/linkbase'/>
  
  <context id="I-2010">
    <entity>
      <identifier scheme="http://www.sec.gov/CIK">0000000001</identifier>
    </entity>
    <period>
      <instant>2010-12-31</instant>
    </period>
  </context>
  <context id="I-2009">
    <entity>
      <identifier scheme="http://www.sec.gov/CIK">0000000001</identifier>
    </entity>
    <period>
      <instant>2009-12-31</instant>
    </period>
  </context>

   <unit id='U-Monetary'>
      <measure>iso4217:USD</measure>
   </unit>
   <unit id="U-Shares">
     <measure>shares</measure>
   </unit>

	<!-- Maturities of Long-term Debt -->
   <us-gaap:AllowanceForDoubtfulAccountsReceivableCurrent contextRef="I-2010" unitRef="U-Monetary" decimals="-3">780000</us-gaap:AllowanceForDoubtfulAccountsReceivableCurrent>
   <us-gaap:AllowanceForDoubtfulAccountsReceivableCurrent contextRef="I-2009" unitRef="U-Monetary" decimals="-3">780000</us-gaap:AllowanceForDoubtfulAccountsReceivableCurrent>

   <us-gaap:PreferredStockParOrStatedValuePerShare contextRef="I-2010" unitRef="U-Shares" decimals="4">.0001</us-gaap:PreferredStockParOrStatedValuePerShare>
   <us-gaap:PreferredStockParOrStatedValuePerShare contextRef="I-2009" unitRef="U-Shares" decimals="4">.0001</us-gaap:PreferredStockParOrStatedValuePerShare>

   <us-gaap:PreferredStockSharesAuthorized contextRef="I-2010" unitRef="U-Shares" decimals="INF">5000000</us-gaap:PreferredStockSharesAuthorized>
   <us-gaap:PreferredStockSharesAuthorized contextRef="I-2009" unitRef="U-Shares" decimals="INF">5000000</us-gaap:PreferredStockSharesAuthorized>

   <us-gaap:PreferredStockSharesIssued contextRef="I-2010" unitRef="U-Shares" decimals="INF">0</us-gaap:PreferredStockSharesIssued>
   <us-gaap:PreferredStockSharesIssued contextRef="I-2009" unitRef="U-Shares" decimals="INF">0</us-gaap:PreferredStockSharesIssued>

   <us-gaap:CommonStockParOrStatedValuePerShare contextRef="I-2010" unitRef="U-Shares" decimals="4">.0001</us-gaap:CommonStockParOrStatedValuePerShare>
   <us-gaap:CommonStockParOrStatedValuePerShare contextRef="I-2009" unitRef="U-Shares" decimals="4">.0001</us-gaap:CommonStockParOrStatedValuePerShare>

   <us-gaap:CommonStockSharesAuthorized contextRef="I-2010" unitRef="U-Shares" decimals="INF">200000000</us-gaap:CommonStockSharesAuthorized>
   <us-gaap:CommonStockSharesAuthorized contextRef="I-2009" unitRef="U-Shares" decimals="INF">200000000</us-gaap:CommonStockSharesAuthorized>

   <us-gaap:CommonStockSharesIssued contextRef="I-2010" unitRef="U-Shares" decimals="INF">78776000</us-gaap:CommonStockSharesIssued>
   <us-gaap:CommonStockSharesIssued contextRef="I-2009" unitRef="U-Shares" decimals="INF">76390000</us-gaap:CommonStockSharesIssued>

   <us-gaap:CommonStockSharesOutstanding contextRef="I-2010" unitRef="U-Shares" decimals="INF">78776000</us-gaap:CommonStockSharesOutstanding>
   <us-gaap:CommonStockSharesOutstanding contextRef="I-2009" unitRef="U-Shares" decimals="INF">76390000</us-gaap:CommonStockSharesOutstanding>

</xbrl>
