<?xml version="1.0" encoding="UTF-8" standalone="no" ?><?xml-stylesheet type="text/xsl" href="file:/C:/Programs/XPE40/resources/System/XbrlFormula2008Trace-toHtml.xsl"?><formulaTrace type="Full Report" version="4.0.0.2125" date="Wed May 17 15:25:58 PDT 2017" baseURI="C:/Users/Charlie/Documents/CurrentVersions/UGT-2017/ReportingTemplates/2017-05-07/2017-05-07/104000-001-BalanceSheetParenthetical/Instance.xml" xmlns:xlink="http://www.w3.org/1999/xlink" xmlns:link="http://www.xbrl.org/2003/linkbase" xmlns:xsi="http://www.w3.org/2001/XMLSchema-instance" xmlns:xbrli="http://www.xbrl.org/2003/instance" xmlns:iso4217="http://www.xbrl.org/2003/iso4217" xsi:schemaLocation="http://xbrl.org/2006/xbrldi xbrldi-2006.xsd" >
 <assertionTest cnt="1" id="ASSERTION_Consistency_PreferredSharesAuthorizedGreaterThanIssued" satisfied="satisfied" test="$VARIABLE_SharesIssued=0 &lt; $VARIABLE_SharesAuthorized=5000000 or $VARIABLE_SharesIssued=0 =&#xA;  $VARIABLE_SharesAuthorized=5000000" type="valueAssertion" value="true" />
 <assertionTest cnt="2" id="ASSERTION_Consistency_PreferredSharesAuthorizedGreaterThanIssued" satisfied="satisfied" test="$VARIABLE_SharesIssued=0 &lt; $VARIABLE_SharesAuthorized=5000000 or $VARIABLE_SharesIssued=0 =&#xA;  $VARIABLE_SharesAuthorized=5000000" type="valueAssertion" value="true" />
 <assertionTest cnt="1" id="ASSERTION_Consistency_CommonSharesAuthorizedGreaterThanIssued" satisfied="satisfied" test="$VARIABLE_SharesIssued=78776000 &lt; $VARIABLE_SharesAuthorized=200000000 or $VARIABLE_SharesIssued=78776000 =&#xA;  $VARIABLE_SharesAuthorized=200000000" type="valueAssertion" value="true" />
 <assertionTest cnt="2" id="ASSERTION_Consistency_CommonSharesAuthorizedGreaterThanIssued" satisfied="satisfied" test="$VARIABLE_SharesIssued=76390000 &lt; $VARIABLE_SharesAuthorized=200000000 or $VARIABLE_SharesIssued=76390000 =&#xA;  $VARIABLE_SharesAuthorized=200000000" type="valueAssertion" value="true" />
 <assertionTest cnt="1" id="ASSERTION_Consistency_CommonSharesIssuedGreaterThanOutstanding" satisfied="satisfied" test="$VARIABLE_SharesOutstanding=78776000 &lt; $VARIABLE_SharesIssued=78776000 or $VARIABLE_SharesOutstanding=78776000 =&#xA;  $VARIABLE_SharesIssued=78776000" type="valueAssertion" value="true" />
 <assertionTest cnt="2" id="ASSERTION_Consistency_CommonSharesIssuedGreaterThanOutstanding" satisfied="satisfied" test="$VARIABLE_SharesOutstanding=76390000 &lt; $VARIABLE_SharesIssued=76390000 or $VARIABLE_SharesOutstanding=76390000 =&#xA;  $VARIABLE_SharesIssued=76390000" type="valueAssertion" value="true" />
 <assertionTest cnt="1" count="2" id="ASSERTION_Exists_CommonStockSharesIssued" satisfied="satisfied" test="[2]" type="existenceAssertion" value="2" />
 <assertionTest cnt="1" count="2" id="ASSERTION_Exists_CommonStockSharesOutstanding" satisfied="satisfied" test="[2]" type="existenceAssertion" value="2" />
 <assertionTest cnt="1" count="2" id="ASSERTION_Exists_CommonStockSharesAuthorized" satisfied="satisfied" test="[2]" type="existenceAssertion" value="2" />
 <assertionReport count="9">
 <assertionTest cnt="1" id="ASSERTION_Consistency_PreferredSharesAuthorizedGreaterThanIssued" satisfied="satisfied" test="$VARIABLE_SharesIssued=0 &lt; $VARIABLE_SharesAuthorized=5000000 or $VARIABLE_SharesIssued=0 =&#xA;  $VARIABLE_SharesAuthorized=5000000" type="valueAssertion" value="true" />
 <assertionTest cnt="2" id="ASSERTION_Consistency_PreferredSharesAuthorizedGreaterThanIssued" satisfied="satisfied" test="$VARIABLE_SharesIssued=0 &lt; $VARIABLE_SharesAuthorized=5000000 or $VARIABLE_SharesIssued=0 =&#xA;  $VARIABLE_SharesAuthorized=5000000" type="valueAssertion" value="true" />
 <assertionTest cnt="1" id="ASSERTION_Consistency_CommonSharesAuthorizedGreaterThanIssued" satisfied="satisfied" test="$VARIABLE_SharesIssued=78776000 &lt; $VARIABLE_SharesAuthorized=200000000 or $VARIABLE_SharesIssued=78776000 =&#xA;  $VARIABLE_SharesAuthorized=200000000" type="valueAssertion" value="true" />
 <assertionTest cnt="2" id="ASSERTION_Consistency_CommonSharesAuthorizedGreaterThanIssued" satisfied="satisfied" test="$VARIABLE_SharesIssued=76390000 &lt; $VARIABLE_SharesAuthorized=200000000 or $VARIABLE_SharesIssued=76390000 =&#xA;  $VARIABLE_SharesAuthorized=200000000" type="valueAssertion" value="true" />
 <assertionTest cnt="1" id="ASSERTION_Consistency_CommonSharesIssuedGreaterThanOutstanding" satisfied="satisfied" test="$VARIABLE_SharesOutstanding=78776000 &lt; $VARIABLE_SharesIssued=78776000 or $VARIABLE_SharesOutstanding=78776000 =&#xA;  $VARIABLE_SharesIssued=78776000" type="valueAssertion" value="true" />
 <assertionTest cnt="2" id="ASSERTION_Consistency_CommonSharesIssuedGreaterThanOutstanding" satisfied="satisfied" test="$VARIABLE_SharesOutstanding=76390000 &lt; $VARIABLE_SharesIssued=76390000 or $VARIABLE_SharesOutstanding=76390000 =&#xA;  $VARIABLE_SharesIssued=76390000" type="valueAssertion" value="true" />
 <assertionTest cnt="1" count="2" id="ASSERTION_Exists_CommonStockSharesIssued" satisfied="satisfied" test="[2]" type="existenceAssertion" value="2" />
 <assertionTest cnt="1" count="2" id="ASSERTION_Exists_CommonStockSharesOutstanding" satisfied="satisfied" test="[2]" type="existenceAssertion" value="2" />
 <assertionTest cnt="1" count="2" id="ASSERTION_Exists_CommonStockSharesAuthorized" satisfied="satisfied" test="[2]" type="existenceAssertion" value="2" />
  </assertionReport>
 <summary notSatisfiedAssertionCount="0" firedAssertionCount="9" duration="732ms" outputContextCount="0" outputUnitCount="0" firedFormulaCount="0" compiledFormulaCount="0" satisifiedAssertionCount="9" outputFactCount="0" compiledAssertionCount="6" />
</formulaTrace>
