<?xml version="1.0" encoding="utf-8"?>
<!--
Taxonomy Label Links linkbase based on XBRL standard Version 2.1.
Created by UBmatrix Taxonomy Designer 3.0.3.2436 (2009-06-02 13:18).  
Contact www.ubmatrix.com
Copyright (c) 2002-2017 UBmatrix inc., All Rights Reserved
Produced on 2017-06-13 09:05:47
-->
<linkbase
  xmlns="http://www.xbrl.org/2003/linkbase"
  xmlns:xsi="http://www.w3.org/2001/XMLSchema-instance"
  xmlns:xlink="http://www.w3.org/1999/xlink"
  xsi:schemaLocation="
    http://www.xbrl.org/2003/linkbase 
      http://www.xbrl.org/2003/xbrl-linkbase-2003-12-31.xsd
    ">
  <labelLink xlink:type="extended"
    xlink:role="http://www.xbrl.org/2003/role/link">
    <loc xlink:type="locator"
      xlink:label="pattern_AllClassesPropertyPlantEquipmentMember"
      xlink:href="ClassProperties.xsd#pattern_AllClassesPropertyPlantEquipmentMember" />
    <labelArc xlink:type="arc"
      xlink:arcrole="http://www.xbrl.org/2003/arcrole/concept-label"
      xlink:from="pattern_AllClassesPropertyPlantEquipmentMember"
      xlink:to="pattern_AllClassesPropertyPlantEquipmentMember_lbl" />
    <label xlink:type="resource"
      xlink:label="pattern_AllClassesPropertyPlantEquipmentMember_lbl"
      xml:lang="en"
      xlink:role="http://www.xbrl.org/2003/role/documentation">Duis metus. Donec pulvinar nonummy erat. In vel justo at urna rutrum ultrices. Cras consectetuer orci non lorem.</label>
    <label xlink:type="resource"
      xlink:label="pattern_AllClassesPropertyPlantEquipmentMember_lbl"
      xml:lang="en"
      xlink:role="http://www.xbrl.org/2003/role/label">All Classes of Property, Plant and Equipment [Member]</label>
    <loc xlink:type="locator"
      xlink:label="pattern_BuildingsMember"
      xlink:href="ClassProperties.xsd#pattern_BuildingsMember" />
    <labelArc xlink:type="arc"
      xlink:arcrole="http://www.xbrl.org/2003/arcrole/concept-label"
      xlink:from="pattern_BuildingsMember" xlink:to="pattern_BuildingsMember_lbl" />
    <label xlink:type="resource"
      xlink:label="pattern_BuildingsMember_lbl"
      xml:lang="en"
      xlink:role="http://www.xbrl.org/2003/role/documentation">Curabitur fermentum mattis eros. Pellentesque pede felis, rhoncus accumsan.</label>
    <label xlink:type="resource"
      xlink:label="pattern_BuildingsMember_lbl"
      xml:lang="en"
      xlink:role="http://www.xbrl.org/2003/role/label">Buildings [Member]</label>
    <loc xlink:type="locator"
      xlink:label="pattern_ClassPropertyPlantEquipmentAxis"
      xlink:href="ClassProperties.xsd#pattern_ClassPropertyPlantEquipmentAxis" />
    <labelArc xlink:type="arc"
      xlink:arcrole="http://www.xbrl.org/2003/arcrole/concept-label"
      xlink:from="pattern_ClassPropertyPlantEquipmentAxis"
      xlink:to="pattern_ClassPropertyPlantEquipmentAxis_lbl" />
    <label xlink:type="resource"
      xlink:label="pattern_ClassPropertyPlantEquipmentAxis_lbl"
      xml:lang="en"
      xlink:role="http://www.xbrl.org/2003/role/documentation">Pellentesque condimentum commodo wisi. Fusce gravida, ligula a placerat placerat, leo erat euismod lectus, et lacinia justo libero non pede.</label>
    <label xlink:type="resource"
      xlink:label="pattern_ClassPropertyPlantEquipmentAxis_lbl"
      xml:lang="en"
      xlink:role="http://www.xbrl.org/2003/role/label">Class of Property, Plant and Equipment [Axis]</label>
    <loc xlink:type="locator"
      xlink:label="pattern_ComputerEquipmentMember"
      xlink:href="ClassProperties.xsd#pattern_ComputerEquipmentMember" />
    <labelArc xlink:type="arc"
      xlink:arcrole="http://www.xbrl.org/2003/arcrole/concept-label"
      xlink:from="pattern_ComputerEquipmentMember"
      xlink:to="pattern_ComputerEquipmentMember_lbl" />
    <label xlink:type="resource"
      xlink:label="pattern_ComputerEquipmentMember_lbl"
      xml:lang="en"
      xlink:role="http://www.xbrl.org/2003/role/documentation">Nam rhoncus mi. Nunc eu dui non mauris interdum tincidunt. Sed magna felis, accumsan a, fermentum quis, varius sed, ipsum.</label>
    <label xlink:type="resource"
      xlink:label="pattern_ComputerEquipmentMember_lbl"
      xml:lang="en"
      xlink:role="http://www.xbrl.org/2003/role/label">Computer Equipment [Member]</label>
    <loc xlink:type="locator"
      xlink:label="pattern_DepreciationMethod"
      xlink:href="ClassProperties.xsd#pattern_DepreciationMethod" />
    <labelArc xlink:type="arc"
      xlink:arcrole="http://www.xbrl.org/2003/arcrole/concept-label"
      xlink:from="pattern_DepreciationMethod"
      xlink:to="pattern_DepreciationMethod_lbl" />
    <label xlink:type="resource"
      xlink:label="pattern_DepreciationMethod_lbl"
      xml:lang="en"
      xlink:role="http://www.xbrl.org/2003/role/documentation">Etiam ipsum orci, gravida nec, feugiat ut, malesuada quis, mauris. Etiam porttitor.</label>
    <label xlink:type="resource"
      xlink:label="pattern_DepreciationMethod_lbl"
      xml:lang="en"
      xlink:role="http://www.xbrl.org/2003/role/label">Depreciation Method</label>
    <label xlink:type="resource"
      xlink:label="pattern_DepreciationMethod_lbl"
      xml:lang="en"
      xlink:role="http://www.xbrl.org/2003/role/totalLabel">Property, Plant and Equipment, Net, Total</label>
    <loc xlink:type="locator"
      xlink:label="pattern_EstimatedUsefulLife"
      xlink:href="ClassProperties.xsd#pattern_EstimatedUsefulLife" />
    <labelArc xlink:type="arc"
      xlink:arcrole="http://www.xbrl.org/2003/arcrole/concept-label"
      xlink:from="pattern_EstimatedUsefulLife"
      xlink:to="pattern_EstimatedUsefulLife_lbl" />
    <label xlink:type="resource"
      xlink:label="pattern_EstimatedUsefulLife_lbl"
      xml:lang="en"
      xlink:role="http://www.xbrl.org/2003/role/documentation">Etiam ipsum orci, gravida nec, feugiat ut, malesuada quis, mauris. Etiam porttitor.</label>
    <label xlink:type="resource"
      xlink:label="pattern_EstimatedUsefulLife_lbl"
      xml:lang="en"
      xlink:role="http://www.xbrl.org/2003/role/label">Estimated Useful Life</label>
    <label xlink:type="resource"
      xlink:label="pattern_EstimatedUsefulLife_lbl"
      xml:lang="en"
      xlink:role="http://www.xbrl.org/2003/role/totalLabel">Property, Plant and Equipment, Net, Total</label>
    <loc xlink:type="locator"
      xlink:label="pattern_FurnitureAndFixturesMember"
      xlink:href="ClassProperties.xsd#pattern_FurnitureAndFixturesMember" />
    <labelArc xlink:type="arc"
      xlink:arcrole="http://www.xbrl.org/2003/arcrole/concept-label"
      xlink:from="pattern_FurnitureAndFixturesMember"
      xlink:to="pattern_FurnitureAndFixturesMember_lbl" />
    <label xlink:type="resource"
      xlink:label="pattern_FurnitureAndFixturesMember_lbl"
      xml:lang="en"
      xlink:role="http://www.xbrl.org/2003/role/documentation">Nam lorem. Ut ut risus nec nibh dictum posuere. Phasellus eleifend, diam vitae dapibus pulvinar, erat ligula auctor dui, eget congue justo lorem hendrerit tellus.</label>
    <label xlink:type="resource"
      xlink:label="pattern_FurnitureAndFixturesMember_lbl"
      xml:lang="en"
      xlink:role="http://www.xbrl.org/2003/role/label">Furniture and Fixtures [Member]</label>
    <loc xlink:type="locator"
      xlink:label="pattern_LandMember"
      xlink:href="ClassProperties.xsd#pattern_LandMember" />
    <labelArc xlink:type="arc"
      xlink:arcrole="http://www.xbrl.org/2003/arcrole/concept-label"
      xlink:from="pattern_LandMember" xlink:to="pattern_LandMember_lbl" />
    <label xlink:type="resource"
      xlink:label="pattern_LandMember_lbl" xml:lang="en"
      xlink:role="http://www.xbrl.org/2003/role/documentation">Curabitur fermentum mattis eros. Pellentesque pede felis, rhoncus accumsan, luctus ut, facilisis vitae, tortor.</label>
    <label xlink:type="resource"
      xlink:label="pattern_LandMember_lbl" xml:lang="en"
      xlink:role="http://www.xbrl.org/2003/role/periodEndLabel">Land, Ending Balance</label>
    <label xlink:type="resource"
      xlink:label="pattern_LandMember_lbl" xml:lang="en"
      xlink:role="http://www.xbrl.org/2003/role/periodStartLabel">Land, Beginning Balance</label>
    <label xlink:type="resource"
      xlink:label="pattern_LandMember_lbl" xml:lang="en"
      xlink:role="http://www.xbrl.org/2003/role/label">Land [Member]</label>
    <loc xlink:type="locator"
      xlink:label="pattern_OtherPropertyPlantAndEquipmentMember"
      xlink:href="ClassProperties.xsd#pattern_OtherPropertyPlantAndEquipmentMember" />
    <labelArc xlink:type="arc"
      xlink:arcrole="http://www.xbrl.org/2003/arcrole/concept-label"
      xlink:from="pattern_OtherPropertyPlantAndEquipmentMember"
      xlink:to="pattern_OtherPropertyPlantAndEquipmentMember_lbl" />
    <label xlink:type="resource"
      xlink:label="pattern_OtherPropertyPlantAndEquipmentMember_lbl"
      xml:lang="en"
      xlink:role="http://www.xbrl.org/2003/role/documentation">Proin elit sem, ornare non, ullamcorper vel, sollicitudin a, lacus.</label>
    <label xlink:type="resource"
      xlink:label="pattern_OtherPropertyPlantAndEquipmentMember_lbl"
      xml:lang="en"
      xlink:role="http://www.xbrl.org/2003/role/label">Other Property, Plant and Equipment [Member]</label>
    <loc xlink:type="locator"
      xlink:label="pattern_PropertyPlantAndEquipmentNet"
      xlink:href="ClassProperties.xsd#pattern_PropertyPlantAndEquipmentNet" />
    <labelArc xlink:type="arc"
      xlink:arcrole="http://www.xbrl.org/2003/arcrole/concept-label"
      xlink:from="pattern_PropertyPlantAndEquipmentNet"
      xlink:to="pattern_PropertyPlantAndEquipmentNet_lbl" />
    <label xlink:type="resource"
      xlink:label="pattern_PropertyPlantAndEquipmentNet_lbl"
      xml:lang="en"
      xlink:role="http://www.xbrl.org/2003/role/documentation">Etiam ipsum orci, gravida nec, feugiat ut, malesuada quis, mauris. Etiam porttitor.</label>
    <label xlink:type="resource"
      xlink:label="pattern_PropertyPlantAndEquipmentNet_lbl"
      xml:lang="en"
      xlink:role="http://www.xbrl.org/2003/role/label">Property, Plant and Equipment, Net</label>
    <label xlink:type="resource"
      xlink:label="pattern_PropertyPlantAndEquipmentNet_lbl"
      xml:lang="en"
      xlink:role="http://www.xbrl.org/2003/role/totalLabel">Property, Plant and Equipment, Net, Total</label>
    <loc xlink:type="locator"
      xlink:label="pattern_PropertyPlantAndEquipmentPoliciesHierarchy"
      xlink:href="ClassProperties.xsd#pattern_PropertyPlantAndEquipmentPoliciesHierarchy" />
    <labelArc xlink:type="arc"
      xlink:arcrole="http://www.xbrl.org/2003/arcrole/concept-label"
      xlink:from="pattern_PropertyPlantAndEquipmentPoliciesHierarchy"
      xlink:to="pattern_PropertyPlantAndEquipmentPoliciesHierarchy_lbl" />
    <label xlink:type="resource"
      xlink:label="pattern_PropertyPlantAndEquipmentPoliciesHierarchy_lbl"
      xml:lang="en"
      xlink:role="http://www.xbrl.org/2003/role/documentation">Fusce venenatis. Maecenas tincidunt, ipsum in fringilla hendrerit, dolor metus eleifend neque, vel tincidunt mi nunc a purus.</label>
    <label xlink:type="resource"
      xlink:label="pattern_PropertyPlantAndEquipmentPoliciesHierarchy_lbl"
      xml:lang="en"
      xlink:role="http://www.xbrl.org/2003/role/label">Property, Plant and Equipment, Policies [Hierarchy]</label>
    <loc xlink:type="locator"
      xlink:label="pattern_PropertyPlantAndEquipmentPoliciesLineItems"
      xlink:href="ClassProperties.xsd#pattern_PropertyPlantAndEquipmentPoliciesLineItems" />
    <labelArc xlink:type="arc"
      xlink:arcrole="http://www.xbrl.org/2003/arcrole/concept-label"
      xlink:from="pattern_PropertyPlantAndEquipmentPoliciesLineItems"
      xlink:to="pattern_PropertyPlantAndEquipmentPoliciesLineItems_lbl" />
    <label xlink:type="resource"
      xlink:label="pattern_PropertyPlantAndEquipmentPoliciesLineItems_lbl"
      xml:lang="en"
      xlink:role="http://www.xbrl.org/2003/role/documentation">Class aptent taciti sociosqu ad litora torquent per conubia nostra, per inceptos hymenaeos. Donec vel augue.</label>
    <label xlink:type="resource"
      xlink:label="pattern_PropertyPlantAndEquipmentPoliciesLineItems_lbl"
      xml:lang="en"
      xlink:role="http://www.xbrl.org/2003/role/label">Property, Plant and Equipment, Policies [Line Items]</label>
    <loc xlink:type="locator"
      xlink:label="pattern_PropertyPlantAndEquipmentPoliciesTable"
      xlink:href="ClassProperties.xsd#pattern_PropertyPlantAndEquipmentPoliciesTable" />
    <labelArc xlink:type="arc"
      xlink:arcrole="http://www.xbrl.org/2003/arcrole/concept-label"
      xlink:from="pattern_PropertyPlantAndEquipmentPoliciesTable"
      xlink:to="pattern_PropertyPlantAndEquipmentPoliciesTable_lbl" />
    <label xlink:type="resource"
      xlink:label="pattern_PropertyPlantAndEquipmentPoliciesTable_lbl"
      xml:lang="en"
      xlink:role="http://www.xbrl.org/2003/role/documentation">Etiam viverra neque non sem. Nullam lacinia sem.</label>
    <label xlink:type="resource"
      xlink:label="pattern_PropertyPlantAndEquipmentPoliciesTable_lbl"
      xml:lang="en"
      xlink:role="http://www.xbrl.org/2003/role/label">Property, Plant and Equipment, Policies [Table]</label>
    <loc xlink:type="locator"
      xlink:label="pattern_PropertyPlantEquipmentByComponentLineItems"
      xlink:href="ClassProperties.xsd#pattern_PropertyPlantEquipmentByComponentLineItems" />
    <labelArc xlink:type="arc"
      xlink:arcrole="http://www.xbrl.org/2003/arcrole/concept-label"
      xlink:from="pattern_PropertyPlantEquipmentByComponentLineItems"
      xlink:to="pattern_PropertyPlantEquipmentByComponentLineItems_lbl" />
    <label xlink:type="resource"
      xlink:label="pattern_PropertyPlantEquipmentByComponentLineItems_lbl"
      xml:lang="en"
      xlink:role="http://www.xbrl.org/2003/role/documentation">Class aptent taciti sociosqu ad litora torquent per conubia nostra, per inceptos hymenaeos. Donec vel augue.</label>
    <label xlink:type="resource"
      xlink:label="pattern_PropertyPlantEquipmentByComponentLineItems_lbl"
      xml:lang="en"
      xlink:role="http://www.xbrl.org/2003/role/label">Property, Plant and Equipment, by Component [Line Items]</label>
    <loc xlink:type="locator"
      xlink:label="pattern_PropertyPlantEquipmentByComponentTable"
      xlink:href="ClassProperties.xsd#pattern_PropertyPlantEquipmentByComponentTable" />
    <labelArc xlink:type="arc"
      xlink:arcrole="http://www.xbrl.org/2003/arcrole/concept-label"
      xlink:from="pattern_PropertyPlantEquipmentByComponentTable"
      xlink:to="pattern_PropertyPlantEquipmentByComponentTable_lbl" />
    <label xlink:type="resource"
      xlink:label="pattern_PropertyPlantEquipmentByComponentTable_lbl"
      xml:lang="en"
      xlink:role="http://www.xbrl.org/2003/role/documentation">Etiam viverra neque non sem. Nullam lacinia sem.</label>
    <label xlink:type="resource"
      xlink:label="pattern_PropertyPlantEquipmentByComponentTable_lbl"
      xml:lang="en"
      xlink:role="http://www.xbrl.org/2003/role/label">Property, Plant and Equipment, by Component [Table]</label>
    <loc xlink:type="locator"
      xlink:label="pattern_PropertyPlantEquipmentNetHierarchy"
      xlink:href="ClassProperties.xsd#pattern_PropertyPlantEquipmentNetHierarchy" />
    <labelArc xlink:type="arc"
      xlink:arcrole="http://www.xbrl.org/2003/arcrole/concept-label"
      xlink:from="pattern_PropertyPlantEquipmentNetHierarchy"
      xlink:to="pattern_PropertyPlantEquipmentNetHierarchy_lbl" />
    <label xlink:type="resource"
      xlink:label="pattern_PropertyPlantEquipmentNetHierarchy_lbl"
      xml:lang="en"
      xlink:role="http://www.xbrl.org/2003/role/documentation">Fusce venenatis. Maecenas tincidunt, ipsum in fringilla hendrerit, dolor metus eleifend neque, vel tincidunt mi nunc a purus.</label>
    <label xlink:type="resource"
      xlink:label="pattern_PropertyPlantEquipmentNetHierarchy_lbl"
      xml:lang="en"
      xlink:role="http://www.xbrl.org/2003/role/label">Property, Plant and Equipment, Net [Hierarchy]</label>
    <loc xlink:type="locator"
      xlink:label="pattern_ValuationBasis"
      xlink:href="ClassProperties.xsd#pattern_ValuationBasis" />
    <labelArc xlink:type="arc"
      xlink:arcrole="http://www.xbrl.org/2003/arcrole/concept-label"
      xlink:from="pattern_ValuationBasis" xlink:to="pattern_ValuationBasis_lbl" />
    <label xlink:type="resource"
      xlink:label="pattern_ValuationBasis_lbl"
      xml:lang="en"
      xlink:role="http://www.xbrl.org/2003/role/documentation">Etiam ipsum orci, gravida nec, feugiat ut, malesuada quis, mauris. Etiam porttitor.</label>
    <label xlink:type="resource"
      xlink:label="pattern_ValuationBasis_lbl"
      xml:lang="en"
      xlink:role="http://www.xbrl.org/2003/role/label">Valuation Basis</label>
    <label xlink:type="resource"
      xlink:label="pattern_ValuationBasis_lbl"
      xml:lang="en"
      xlink:role="http://www.xbrl.org/2003/role/totalLabel">Property, Plant and Equipment, Net, Total</label>
  </labelLink>
</linkbase>