<?xml version="1.0" encoding="UTF-8" standalone="no" ?><?xml-stylesheet type="text/xsl" href="file:/C:/Programs/XPE40/resources/System/XbrlFormula2008Trace-toHtml.xsl"?><formulaTrace type="Full Report" version="4.0.0.2125" date="Tue May 09 15:18:39 PDT 2017" baseURI="C:/Users/Charlie/Documents/CurrentVersions/DigitalFinancialReporting/BusinessUseCases/2017-05-07/BUC31-ClassProperties/ClassProperties-SampleInstance.xml" xmlns:xlink="http://www.w3.org/1999/xlink" xmlns:link="http://www.xbrl.org/2003/linkbase" xmlns:xsi="http://www.w3.org/2001/XMLSchema-instance" xmlns:xbrli="http://www.xbrl.org/2003/instance" xmlns:iso4217="http://www.xbrl.org/2003/iso4217" xsi:schemaLocation="http://xbrl.org/2006/xbrldi xbrldi-2006.xsd" >
 <assertionTest cnt="1" id="Assertion_MemberAggregation_PropertyPlantAndEquipmentNet" satisfied="satisfied" test="$VARIABLE_Total=295183000 = sum($VARIABLE_Each=[5347000 4169000 6702000 244508000 34457000 ])" type="valueAssertion" value="true" />
 <assertionTest cnt="2" id="Assertion_MemberAggregation_PropertyPlantAndEquipmentNet" satisfied="satisfied" test="$VARIABLE_Total=413441000 = sum($VARIABLE_Each=[5313000 34457000 6149000 366375000 1147000 ])" type="valueAssertion" value="true" />
 <assertionTest cnt="1" count="5" id="ASSERTION_Exists_ValuationBasis" satisfied="satisfied" test="[5]" type="existenceAssertion" value="5" />
 <assertionTest cnt="1" count="5" id="ASSERTION_Exists_DepreciationMethod" satisfied="satisfied" test="[5]" type="existenceAssertion" value="5" />
 <assertionTest cnt="1" count="5" id="ASSERTION_Exists_EstimatedUsefulLife" satisfied="satisfied" test="[5]" type="existenceAssertion" value="5" />
 <assertionTest cnt="1" count="5" id="ASSERTION_Exists_PropertyPlantAndEquipmentNet" satisfied="satisfied" test="[5]" type="existenceAssertion" value="5" />
 <assertionReport count="6">
 <assertionTest cnt="1" id="Assertion_MemberAggregation_PropertyPlantAndEquipmentNet" satisfied="satisfied" test="$VARIABLE_Total=295183000 = sum($VARIABLE_Each=[5347000 4169000 6702000 244508000 34457000 ])" type="valueAssertion" value="true" />
 <assertionTest cnt="2" id="Assertion_MemberAggregation_PropertyPlantAndEquipmentNet" satisfied="satisfied" test="$VARIABLE_Total=413441000 = sum($VARIABLE_Each=[5313000 34457000 6149000 366375000 1147000 ])" type="valueAssertion" value="true" />
 <assertionTest cnt="1" count="5" id="ASSERTION_Exists_ValuationBasis" satisfied="satisfied" test="[5]" type="existenceAssertion" value="5" />
 <assertionTest cnt="1" count="5" id="ASSERTION_Exists_DepreciationMethod" satisfied="satisfied" test="[5]" type="existenceAssertion" value="5" />
 <assertionTest cnt="1" count="5" id="ASSERTION_Exists_EstimatedUsefulLife" satisfied="satisfied" test="[5]" type="existenceAssertion" value="5" />
 <assertionTest cnt="1" count="5" id="ASSERTION_Exists_PropertyPlantAndEquipmentNet" satisfied="satisfied" test="[5]" type="existenceAssertion" value="5" />
  </assertionReport>
 <summary notSatisfiedAssertionCount="0" firedAssertionCount="6" duration="752ms" outputContextCount="0" outputUnitCount="0" firedFormulaCount="0" compiledFormulaCount="0" satisifiedAssertionCount="6" outputFactCount="0" compiledAssertionCount="5" />
</formulaTrace>
