<?xml version="1.0" encoding="utf-8"?>
<!--
Taxonomy Presentation Links linkbase based on XBRL standard Version 2.1.
Created by UBmatrix Taxonomy Designer 3.0.3.2436 (2009-06-02 13:18).  
Contact www.ubmatrix.com
Copyright (c) 2002-2017 UBmatrix inc., All Rights Reserved
Produced on 2017-05-10 14:12:25
-->
<linkbase
  xmlns="http://www.xbrl.org/2003/linkbase"
  xmlns:xsi="http://www.w3.org/2001/XMLSchema-instance"
  xmlns:xlink="http://www.w3.org/1999/xlink"
  xsi:schemaLocation="
    http://www.xbrl.org/2003/linkbase 
      http://www.xbrl.org/2003/xbrl-linkbase-2003-12-31.xsd
    ">
  <roleRef xlink:type="simple"
    xlink:href="ClassProperties.xsd#PropertyPlantAndEquipmentPolicies"
    roleURI="http://xbrlsite.azurewebsites.net/DigitalFinancialReporting/BusinessUseCases/ClassProperties/PropertyPlantAndEquipmentPolicies" />
  <roleRef xlink:type="simple"
    xlink:href="ClassProperties.xsd#PropertyPlantAndEquipmentByComponent"
    roleURI="http://xbrlsite.azurewebsites.net/DigitalFinancialReporting/BusinessUseCases/ClassProperties/PropertyPlantAndEquipmentByComponent" />
  <presentationLink xlink:type="extended"
    xlink:role="http://xbrlsite.azurewebsites.net/DigitalFinancialReporting/BusinessUseCases/ClassProperties/PropertyPlantAndEquipmentPolicies">
    <loc xlink:type="locator"
      xlink:label="pattern_PropertyPlantAndEquipmentPoliciesTable"
      xlink:href="ClassProperties.xsd#pattern_PropertyPlantAndEquipmentPoliciesTable" />
    <loc xlink:type="locator"
      xlink:label="frm_LegalEntityAxis"
      xlink:href="http://xbrlsite.azurewebsites.net/DigitalFinancialReporting/Schemas/2017-05-07/frm.xsd#frm_LegalEntityAxis" />
    <presentationArc xlink:type="arc"
      xlink:arcrole="http://www.xbrl.org/2003/arcrole/parent-child"
      xlink:from="pattern_PropertyPlantAndEquipmentPoliciesTable"
      xlink:to="frm_LegalEntityAxis"
      order="1"
      use="optional" />
    <loc xlink:type="locator"
      xlink:label="frm_ConsolidatedEntityMember"
      xlink:href="http://xbrlsite.azurewebsites.net/DigitalFinancialReporting/Schemas/2017-05-07/frm.xsd#frm_ConsolidatedEntityMember" />
    <presentationArc xlink:type="arc"
      xlink:arcrole="http://www.xbrl.org/2003/arcrole/parent-child"
      xlink:from="frm_LegalEntityAxis" xlink:to="frm_ConsolidatedEntityMember"
      order="1"
      use="optional" />
    <loc xlink:type="locator"
      xlink:label="pattern_ClassPropertyPlantEquipmentAxis"
      xlink:href="ClassProperties.xsd#pattern_ClassPropertyPlantEquipmentAxis" />
    <presentationArc xlink:type="arc"
      xlink:arcrole="http://www.xbrl.org/2003/arcrole/parent-child"
      xlink:from="pattern_PropertyPlantAndEquipmentPoliciesTable"
      xlink:to="pattern_ClassPropertyPlantEquipmentAxis"
      order="2"
      use="optional" />
    <loc xlink:type="locator"
      xlink:label="pattern_AllClassesPropertyPlantEquipmentMember"
      xlink:href="ClassProperties.xsd#pattern_AllClassesPropertyPlantEquipmentMember" />
    <presentationArc xlink:type="arc"
      xlink:arcrole="http://www.xbrl.org/2003/arcrole/parent-child"
      xlink:from="pattern_ClassPropertyPlantEquipmentAxis"
      xlink:to="pattern_AllClassesPropertyPlantEquipmentMember"
      order="1"
      use="optional" />
    <loc xlink:type="locator"
      xlink:label="pattern_LandMember"
      xlink:href="ClassProperties.xsd#pattern_LandMember" />
    <presentationArc xlink:type="arc"
      xlink:arcrole="http://www.xbrl.org/2003/arcrole/parent-child"
      xlink:from="pattern_AllClassesPropertyPlantEquipmentMember"
      xlink:to="pattern_LandMember"
      order="1"
      use="optional" />
    <loc xlink:type="locator"
      xlink:label="pattern_BuildingsMember"
      xlink:href="ClassProperties.xsd#pattern_BuildingsMember" />
    <presentationArc xlink:type="arc"
      xlink:arcrole="http://www.xbrl.org/2003/arcrole/parent-child"
      xlink:from="pattern_AllClassesPropertyPlantEquipmentMember"
      xlink:to="pattern_BuildingsMember"
      order="2"
      use="optional" />
    <loc xlink:type="locator"
      xlink:label="pattern_FurnitureAndFixturesMember"
      xlink:href="ClassProperties.xsd#pattern_FurnitureAndFixturesMember" />
    <presentationArc xlink:type="arc"
      xlink:arcrole="http://www.xbrl.org/2003/arcrole/parent-child"
      xlink:from="pattern_AllClassesPropertyPlantEquipmentMember"
      xlink:to="pattern_FurnitureAndFixturesMember"
      order="3"
      use="optional" />
    <loc xlink:type="locator"
      xlink:label="pattern_ComputerEquipmentMember"
      xlink:href="ClassProperties.xsd#pattern_ComputerEquipmentMember" />
    <presentationArc xlink:type="arc"
      xlink:arcrole="http://www.xbrl.org/2003/arcrole/parent-child"
      xlink:from="pattern_AllClassesPropertyPlantEquipmentMember"
      xlink:to="pattern_ComputerEquipmentMember"
      order="4"
      use="optional" />
    <loc xlink:type="locator"
      xlink:label="pattern_OtherPropertyPlantAndEquipmentMember"
      xlink:href="ClassProperties.xsd#pattern_OtherPropertyPlantAndEquipmentMember" />
    <presentationArc xlink:type="arc"
      xlink:arcrole="http://www.xbrl.org/2003/arcrole/parent-child"
      xlink:from="pattern_AllClassesPropertyPlantEquipmentMember"
      xlink:to="pattern_OtherPropertyPlantAndEquipmentMember"
      order="5"
      use="optional" />
    <loc xlink:type="locator"
      xlink:label="pattern_PropertyPlantAndEquipmentPoliciesLineItems"
      xlink:href="ClassProperties.xsd#pattern_PropertyPlantAndEquipmentPoliciesLineItems" />
    <presentationArc xlink:type="arc"
      xlink:arcrole="http://www.xbrl.org/2003/arcrole/parent-child"
      xlink:from="pattern_PropertyPlantAndEquipmentPoliciesTable"
      xlink:to="pattern_PropertyPlantAndEquipmentPoliciesLineItems"
      order="3"
      use="optional" />
    <loc xlink:type="locator"
      xlink:label="pattern_PropertyPlantAndEquipmentPoliciesHierarchy"
      xlink:href="ClassProperties.xsd#pattern_PropertyPlantAndEquipmentPoliciesHierarchy" />
    <presentationArc xlink:type="arc"
      xlink:arcrole="http://www.xbrl.org/2003/arcrole/parent-child"
      xlink:from="pattern_PropertyPlantAndEquipmentPoliciesLineItems"
      xlink:to="pattern_PropertyPlantAndEquipmentPoliciesHierarchy"
      order="1"
      use="optional" />
    <loc xlink:type="locator"
      xlink:label="pattern_ValuationBasis"
      xlink:href="ClassProperties.xsd#pattern_ValuationBasis" />
    <presentationArc xlink:type="arc"
      xlink:arcrole="http://www.xbrl.org/2003/arcrole/parent-child"
      xlink:from="pattern_PropertyPlantAndEquipmentPoliciesHierarchy"
      xlink:to="pattern_ValuationBasis"
      order="1"
      use="optional" />
    <loc xlink:type="locator"
      xlink:label="pattern_DepreciationMethod"
      xlink:href="ClassProperties.xsd#pattern_DepreciationMethod" />
    <presentationArc xlink:type="arc"
      xlink:arcrole="http://www.xbrl.org/2003/arcrole/parent-child"
      xlink:from="pattern_PropertyPlantAndEquipmentPoliciesHierarchy"
      xlink:to="pattern_DepreciationMethod"
      order="2"
      use="optional" />
    <loc xlink:type="locator"
      xlink:label="pattern_EstimatedUsefulLife"
      xlink:href="ClassProperties.xsd#pattern_EstimatedUsefulLife" />
    <presentationArc xlink:type="arc"
      xlink:arcrole="http://www.xbrl.org/2003/arcrole/parent-child"
      xlink:from="pattern_PropertyPlantAndEquipmentPoliciesHierarchy"
      xlink:to="pattern_EstimatedUsefulLife"
      order="3"
      use="optional" />
  </presentationLink>
  <presentationLink xlink:type="extended"
    xlink:role="http://xbrlsite.azurewebsites.net/DigitalFinancialReporting/BusinessUseCases/ClassProperties/PropertyPlantAndEquipmentByComponent">
    <loc xlink:type="locator"
      xlink:label="pattern_PropertyPlantEquipmentByComponentTable"
      xlink:href="ClassProperties.xsd#pattern_PropertyPlantEquipmentByComponentTable" />
    <loc xlink:type="locator"
      xlink:label="frm_LegalEntityAxis"
      xlink:href="http://xbrlsite.azurewebsites.net/DigitalFinancialReporting/Schemas/2017-05-07/frm.xsd#frm_LegalEntityAxis" />
    <presentationArc xlink:type="arc"
      xlink:arcrole="http://www.xbrl.org/2003/arcrole/parent-child"
      xlink:from="pattern_PropertyPlantEquipmentByComponentTable"
      xlink:to="frm_LegalEntityAxis"
      order="1"
      use="optional" />
    <loc xlink:type="locator"
      xlink:label="frm_ConsolidatedEntityMember"
      xlink:href="http://xbrlsite.azurewebsites.net/DigitalFinancialReporting/Schemas/2017-05-07/frm.xsd#frm_ConsolidatedEntityMember" />
    <presentationArc xlink:type="arc"
      xlink:arcrole="http://www.xbrl.org/2003/arcrole/parent-child"
      xlink:from="frm_LegalEntityAxis" xlink:to="frm_ConsolidatedEntityMember"
      order="1"
      use="optional" />
    <loc xlink:type="locator"
      xlink:label="pattern_ClassPropertyPlantEquipmentAxis"
      xlink:href="ClassProperties.xsd#pattern_ClassPropertyPlantEquipmentAxis" />
    <presentationArc xlink:type="arc"
      xlink:arcrole="http://www.xbrl.org/2003/arcrole/parent-child"
      xlink:from="pattern_PropertyPlantEquipmentByComponentTable"
      xlink:to="pattern_ClassPropertyPlantEquipmentAxis"
      order="2"
      use="optional" />
    <loc xlink:type="locator"
      xlink:label="pattern_AllClassesPropertyPlantEquipmentMember"
      xlink:href="ClassProperties.xsd#pattern_AllClassesPropertyPlantEquipmentMember" />
    <presentationArc xlink:type="arc"
      xlink:arcrole="http://www.xbrl.org/2003/arcrole/parent-child"
      xlink:from="pattern_ClassPropertyPlantEquipmentAxis"
      xlink:to="pattern_AllClassesPropertyPlantEquipmentMember"
      order="1"
      use="optional" />
    <loc xlink:type="locator"
      xlink:label="pattern_LandMember"
      xlink:href="ClassProperties.xsd#pattern_LandMember" />
    <presentationArc xlink:type="arc"
      xlink:arcrole="http://www.xbrl.org/2003/arcrole/parent-child"
      xlink:from="pattern_AllClassesPropertyPlantEquipmentMember"
      xlink:to="pattern_LandMember"
      order="1"
      use="optional" />
    <loc xlink:type="locator"
      xlink:label="pattern_BuildingsMember"
      xlink:href="ClassProperties.xsd#pattern_BuildingsMember" />
    <presentationArc xlink:type="arc"
      xlink:arcrole="http://www.xbrl.org/2003/arcrole/parent-child"
      xlink:from="pattern_AllClassesPropertyPlantEquipmentMember"
      xlink:to="pattern_BuildingsMember"
      order="2"
      use="optional" />
    <loc xlink:type="locator"
      xlink:label="pattern_FurnitureAndFixturesMember"
      xlink:href="ClassProperties.xsd#pattern_FurnitureAndFixturesMember" />
    <presentationArc xlink:type="arc"
      xlink:arcrole="http://www.xbrl.org/2003/arcrole/parent-child"
      xlink:from="pattern_AllClassesPropertyPlantEquipmentMember"
      xlink:to="pattern_FurnitureAndFixturesMember"
      order="3"
      use="optional" />
    <loc xlink:type="locator"
      xlink:label="pattern_ComputerEquipmentMember"
      xlink:href="ClassProperties.xsd#pattern_ComputerEquipmentMember" />
    <presentationArc xlink:type="arc"
      xlink:arcrole="http://www.xbrl.org/2003/arcrole/parent-child"
      xlink:from="pattern_AllClassesPropertyPlantEquipmentMember"
      xlink:to="pattern_ComputerEquipmentMember"
      order="4"
      use="optional" />
    <loc xlink:type="locator"
      xlink:label="pattern_OtherPropertyPlantAndEquipmentMember"
      xlink:href="ClassProperties.xsd#pattern_OtherPropertyPlantAndEquipmentMember" />
    <presentationArc xlink:type="arc"
      xlink:arcrole="http://www.xbrl.org/2003/arcrole/parent-child"
      xlink:from="pattern_AllClassesPropertyPlantEquipmentMember"
      xlink:to="pattern_OtherPropertyPlantAndEquipmentMember"
      order="5"
      use="optional" />
    <loc xlink:type="locator"
      xlink:label="pattern_PropertyPlantEquipmentByComponentLineItems"
      xlink:href="ClassProperties.xsd#pattern_PropertyPlantEquipmentByComponentLineItems" />
    <presentationArc xlink:type="arc"
      xlink:arcrole="http://www.xbrl.org/2003/arcrole/parent-child"
      xlink:from="pattern_PropertyPlantEquipmentByComponentTable"
      xlink:to="pattern_PropertyPlantEquipmentByComponentLineItems"
      order="3"
      use="optional" />
    <loc xlink:type="locator"
      xlink:label="pattern_PropertyPlantEquipmentNetHierarchy"
      xlink:href="ClassProperties.xsd#pattern_PropertyPlantEquipmentNetHierarchy" />
    <presentationArc xlink:type="arc"
      xlink:arcrole="http://www.xbrl.org/2003/arcrole/parent-child"
      xlink:from="pattern_PropertyPlantEquipmentByComponentLineItems"
      xlink:to="pattern_PropertyPlantEquipmentNetHierarchy"
      order="1"
      use="optional" />
    <loc xlink:type="locator"
      xlink:label="pattern_PropertyPlantAndEquipmentNet"
      xlink:href="ClassProperties.xsd#pattern_PropertyPlantAndEquipmentNet" />
    <presentationArc xlink:type="arc"
      xlink:arcrole="http://www.xbrl.org/2003/arcrole/parent-child"
      xlink:from="pattern_PropertyPlantEquipmentNetHierarchy"
      xlink:to="pattern_PropertyPlantAndEquipmentNet"
      preferredLabel="http://www.xbrl.org/2003/role/label"
      order="1"
      use="optional" />
  </presentationLink>
</linkbase>