<?xml version="1.0" encoding="utf-8"?>
<!--
Taxonomy Label Links linkbase based on XBRL standard Version 2.1.
Created by UBmatrix Taxonomy Designer 3.0.3.2436 (2009-06-02 13:18).  
Contact www.ubmatrix.com
Copyright (c) 2002-2017 UBmatrix inc., All Rights Reserved
Produced on 2017-05-09 05:38:24
-->
<linkbase
  xmlns="http://www.xbrl.org/2003/linkbase"
  xmlns:xsi="http://www.w3.org/2001/XMLSchema-instance"
  xmlns:xlink="http://www.w3.org/1999/xlink"
  xsi:schemaLocation="
    http://www.xbrl.org/2003/linkbase 
      http://www.xbrl.org/2003/xbrl-linkbase-2003-12-31.xsd
    ">
  <labelLink xlink:type="extended"
    xlink:role="http://www.xbrl.org/2003/role/link">
    <loc xlink:type="locator"
      xlink:label="pattern_Forfeited"
      xlink:href="RollForwardInfo.xsd#pattern_Forfeited" />
    <labelArc xlink:type="arc"
      xlink:arcrole="http://www.xbrl.org/2003/arcrole/concept-label"
      xlink:from="pattern_Forfeited" xlink:to="pattern_Forfeited_lbl" />
    <label xlink:type="resource"
      xlink:label="pattern_Forfeited_lbl" xml:lang="en"
      xlink:role="http://www.xbrl.org/2003/role/documentation">Nam rhoncus mi. Nunc eu dui non mauris interdum tincidunt. Sed magna felis, accumsan a, fermentum quis, varius sed, ipsum. Nullam leo. Donec eros.</label>
    <label xlink:type="resource"
      xlink:label="pattern_Forfeited_lbl" xml:lang="en"
      xlink:role="http://www.xbrl.org/2003/role/label">Forfeited</label>
    <loc xlink:type="locator"
      xlink:label="pattern_Granted"
      xlink:href="RollForwardInfo.xsd#pattern_Granted" />
    <labelArc xlink:type="arc"
      xlink:arcrole="http://www.xbrl.org/2003/arcrole/concept-label"
      xlink:from="pattern_Granted" xlink:to="pattern_Granted_lbl" />
    <label xlink:type="resource"
      xlink:label="pattern_Granted_lbl" xml:lang="en"
      xlink:role="http://www.xbrl.org/2003/role/documentation">Praesent fringilla feugiat magna. Suspendisse et lorem eu risus convallis placerat. Suspendisse potenti. Donec malesuada lorem id mi.</label>
    <label xlink:type="resource"
      xlink:label="pattern_Granted_lbl" xml:lang="en"
      xlink:role="http://www.xbrl.org/2003/role/label">Granted</label>
    <loc xlink:type="locator"
      xlink:label="pattern_NonvestedFairValue"
      xlink:href="RollForwardInfo.xsd#pattern_NonvestedFairValue" />
    <labelArc xlink:type="arc"
      xlink:arcrole="http://www.xbrl.org/2003/arcrole/concept-label"
      xlink:from="pattern_NonvestedFairValue"
      xlink:to="pattern_NonvestedFairValue_lbl" />
    <label xlink:type="resource"
      xlink:label="pattern_NonvestedFairValue_lbl"
      xml:lang="en"
      xlink:role="http://www.xbrl.org/2003/role/documentation">Etiam ipsum orci, gravida nec, feugiat ut, malesuada quis, mauris. Etiam porttitor. Ut venenatis, velit a accumsan interdum, odio metus mollis mauris, non pharetra augue arcu eu felis.</label>
    <label xlink:type="resource"
      xlink:label="pattern_NonvestedFairValue_lbl"
      xml:lang="en"
      xlink:role="http://www.xbrl.org/2003/role/periodEndLabel">Nonvested Failr Value, Ending Balance</label>
    <label xlink:type="resource"
      xlink:label="pattern_NonvestedFairValue_lbl"
      xml:lang="en"
      xlink:role="http://www.xbrl.org/2003/role/periodStartLabel">Nonvested Fair Value, Beginning Balance</label>
    <label xlink:type="resource"
      xlink:label="pattern_NonvestedFairValue_lbl"
      xml:lang="en"
      xlink:role="http://www.xbrl.org/2003/role/label">Nonvested Fair Value</label>
    <loc xlink:type="locator"
      xlink:label="pattern_Vested"
      xlink:href="RollForwardInfo.xsd#pattern_Vested" />
    <labelArc xlink:type="arc"
      xlink:arcrole="http://www.xbrl.org/2003/arcrole/concept-label"
      xlink:from="pattern_Vested" xlink:to="pattern_Vested_lbl" />
    <label xlink:type="resource"
      xlink:label="pattern_Vested_lbl" xml:lang="en"
      xlink:role="http://www.xbrl.org/2003/role/documentation">Proin elit sem, ornare non, ullamcorper vel, sollicitudin a, lacus. Mauris tincidunt cursus est.</label>
    <label xlink:type="resource"
      xlink:label="pattern_Vested_lbl" xml:lang="en"
      xlink:role="http://www.xbrl.org/2003/role/label">Vested</label>
    <loc xlink:type="locator"
      xlink:label="pattern_WeightedAverageGrantDateFairValueLineItems"
      xlink:href="RollForwardInfo.xsd#pattern_WeightedAverageGrantDateFairValueLineItems" />
    <labelArc xlink:type="arc"
      xlink:arcrole="http://www.xbrl.org/2003/arcrole/concept-label"
      xlink:from="pattern_WeightedAverageGrantDateFairValueLineItems"
      xlink:to="pattern_WeightedAverageGrantDateFairValueLineItems_lbl" />
    <label xlink:type="resource"
      xlink:label="pattern_WeightedAverageGrantDateFairValueLineItems_lbl"
      xml:lang="en"
      xlink:role="http://www.xbrl.org/2003/role/documentation">Suspendisse vestibulum augue eu justo. Pellentesque habitant morbi tristique senectus et netus et malesuada fames ac turpis egestas.</label>
    <label xlink:type="resource"
      xlink:label="pattern_WeightedAverageGrantDateFairValueLineItems_lbl"
      xml:lang="en"
      xlink:role="http://www.xbrl.org/2003/role/label">Weighted Average Grant Date Fair Value [Line Items]</label>
    <loc xlink:type="locator"
      xlink:label="pattern_WeightedAverageGrantDateFairValueRollForwardInfo"
      xlink:href="RollForwardInfo.xsd#pattern_WeightedAverageGrantDateFairValueRollForwardInfo" />
    <labelArc xlink:type="arc"
      xlink:arcrole="http://www.xbrl.org/2003/arcrole/concept-label"
      xlink:from="pattern_WeightedAverageGrantDateFairValueRollForwardInfo"
      xlink:to="pattern_WeightedAverageGrantDateFairValueRollForwardInfo_lbl" />
    <label xlink:type="resource"
      xlink:label="pattern_WeightedAverageGrantDateFairValueRollForwardInfo_lbl"
      xml:lang="en"
      xlink:role="http://www.xbrl.org/2003/role/documentation">Praesent eleifend dignissim eros. Proin feugiat lobortis mi. Nunc congue. Fusce venenatis. Maecenas tincidunt, ipsum in fringilla hendrerit, dolor metus eleifend neque, vel tincidunt mi nunc a purus.</label>
    <label xlink:type="resource"
      xlink:label="pattern_WeightedAverageGrantDateFairValueRollForwardInfo_lbl"
      xml:lang="en"
      xlink:role="http://www.xbrl.org/2003/role/label">Weighted Average Grant Date Fair Value [Roll Forward Info]</label>
    <loc xlink:type="locator"
      xlink:label="pattern_WeightedAverageGrantDateFairValueTable"
      xlink:href="RollForwardInfo.xsd#pattern_WeightedAverageGrantDateFairValueTable" />
    <labelArc xlink:type="arc"
      xlink:arcrole="http://www.xbrl.org/2003/arcrole/concept-label"
      xlink:from="pattern_WeightedAverageGrantDateFairValueTable"
      xlink:to="pattern_WeightedAverageGrantDateFairValueTable_lbl" />
    <label xlink:type="resource"
      xlink:label="pattern_WeightedAverageGrantDateFairValueTable_lbl"
      xml:lang="en"
      xlink:role="http://www.xbrl.org/2003/role/documentation">Etiam feugiat massa nec nibh. Curabitur fermentum mattis eros. Pellentesque pede felis, rhoncus accumsan, luctus ut, facilisis vitae, tortor. Suspendisse potenti.</label>
    <label xlink:type="resource"
      xlink:label="pattern_WeightedAverageGrantDateFairValueTable_lbl"
      xml:lang="en"
      xlink:role="http://www.xbrl.org/2003/role/label">Weighted Average Grant Date Fair Value [Table]</label>
  </labelLink>
</linkbase>