<?xml version="1.0" encoding="utf-8"?>
<!--
Taxonomy Presentation Links linkbase based on XBRL standard Version 2.1.
Created by UBmatrix Taxonomy Designer 3.0.3.2436 (2009-06-02 13:18).  
Contact www.ubmatrix.com
Copyright (c) 2002-2017 UBmatrix inc., All Rights Reserved
Produced on 2017-05-09 05:38:24
-->
<linkbase
  xmlns="http://www.xbrl.org/2003/linkbase"
  xmlns:xsi="http://www.w3.org/2001/XMLSchema-instance"
  xmlns:xlink="http://www.w3.org/1999/xlink"
  xsi:schemaLocation="
    http://www.xbrl.org/2003/linkbase 
      http://www.xbrl.org/2003/xbrl-linkbase-2003-12-31.xsd
    ">
  <roleRef xlink:type="simple"
    xlink:href="RollForwardInfo.xsd#StockActivity"
    roleURI="http://xbrlsite.azurewebsites.net/DigitalFinancialReporting/ConceptArrangementPatterns/RollForwardInfo/StockActivity" />
  <presentationLink xlink:type="extended"
    xlink:role="http://xbrlsite.azurewebsites.net/DigitalFinancialReporting/ConceptArrangementPatterns/RollForwardInfo/StockActivity">
    <loc xlink:type="locator"
      xlink:label="pattern_WeightedAverageGrantDateFairValueTable"
      xlink:href="RollForwardInfo.xsd#pattern_WeightedAverageGrantDateFairValueTable" />
    <loc xlink:type="locator"
      xlink:label="frm_LegalEntityAxis"
      xlink:href="http://xbrlsite.azurewebsites.net/DigitalFinancialReporting/Schemas/2017-05-07/frm.xsd#frm_LegalEntityAxis" />
    <presentationArc xlink:type="arc"
      xlink:arcrole="http://www.xbrl.org/2003/arcrole/parent-child"
      xlink:from="pattern_WeightedAverageGrantDateFairValueTable"
      xlink:to="frm_LegalEntityAxis"
      order="1"
      use="optional" />
    <loc xlink:type="locator"
      xlink:label="frm_ConsolidatedEntityMember"
      xlink:href="http://xbrlsite.azurewebsites.net/DigitalFinancialReporting/Schemas/2017-05-07/frm.xsd#frm_ConsolidatedEntityMember" />
    <presentationArc xlink:type="arc"
      xlink:arcrole="http://www.xbrl.org/2003/arcrole/parent-child"
      xlink:from="frm_LegalEntityAxis" xlink:to="frm_ConsolidatedEntityMember"
      order="1"
      use="optional" />
    <loc xlink:type="locator"
      xlink:label="pattern_WeightedAverageGrantDateFairValueLineItems"
      xlink:href="RollForwardInfo.xsd#pattern_WeightedAverageGrantDateFairValueLineItems" />
    <presentationArc xlink:type="arc"
      xlink:arcrole="http://www.xbrl.org/2003/arcrole/parent-child"
      xlink:from="pattern_WeightedAverageGrantDateFairValueTable"
      xlink:to="pattern_WeightedAverageGrantDateFairValueLineItems"
      order="2"
      use="optional" />
    <loc xlink:type="locator"
      xlink:label="pattern_WeightedAverageGrantDateFairValueRollForwardInfo"
      xlink:href="RollForwardInfo.xsd#pattern_WeightedAverageGrantDateFairValueRollForwardInfo" />
    <presentationArc xlink:type="arc"
      xlink:arcrole="http://www.xbrl.org/2003/arcrole/parent-child"
      xlink:from="pattern_WeightedAverageGrantDateFairValueLineItems"
      xlink:to="pattern_WeightedAverageGrantDateFairValueRollForwardInfo"
      order="1"
      use="optional" />
    <loc xlink:type="locator"
      xlink:label="pattern_NonvestedFairValue"
      xlink:href="RollForwardInfo.xsd#pattern_NonvestedFairValue" />
    <presentationArc xlink:type="arc"
      xlink:arcrole="http://www.xbrl.org/2003/arcrole/parent-child"
      xlink:from="pattern_WeightedAverageGrantDateFairValueRollForwardInfo"
      xlink:to="pattern_NonvestedFairValue"
      preferredLabel="http://www.xbrl.org/2003/role/periodStartLabel"
      order="1"
      use="optional" />
    <loc xlink:type="locator"
      xlink:label="pattern_Granted"
      xlink:href="RollForwardInfo.xsd#pattern_Granted" />
    <presentationArc xlink:type="arc"
      xlink:arcrole="http://www.xbrl.org/2003/arcrole/parent-child"
      xlink:from="pattern_WeightedAverageGrantDateFairValueRollForwardInfo"
      xlink:to="pattern_Granted"
      order="2"
      use="optional" />
    <loc xlink:type="locator"
      xlink:label="pattern_Vested"
      xlink:href="RollForwardInfo.xsd#pattern_Vested" />
    <presentationArc xlink:type="arc"
      xlink:arcrole="http://www.xbrl.org/2003/arcrole/parent-child"
      xlink:from="pattern_WeightedAverageGrantDateFairValueRollForwardInfo"
      xlink:to="pattern_Vested"
      order="3"
      use="optional" />
    <loc xlink:type="locator"
      xlink:label="pattern_Forfeited"
      xlink:href="RollForwardInfo.xsd#pattern_Forfeited" />
    <presentationArc xlink:type="arc"
      xlink:arcrole="http://www.xbrl.org/2003/arcrole/parent-child"
      xlink:from="pattern_WeightedAverageGrantDateFairValueRollForwardInfo"
      xlink:to="pattern_Forfeited"
      order="4"
      use="optional" />
  </presentationLink>
  <presentationLink xlink:type="extended"
    xlink:role="http://xbrlsite.azurewebsites.net/DigitalFinancialReporting/ConceptArrangementPatterns/RollForwardInfo/StockActivity">
    <loc xlink:type="locator"
      xlink:label="pattern_WeightedAverageGrantDateFairValueRollForwardInfo"
      xlink:href="RollForwardInfo.xsd#pattern_WeightedAverageGrantDateFairValueRollForwardInfo" />
    <loc xlink:type="locator"
      xlink:label="pattern_NonvestedFairValue"
      xlink:href="RollForwardInfo.xsd#pattern_NonvestedFairValue" />
    <presentationArc xlink:type="arc"
      xlink:arcrole="http://www.xbrl.org/2003/arcrole/parent-child"
      xlink:from="pattern_WeightedAverageGrantDateFairValueRollForwardInfo"
      xlink:to="pattern_NonvestedFairValue"
      preferredLabel="http://www.xbrl.org/2003/role/periodEndLabel"
      order="5"
      use="optional" />
  </presentationLink>
</linkbase>