<?xml version="1.0" encoding="utf-8"?>
<!--
Taxonomy Label Links linkbase based on XBRL standard Version 2.1.
Created by UBmatrix Taxonomy Designer 3.0.3.2433 (2009-05-15 09:36).  
Contact www.ubmatrix.com
Copyright (c) 2002-2011 UBmatrix inc., All Rights Reserved
Produced on 2011-07-19 10:00:22
-->
<linkbase
  xmlns="http://www.xbrl.org/2003/linkbase"
  xmlns:xsi="http://www.w3.org/2001/XMLSchema-instance"
  xmlns:xlink="http://www.w3.org/1999/xlink"
  xsi:schemaLocation="
    http://www.xbrl.org/2003/linkbase 
      http://www.xbrl.org/2003/xbrl-linkbase-2003-12-31.xsd
    ">
  <labelLink xlink:type="extended"
    xlink:role="http://www.xbrl.org/2003/role/link">
    <loc xlink:type="locator"
      xlink:label="pattern_EarningsPerShareComponentsHierarchy"
      xlink:href="ComplexComputation.xsd#pattern_EarningsPerShareComponentsHierarchy" />
    <labelArc xlink:type="arc"
      xlink:arcrole="http://www.xbrl.org/2003/arcrole/concept-label"
      xlink:from="pattern_EarningsPerShareComponentsHierarchy"
      xlink:to="pattern_EarningsPerShareComponentsHierarchy_lbl" />
    <label xlink:type="resource"
      xlink:label="pattern_EarningsPerShareComponentsHierarchy_lbl"
      xml:lang="en"
      xlink:role="http://www.xbrl.org/2003/role/documentation">Ut venenatis, velit a accumsan interdum, odio metus mollis mauris, non pharetra augue arcu eu felis.</label>
    <label xlink:type="resource"
      xlink:label="pattern_EarningsPerShareComponentsHierarchy_lbl"
      xml:lang="en"
      xlink:role="http://www.xbrl.org/2003/role/label">Earnings Per Share Components [Hierarchy]</label>
    <loc xlink:type="locator"
      xlink:label="pattern_EarningsPerShareComponentsLineItems"
      xlink:href="ComplexComputation.xsd#pattern_EarningsPerShareComponentsLineItems" />
    <labelArc xlink:type="arc"
      xlink:arcrole="http://www.xbrl.org/2003/arcrole/concept-label"
      xlink:from="pattern_EarningsPerShareComponentsLineItems"
      xlink:to="pattern_EarningsPerShareComponentsLineItems_lbl" />
    <label xlink:type="resource"
      xlink:label="pattern_EarningsPerShareComponentsLineItems_lbl"
      xml:lang="en"
      xlink:role="http://www.xbrl.org/2003/role/documentation">Phasellus eleifend, diam vitae dapibus pulvinar, erat ligula auctor dui, eget congue justo lorem hendrerit tellus.</label>
    <label xlink:type="resource"
      xlink:label="pattern_EarningsPerShareComponentsLineItems_lbl"
      xml:lang="en"
      xlink:role="http://www.xbrl.org/2003/role/label">Earnings Per Share Components [Line Items]</label>
    <loc xlink:type="locator"
      xlink:label="pattern_EarningsPerShareComponentsTable"
      xlink:href="ComplexComputation.xsd#pattern_EarningsPerShareComponentsTable" />
    <labelArc xlink:type="arc"
      xlink:arcrole="http://www.xbrl.org/2003/arcrole/concept-label"
      xlink:from="pattern_EarningsPerShareComponentsTable"
      xlink:to="pattern_EarningsPerShareComponentsTable_lbl" />
    <label xlink:type="resource"
      xlink:label="pattern_EarningsPerShareComponentsTable_lbl"
      xml:lang="en"
      xlink:role="http://www.xbrl.org/2003/role/documentation">Nullam dui orci, scelerisque porttitor, volutpat a, porttitor a, enim. Sed lobortis. Maecenas scelerisque ullamcorper libero.</label>
    <label xlink:type="resource"
      xlink:label="pattern_EarningsPerShareComponentsTable_lbl"
      xml:lang="en"
      xlink:role="http://www.xbrl.org/2003/role/label">Earnings Per Share Components [Table]</label>
    <loc xlink:type="locator"
      xlink:label="pattern_EarningsPerShare"
      xlink:href="ComplexComputation.xsd#pattern_EarningsPerShare" />
    <labelArc xlink:type="arc"
      xlink:arcrole="http://www.xbrl.org/2003/arcrole/concept-label"
      xlink:from="pattern_EarningsPerShare"
      xlink:to="pattern_EarningsPerShare_lbl" />
    <label xlink:type="resource"
      xlink:label="pattern_EarningsPerShare_lbl"
      xml:lang="en"
      xlink:role="http://www.xbrl.org/2003/role/documentation">Ut venenatis, velit a accumsan interdum, odio metus mollis mauris, non pharetra augue arcu eu felis.</label>
    <label xlink:type="resource"
      xlink:label="pattern_EarningsPerShare_lbl"
      xml:lang="en"
      xlink:role="http://www.xbrl.org/2003/role/label">Earnings Per Share</label>
    <loc xlink:type="locator"
      xlink:label="pattern_NetIncomeLoss"
      xlink:href="ComplexComputation.xsd#pattern_NetIncomeLoss" />
    <labelArc xlink:type="arc"
      xlink:arcrole="http://www.xbrl.org/2003/arcrole/concept-label"
      xlink:from="pattern_NetIncomeLoss" xlink:to="pattern_NetIncomeLoss_lbl" />
    <label xlink:type="resource"
      xlink:label="pattern_NetIncomeLoss_lbl"
      xml:lang="en"
      xlink:role="http://www.xbrl.org/2003/role/documentation">Ut venenatis, velit a accumsan interdum, odio metus mollis mauris, non pharetra augue arcu eu felis.</label>
    <label xlink:type="resource"
      xlink:label="pattern_NetIncomeLoss_lbl"
      xml:lang="en"
      xlink:role="http://www.xbrl.org/2003/role/label">Net Income (Loss)</label>
    <loc xlink:type="locator"
      xlink:label="pattern_WeightedAverageCommonShares"
      xlink:href="ComplexComputation.xsd#pattern_WeightedAverageCommonShares" />
    <labelArc xlink:type="arc"
      xlink:arcrole="http://www.xbrl.org/2003/arcrole/concept-label"
      xlink:from="pattern_WeightedAverageCommonShares"
      xlink:to="pattern_WeightedAverageCommonShares_lbl" />
    <label xlink:type="resource"
      xlink:label="pattern_WeightedAverageCommonShares_lbl"
      xml:lang="en"
      xlink:role="http://www.xbrl.org/2003/role/documentation">Ut venenatis, velit a accumsan interdum, odio metus mollis mauris, non pharetra augue arcu eu felis.</label>
    <label xlink:type="resource"
      xlink:label="pattern_WeightedAverageCommonShares_lbl"
      xml:lang="en"
      xlink:role="http://www.xbrl.org/2003/role/label">Weighted Average Common Shares</label>
  </labelLink>
</linkbase>