<?xml version="1.0" encoding="utf-8"?>
<!--
Taxonomy Definition Links linkbase based on XBRL standard Version 2.1.
Created by UBmatrix Taxonomy Designer 3.0.3.2433 (2009-05-15 09:36).  
Contact www.ubmatrix.com
Copyright (c) 2002-2011 UBmatrix inc., All Rights Reserved
Produced on 2011-07-19 10:00:22
-->
<linkbase
  xmlns="http://www.xbrl.org/2003/linkbase"
  xmlns:xsi="http://www.w3.org/2001/XMLSchema-instance"
  xmlns:xlink="http://www.w3.org/1999/xlink"
  xmlns:xbrldt="http://xbrl.org/2005/xbrldt"
  xsi:schemaLocation="
    http://www.xbrl.org/2003/linkbase 
      http://www.xbrl.org/2003/xbrl-linkbase-2003-12-31.xsd
    http://xbrl.org/2005/xbrldt  http://www.xbrl.org/2005/xbrldt-2005.xsd
    ">
  <roleRef xlink:type="simple"
    xlink:href="ComplexComputation.xsd#AccountingPolicies"
    roleURI="http://xbrlsite.azurewebsites.net/DigitalFinancialReporting/BusinessUseCases/ComplexComputation/EarningsPerShareComponents" />
  <arcroleRef xlink:type="simple"
    xlink:href="http://www.xbrl.org/2005/xbrldt-2005.xsd#domain-member"
    arcroleURI="http://xbrl.org/int/dim/arcrole/domain-member" />
  <arcroleRef xlink:type="simple"
    xlink:href="http://www.xbrl.org/2005/xbrldt-2005.xsd#all"
    arcroleURI="http://xbrl.org/int/dim/arcrole/all" />
  <arcroleRef xlink:type="simple"
    xlink:href="http://www.xbrl.org/2005/xbrldt-2005.xsd#hypercube-dimension"
    arcroleURI="http://xbrl.org/int/dim/arcrole/hypercube-dimension" />
  <arcroleRef xlink:type="simple"
    xlink:href="http://www.xbrl.org/2005/xbrldt-2005.xsd#dimension-domain"
    arcroleURI="http://xbrl.org/int/dim/arcrole/dimension-domain" />
  <definitionLink xlink:type="extended"
    xlink:role="http://xbrlsite.azurewebsites.net/DigitalFinancialReporting/BusinessUseCases/ComplexComputation/EarningsPerShareComponents">
    <loc xlink:type="locator"
      xlink:label="pattern_EarningsPerShareComponentsLineItems"
      xlink:href="ComplexComputation.xsd#pattern_EarningsPerShareComponentsLineItems" />
    <loc xlink:type="locator"
      xlink:label="pattern_EarningsPerShareComponentsHierarchy"
      xlink:href="ComplexComputation.xsd#pattern_EarningsPerShareComponentsHierarchy" />
    <definitionArc xlink:type="arc"
      xlink:arcrole="http://xbrl.org/int/dim/arcrole/domain-member"
      xlink:from="pattern_EarningsPerShareComponentsLineItems"
      xlink:to="pattern_EarningsPerShareComponentsHierarchy"
      order="1"
      use="optional" />
    <loc xlink:type="locator"
      xlink:label="pattern_NetIncomeLoss"
      xlink:href="ComplexComputation.xsd#pattern_NetIncomeLoss" />
    <definitionArc xlink:type="arc"
      xlink:arcrole="http://xbrl.org/int/dim/arcrole/domain-member"
      xlink:from="pattern_EarningsPerShareComponentsHierarchy"
      xlink:to="pattern_NetIncomeLoss"
      order="1"
      use="optional" />
    <loc xlink:type="locator"
      xlink:label="pattern_WeightedAverageCommonShares"
      xlink:href="ComplexComputation.xsd#pattern_WeightedAverageCommonShares" />
    <definitionArc xlink:type="arc"
      xlink:arcrole="http://xbrl.org/int/dim/arcrole/domain-member"
      xlink:from="pattern_EarningsPerShareComponentsHierarchy"
      xlink:to="pattern_WeightedAverageCommonShares"
      order="2"
      use="optional" />
    <loc xlink:type="locator"
      xlink:label="pattern_EarningsPerShare"
      xlink:href="ComplexComputation.xsd#pattern_EarningsPerShare" />
    <definitionArc xlink:type="arc"
      xlink:arcrole="http://xbrl.org/int/dim/arcrole/domain-member"
      xlink:from="pattern_EarningsPerShareComponentsHierarchy"
      xlink:to="pattern_EarningsPerShare"
      order="3"
      use="optional" />
    <loc xlink:type="locator"
      xlink:label="pattern_EarningsPerShareComponentsTable"
      xlink:href="ComplexComputation.xsd#pattern_EarningsPerShareComponentsTable" />
    <definitionArc xlink:type="arc"
      xlink:arcrole="http://xbrl.org/int/dim/arcrole/all"
      xlink:from="pattern_EarningsPerShareComponentsLineItems"
      xlink:to="pattern_EarningsPerShareComponentsTable"
      order="2"
      use="optional"
      xbrldt:contextElement="segment"
      xbrldt:closed="true" />
    <loc xlink:type="locator"
      xlink:label="frm_LegalEntityAxis"
      xlink:href="http://xbrlsite.azurewebsites.net/DigitalFinancialReporting/Schemas/2017-05-07/frm.xsd#frm_LegalEntityAxis" />
    <definitionArc xlink:type="arc"
      xlink:arcrole="http://xbrl.org/int/dim/arcrole/hypercube-dimension"
      xlink:from="pattern_EarningsPerShareComponentsTable"
      xlink:to="frm_LegalEntityAxis"
      order="1"
      use="optional" />
    <loc xlink:type="locator"
      xlink:label="frm_ConsolidatedEntityMember"
      xlink:href="http://xbrlsite.azurewebsites.net/DigitalFinancialReporting/Schemas/2017-05-07/frm.xsd#frm_ConsolidatedEntityMember" />
    <definitionArc xlink:type="arc"
      xlink:arcrole="http://xbrl.org/int/dim/arcrole/dimension-domain"
      xlink:from="frm_LegalEntityAxis" xlink:to="frm_ConsolidatedEntityMember"
      order="1"
      use="optional" />
  </definitionLink>
</linkbase>