<?xml version="1.0" encoding="utf-8"?>
<!--
Taxonomy Label Links linkbase based on XBRL standard Version 2.1.
Created by UBmatrix Taxonomy Designer 3.0.3.2436 (2009-06-02 13:18).  
Contact www.ubmatrix.com
Copyright (c) 2002-2018 UBmatrix inc., All Rights Reserved
Produced on 2018-08-30 18:57:46
-->
<linkbase
  xmlns="http://www.xbrl.org/2003/linkbase"
  xmlns:xsi="http://www.w3.org/2001/XMLSchema-instance"
  xmlns:xlink="http://www.w3.org/1999/xlink"
  xsi:schemaLocation="
    http://www.xbrl.org/2003/linkbase 
      http://www.xbrl.org/2003/xbrl-linkbase-2003-12-31.xsd
    ">
  <labelLink xlink:type="extended"
    xlink:role="http://www.xbrl.org/2003/role/link">
    <loc xlink:type="locator"
      xlink:label="dcfm_AccountsPayableGrowth"
      xlink:href="DiscountedCashFlowModel.xsd#dcfm_AccountsPayableGrowth" />
    <labelArc xlink:type="arc"
      xlink:arcrole="http://www.xbrl.org/2003/arcrole/concept-label"
      xlink:from="dcfm_AccountsPayableGrowth"
      xlink:to="dcfm_AccountsPayableGrowth_lbl" />
    <label xlink:type="resource"
      xlink:label="dcfm_AccountsPayableGrowth_lbl"
      xml:lang="en"
      xlink:role="http://www.xbrl.org/2003/role/label">Accounts Payable Growth (%)</label>
    <label xlink:type="resource"
      xlink:label="dcfm_AccountsPayableGrowth_lbl"
      xml:lang="ko"
      xlink:role="http://www.xbrl.org/2003/role/label">미수이자</label>
    <loc xlink:type="locator"
      xlink:label="dcfm_AccountsPayableIncreaseDecrease"
      xlink:href="DiscountedCashFlowModel.xsd#dcfm_AccountsPayableIncreaseDecrease" />
    <labelArc xlink:type="arc"
      xlink:arcrole="http://www.xbrl.org/2003/arcrole/concept-label"
      xlink:from="dcfm_AccountsPayableIncreaseDecrease"
      xlink:to="dcfm_AccountsPayableIncreaseDecrease_lbl" />
    <label xlink:type="resource"
      xlink:label="dcfm_AccountsPayableIncreaseDecrease_lbl"
      xml:lang="en"
      xlink:role="http://www.xbrl.org/2003/role/documentation">Increase (decrease) in accounts payable between balance sheets.</label>
    <label xlink:type="resource"
      xlink:label="dcfm_AccountsPayableIncreaseDecrease_lbl"
      xml:lang="en"
      xlink:role="http://www.xbrl.org/2003/role/label">Accounts Payable Increase (Decrease)</label>
    <label xlink:type="resource"
      xlink:label="dcfm_AccountsPayableIncreaseDecrease_lbl"
      xml:lang="ko"
      xlink:role="http://www.xbrl.org/2003/role/label">물류원가총이익</label>
    <loc xlink:type="locator"
      xlink:label="dcfm_AccountsPayable"
      xlink:href="DiscountedCashFlowModel.xsd#dcfm_AccountsPayable" />
    <labelArc xlink:type="arc"
      xlink:arcrole="http://www.xbrl.org/2003/arcrole/concept-label"
      xlink:from="dcfm_AccountsPayable" xlink:to="dcfm_AccountsPayable_lbl" />
    <label xlink:type="resource"
      xlink:label="dcfm_AccountsPayable_lbl"
      xml:lang="en"
      xlink:role="http://www.xbrl.org/2003/role/label">Accounts Payable</label>
    <label xlink:type="resource"
      xlink:label="dcfm_AccountsPayable_lbl"
      xml:lang="ko"
      xlink:role="http://www.xbrl.org/2003/role/label">기계장치</label>
    <loc xlink:type="locator"
      xlink:label="dcfm_AccountsReceivableGrowth"
      xlink:href="DiscountedCashFlowModel.xsd#dcfm_AccountsReceivableGrowth" />
    <labelArc xlink:type="arc"
      xlink:arcrole="http://www.xbrl.org/2003/arcrole/concept-label"
      xlink:from="dcfm_AccountsReceivableGrowth"
      xlink:to="dcfm_AccountsReceivableGrowth_lbl" />
    <label xlink:type="resource"
      xlink:label="dcfm_AccountsReceivableGrowth_lbl"
      xml:lang="en"
      xlink:role="http://www.xbrl.org/2003/role/label">Accounts Receivable Growth (%)</label>
    <label xlink:type="resource"
      xlink:label="dcfm_AccountsReceivableGrowth_lbl"
      xml:lang="ko"
      xlink:role="http://www.xbrl.org/2003/role/label">생물자산</label>
    <loc xlink:type="locator"
      xlink:label="dcfm_AccountsReceivableIncreaseDecrease"
      xlink:href="DiscountedCashFlowModel.xsd#dcfm_AccountsReceivableIncreaseDecrease" />
    <labelArc xlink:type="arc"
      xlink:arcrole="http://www.xbrl.org/2003/arcrole/concept-label"
      xlink:from="dcfm_AccountsReceivableIncreaseDecrease"
      xlink:to="dcfm_AccountsReceivableIncreaseDecrease_lbl" />
    <label xlink:type="resource"
      xlink:label="dcfm_AccountsReceivableIncreaseDecrease_lbl"
      xml:lang="en"
      xlink:role="http://www.xbrl.org/2003/role/documentation">Increase (decrease) in accounts receivable between balance sheets.</label>
    <label xlink:type="resource"
      xlink:label="dcfm_AccountsReceivableIncreaseDecrease_lbl"
      xml:lang="en"
      xlink:role="http://www.xbrl.org/2003/role/label">Accounts Receivable Increase (Decrease)</label>
    <label xlink:type="resource"
      xlink:label="dcfm_AccountsReceivableIncreaseDecrease_lbl"
      xml:lang="ko"
      xlink:role="http://www.xbrl.org/2003/role/label">장기예금</label>
    <loc xlink:type="locator"
      xlink:label="dcfm_AccountsReceivable"
      xlink:href="DiscountedCashFlowModel.xsd#dcfm_AccountsReceivable" />
    <labelArc xlink:type="arc"
      xlink:arcrole="http://www.xbrl.org/2003/arcrole/concept-label"
      xlink:from="dcfm_AccountsReceivable" xlink:to="dcfm_AccountsReceivable_lbl" />
    <label xlink:type="resource"
      xlink:label="dcfm_AccountsReceivable_lbl"
      xml:lang="en"
      xlink:role="http://www.xbrl.org/2003/role/label">Accounts Receivable</label>
    <label xlink:type="resource"
      xlink:label="dcfm_AccountsReceivable_lbl"
      xml:lang="ko"
      xlink:role="http://www.xbrl.org/2003/role/label">금융부채</label>
    <loc xlink:type="locator"
      xlink:label="dcfm_AccruedExpensesGrowth"
      xlink:href="DiscountedCashFlowModel.xsd#dcfm_AccruedExpensesGrowth" />
    <labelArc xlink:type="arc"
      xlink:arcrole="http://www.xbrl.org/2003/arcrole/concept-label"
      xlink:from="dcfm_AccruedExpensesGrowth"
      xlink:to="dcfm_AccruedExpensesGrowth_lbl" />
    <label xlink:type="resource"
      xlink:label="dcfm_AccruedExpensesGrowth_lbl"
      xml:lang="en"
      xlink:role="http://www.xbrl.org/2003/role/label">Accrued Expenses Growth (%)</label>
    <label xlink:type="resource"
      xlink:label="dcfm_AccruedExpensesGrowth_lbl"
      xml:lang="ko"
      xlink:role="http://www.xbrl.org/2003/role/label">출원기타채권</label>
    <loc xlink:type="locator"
      xlink:label="dcfm_AccruedExpensesIncreaseDecrease"
      xlink:href="DiscountedCashFlowModel.xsd#dcfm_AccruedExpensesIncreaseDecrease" />
    <labelArc xlink:type="arc"
      xlink:arcrole="http://www.xbrl.org/2003/arcrole/concept-label"
      xlink:from="dcfm_AccruedExpensesIncreaseDecrease"
      xlink:to="dcfm_AccruedExpensesIncreaseDecrease_lbl" />
    <label xlink:type="resource"
      xlink:label="dcfm_AccruedExpensesIncreaseDecrease_lbl"
      xml:lang="en"
      xlink:role="http://www.xbrl.org/2003/role/documentation">Increase (decrease) in accrued expenditures between balance sheets.</label>
    <label xlink:type="resource"
      xlink:label="dcfm_AccruedExpensesIncreaseDecrease_lbl"
      xml:lang="en"
      xlink:role="http://www.xbrl.org/2003/role/label">Accrued Expenses Increase (Decrease)</label>
    <label xlink:type="resource"
      xlink:label="dcfm_AccruedExpensesIncreaseDecrease_lbl"
      xml:lang="ko"
      xlink:role="http://www.xbrl.org/2003/role/label">유형자산</label>
    <loc xlink:type="locator"
      xlink:label="dcfm_AccruedExpenses"
      xlink:href="DiscountedCashFlowModel.xsd#dcfm_AccruedExpenses" />
    <labelArc xlink:type="arc"
      xlink:arcrole="http://www.xbrl.org/2003/arcrole/concept-label"
      xlink:from="dcfm_AccruedExpenses" xlink:to="dcfm_AccruedExpenses_lbl" />
    <label xlink:type="resource"
      xlink:label="dcfm_AccruedExpenses_lbl"
      xml:lang="en"
      xlink:role="http://www.xbrl.org/2003/role/label">Accrued Expenses</label>
    <label xlink:type="resource"
      xlink:label="dcfm_AccruedExpenses_lbl"
      xml:lang="ko"
      xlink:role="http://www.xbrl.org/2003/role/label">이자비용유동부채</label>
    <loc xlink:type="locator"
      xlink:label="dcfm_AfterTaxCostOfDebt"
      xlink:href="DiscountedCashFlowModel.xsd#dcfm_AfterTaxCostOfDebt" />
    <labelArc xlink:type="arc"
      xlink:arcrole="http://www.xbrl.org/2003/arcrole/concept-label"
      xlink:from="dcfm_AfterTaxCostOfDebt" xlink:to="dcfm_AfterTaxCostOfDebt_lbl" />
    <label xlink:type="resource"
      xlink:label="dcfm_AfterTaxCostOfDebt_lbl"
      xml:lang="en"
      xlink:role="http://www.xbrl.org/2003/role/documentation">After-tax cost of debt of economic entity being analyzed.</label>
    <label xlink:type="resource"
      xlink:label="dcfm_AfterTaxCostOfDebt_lbl"
      xml:lang="en"
      xlink:role="http://www.xbrl.org/2003/role/label">After-tax Cost of Debt</label>
    <label xlink:type="resource"
      xlink:label="dcfm_AfterTaxCostOfDebt_lbl"
      xml:lang="ko"
      xlink:role="http://www.xbrl.org/2003/role/label">미비유동자산비용</label>
    <loc xlink:type="locator"
      xlink:label="dcfm_CapitalExpendituresGrowth"
      xlink:href="DiscountedCashFlowModel.xsd#dcfm_CapitalExpendituresGrowth" />
    <labelArc xlink:type="arc"
      xlink:arcrole="http://www.xbrl.org/2003/arcrole/concept-label"
      xlink:from="dcfm_CapitalExpendituresGrowth"
      xlink:to="dcfm_CapitalExpendituresGrowth_lbl" />
    <label xlink:type="resource"
      xlink:label="dcfm_CapitalExpendituresGrowth_lbl"
      xml:lang="en"
      xlink:role="http://www.xbrl.org/2003/role/label">Capital Expenditures Growth (%)</label>
    <label xlink:type="resource"
      xlink:label="dcfm_CapitalExpendituresGrowth_lbl"
      xml:lang="ko"
      xlink:role="http://www.xbrl.org/2003/role/label">매출채권</label>
    <loc xlink:type="locator"
      xlink:label="dcfm_CapitalExpenditures"
      xlink:href="DiscountedCashFlowModel.xsd#dcfm_CapitalExpenditures" />
    <labelArc xlink:type="arc"
      xlink:arcrole="http://www.xbrl.org/2003/arcrole/concept-label"
      xlink:from="dcfm_CapitalExpenditures"
      xlink:to="dcfm_CapitalExpenditures_lbl" />
    <label xlink:type="resource"
      xlink:label="dcfm_CapitalExpenditures_lbl"
      xml:lang="en"
      xlink:role="http://www.xbrl.org/2003/role/documentation">Capital expenditures for property, plant, and equipment between balance sheets.</label>
    <label xlink:type="resource"
      xlink:label="dcfm_CapitalExpenditures_lbl"
      xml:lang="en"
      xlink:role="http://www.xbrl.org/2003/role/label">Capital Expenditures</label>
    <label xlink:type="resource"
      xlink:label="dcfm_CapitalExpenditures_lbl"
      xml:lang="ko"
      xlink:role="http://www.xbrl.org/2003/role/label">기말자본매출총이</label>
    <loc xlink:type="locator"
      xlink:label="dcfm_Capital"
      xlink:href="DiscountedCashFlowModel.xsd#dcfm_Capital" />
    <labelArc xlink:type="arc"
      xlink:arcrole="http://www.xbrl.org/2003/arcrole/concept-label"
      xlink:from="dcfm_Capital" xlink:to="dcfm_Capital_lbl" />
    <label xlink:type="resource"
      xlink:label="dcfm_Capital_lbl" xml:lang="en"
      xlink:role="http://www.xbrl.org/2003/role/documentation">Total capital (Total debt + Total equity) of economic entity being analyzed.</label>
    <label xlink:type="resource"
      xlink:label="dcfm_Capital_lbl" xml:lang="en"
      xlink:role="http://www.xbrl.org/2003/role/label">Capital</label>
    <label xlink:type="resource"
      xlink:label="dcfm_Capital_lbl" xml:lang="en"
      xlink:role="http://www.xbrl.org/2003/role/verboseLabel">Total Capital</label>
    <label xlink:type="resource"
      xlink:label="dcfm_Capital_lbl" xml:lang="ko"
      xlink:role="http://www.xbrl.org/2003/role/label">기초 비유동자산부채</label>
    <label xlink:type="resource"
      xlink:label="dcfm_Capital_lbl" xml:lang="ko"
      xlink:role="http://www.xbrl.org/2003/role/verboseLabel">법인세비용법인세</label>
    <loc xlink:type="locator"
      xlink:label="dcfm_Cash"
      xlink:href="DiscountedCashFlowModel.xsd#dcfm_Cash" />
    <labelArc xlink:type="arc"
      xlink:arcrole="http://www.xbrl.org/2003/arcrole/concept-label"
      xlink:from="dcfm_Cash" xlink:to="dcfm_Cash_lbl" />
    <label xlink:type="resource"
      xlink:label="dcfm_Cash_lbl" xml:lang="en"
      xlink:role="http://www.xbrl.org/2003/role/label">Cash</label>
    <label xlink:type="resource"
      xlink:label="dcfm_Cash_lbl" xml:lang="ko"
      xlink:role="http://www.xbrl.org/2003/role/label">투자수익</label>
    <loc xlink:type="locator"
      xlink:label="dcfm_ConclusionHypercube"
      xlink:href="DiscountedCashFlowModel.xsd#dcfm_ConclusionHypercube" />
    <labelArc xlink:type="arc"
      xlink:arcrole="http://www.xbrl.org/2003/arcrole/concept-label"
      xlink:from="dcfm_ConclusionHypercube"
      xlink:to="dcfm_ConclusionHypercube_lbl" />
    <label xlink:type="resource"
      xlink:label="dcfm_ConclusionHypercube_lbl"
      xml:lang="en"
      xlink:role="http://www.xbrl.org/2003/role/documentation">Enterprise value to equity value reconciliation hypercube.</label>
    <label xlink:type="resource"
      xlink:label="dcfm_ConclusionHypercube_lbl"
      xml:lang="en"
      xlink:role="http://www.xbrl.org/2003/role/label">Conclusion [Hypercube]</label>
    <label xlink:type="resource"
      xlink:label="dcfm_ConclusionHypercube_lbl"
      xml:lang="ko"
      xlink:role="http://www.xbrl.org/2003/role/label">매입채무유자산</label>
    <loc xlink:type="locator"
      xlink:label="dcfm_CostOfDebt"
      xlink:href="DiscountedCashFlowModel.xsd#dcfm_CostOfDebt" />
    <labelArc xlink:type="arc"
      xlink:arcrole="http://www.xbrl.org/2003/arcrole/concept-label"
      xlink:from="dcfm_CostOfDebt" xlink:to="dcfm_CostOfDebt_lbl" />
    <label xlink:type="resource"
      xlink:label="dcfm_CostOfDebt_lbl" xml:lang="en"
      xlink:role="http://www.xbrl.org/2003/role/documentation">Cost of debt of economic entity being analyzed.</label>
    <label xlink:type="resource"
      xlink:label="dcfm_CostOfDebt_lbl" xml:lang="en"
      xlink:role="http://www.xbrl.org/2003/role/label">Cost of Debt</label>
    <label xlink:type="resource"
      xlink:label="dcfm_CostOfDebt_lbl" xml:lang="ko"
      xlink:role="http://www.xbrl.org/2003/role/label">법정적립금법정적립금</label>
    <loc xlink:type="locator"
      xlink:label="dcfm_CostOfEquity"
      xlink:href="DiscountedCashFlowModel.xsd#dcfm_CostOfEquity" />
    <labelArc xlink:type="arc"
      xlink:arcrole="http://www.xbrl.org/2003/arcrole/concept-label"
      xlink:from="dcfm_CostOfEquity" xlink:to="dcfm_CostOfEquity_lbl" />
    <label xlink:type="resource"
      xlink:label="dcfm_CostOfEquity_lbl" xml:lang="en"
      xlink:role="http://www.xbrl.org/2003/role/documentation">Cost of equity of economic entity being analyzed.</label>
    <label xlink:type="resource"
      xlink:label="dcfm_CostOfEquity_lbl" xml:lang="en"
      xlink:role="http://www.xbrl.org/2003/role/label">Cost of Equity</label>
    <label xlink:type="resource"
      xlink:label="dcfm_CostOfEquity_lbl" xml:lang="ko"
      xlink:role="http://www.xbrl.org/2003/role/label">수수료수익</label>
    <loc xlink:type="locator"
      xlink:label="dcfm_DebtWeighting"
      xlink:href="DiscountedCashFlowModel.xsd#dcfm_DebtWeighting" />
    <labelArc xlink:type="arc"
      xlink:arcrole="http://www.xbrl.org/2003/arcrole/concept-label"
      xlink:from="dcfm_DebtWeighting" xlink:to="dcfm_DebtWeighting_lbl" />
    <label xlink:type="resource"
      xlink:label="dcfm_DebtWeighting_lbl" xml:lang="en"
      xlink:role="http://www.xbrl.org/2003/role/documentation">Percentage of total capital which is debt.</label>
    <label xlink:type="resource"
      xlink:label="dcfm_DebtWeighting_lbl" xml:lang="en"
      xlink:role="http://www.xbrl.org/2003/role/label">Debt Weighting</label>
    <label xlink:type="resource"
      xlink:label="dcfm_DebtWeighting_lbl" xml:lang="ko"
      xlink:role="http://www.xbrl.org/2003/role/label">금융비유동산원가</label>
    <loc xlink:type="locator"
      xlink:label="dcfm_Debt"
      xlink:href="DiscountedCashFlowModel.xsd#dcfm_Debt" />
    <labelArc xlink:type="arc"
      xlink:arcrole="http://www.xbrl.org/2003/arcrole/concept-label"
      xlink:from="dcfm_Debt" xlink:to="dcfm_Debt_lbl" />
    <label xlink:type="resource"
      xlink:label="dcfm_Debt_lbl" xml:lang="en"
      xlink:role="http://www.xbrl.org/2003/role/documentation">Total debt of economic entity being analyzed.</label>
    <label xlink:type="resource"
      xlink:label="dcfm_Debt_lbl" xml:lang="en"
      xlink:role="http://www.xbrl.org/2003/role/label">Debt</label>
    <label xlink:type="resource"
      xlink:label="dcfm_Debt_lbl" xml:lang="en"
      xlink:role="http://www.xbrl.org/2003/role/verboseLabel">Total Debt</label>
    <label xlink:type="resource"
      xlink:label="dcfm_Debt_lbl" xml:lang="ko"
      xlink:role="http://www.xbrl.org/2003/role/label">명목금액</label>
    <label xlink:type="resource"
      xlink:label="dcfm_Debt_lbl" xml:lang="ko"
      xlink:role="http://www.xbrl.org/2003/role/verboseLabel">유동저장품</label>
    <loc xlink:type="locator"
      xlink:label="dcfm_DepreciationAndAmortizationAsPercentOfRevenue"
      xlink:href="DiscountedCashFlowModel.xsd#dcfm_DepreciationAndAmortizationAsPercentOfRevenue" />
    <labelArc xlink:type="arc"
      xlink:arcrole="http://www.xbrl.org/2003/arcrole/concept-label"
      xlink:from="dcfm_DepreciationAndAmortizationAsPercentOfRevenue"
      xlink:to="dcfm_DepreciationAndAmortizationAsPercentOfRevenue_lbl" />
    <label xlink:type="resource"
      xlink:label="dcfm_DepreciationAndAmortizationAsPercentOfRevenue_lbl"
      xml:lang="en"
      xlink:role="http://www.xbrl.org/2003/role/documentation">Depreciation and amortization as a percentage of revenues. (Depreciation and amortization / Revenues).</label>
    <label xlink:type="resource"
      xlink:label="dcfm_DepreciationAndAmortizationAsPercentOfRevenue_lbl"
      xml:lang="en"
      xlink:role="http://www.xbrl.org/2003/role/label">Depreciation and Amortization as Percent of Revenue</label>
    <label xlink:type="resource"
      xlink:label="dcfm_DepreciationAndAmortizationAsPercentOfRevenue_lbl"
      xml:lang="ko"
      xlink:role="http://www.xbrl.org/2003/role/label">당좌차월당좌월월</label>
    <loc xlink:type="locator"
      xlink:label="dcfm_DepreciationAndAmortization"
      xlink:href="DiscountedCashFlowModel.xsd#dcfm_DepreciationAndAmortization" />
    <labelArc xlink:type="arc"
      xlink:arcrole="http://www.xbrl.org/2003/arcrole/concept-label"
      xlink:from="dcfm_DepreciationAndAmortization"
      xlink:to="dcfm_DepreciationAndAmortization_lbl" />
    <label xlink:type="resource"
      xlink:label="dcfm_DepreciationAndAmortization_lbl"
      xml:lang="en"
      xlink:role="http://www.xbrl.org/2003/role/documentation">Depreciation and amportization of economic entity being analyzed.</label>
    <label xlink:type="resource"
      xlink:label="dcfm_DepreciationAndAmortization_lbl"
      xml:lang="en"
      xlink:role="http://www.xbrl.org/2003/role/label">Depreciation and Amortization</label>
    <label xlink:type="resource"
      xlink:label="dcfm_DepreciationAndAmortization_lbl"
      xml:lang="ko"
      xlink:role="http://www.xbrl.org/2003/role/label">기말자본합계</label>
    <loc xlink:type="locator"
      xlink:label="dcfm_DilutedSharesOutstanding"
      xlink:href="DiscountedCashFlowModel.xsd#dcfm_DilutedSharesOutstanding" />
    <labelArc xlink:type="arc"
      xlink:arcrole="http://www.xbrl.org/2003/arcrole/concept-label"
      xlink:from="dcfm_DilutedSharesOutstanding"
      xlink:to="dcfm_DilutedSharesOutstanding_lbl" />
    <label xlink:type="resource"
      xlink:label="dcfm_DilutedSharesOutstanding_lbl"
      xml:lang="en"
      xlink:role="http://www.xbrl.org/2003/role/documentation">Diluted shares outstanding of economic entity being analyzed.</label>
    <label xlink:type="resource"
      xlink:label="dcfm_DilutedSharesOutstanding_lbl"
      xml:lang="en"
      xlink:role="http://www.xbrl.org/2003/role/label">Diluted Shares Outstanding</label>
    <label xlink:type="resource"
      xlink:label="dcfm_DilutedSharesOutstanding_lbl"
      xml:lang="ko"
      xlink:role="http://www.xbrl.org/2003/role/label">자기주보상권수식</label>
    <loc xlink:type="locator"
      xlink:label="dcfm_EBIAT"
      xlink:href="DiscountedCashFlowModel.xsd#dcfm_EBIAT" />
    <labelArc xlink:type="arc"
      xlink:arcrole="http://www.xbrl.org/2003/arcrole/concept-label"
      xlink:from="dcfm_EBIAT" xlink:to="dcfm_EBIAT_lbl" />
    <label xlink:type="resource"
      xlink:label="dcfm_EBIAT_lbl" xml:lang="en"
      xlink:role="http://www.xbrl.org/2003/role/documentation">Earnings before interest after taxes.</label>
    <label xlink:type="resource"
      xlink:label="dcfm_EBIAT_lbl" xml:lang="en"
      xlink:role="http://www.xbrl.org/2003/role/label">EBIAT</label>
    <label xlink:type="resource"
      xlink:label="dcfm_EBIAT_lbl" xml:lang="ko"
      xlink:role="http://www.xbrl.org/2003/role/label">회계이익현금 </label>
    <loc xlink:type="locator"
      xlink:label="dcfm_EBITDAMargin"
      xlink:href="DiscountedCashFlowModel.xsd#dcfm_EBITDAMargin" />
    <labelArc xlink:type="arc"
      xlink:arcrole="http://www.xbrl.org/2003/arcrole/concept-label"
      xlink:from="dcfm_EBITDAMargin" xlink:to="dcfm_EBITDAMargin_lbl" />
    <label xlink:type="resource"
      xlink:label="dcfm_EBITDAMargin_lbl" xml:lang="en"
      xlink:role="http://www.xbrl.org/2003/role/documentation">EBITDA margin of economic entity for each period.</label>
    <label xlink:type="resource"
      xlink:label="dcfm_EBITDAMargin_lbl" xml:lang="en"
      xlink:role="http://www.xbrl.org/2003/role/label">EBITDA Margin (%)</label>
    <label xlink:type="resource"
      xlink:label="dcfm_EBITDAMargin_lbl" xml:lang="ko"
      xlink:role="http://www.xbrl.org/2003/role/label">자본총계</label>
    <loc xlink:type="locator"
      xlink:label="dcfm_EBITDA"
      xlink:href="DiscountedCashFlowModel.xsd#dcfm_EBITDA" />
    <labelArc xlink:type="arc"
      xlink:arcrole="http://www.xbrl.org/2003/arcrole/concept-label"
      xlink:from="dcfm_EBITDA" xlink:to="dcfm_EBITDA_lbl" />
    <label xlink:type="resource"
      xlink:label="dcfm_EBITDA_lbl" xml:lang="en"
      xlink:role="http://www.xbrl.org/2003/role/documentation">Earnings before interest, taxes, depreciation, and amortization.</label>
    <label xlink:type="resource"
      xlink:label="dcfm_EBITDA_lbl" xml:lang="en"
      xlink:role="http://www.xbrl.org/2003/role/label">EBITDA</label>
    <label xlink:type="resource"
      xlink:label="dcfm_EBITDA_lbl" xml:lang="ko"
      xlink:role="http://www.xbrl.org/2003/role/label">유동자산</label>
    <loc xlink:type="locator"
      xlink:label="dcfm_EBITMargin"
      xlink:href="DiscountedCashFlowModel.xsd#dcfm_EBITMargin" />
    <labelArc xlink:type="arc"
      xlink:arcrole="http://www.xbrl.org/2003/arcrole/concept-label"
      xlink:from="dcfm_EBITMargin" xlink:to="dcfm_EBITMargin_lbl" />
    <label xlink:type="resource"
      xlink:label="dcfm_EBITMargin_lbl" xml:lang="en"
      xlink:role="http://www.xbrl.org/2003/role/documentation">EBIT margin for economic entity for each period.</label>
    <label xlink:type="resource"
      xlink:label="dcfm_EBITMargin_lbl" xml:lang="en"
      xlink:role="http://www.xbrl.org/2003/role/label">EBIT Margin (%)</label>
    <label xlink:type="resource"
      xlink:label="dcfm_EBITMargin_lbl" xml:lang="ko"
      xlink:role="http://www.xbrl.org/2003/role/label">주당이익</label>
    <loc xlink:type="locator"
      xlink:label="dcfm_EBIT"
      xlink:href="DiscountedCashFlowModel.xsd#dcfm_EBIT" />
    <labelArc xlink:type="arc"
      xlink:arcrole="http://www.xbrl.org/2003/arcrole/concept-label"
      xlink:from="dcfm_EBIT" xlink:to="dcfm_EBIT_lbl" />
    <label xlink:type="resource"
      xlink:label="dcfm_EBIT_lbl" xml:lang="en"
      xlink:role="http://www.xbrl.org/2003/role/documentation">Earnings before interest and taxes.</label>
    <label xlink:type="resource"
      xlink:label="dcfm_EBIT_lbl" xml:lang="en"
      xlink:role="http://www.xbrl.org/2003/role/label">EBIT</label>
    <label xlink:type="resource"
      xlink:label="dcfm_EBIT_lbl" xml:lang="ko"
      xlink:role="http://www.xbrl.org/2003/role/label">자기주식</label>
    <loc xlink:type="locator"
      xlink:label="dcfm_EnterpriseValueToEquityValueHypercube"
      xlink:href="DiscountedCashFlowModel.xsd#dcfm_EnterpriseValueToEquityValueHypercube" />
    <labelArc xlink:type="arc"
      xlink:arcrole="http://www.xbrl.org/2003/arcrole/concept-label"
      xlink:from="dcfm_EnterpriseValueToEquityValueHypercube"
      xlink:to="dcfm_EnterpriseValueToEquityValueHypercube_lbl" />
    <label xlink:type="resource"
      xlink:label="dcfm_EnterpriseValueToEquityValueHypercube_lbl"
      xml:lang="en"
      xlink:role="http://www.xbrl.org/2003/role/documentation">Enterprise value to equity value reconciliation hypercube.</label>
    <label xlink:type="resource"
      xlink:label="dcfm_EnterpriseValueToEquityValueHypercube_lbl"
      xml:lang="en"
      xlink:role="http://www.xbrl.org/2003/role/label">Enterprise Value to Equity Value [Hypercube]</label>
    <label xlink:type="resource"
      xlink:label="dcfm_EnterpriseValueToEquityValueHypercube_lbl"
      xml:lang="ko"
      xlink:role="http://www.xbrl.org/2003/role/label">매입채무</label>
    <loc xlink:type="locator"
      xlink:label="dcfm_EnterpriseValue"
      xlink:href="DiscountedCashFlowModel.xsd#dcfm_EnterpriseValue" />
    <labelArc xlink:type="arc"
      xlink:arcrole="http://www.xbrl.org/2003/arcrole/concept-label"
      xlink:from="dcfm_EnterpriseValue" xlink:to="dcfm_EnterpriseValue_lbl" />
    <label xlink:type="resource"
      xlink:label="dcfm_EnterpriseValue_lbl"
      xml:lang="en"
      xlink:role="http://www.xbrl.org/2003/role/documentation">Enterprise value of economic entity being analyzed.</label>
    <label xlink:type="resource"
      xlink:label="dcfm_EnterpriseValue_lbl"
      xml:lang="en"
      xlink:role="http://www.xbrl.org/2003/role/label">Enterprise Value</label>
    <label xlink:type="resource"
      xlink:label="dcfm_EnterpriseValue_lbl"
      xml:lang="ko"
      xlink:role="http://www.xbrl.org/2003/role/label">금융수익</label>
    <loc xlink:type="locator"
      xlink:label="dcfm_EquityValuePerShareHierarchy"
      xlink:href="DiscountedCashFlowModel.xsd#dcfm_EquityValuePerShareHierarchy" />
    <labelArc xlink:type="arc"
      xlink:arcrole="http://www.xbrl.org/2003/arcrole/concept-label"
      xlink:from="dcfm_EquityValuePerShareHierarchy"
      xlink:to="dcfm_EquityValuePerShareHierarchy_lbl" />
    <label xlink:type="resource"
      xlink:label="dcfm_EquityValuePerShareHierarchy_lbl"
      xml:lang="en"
      xlink:role="http://www.xbrl.org/2003/role/documentation">Equity value per share computation.</label>
    <label xlink:type="resource"
      xlink:label="dcfm_EquityValuePerShareHierarchy_lbl"
      xml:lang="en"
      xlink:role="http://www.xbrl.org/2003/role/label">Equity Value per Share [Hierarchy]</label>
    <label xlink:type="resource"
      xlink:label="dcfm_EquityValuePerShareHierarchy_lbl"
      xml:lang="ko"
      xlink:role="http://www.xbrl.org/2003/role/label">연료비용</label>
    <loc xlink:type="locator"
      xlink:label="dcfm_EquityValuePerShare"
      xlink:href="DiscountedCashFlowModel.xsd#dcfm_EquityValuePerShare" />
    <labelArc xlink:type="arc"
      xlink:arcrole="http://www.xbrl.org/2003/arcrole/concept-label"
      xlink:from="dcfm_EquityValuePerShare"
      xlink:to="dcfm_EquityValuePerShare_lbl" />
    <label xlink:type="resource"
      xlink:label="dcfm_EquityValuePerShare_lbl"
      xml:lang="en"
      xlink:role="http://www.xbrl.org/2003/role/documentation">Equity value per share (Equity value / Diluted shares outstanding).</label>
    <label xlink:type="resource"
      xlink:label="dcfm_EquityValuePerShare_lbl"
      xml:lang="en"
      xlink:role="http://www.xbrl.org/2003/role/label">Equity Value per Share</label>
    <label xlink:type="resource"
      xlink:label="dcfm_EquityValuePerShare_lbl"
      xml:lang="ko"
      xlink:role="http://www.xbrl.org/2003/role/label">수선유지비배당금</label>
    <loc xlink:type="locator"
      xlink:label="dcfm_EquityValueRollUp"
      xlink:href="DiscountedCashFlowModel.xsd#dcfm_EquityValueRollUp" />
    <labelArc xlink:type="arc"
      xlink:arcrole="http://www.xbrl.org/2003/arcrole/concept-label"
      xlink:from="dcfm_EquityValueRollUp" xlink:to="dcfm_EquityValueRollUp_lbl" />
    <label xlink:type="resource"
      xlink:label="dcfm_EquityValueRollUp_lbl"
      xml:lang="en"
      xlink:role="http://www.xbrl.org/2003/role/documentation">Roll up of equity value.</label>
    <label xlink:type="resource"
      xlink:label="dcfm_EquityValueRollUp_lbl"
      xml:lang="en"
      xlink:role="http://www.xbrl.org/2003/role/label">Equity Value [Roll Up]</label>
    <label xlink:type="resource"
      xlink:label="dcfm_EquityValueRollUp_lbl"
      xml:lang="ko"
      xlink:role="http://www.xbrl.org/2003/role/label">매출원가</label>
    <loc xlink:type="locator"
      xlink:label="dcfm_EquityValue"
      xlink:href="DiscountedCashFlowModel.xsd#dcfm_EquityValue" />
    <labelArc xlink:type="arc"
      xlink:arcrole="http://www.xbrl.org/2003/arcrole/concept-label"
      xlink:from="dcfm_EquityValue" xlink:to="dcfm_EquityValue_lbl" />
    <label xlink:type="resource"
      xlink:label="dcfm_EquityValue_lbl" xml:lang="en"
      xlink:role="http://www.xbrl.org/2003/role/documentation">Equity value of the economic entity being analyzed.</label>
    <label xlink:type="resource"
      xlink:label="dcfm_EquityValue_lbl" xml:lang="en"
      xlink:role="http://www.xbrl.org/2003/role/label">Equity Value</label>
    <label xlink:type="resource"
      xlink:label="dcfm_EquityValue_lbl" xml:lang="ko"
      xlink:role="http://www.xbrl.org/2003/role/label">영업비용</label>
    <loc xlink:type="locator"
      xlink:label="dcfm_EquityWeighting"
      xlink:href="DiscountedCashFlowModel.xsd#dcfm_EquityWeighting" />
    <labelArc xlink:type="arc"
      xlink:arcrole="http://www.xbrl.org/2003/arcrole/concept-label"
      xlink:from="dcfm_EquityWeighting" xlink:to="dcfm_EquityWeighting_lbl" />
    <label xlink:type="resource"
      xlink:label="dcfm_EquityWeighting_lbl"
      xml:lang="en"
      xlink:role="http://www.xbrl.org/2003/role/documentation">Percentage of total capital which is equity.</label>
    <label xlink:type="resource"
      xlink:label="dcfm_EquityWeighting_lbl"
      xml:lang="en"
      xlink:role="http://www.xbrl.org/2003/role/label">Equity Weighting</label>
    <label xlink:type="resource"
      xlink:label="dcfm_EquityWeighting_lbl"
      xml:lang="ko"
      xlink:role="http://www.xbrl.org/2003/role/label">종업원수</label>
    <loc xlink:type="locator"
      xlink:label="dcfm_Equity"
      xlink:href="DiscountedCashFlowModel.xsd#dcfm_Equity" />
    <labelArc xlink:type="arc"
      xlink:arcrole="http://www.xbrl.org/2003/arcrole/concept-label"
      xlink:from="dcfm_Equity" xlink:to="dcfm_Equity_lbl" />
    <label xlink:type="resource"
      xlink:label="dcfm_Equity_lbl" xml:lang="en"
      xlink:role="http://www.xbrl.org/2003/role/documentation">Total equity of economic entity being analyzed.</label>
    <label xlink:type="resource"
      xlink:label="dcfm_Equity_lbl" xml:lang="en"
      xlink:role="http://www.xbrl.org/2003/role/label">Equity</label>
    <label xlink:type="resource"
      xlink:label="dcfm_Equity_lbl" xml:lang="en"
      xlink:role="http://www.xbrl.org/2003/role/verboseLabel">Total Equity</label>
    <label xlink:type="resource"
      xlink:label="dcfm_Equity_lbl" xml:lang="ko"
      xlink:role="http://www.xbrl.org/2003/role/label">투자부동산</label>
    <label xlink:type="resource"
      xlink:label="dcfm_Equity_lbl" xml:lang="ko"
      xlink:role="http://www.xbrl.org/2003/role/verboseLabel">유동투자부동산저장품</label>
    <loc xlink:type="locator"
      xlink:label="dcfm_FreeCashFlowBuildupHierarchy"
      xlink:href="DiscountedCashFlowModel.xsd#dcfm_FreeCashFlowBuildupHierarchy" />
    <labelArc xlink:type="arc"
      xlink:arcrole="http://www.xbrl.org/2003/arcrole/concept-label"
      xlink:from="dcfm_FreeCashFlowBuildupHierarchy"
      xlink:to="dcfm_FreeCashFlowBuildupHierarchy_lbl" />
    <label xlink:type="resource"
      xlink:label="dcfm_FreeCashFlowBuildupHierarchy_lbl"
      xml:lang="en"
      xlink:role="http://www.xbrl.org/2003/role/documentation">Free cash flow build up for economic entity being analyzed.</label>
    <label xlink:type="resource"
      xlink:label="dcfm_FreeCashFlowBuildupHierarchy_lbl"
      xml:lang="en"
      xlink:role="http://www.xbrl.org/2003/role/label">Free Cash Flow Buildup [Hierarchy]</label>
    <label xlink:type="resource"
      xlink:label="dcfm_FreeCashFlowBuildupHierarchy_lbl"
      xml:lang="ko"
      xlink:role="http://www.xbrl.org/2003/role/label">기타이익</label>
    <loc xlink:type="locator"
      xlink:label="dcfm_FreeCashFlowBuildupHypercube"
      xlink:href="DiscountedCashFlowModel.xsd#dcfm_FreeCashFlowBuildupHypercube" />
    <labelArc xlink:type="arc"
      xlink:arcrole="http://www.xbrl.org/2003/arcrole/concept-label"
      xlink:from="dcfm_FreeCashFlowBuildupHypercube"
      xlink:to="dcfm_FreeCashFlowBuildupHypercube_lbl" />
    <label xlink:type="resource"
      xlink:label="dcfm_FreeCashFlowBuildupHypercube_lbl"
      xml:lang="en"
      xlink:role="http://www.xbrl.org/2003/role/documentation">Free cash flow buildup hypercube.</label>
    <label xlink:type="resource"
      xlink:label="dcfm_FreeCashFlowBuildupHypercube_lbl"
      xml:lang="en"
      xlink:role="http://www.xbrl.org/2003/role/label">Free Cash Flow Buildup [Hypercube]</label>
    <label xlink:type="resource"
      xlink:label="dcfm_FreeCashFlowBuildupHypercube_lbl"
      xml:lang="ko"
      xlink:role="http://www.xbrl.org/2003/role/label">이자수취</label>
    <loc xlink:type="locator"
      xlink:label="dcfm_FreeCashFlow"
      xlink:href="DiscountedCashFlowModel.xsd#dcfm_FreeCashFlow" />
    <labelArc xlink:type="arc"
      xlink:arcrole="http://www.xbrl.org/2003/arcrole/concept-label"
      xlink:from="dcfm_FreeCashFlow" xlink:to="dcfm_FreeCashFlow_lbl" />
    <label xlink:type="resource"
      xlink:label="dcfm_FreeCashFlow_lbl" xml:lang="en"
      xlink:role="http://www.xbrl.org/2003/role/documentation">Free cash flow of economic entity being analyzed.</label>
    <label xlink:type="resource"
      xlink:label="dcfm_FreeCashFlow_lbl" xml:lang="en"
      xlink:role="http://www.xbrl.org/2003/role/label">Free Cash Flow</label>
    <label xlink:type="resource"
      xlink:label="dcfm_FreeCashFlow_lbl" xml:lang="ko"
      xlink:role="http://www.xbrl.org/2003/role/label">재고자매출총이익산</label>
    <loc xlink:type="locator"
      xlink:label="dcfm_GrowthRatesHierarchy"
      xlink:href="DiscountedCashFlowModel.xsd#dcfm_GrowthRatesHierarchy" />
    <labelArc xlink:type="arc"
      xlink:arcrole="http://www.xbrl.org/2003/arcrole/concept-label"
      xlink:from="dcfm_GrowthRatesHierarchy"
      xlink:to="dcfm_GrowthRatesHierarchy_lbl" />
    <label xlink:type="resource"
      xlink:label="dcfm_GrowthRatesHierarchy_lbl"
      xml:lang="en"
      xlink:role="http://www.xbrl.org/2003/role/label">Growth Rates [Hierarchy]</label>
    <label xlink:type="resource"
      xlink:label="dcfm_GrowthRatesHierarchy_lbl"
      xml:lang="ko"
      xlink:role="http://www.xbrl.org/2003/role/label">당좌차월</label>
    <loc xlink:type="locator"
      xlink:label="dcfm_GrowthRatesSelectedOperatingDataHierarchy"
      xlink:href="DiscountedCashFlowModel.xsd#dcfm_GrowthRatesSelectedOperatingDataHierarchy" />
    <labelArc xlink:type="arc"
      xlink:arcrole="http://www.xbrl.org/2003/arcrole/concept-label"
      xlink:from="dcfm_GrowthRatesSelectedOperatingDataHierarchy"
      xlink:to="dcfm_GrowthRatesSelectedOperatingDataHierarchy_lbl" />
    <label xlink:type="resource"
      xlink:label="dcfm_GrowthRatesSelectedOperatingDataHierarchy_lbl"
      xml:lang="en"
      xlink:role="http://www.xbrl.org/2003/role/label">Growth Rates, Selected Operating Data [Hierarchy]</label>
    <label xlink:type="resource"
      xlink:label="dcfm_GrowthRatesSelectedOperatingDataHierarchy_lbl"
      xml:lang="ko"
      xlink:role="http://www.xbrl.org/2003/role/label">기초자본</label>
    <loc xlink:type="locator"
      xlink:label="dcfm_HeadingHierarchy"
      xlink:href="DiscountedCashFlowModel.xsd#dcfm_HeadingHierarchy" />
    <labelArc xlink:type="arc"
      xlink:arcrole="http://www.xbrl.org/2003/arcrole/concept-label"
      xlink:from="dcfm_HeadingHierarchy" xlink:to="dcfm_HeadingHierarchy_lbl" />
    <label xlink:type="resource"
      xlink:label="dcfm_HeadingHierarchy_lbl"
      xml:lang="en"
      xlink:role="http://www.xbrl.org/2003/role/label">Heading [Hierarchy]</label>
    <label xlink:type="resource"
      xlink:label="dcfm_HeadingHierarchy_lbl"
      xml:lang="ko"
      xlink:role="http://www.xbrl.org/2003/role/label">취득일</label>
    <loc xlink:type="locator"
      xlink:label="dcfm_HeadingHypercube"
      xlink:href="DiscountedCashFlowModel.xsd#dcfm_HeadingHypercube" />
    <labelArc xlink:type="arc"
      xlink:arcrole="http://www.xbrl.org/2003/arcrole/concept-label"
      xlink:from="dcfm_HeadingHypercube" xlink:to="dcfm_HeadingHypercube_lbl" />
    <label xlink:type="resource"
      xlink:label="dcfm_HeadingHypercube_lbl"
      xml:lang="en"
      xlink:role="http://www.xbrl.org/2003/role/documentation">Heading hypercube; organizes base model information.</label>
    <label xlink:type="resource"
      xlink:label="dcfm_HeadingHypercube_lbl"
      xml:lang="en"
      xlink:role="http://www.xbrl.org/2003/role/label">Heading [Hypercube]</label>
    <label xlink:type="resource"
      xlink:label="dcfm_HeadingHypercube_lbl"
      xml:lang="ko"
      xlink:role="http://www.xbrl.org/2003/role/label">보험료</label>
    <loc xlink:type="locator"
      xlink:label="dcfm_InventoriesGrowth"
      xlink:href="DiscountedCashFlowModel.xsd#dcfm_InventoriesGrowth" />
    <labelArc xlink:type="arc"
      xlink:arcrole="http://www.xbrl.org/2003/arcrole/concept-label"
      xlink:from="dcfm_InventoriesGrowth" xlink:to="dcfm_InventoriesGrowth_lbl" />
    <label xlink:type="resource"
      xlink:label="dcfm_InventoriesGrowth_lbl"
      xml:lang="en"
      xlink:role="http://www.xbrl.org/2003/role/label">Inventories Growth (%)</label>
    <label xlink:type="resource"
      xlink:label="dcfm_InventoriesGrowth_lbl"
      xml:lang="ko"
      xlink:role="http://www.xbrl.org/2003/role/label">브랜기타채권명</label>
    <loc xlink:type="locator"
      xlink:label="dcfm_InventoriesIncreaseDecrease"
      xlink:href="DiscountedCashFlowModel.xsd#dcfm_InventoriesIncreaseDecrease" />
    <labelArc xlink:type="arc"
      xlink:arcrole="http://www.xbrl.org/2003/arcrole/concept-label"
      xlink:from="dcfm_InventoriesIncreaseDecrease"
      xlink:to="dcfm_InventoriesIncreaseDecrease_lbl" />
    <label xlink:type="resource"
      xlink:label="dcfm_InventoriesIncreaseDecrease_lbl"
      xml:lang="en"
      xlink:role="http://www.xbrl.org/2003/role/documentation">Increase (decrease) in inventories between balance sheets.</label>
    <label xlink:type="resource"
      xlink:label="dcfm_InventoriesIncreaseDecrease_lbl"
      xml:lang="en"
      xlink:role="http://www.xbrl.org/2003/role/label">Inventories Increase (Decrease)</label>
    <label xlink:type="resource"
      xlink:label="dcfm_InventoriesIncreaseDecrease_lbl"
      xml:lang="ko"
      xlink:role="http://www.xbrl.org/2003/role/label">계약부채수익 </label>
    <loc xlink:type="locator"
      xlink:label="dcfm_Inventories"
      xlink:href="DiscountedCashFlowModel.xsd#dcfm_Inventories" />
    <labelArc xlink:type="arc"
      xlink:arcrole="http://www.xbrl.org/2003/arcrole/concept-label"
      xlink:from="dcfm_Inventories" xlink:to="dcfm_Inventories_lbl" />
    <label xlink:type="resource"
      xlink:label="dcfm_Inventories_lbl" xml:lang="en"
      xlink:role="http://www.xbrl.org/2003/role/label">Inventories</label>
    <label xlink:type="resource"
      xlink:label="dcfm_Inventories_lbl" xml:lang="ko"
      xlink:role="http://www.xbrl.org/2003/role/label">적용이자비세율</label>
    <loc xlink:type="locator"
      xlink:label="dcfm_LongTermGrowthRate"
      xlink:href="DiscountedCashFlowModel.xsd#dcfm_LongTermGrowthRate" />
    <labelArc xlink:type="arc"
      xlink:arcrole="http://www.xbrl.org/2003/arcrole/concept-label"
      xlink:from="dcfm_LongTermGrowthRate" xlink:to="dcfm_LongTermGrowthRate_lbl" />
    <label xlink:type="resource"
      xlink:label="dcfm_LongTermGrowthRate_lbl"
      xml:lang="en"
      xlink:role="http://www.xbrl.org/2003/role/documentation">Long term growth rate of economic entity being analized.</label>
    <label xlink:type="resource"
      xlink:label="dcfm_LongTermGrowthRate_lbl"
      xml:lang="en"
      xlink:role="http://www.xbrl.org/2003/role/label">Long Term Growth Rate</label>
    <label xlink:type="resource"
      xlink:label="dcfm_LongTermGrowthRate_lbl"
      xml:lang="ko"
      xlink:role="http://www.xbrl.org/2003/role/label">이자수익</label>
    <loc xlink:type="locator"
      xlink:label="dcfm_NetDebt"
      xlink:href="DiscountedCashFlowModel.xsd#dcfm_NetDebt" />
    <labelArc xlink:type="arc"
      xlink:arcrole="http://www.xbrl.org/2003/arcrole/concept-label"
      xlink:from="dcfm_NetDebt" xlink:to="dcfm_NetDebt_lbl" />
    <label xlink:type="resource"
      xlink:label="dcfm_NetDebt_lbl" xml:lang="en"
      xlink:role="http://www.xbrl.org/2003/role/documentation">Net debt of the economic entity being analyzed. All non-equity claims. Debt less cash and cash equivalents.</label>
    <label xlink:type="resource"
      xlink:label="dcfm_NetDebt_lbl" xml:lang="en"
      xlink:role="http://www.xbrl.org/2003/role/label">Net Debt</label>
    <label xlink:type="resource"
      xlink:label="dcfm_NetDebt_lbl" xml:lang="en"
      xlink:role="http://www.xbrl.org/2003/role/verboseLabel">Less: Net Debt</label>
    <label xlink:type="resource"
      xlink:label="dcfm_NetDebt_lbl" xml:lang="ko"
      xlink:role="http://www.xbrl.org/2003/role/label">충당부보상권수익채</label>
    <label xlink:type="resource"
      xlink:label="dcfm_NetDebt_lbl" xml:lang="ko"
      xlink:role="http://www.xbrl.org/2003/role/verboseLabel">수보상권수익선유지비</label>
    <loc xlink:type="locator"
      xlink:label="dcfm_PrepaidExpensesGrowth"
      xlink:href="DiscountedCashFlowModel.xsd#dcfm_PrepaidExpensesGrowth" />
    <labelArc xlink:type="arc"
      xlink:arcrole="http://www.xbrl.org/2003/arcrole/concept-label"
      xlink:from="dcfm_PrepaidExpensesGrowth"
      xlink:to="dcfm_PrepaidExpensesGrowth_lbl" />
    <label xlink:type="resource"
      xlink:label="dcfm_PrepaidExpensesGrowth_lbl"
      xml:lang="en"
      xlink:role="http://www.xbrl.org/2003/role/label">Prepaid Expenses Growth (%)</label>
    <label xlink:type="resource"
      xlink:label="dcfm_PrepaidExpensesGrowth_lbl"
      xml:lang="ko"
      xlink:role="http://www.xbrl.org/2003/role/label">기타재생고</label>
    <loc xlink:type="locator"
      xlink:label="dcfm_PrepaidExpensesIncreaseDecrease"
      xlink:href="DiscountedCashFlowModel.xsd#dcfm_PrepaidExpensesIncreaseDecrease" />
    <labelArc xlink:type="arc"
      xlink:arcrole="http://www.xbrl.org/2003/arcrole/concept-label"
      xlink:from="dcfm_PrepaidExpensesIncreaseDecrease"
      xlink:to="dcfm_PrepaidExpensesIncreaseDecrease_lbl" />
    <label xlink:type="resource"
      xlink:label="dcfm_PrepaidExpensesIncreaseDecrease_lbl"
      xml:lang="en"
      xlink:role="http://www.xbrl.org/2003/role/documentation">Increase (decrease) in prepaid expenses between balance sheets.</label>
    <label xlink:type="resource"
      xlink:label="dcfm_PrepaidExpensesIncreaseDecrease_lbl"
      xml:lang="en"
      xlink:role="http://www.xbrl.org/2003/role/label">Prepaid Expenses Increase (Decrease)</label>
    <label xlink:type="resource"
      xlink:label="dcfm_PrepaidExpensesIncreaseDecrease_lbl"
      xml:lang="ko"
      xlink:role="http://www.xbrl.org/2003/role/label">물류원가</label>
    <loc xlink:type="locator"
      xlink:label="dcfm_PrepaidExpenses"
      xlink:href="DiscountedCashFlowModel.xsd#dcfm_PrepaidExpenses" />
    <labelArc xlink:type="arc"
      xlink:arcrole="http://www.xbrl.org/2003/arcrole/concept-label"
      xlink:from="dcfm_PrepaidExpenses" xlink:to="dcfm_PrepaidExpenses_lbl" />
    <label xlink:type="resource"
      xlink:label="dcfm_PrepaidExpenses_lbl"
      xml:lang="en"
      xlink:role="http://www.xbrl.org/2003/role/label">Prepaid Expenses</label>
    <label xlink:type="resource"
      xlink:label="dcfm_PrepaidExpenses_lbl"
      xml:lang="ko"
      xlink:role="http://www.xbrl.org/2003/role/label">금융자산</label>
    <loc xlink:type="locator"
      xlink:label="dcfm_PresentValueFreeCashFlowsHierarchy"
      xlink:href="DiscountedCashFlowModel.xsd#dcfm_PresentValueFreeCashFlowsHierarchy" />
    <labelArc xlink:type="arc"
      xlink:arcrole="http://www.xbrl.org/2003/arcrole/concept-label"
      xlink:from="dcfm_PresentValueFreeCashFlowsHierarchy"
      xlink:to="dcfm_PresentValueFreeCashFlowsHierarchy_lbl" />
    <label xlink:type="resource"
      xlink:label="dcfm_PresentValueFreeCashFlowsHierarchy_lbl"
      xml:lang="en"
      xlink:role="http://www.xbrl.org/2003/role/documentation">Computation of present value of free cash flows.</label>
    <label xlink:type="resource"
      xlink:label="dcfm_PresentValueFreeCashFlowsHierarchy_lbl"
      xml:lang="en"
      xlink:role="http://www.xbrl.org/2003/role/label">Present Value of Free Cash Flows [Hierarchy]</label>
    <label xlink:type="resource"
      xlink:label="dcfm_PresentValueFreeCashFlowsHierarchy_lbl"
      xml:lang="ko"
      xlink:role="http://www.xbrl.org/2003/role/label">이연수익</label>
    <loc xlink:type="locator"
      xlink:label="dcfm_PresentValueOfFreeCashFlows"
      xlink:href="DiscountedCashFlowModel.xsd#dcfm_PresentValueOfFreeCashFlows" />
    <labelArc xlink:type="arc"
      xlink:arcrole="http://www.xbrl.org/2003/arcrole/concept-label"
      xlink:from="dcfm_PresentValueOfFreeCashFlows"
      xlink:to="dcfm_PresentValueOfFreeCashFlows_lbl" />
    <label xlink:type="resource"
      xlink:label="dcfm_PresentValueOfFreeCashFlows_lbl"
      xml:lang="en"
      xlink:role="http://www.xbrl.org/2003/role/documentation">Present value of free cash flows of economic entity being analyzed.</label>
    <label xlink:type="resource"
      xlink:label="dcfm_PresentValueOfFreeCashFlows_lbl"
      xml:lang="en"
      xlink:role="http://www.xbrl.org/2003/role/label">Present Value of Free Cash Flows</label>
    <label xlink:type="resource"
      xlink:label="dcfm_PresentValueOfFreeCashFlows_lbl"
      xml:lang="ko"
      xlink:role="http://www.xbrl.org/2003/role/label">손상차매출총이익손</label>
    <loc xlink:type="locator"
      xlink:label="dcfm_PresentValueOfTerminalValue"
      xlink:href="DiscountedCashFlowModel.xsd#dcfm_PresentValueOfTerminalValue" />
    <labelArc xlink:type="arc"
      xlink:arcrole="http://www.xbrl.org/2003/arcrole/concept-label"
      xlink:from="dcfm_PresentValueOfTerminalValue"
      xlink:to="dcfm_PresentValueOfTerminalValue_lbl" />
    <label xlink:type="resource"
      xlink:label="dcfm_PresentValueOfTerminalValue_lbl"
      xml:lang="en"
      xlink:role="http://www.xbrl.org/2003/role/documentation">Present value of terminal value.</label>
    <label xlink:type="resource"
      xlink:label="dcfm_PresentValueOfTerminalValue_lbl"
      xml:lang="en"
      xlink:role="http://www.xbrl.org/2003/role/label">Present Value of Terminal Value</label>
    <label xlink:type="resource"
      xlink:label="dcfm_PresentValueOfTerminalValue_lbl"
      xml:lang="ko"
      xlink:role="http://www.xbrl.org/2003/role/label">외환차익</label>
    <loc xlink:type="locator"
      xlink:label="dcfm_PropertyPlantAndEquipmentGross"
      xlink:href="DiscountedCashFlowModel.xsd#dcfm_PropertyPlantAndEquipmentGross" />
    <labelArc xlink:type="arc"
      xlink:arcrole="http://www.xbrl.org/2003/arcrole/concept-label"
      xlink:from="dcfm_PropertyPlantAndEquipmentGross"
      xlink:to="dcfm_PropertyPlantAndEquipmentGross_lbl" />
    <label xlink:type="resource"
      xlink:label="dcfm_PropertyPlantAndEquipmentGross_lbl"
      xml:lang="en"
      xlink:role="http://www.xbrl.org/2003/role/label">Property, Plant, and Equipment, Gross</label>
    <label xlink:type="resource"
      xlink:label="dcfm_PropertyPlantAndEquipmentGross_lbl"
      xml:lang="ko"
      xlink:role="http://www.xbrl.org/2003/role/label">기타비용익</label>
    <loc xlink:type="locator"
      xlink:label="dcfm_ResultingWACCHierarchy"
      xlink:href="DiscountedCashFlowModel.xsd#dcfm_ResultingWACCHierarchy" />
    <labelArc xlink:type="arc"
      xlink:arcrole="http://www.xbrl.org/2003/arcrole/concept-label"
      xlink:from="dcfm_ResultingWACCHierarchy"
      xlink:to="dcfm_ResultingWACCHierarchy_lbl" />
    <label xlink:type="resource"
      xlink:label="dcfm_ResultingWACCHierarchy_lbl"
      xml:lang="en"
      xlink:role="http://www.xbrl.org/2003/role/documentation">Resulting weighted average cost of capital (WACC).</label>
    <label xlink:type="resource"
      xlink:label="dcfm_ResultingWACCHierarchy_lbl"
      xml:lang="en"
      xlink:role="http://www.xbrl.org/2003/role/label">Resulting WACC [Hierarchy]</label>
    <label xlink:type="resource"
      xlink:label="dcfm_ResultingWACCHierarchy_lbl"
      xml:lang="ko"
      xlink:role="http://www.xbrl.org/2003/role/label">기타지분</label>
    <loc xlink:type="locator"
      xlink:label="dcfm_RevenueGrowthRate"
      xlink:href="DiscountedCashFlowModel.xsd#dcfm_RevenueGrowthRate" />
    <labelArc xlink:type="arc"
      xlink:arcrole="http://www.xbrl.org/2003/arcrole/concept-label"
      xlink:from="dcfm_RevenueGrowthRate" xlink:to="dcfm_RevenueGrowthRate_lbl" />
    <label xlink:type="resource"
      xlink:label="dcfm_RevenueGrowthRate_lbl"
      xml:lang="en"
      xlink:role="http://www.xbrl.org/2003/role/documentation">Rate at which revenues will grow by year.</label>
    <label xlink:type="resource"
      xlink:label="dcfm_RevenueGrowthRate_lbl"
      xml:lang="en"
      xlink:role="http://www.xbrl.org/2003/role/label">Revenue Growth Rate (%)</label>
    <label xlink:type="resource"
      xlink:label="dcfm_RevenueGrowthRate_lbl"
      xml:lang="ko"
      xlink:role="http://www.xbrl.org/2003/role/label">기타채권</label>
    <loc xlink:type="locator"
      xlink:label="dcfm_Revenue"
      xlink:href="DiscountedCashFlowModel.xsd#dcfm_Revenue" />
    <labelArc xlink:type="arc"
      xlink:arcrole="http://www.xbrl.org/2003/arcrole/concept-label"
      xlink:from="dcfm_Revenue" xlink:to="dcfm_Revenue_lbl" />
    <label xlink:type="resource"
      xlink:label="dcfm_Revenue_lbl" xml:lang="en"
      xlink:role="http://www.xbrl.org/2003/role/documentation">Total revenues of economic entity being analyzed.</label>
    <label xlink:type="resource"
      xlink:label="dcfm_Revenue_lbl" xml:lang="en"
      xlink:role="http://www.xbrl.org/2003/role/label">Revenue</label>
    <label xlink:type="resource"
      xlink:label="dcfm_Revenue_lbl" xml:lang="en"
      xlink:role="http://www.xbrl.org/2003/role/terseLabel">Total Revenues</label>
    <label xlink:type="resource"
      xlink:label="dcfm_Revenue_lbl" xml:lang="ko"
      xlink:role="http://www.xbrl.org/2003/role/label">이자지급</label>
    <label xlink:type="resource"
      xlink:label="dcfm_Revenue_lbl" xml:lang="ko"
      xlink:role="http://www.xbrl.org/2003/role/terseLabel">이자지급</label>
    <loc xlink:type="locator"
      xlink:label="dcfm_SelectedBalanceSheetOtherDataHierarchy"
      xlink:href="DiscountedCashFlowModel.xsd#dcfm_SelectedBalanceSheetOtherDataHierarchy" />
    <labelArc xlink:type="arc"
      xlink:arcrole="http://www.xbrl.org/2003/arcrole/concept-label"
      xlink:from="dcfm_SelectedBalanceSheetOtherDataHierarchy"
      xlink:to="dcfm_SelectedBalanceSheetOtherDataHierarchy_lbl" />
    <label xlink:type="resource"
      xlink:label="dcfm_SelectedBalanceSheetOtherDataHierarchy_lbl"
      xml:lang="en"
      xlink:role="http://www.xbrl.org/2003/role/label">Selected Balance Sheet and Other Data [Hierarchy]</label>
    <label xlink:type="resource"
      xlink:label="dcfm_SelectedBalanceSheetOtherDataHierarchy_lbl"
      xml:lang="ko"
      xlink:role="http://www.xbrl.org/2003/role/label">자산총계</label>
    <loc xlink:type="locator"
      xlink:label="dcfm_SelectedBalanceSheetOtherDataHypercube"
      xlink:href="DiscountedCashFlowModel.xsd#dcfm_SelectedBalanceSheetOtherDataHypercube" />
    <labelArc xlink:type="arc"
      xlink:arcrole="http://www.xbrl.org/2003/arcrole/concept-label"
      xlink:from="dcfm_SelectedBalanceSheetOtherDataHypercube"
      xlink:to="dcfm_SelectedBalanceSheetOtherDataHypercube_lbl" />
    <label xlink:type="resource"
      xlink:label="dcfm_SelectedBalanceSheetOtherDataHypercube_lbl"
      xml:lang="en"
      xlink:role="http://www.xbrl.org/2003/role/documentation">Selected balance sheet information hypercube.</label>
    <label xlink:type="resource"
      xlink:label="dcfm_SelectedBalanceSheetOtherDataHypercube_lbl"
      xml:lang="en"
      xlink:role="http://www.xbrl.org/2003/role/label">Selected Balance Sheet and Other Data [Hypercube]</label>
    <label xlink:type="resource"
      xlink:label="dcfm_SelectedBalanceSheetOtherDataHypercube_lbl"
      xml:lang="ko"
      xlink:role="http://www.xbrl.org/2003/role/label">리스부채</label>
    <loc xlink:type="locator"
      xlink:label="dcfm_SelectedOperatingDataHierarchy"
      xlink:href="DiscountedCashFlowModel.xsd#dcfm_SelectedOperatingDataHierarchy" />
    <labelArc xlink:type="arc"
      xlink:arcrole="http://www.xbrl.org/2003/arcrole/concept-label"
      xlink:from="dcfm_SelectedOperatingDataHierarchy"
      xlink:to="dcfm_SelectedOperatingDataHierarchy_lbl" />
    <label xlink:type="resource"
      xlink:label="dcfm_SelectedOperatingDataHierarchy_lbl"
      xml:lang="en"
      xlink:role="http://www.xbrl.org/2003/role/label">Selected Operating Data [Hierarchy]</label>
    <label xlink:type="resource"
      xlink:label="dcfm_SelectedOperatingDataHierarchy_lbl"
      xml:lang="ko"
      xlink:role="http://www.xbrl.org/2003/role/label">진행청구</label>
    <loc xlink:type="locator"
      xlink:label="dcfm_SelectedOperatingDataHypercube"
      xlink:href="DiscountedCashFlowModel.xsd#dcfm_SelectedOperatingDataHypercube" />
    <labelArc xlink:type="arc"
      xlink:arcrole="http://www.xbrl.org/2003/arcrole/concept-label"
      xlink:from="dcfm_SelectedOperatingDataHypercube"
      xlink:to="dcfm_SelectedOperatingDataHypercube_lbl" />
    <label xlink:type="resource"
      xlink:label="dcfm_SelectedOperatingDataHypercube_lbl"
      xml:lang="en"
      xlink:role="http://www.xbrl.org/2003/role/documentation">Selected income statement information hypercube.</label>
    <label xlink:type="resource"
      xlink:label="dcfm_SelectedOperatingDataHypercube_lbl"
      xml:lang="en"
      xlink:role="http://www.xbrl.org/2003/role/label">Selected Operating Data [Hypercube]</label>
    <label xlink:type="resource"
      xlink:label="dcfm_SelectedOperatingDataHypercube_lbl"
      xml:lang="ko"
      xlink:role="http://www.xbrl.org/2003/role/label">마감환율</label>
    <loc xlink:type="locator"
      xlink:label="dcfm_SharePriceOnValuationDate"
      xlink:href="DiscountedCashFlowModel.xsd#dcfm_SharePriceOnValuationDate" />
    <labelArc xlink:type="arc"
      xlink:arcrole="http://www.xbrl.org/2003/arcrole/concept-label"
      xlink:from="dcfm_SharePriceOnValuationDate"
      xlink:to="dcfm_SharePriceOnValuationDate_lbl" />
    <label xlink:type="resource"
      xlink:label="dcfm_SharePriceOnValuationDate_lbl"
      xml:lang="en"
      xlink:role="http://www.xbrl.org/2003/role/documentation">Share price of economic entity as of the valuation date.</label>
    <label xlink:type="resource"
      xlink:label="dcfm_SharePriceOnValuationDate_lbl"
      xml:lang="en"
      xlink:role="http://www.xbrl.org/2003/role/label">Share Price on Valuation Date</label>
    <label xlink:type="resource"
      xlink:label="dcfm_SharePriceOnValuationDate_lbl"
      xml:lang="ko"
      xlink:role="http://www.xbrl.org/2003/role/label">통신보상권수익비</label>
    <loc xlink:type="locator"
      xlink:label="dcfm_SharePrice"
      xlink:href="DiscountedCashFlowModel.xsd#dcfm_SharePrice" />
    <labelArc xlink:type="arc"
      xlink:arcrole="http://www.xbrl.org/2003/arcrole/concept-label"
      xlink:from="dcfm_SharePrice" xlink:to="dcfm_SharePrice_lbl" />
    <label xlink:type="resource"
      xlink:label="dcfm_SharePrice_lbl" xml:lang="en"
      xlink:role="http://www.xbrl.org/2003/role/documentation">Share price of economic entiity being analyzed.</label>
    <label xlink:type="resource"
      xlink:label="dcfm_SharePrice_lbl" xml:lang="en"
      xlink:role="http://www.xbrl.org/2003/role/label">Share Price</label>
    <label xlink:type="resource"
      xlink:label="dcfm_SharePrice_lbl" xml:lang="ko"
      xlink:role="http://www.xbrl.org/2003/role/label">총포괄손익총포괄손익</label>
    <loc xlink:type="locator"
      xlink:label="dcfm_SumPresentValuesFCFs"
      xlink:href="DiscountedCashFlowModel.xsd#dcfm_SumPresentValuesFCFs" />
    <labelArc xlink:type="arc"
      xlink:arcrole="http://www.xbrl.org/2003/arcrole/concept-label"
      xlink:from="dcfm_SumPresentValuesFCFs"
      xlink:to="dcfm_SumPresentValuesFCFs_lbl" />
    <label xlink:type="resource"
      xlink:label="dcfm_SumPresentValuesFCFs_lbl"
      xml:lang="en"
      xlink:role="http://www.xbrl.org/2003/role/documentation">Sum of present value of free cash flows of economic entity for all periods.</label>
    <label xlink:type="resource"
      xlink:label="dcfm_SumPresentValuesFCFs_lbl"
      xml:lang="en"
      xlink:role="http://www.xbrl.org/2003/role/label">Sum of Present Values of FCFs</label>
    <label xlink:type="resource"
      xlink:label="dcfm_SumPresentValuesFCFs_lbl"
      xml:lang="ko"
      xlink:role="http://www.xbrl.org/2003/role/label">기타부채</label>
    <loc xlink:type="locator"
      xlink:label="dcfm_TaxRate"
      xlink:href="DiscountedCashFlowModel.xsd#dcfm_TaxRate" />
    <labelArc xlink:type="arc"
      xlink:arcrole="http://www.xbrl.org/2003/arcrole/concept-label"
      xlink:from="dcfm_TaxRate" xlink:to="dcfm_TaxRate_lbl" />
    <label xlink:type="resource"
      xlink:label="dcfm_TaxRate_lbl" xml:lang="en"
      xlink:role="http://www.xbrl.org/2003/role/documentation">Effective tax rate of economic entity being analyzed.</label>
    <label xlink:type="resource"
      xlink:label="dcfm_TaxRate_lbl" xml:lang="en"
      xlink:role="http://www.xbrl.org/2003/role/label">Tax Rate</label>
    <label xlink:type="resource"
      xlink:label="dcfm_TaxRate_lbl" xml:lang="ko"
      xlink:role="http://www.xbrl.org/2003/role/label">이자수취비유산</label>
    <loc xlink:type="locator"
      xlink:label="dcfm_TerminalValueHierarchy"
      xlink:href="DiscountedCashFlowModel.xsd#dcfm_TerminalValueHierarchy" />
    <labelArc xlink:type="arc"
      xlink:arcrole="http://www.xbrl.org/2003/arcrole/concept-label"
      xlink:from="dcfm_TerminalValueHierarchy"
      xlink:to="dcfm_TerminalValueHierarchy_lbl" />
    <label xlink:type="resource"
      xlink:label="dcfm_TerminalValueHierarchy_lbl"
      xml:lang="en"
      xlink:role="http://www.xbrl.org/2003/role/label">Terminal Value [Hierarchy]</label>
    <label xlink:type="resource"
      xlink:label="dcfm_TerminalValueHierarchy_lbl"
      xml:lang="ko"
      xlink:role="http://www.xbrl.org/2003/role/label">외환차손</label>
    <loc xlink:type="locator"
      xlink:label="dcfm_TerminalValueHypercube"
      xlink:href="DiscountedCashFlowModel.xsd#dcfm_TerminalValueHypercube" />
    <labelArc xlink:type="arc"
      xlink:arcrole="http://www.xbrl.org/2003/arcrole/concept-label"
      xlink:from="dcfm_TerminalValueHypercube"
      xlink:to="dcfm_TerminalValueHypercube_lbl" />
    <label xlink:type="resource"
      xlink:label="dcfm_TerminalValueHypercube_lbl"
      xml:lang="en"
      xlink:role="http://www.xbrl.org/2003/role/documentation">Terminal value hypercube.</label>
    <label xlink:type="resource"
      xlink:label="dcfm_TerminalValueHypercube_lbl"
      xml:lang="en"
      xlink:role="http://www.xbrl.org/2003/role/label">Terminal Value [Hypercube]</label>
    <label xlink:type="resource"
      xlink:label="dcfm_TerminalValueHypercube_lbl"
      xml:lang="ko"
      xlink:role="http://www.xbrl.org/2003/role/label">기타자산</label>
    <loc xlink:type="locator"
      xlink:label="dcfm_TerminalValue"
      xlink:href="DiscountedCashFlowModel.xsd#dcfm_TerminalValue" />
    <labelArc xlink:type="arc"
      xlink:arcrole="http://www.xbrl.org/2003/arcrole/concept-label"
      xlink:from="dcfm_TerminalValue" xlink:to="dcfm_TerminalValue_lbl" />
    <label xlink:type="resource"
      xlink:label="dcfm_TerminalValue_lbl" xml:lang="en"
      xlink:role="http://www.xbrl.org/2003/role/documentation">Terminal rate of economic entity being analyzed.</label>
    <label xlink:type="resource"
      xlink:label="dcfm_TerminalValue_lbl" xml:lang="en"
      xlink:role="http://www.xbrl.org/2003/role/label">Terminal Value</label>
    <label xlink:type="resource"
      xlink:label="dcfm_TerminalValue_lbl" xml:lang="ko"
      xlink:role="http://www.xbrl.org/2003/role/label">유동상품</label>
    <loc xlink:type="locator"
      xlink:label="dcfm_TotalCapitalRollUp"
      xlink:href="DiscountedCashFlowModel.xsd#dcfm_TotalCapitalRollUp" />
    <labelArc xlink:type="arc"
      xlink:arcrole="http://www.xbrl.org/2003/arcrole/concept-label"
      xlink:from="dcfm_TotalCapitalRollUp" xlink:to="dcfm_TotalCapitalRollUp_lbl" />
    <label xlink:type="resource"
      xlink:label="dcfm_TotalCapitalRollUp_lbl"
      xml:lang="en"
      xlink:role="http://www.xbrl.org/2003/role/documentation">Roll up of total capital of economic entity being analyzed.</label>
    <label xlink:type="resource"
      xlink:label="dcfm_TotalCapitalRollUp_lbl"
      xml:lang="en"
      xlink:role="http://www.xbrl.org/2003/role/label">Total Capital [Roll Up]</label>
    <label xlink:type="resource"
      xlink:label="dcfm_TotalCapitalRollUp_lbl"
      xml:lang="ko"
      xlink:role="http://www.xbrl.org/2003/role/label">이익잉여금</label>
    <loc xlink:type="locator"
      xlink:label="dcfm_UnleveredFreeCashFlowsRollUp"
      xlink:href="DiscountedCashFlowModel.xsd#dcfm_UnleveredFreeCashFlowsRollUp" />
    <labelArc xlink:type="arc"
      xlink:arcrole="http://www.xbrl.org/2003/arcrole/concept-label"
      xlink:from="dcfm_UnleveredFreeCashFlowsRollUp"
      xlink:to="dcfm_UnleveredFreeCashFlowsRollUp_lbl" />
    <label xlink:type="resource"
      xlink:label="dcfm_UnleveredFreeCashFlowsRollUp_lbl"
      xml:lang="en"
      xlink:role="http://www.xbrl.org/2003/role/documentation">Unlevered free cash flows of economic entity being analyzed.</label>
    <label xlink:type="resource"
      xlink:label="dcfm_UnleveredFreeCashFlowsRollUp_lbl"
      xml:lang="en"
      xlink:role="http://www.xbrl.org/2003/role/label">Unlevered Free Cash Flows [Roll Up]</label>
    <label xlink:type="resource"
      xlink:label="dcfm_UnleveredFreeCashFlowsRollUp_lbl"
      xml:lang="ko"
      xlink:role="http://www.xbrl.org/2003/role/label">부채총계</label>
    <loc xlink:type="locator"
      xlink:label="dcfm_UnleveredFreeCashFlows"
      xlink:href="DiscountedCashFlowModel.xsd#dcfm_UnleveredFreeCashFlows" />
    <labelArc xlink:type="arc"
      xlink:arcrole="http://www.xbrl.org/2003/arcrole/concept-label"
      xlink:from="dcfm_UnleveredFreeCashFlows"
      xlink:to="dcfm_UnleveredFreeCashFlows_lbl" />
    <label xlink:type="resource"
      xlink:label="dcfm_UnleveredFreeCashFlows_lbl"
      xml:lang="en"
      xlink:role="http://www.xbrl.org/2003/role/documentation">Unleavered free cash flow of economic entity being analyzed.</label>
    <label xlink:type="resource"
      xlink:label="dcfm_UnleveredFreeCashFlows_lbl"
      xml:lang="en"
      xlink:role="http://www.xbrl.org/2003/role/label">Unlevered Free Cash Flows</label>
    <label xlink:type="resource"
      xlink:label="dcfm_UnleveredFreeCashFlows_lbl"
      xml:lang="ko"
      xlink:role="http://www.xbrl.org/2003/role/label">유동부채매출총</label>
    <label xlink:type="resource"
      xlink:label="dcfm_UnleveredFreeCashFlows_lbl"
      xml:lang="ko"
      xlink:role="http://www.xbrl.org/2003/role/verboseLabel">균매출총이익환율</label>
    <loc xlink:type="locator"
      xlink:label="dcfm_ValuationDate"
      xlink:href="DiscountedCashFlowModel.xsd#dcfm_ValuationDate" />
    <labelArc xlink:type="arc"
      xlink:arcrole="http://www.xbrl.org/2003/arcrole/concept-label"
      xlink:from="dcfm_ValuationDate" xlink:to="dcfm_ValuationDate_lbl" />
    <label xlink:type="resource"
      xlink:label="dcfm_ValuationDate_lbl" xml:lang="en"
      xlink:role="http://www.xbrl.org/2003/role/documentation">Date of this valuation model.</label>
    <label xlink:type="resource"
      xlink:label="dcfm_ValuationDate_lbl" xml:lang="en"
      xlink:role="http://www.xbrl.org/2003/role/label">Valuation Date</label>
    <label xlink:type="resource"
      xlink:label="dcfm_ValuationDate_lbl" xml:lang="ko"
      xlink:role="http://www.xbrl.org/2003/role/label">임차료</label>
    <loc xlink:type="locator"
      xlink:label="dcfm_ValuationGapPerShare"
      xlink:href="DiscountedCashFlowModel.xsd#dcfm_ValuationGapPerShare" />
    <labelArc xlink:type="arc"
      xlink:arcrole="http://www.xbrl.org/2003/arcrole/concept-label"
      xlink:from="dcfm_ValuationGapPerShare"
      xlink:to="dcfm_ValuationGapPerShare_lbl" />
    <label xlink:type="resource"
      xlink:label="dcfm_ValuationGapPerShare_lbl"
      xml:lang="en"
      xlink:role="http://www.xbrl.org/2003/role/documentation">Excess of equity value per share to actual share price at valuation date.</label>
    <label xlink:type="resource"
      xlink:label="dcfm_ValuationGapPerShare_lbl"
      xml:lang="en"
      xlink:role="http://www.xbrl.org/2003/role/label">Valuation Gap per Share</label>
    <label xlink:type="resource"
      xlink:label="dcfm_ValuationGapPerShare_lbl"
      xml:lang="ko"
      xlink:role="http://www.xbrl.org/2003/role/label">수선유지유동자산비배당금</label>
    <loc xlink:type="locator"
      xlink:label="dcfm_ValuationGapRollUp"
      xlink:href="DiscountedCashFlowModel.xsd#dcfm_ValuationGapRollUp" />
    <labelArc xlink:type="arc"
      xlink:arcrole="http://www.xbrl.org/2003/arcrole/concept-label"
      xlink:from="dcfm_ValuationGapRollUp" xlink:to="dcfm_ValuationGapRollUp_lbl" />
    <label xlink:type="resource"
      xlink:label="dcfm_ValuationGapRollUp_lbl"
      xml:lang="en"
      xlink:role="http://www.xbrl.org/2003/role/documentation">Roll up of valuation gap between actual and computed valuation.</label>
    <label xlink:type="resource"
      xlink:label="dcfm_ValuationGapRollUp_lbl"
      xml:lang="en"
      xlink:role="http://www.xbrl.org/2003/role/label">Valuation Gap [Roll Up]</label>
    <label xlink:type="resource"
      xlink:label="dcfm_ValuationGapRollUp_lbl"
      xml:lang="ko"
      xlink:role="http://www.xbrl.org/2003/role/label">매유동출원가</label>
    <loc xlink:type="locator"
      xlink:label="dcfm_WACC"
      xlink:href="DiscountedCashFlowModel.xsd#dcfm_WACC" />
    <labelArc xlink:type="arc"
      xlink:arcrole="http://www.xbrl.org/2003/arcrole/concept-label"
      xlink:from="dcfm_WACC" xlink:to="dcfm_WACC_lbl" />
    <label xlink:type="resource"
      xlink:label="dcfm_WACC_lbl" xml:lang="en"
      xlink:role="http://www.xbrl.org/2003/role/documentation">Weighted average cost of capital for economic entity being analyzed.</label>
    <label xlink:type="resource"
      xlink:label="dcfm_WACC_lbl" xml:lang="en"
      xlink:role="http://www.xbrl.org/2003/role/label">WACC</label>
    <label xlink:type="resource"
      xlink:label="dcfm_WACC_lbl" xml:lang="en"
      xlink:role="http://www.xbrl.org/2003/role/verboseLabel">Discount Rate (WACC)</label>
    <label xlink:type="resource"
      xlink:label="dcfm_WACC_lbl" xml:lang="ko"
      xlink:role="http://www.xbrl.org/2003/role/label">유동원유</label>
    <label xlink:type="resource"
      xlink:label="dcfm_WACC_lbl" xml:lang="ko"
      xlink:role="http://www.xbrl.org/2003/role/verboseLabel">유동원유</label>
    <loc xlink:type="locator"
      xlink:label="dcfm_WeightedAverageCostCapitalComponentsHierarchy"
      xlink:href="DiscountedCashFlowModel.xsd#dcfm_WeightedAverageCostCapitalComponentsHierarchy" />
    <labelArc xlink:type="arc"
      xlink:arcrole="http://www.xbrl.org/2003/arcrole/concept-label"
      xlink:from="dcfm_WeightedAverageCostCapitalComponentsHierarchy"
      xlink:to="dcfm_WeightedAverageCostCapitalComponentsHierarchy_lbl" />
    <label xlink:type="resource"
      xlink:label="dcfm_WeightedAverageCostCapitalComponentsHierarchy_lbl"
      xml:lang="en"
      xlink:role="http://www.xbrl.org/2003/role/documentation">Weighted average cost of capital components.</label>
    <label xlink:type="resource"
      xlink:label="dcfm_WeightedAverageCostCapitalComponentsHierarchy_lbl"
      xml:lang="en"
      xlink:role="http://www.xbrl.org/2003/role/label">Weighted Average Cost of Capital Components [Hierarchy]</label>
    <label xlink:type="resource"
      xlink:label="dcfm_WeightedAverageCostCapitalComponentsHierarchy_lbl"
      xml:lang="ko"
      xlink:role="http://www.xbrl.org/2003/role/label">합병준비금</label>
    <loc xlink:type="locator"
      xlink:label="dcfm_WeightedAverageCostCapitalHypercube"
      xlink:href="DiscountedCashFlowModel.xsd#dcfm_WeightedAverageCostCapitalHypercube" />
    <labelArc xlink:type="arc"
      xlink:arcrole="http://www.xbrl.org/2003/arcrole/concept-label"
      xlink:from="dcfm_WeightedAverageCostCapitalHypercube"
      xlink:to="dcfm_WeightedAverageCostCapitalHypercube_lbl" />
    <label xlink:type="resource"
      xlink:label="dcfm_WeightedAverageCostCapitalHypercube_lbl"
      xml:lang="en"
      xlink:role="http://www.xbrl.org/2003/role/documentation">Weighted average cost of capital (WACC) computation hypercube.</label>
    <label xlink:type="resource"
      xlink:label="dcfm_WeightedAverageCostCapitalHypercube_lbl"
      xml:lang="en"
      xlink:role="http://www.xbrl.org/2003/role/label">Weighted Average Cost of Capital [Hypercube]</label>
    <label xlink:type="resource"
      xlink:label="dcfm_WeightedAverageCostCapitalHypercube_lbl"
      xml:lang="ko"
      xlink:role="http://www.xbrl.org/2003/role/label">배당금수취</label>
    <loc xlink:type="locator"
      xlink:label="dcfm_WeightingsHierarchy"
      xlink:href="DiscountedCashFlowModel.xsd#dcfm_WeightingsHierarchy" />
    <labelArc xlink:type="arc"
      xlink:arcrole="http://www.xbrl.org/2003/arcrole/concept-label"
      xlink:from="dcfm_WeightingsHierarchy"
      xlink:to="dcfm_WeightingsHierarchy_lbl" />
    <label xlink:type="resource"
      xlink:label="dcfm_WeightingsHierarchy_lbl"
      xml:lang="en"
      xlink:role="http://www.xbrl.org/2003/role/documentation">Weightings of debt and equity, sum should be 100%.</label>
    <label xlink:type="resource"
      xlink:label="dcfm_WeightingsHierarchy_lbl"
      xml:lang="en"
      xlink:role="http://www.xbrl.org/2003/role/label">Weightings [Hierarchy]</label>
    <label xlink:type="resource"
      xlink:label="dcfm_WeightingsHierarchy_lbl"
      xml:lang="ko"
      xlink:role="http://www.xbrl.org/2003/role/label">계약자산</label>
  </labelLink>
</linkbase>