<?xml version="1.0" encoding="utf-8"?>
<!--
Taxonomy Presentation Links linkbase based on XBRL standard Version 2.1.
Created by UBmatrix Taxonomy Designer 3.0.3.2436 (2009-06-02 13:18).  
Contact www.ubmatrix.com
Copyright (c) 2002-2018 UBmatrix inc., All Rights Reserved
Produced on 2018-08-30 18:57:46
-->
<linkbase
  xmlns="http://www.xbrl.org/2003/linkbase"
  xmlns:xsi="http://www.w3.org/2001/XMLSchema-instance"
  xmlns:xlink="http://www.w3.org/1999/xlink"
  xsi:schemaLocation="
    http://www.xbrl.org/2003/linkbase 
      http://www.xbrl.org/2003/xbrl-linkbase-2003-12-31.xsd
    ">
  <roleRef xlink:type="simple"
    xlink:href="DiscountedCashFlowModel.xsd#Heading"
    roleURI="http://www.example.com/Heading" />
  <roleRef xlink:type="simple"
    xlink:href="DiscountedCashFlowModel.xsd#SelectedOperatingData"
    roleURI="http://www.example.com/SelectedOperatingData" />
  <roleRef xlink:type="simple"
    xlink:href="DiscountedCashFlowModel.xsd#SelectedBalanceSheetAndOtherData"
    roleURI="http://www.example.com/SelectedBalanceSheetAndOtherData" />
  <roleRef xlink:type="simple"
    xlink:href="DiscountedCashFlowModel.xsd#FreeCashFlowBuildup"
    roleURI="http://www.example.com/FreeCashFlowBuildup" />
  <roleRef xlink:type="simple"
    xlink:href="DiscountedCashFlowModel.xsd#TerminalValue"
    roleURI="http://www.example.com/TerminalValue" />
  <roleRef xlink:type="simple"
    xlink:href="DiscountedCashFlowModel.xsd#WACC"
    roleURI="http://www.example.com/WACC" />
  <roleRef xlink:type="simple"
    xlink:href="DiscountedCashFlowModel.xsd#EnterpriseValueToEquityValue"
    roleURI="http://www.example.com/EnterpriseValueToEquityValue" />
  <roleRef xlink:type="simple"
    xlink:href="DiscountedCashFlowModel.xsd#Conclusion"
    roleURI="http://www.example.com/Conclusion" />
  <presentationLink xlink:type="extended"
    xlink:role="http://www.example.com/Heading">
    <loc xlink:type="locator"
      xlink:label="dcfm_HeadingHypercube"
      xlink:href="DiscountedCashFlowModel.xsd#dcfm_HeadingHypercube" />
    <loc xlink:type="locator"
      xlink:label="dcfm_HeadingHierarchy"
      xlink:href="DiscountedCashFlowModel.xsd#dcfm_HeadingHierarchy" />
    <presentationArc xlink:type="arc"
      xlink:arcrole="http://www.xbrl.org/2003/arcrole/parent-child"
      xlink:from="dcfm_HeadingHypercube" xlink:to="dcfm_HeadingHierarchy"
      order="1"
      use="optional" />
    <loc xlink:type="locator"
      xlink:label="dcfm_ValuationDate"
      xlink:href="DiscountedCashFlowModel.xsd#dcfm_ValuationDate" />
    <presentationArc xlink:type="arc"
      xlink:arcrole="http://www.xbrl.org/2003/arcrole/parent-child"
      xlink:from="dcfm_HeadingHierarchy" xlink:to="dcfm_ValuationDate"
      order="1"
      use="optional" />
    <loc xlink:type="locator"
      xlink:label="dcfm_SharePriceOnValuationDate"
      xlink:href="DiscountedCashFlowModel.xsd#dcfm_SharePriceOnValuationDate" />
    <presentationArc xlink:type="arc"
      xlink:arcrole="http://www.xbrl.org/2003/arcrole/parent-child"
      xlink:from="dcfm_HeadingHierarchy" xlink:to="dcfm_SharePriceOnValuationDate"
      order="2"
      use="optional" />
    <loc xlink:type="locator"
      xlink:label="dcfm_DilutedSharesOutstanding"
      xlink:href="DiscountedCashFlowModel.xsd#dcfm_DilutedSharesOutstanding" />
    <presentationArc xlink:type="arc"
      xlink:arcrole="http://www.xbrl.org/2003/arcrole/parent-child"
      xlink:from="dcfm_HeadingHierarchy" xlink:to="dcfm_DilutedSharesOutstanding"
      order="3"
      use="optional" />
  </presentationLink>
  <presentationLink xlink:type="extended"
    xlink:role="http://www.example.com/SelectedOperatingData">
    <loc xlink:type="locator"
      xlink:label="dcfm_SelectedOperatingDataHypercube"
      xlink:href="DiscountedCashFlowModel.xsd#dcfm_SelectedOperatingDataHypercube" />
    <loc xlink:type="locator"
      xlink:label="dcfm_SelectedOperatingDataHierarchy"
      xlink:href="DiscountedCashFlowModel.xsd#dcfm_SelectedOperatingDataHierarchy" />
    <presentationArc xlink:type="arc"
      xlink:arcrole="http://www.xbrl.org/2003/arcrole/parent-child"
      xlink:from="dcfm_SelectedOperatingDataHypercube"
      xlink:to="dcfm_SelectedOperatingDataHierarchy"
      order="1"
      use="optional" />
    <loc xlink:type="locator"
      xlink:label="dcfm_Revenue"
      xlink:href="DiscountedCashFlowModel.xsd#dcfm_Revenue" />
    <presentationArc xlink:type="arc"
      xlink:arcrole="http://www.xbrl.org/2003/arcrole/parent-child"
      xlink:from="dcfm_SelectedOperatingDataHierarchy"
      xlink:to="dcfm_Revenue"
      order="1"
      use="optional" />
    <loc xlink:type="locator"
      xlink:label="dcfm_EBITDA"
      xlink:href="DiscountedCashFlowModel.xsd#dcfm_EBITDA" />
    <presentationArc xlink:type="arc"
      xlink:arcrole="http://www.xbrl.org/2003/arcrole/parent-child"
      xlink:from="dcfm_SelectedOperatingDataHierarchy"
      xlink:to="dcfm_EBITDA"
      order="2"
      use="optional" />
    <loc xlink:type="locator"
      xlink:label="dcfm_EBIT"
      xlink:href="DiscountedCashFlowModel.xsd#dcfm_EBIT" />
    <presentationArc xlink:type="arc"
      xlink:arcrole="http://www.xbrl.org/2003/arcrole/parent-child"
      xlink:from="dcfm_SelectedOperatingDataHierarchy"
      xlink:to="dcfm_EBIT"
      order="3"
      use="optional" />
    <loc xlink:type="locator"
      xlink:label="dcfm_DepreciationAndAmortization"
      xlink:href="DiscountedCashFlowModel.xsd#dcfm_DepreciationAndAmortization" />
    <presentationArc xlink:type="arc"
      xlink:arcrole="http://www.xbrl.org/2003/arcrole/parent-child"
      xlink:from="dcfm_SelectedOperatingDataHierarchy"
      xlink:to="dcfm_DepreciationAndAmortization"
      order="4"
      use="optional" />
    <loc xlink:type="locator"
      xlink:label="dcfm_GrowthRatesSelectedOperatingDataHierarchy"
      xlink:href="DiscountedCashFlowModel.xsd#dcfm_GrowthRatesSelectedOperatingDataHierarchy" />
    <presentationArc xlink:type="arc"
      xlink:arcrole="http://www.xbrl.org/2003/arcrole/parent-child"
      xlink:from="dcfm_SelectedOperatingDataHypercube"
      xlink:to="dcfm_GrowthRatesSelectedOperatingDataHierarchy"
      order="2"
      use="optional" />
    <loc xlink:type="locator"
      xlink:label="dcfm_RevenueGrowthRate"
      xlink:href="DiscountedCashFlowModel.xsd#dcfm_RevenueGrowthRate" />
    <presentationArc xlink:type="arc"
      xlink:arcrole="http://www.xbrl.org/2003/arcrole/parent-child"
      xlink:from="dcfm_GrowthRatesSelectedOperatingDataHierarchy"
      xlink:to="dcfm_RevenueGrowthRate"
      order="1"
      use="optional" />
    <loc xlink:type="locator"
      xlink:label="dcfm_EBITDAMargin"
      xlink:href="DiscountedCashFlowModel.xsd#dcfm_EBITDAMargin" />
    <presentationArc xlink:type="arc"
      xlink:arcrole="http://www.xbrl.org/2003/arcrole/parent-child"
      xlink:from="dcfm_GrowthRatesSelectedOperatingDataHierarchy"
      xlink:to="dcfm_EBITDAMargin"
      order="2"
      use="optional" />
    <loc xlink:type="locator"
      xlink:label="dcfm_EBITMargin"
      xlink:href="DiscountedCashFlowModel.xsd#dcfm_EBITMargin" />
    <presentationArc xlink:type="arc"
      xlink:arcrole="http://www.xbrl.org/2003/arcrole/parent-child"
      xlink:from="dcfm_GrowthRatesSelectedOperatingDataHierarchy"
      xlink:to="dcfm_EBITMargin"
      order="3"
      use="optional" />
    <loc xlink:type="locator"
      xlink:label="dcfm_DepreciationAndAmortizationAsPercentOfRevenue"
      xlink:href="DiscountedCashFlowModel.xsd#dcfm_DepreciationAndAmortizationAsPercentOfRevenue" />
    <presentationArc xlink:type="arc"
      xlink:arcrole="http://www.xbrl.org/2003/arcrole/parent-child"
      xlink:from="dcfm_GrowthRatesSelectedOperatingDataHierarchy"
      xlink:to="dcfm_DepreciationAndAmortizationAsPercentOfRevenue"
      order="4"
      use="optional" />
  </presentationLink>
  <presentationLink xlink:type="extended"
    xlink:role="http://www.example.com/SelectedBalanceSheetAndOtherData">
    <loc xlink:type="locator"
      xlink:label="dcfm_SelectedBalanceSheetOtherDataHypercube"
      xlink:href="DiscountedCashFlowModel.xsd#dcfm_SelectedBalanceSheetOtherDataHypercube" />
    <loc xlink:type="locator"
      xlink:label="dcfm_SelectedBalanceSheetOtherDataHierarchy"
      xlink:href="DiscountedCashFlowModel.xsd#dcfm_SelectedBalanceSheetOtherDataHierarchy" />
    <presentationArc xlink:type="arc"
      xlink:arcrole="http://www.xbrl.org/2003/arcrole/parent-child"
      xlink:from="dcfm_SelectedBalanceSheetOtherDataHypercube"
      xlink:to="dcfm_SelectedBalanceSheetOtherDataHierarchy"
      order="1"
      use="optional" />
    <loc xlink:type="locator"
      xlink:label="dcfm_Cash"
      xlink:href="DiscountedCashFlowModel.xsd#dcfm_Cash" />
    <presentationArc xlink:type="arc"
      xlink:arcrole="http://www.xbrl.org/2003/arcrole/parent-child"
      xlink:from="dcfm_SelectedBalanceSheetOtherDataHierarchy"
      xlink:to="dcfm_Cash"
      order="1"
      use="optional" />
    <loc xlink:type="locator"
      xlink:label="dcfm_AccountsReceivable"
      xlink:href="DiscountedCashFlowModel.xsd#dcfm_AccountsReceivable" />
    <presentationArc xlink:type="arc"
      xlink:arcrole="http://www.xbrl.org/2003/arcrole/parent-child"
      xlink:from="dcfm_SelectedBalanceSheetOtherDataHierarchy"
      xlink:to="dcfm_AccountsReceivable"
      order="2"
      use="optional" />
    <loc xlink:type="locator"
      xlink:label="dcfm_Inventories"
      xlink:href="DiscountedCashFlowModel.xsd#dcfm_Inventories" />
    <presentationArc xlink:type="arc"
      xlink:arcrole="http://www.xbrl.org/2003/arcrole/parent-child"
      xlink:from="dcfm_SelectedBalanceSheetOtherDataHierarchy"
      xlink:to="dcfm_Inventories"
      order="3"
      use="optional" />
    <loc xlink:type="locator"
      xlink:label="dcfm_PrepaidExpenses"
      xlink:href="DiscountedCashFlowModel.xsd#dcfm_PrepaidExpenses" />
    <presentationArc xlink:type="arc"
      xlink:arcrole="http://www.xbrl.org/2003/arcrole/parent-child"
      xlink:from="dcfm_SelectedBalanceSheetOtherDataHierarchy"
      xlink:to="dcfm_PrepaidExpenses"
      order="4"
      use="optional" />
    <loc xlink:type="locator"
      xlink:label="dcfm_AccountsPayable"
      xlink:href="DiscountedCashFlowModel.xsd#dcfm_AccountsPayable" />
    <presentationArc xlink:type="arc"
      xlink:arcrole="http://www.xbrl.org/2003/arcrole/parent-child"
      xlink:from="dcfm_SelectedBalanceSheetOtherDataHierarchy"
      xlink:to="dcfm_AccountsPayable"
      order="5"
      use="optional" />
    <loc xlink:type="locator"
      xlink:label="dcfm_AccruedExpenses"
      xlink:href="DiscountedCashFlowModel.xsd#dcfm_AccruedExpenses" />
    <presentationArc xlink:type="arc"
      xlink:arcrole="http://www.xbrl.org/2003/arcrole/parent-child"
      xlink:from="dcfm_SelectedBalanceSheetOtherDataHierarchy"
      xlink:to="dcfm_AccruedExpenses"
      order="6"
      use="optional" />
    <loc xlink:type="locator"
      xlink:label="dcfm_Debt"
      xlink:href="DiscountedCashFlowModel.xsd#dcfm_Debt" />
    <presentationArc xlink:type="arc"
      xlink:arcrole="http://www.xbrl.org/2003/arcrole/parent-child"
      xlink:from="dcfm_SelectedBalanceSheetOtherDataHierarchy"
      xlink:to="dcfm_Debt"
      order="7"
      use="optional" />
    <loc xlink:type="locator"
      xlink:label="dcfm_PropertyPlantAndEquipmentGross"
      xlink:href="DiscountedCashFlowModel.xsd#dcfm_PropertyPlantAndEquipmentGross" />
    <presentationArc xlink:type="arc"
      xlink:arcrole="http://www.xbrl.org/2003/arcrole/parent-child"
      xlink:from="dcfm_SelectedBalanceSheetOtherDataHierarchy"
      xlink:to="dcfm_PropertyPlantAndEquipmentGross"
      order="8"
      use="optional" />
    <loc xlink:type="locator"
      xlink:label="dcfm_GrowthRatesHierarchy"
      xlink:href="DiscountedCashFlowModel.xsd#dcfm_GrowthRatesHierarchy" />
    <presentationArc xlink:type="arc"
      xlink:arcrole="http://www.xbrl.org/2003/arcrole/parent-child"
      xlink:from="dcfm_SelectedBalanceSheetOtherDataHypercube"
      xlink:to="dcfm_GrowthRatesHierarchy"
      order="2"
      use="optional" />
    <loc xlink:type="locator"
      xlink:label="dcfm_AccountsReceivableGrowth"
      xlink:href="DiscountedCashFlowModel.xsd#dcfm_AccountsReceivableGrowth" />
    <presentationArc xlink:type="arc"
      xlink:arcrole="http://www.xbrl.org/2003/arcrole/parent-child"
      xlink:from="dcfm_GrowthRatesHierarchy"
      xlink:to="dcfm_AccountsReceivableGrowth"
      order="1"
      use="optional" />
    <loc xlink:type="locator"
      xlink:label="dcfm_InventoriesGrowth"
      xlink:href="DiscountedCashFlowModel.xsd#dcfm_InventoriesGrowth" />
    <presentationArc xlink:type="arc"
      xlink:arcrole="http://www.xbrl.org/2003/arcrole/parent-child"
      xlink:from="dcfm_GrowthRatesHierarchy"
      xlink:to="dcfm_InventoriesGrowth"
      order="2"
      use="optional" />
    <loc xlink:type="locator"
      xlink:label="dcfm_PrepaidExpensesGrowth"
      xlink:href="DiscountedCashFlowModel.xsd#dcfm_PrepaidExpensesGrowth" />
    <presentationArc xlink:type="arc"
      xlink:arcrole="http://www.xbrl.org/2003/arcrole/parent-child"
      xlink:from="dcfm_GrowthRatesHierarchy"
      xlink:to="dcfm_PrepaidExpensesGrowth"
      order="3"
      use="optional" />
    <loc xlink:type="locator"
      xlink:label="dcfm_AccountsPayableGrowth"
      xlink:href="DiscountedCashFlowModel.xsd#dcfm_AccountsPayableGrowth" />
    <presentationArc xlink:type="arc"
      xlink:arcrole="http://www.xbrl.org/2003/arcrole/parent-child"
      xlink:from="dcfm_GrowthRatesHierarchy"
      xlink:to="dcfm_AccountsPayableGrowth"
      order="4"
      use="optional" />
    <loc xlink:type="locator"
      xlink:label="dcfm_AccruedExpensesGrowth"
      xlink:href="DiscountedCashFlowModel.xsd#dcfm_AccruedExpensesGrowth" />
    <presentationArc xlink:type="arc"
      xlink:arcrole="http://www.xbrl.org/2003/arcrole/parent-child"
      xlink:from="dcfm_GrowthRatesHierarchy"
      xlink:to="dcfm_AccruedExpensesGrowth"
      order="5"
      use="optional" />
    <loc xlink:type="locator"
      xlink:label="dcfm_CapitalExpendituresGrowth"
      xlink:href="DiscountedCashFlowModel.xsd#dcfm_CapitalExpendituresGrowth" />
    <presentationArc xlink:type="arc"
      xlink:arcrole="http://www.xbrl.org/2003/arcrole/parent-child"
      xlink:from="dcfm_GrowthRatesHierarchy"
      xlink:to="dcfm_CapitalExpendituresGrowth"
      order="6"
      use="optional" />
  </presentationLink>
  <presentationLink xlink:type="extended"
    xlink:role="http://www.example.com/FreeCashFlowBuildup">
    <loc xlink:type="locator"
      xlink:label="dcfm_FreeCashFlowBuildupHypercube"
      xlink:href="DiscountedCashFlowModel.xsd#dcfm_FreeCashFlowBuildupHypercube" />
    <loc xlink:type="locator"
      xlink:label="dcfm_FreeCashFlowBuildupHierarchy"
      xlink:href="DiscountedCashFlowModel.xsd#dcfm_FreeCashFlowBuildupHierarchy" />
    <presentationArc xlink:type="arc"
      xlink:arcrole="http://www.xbrl.org/2003/arcrole/parent-child"
      xlink:from="dcfm_FreeCashFlowBuildupHypercube"
      xlink:to="dcfm_FreeCashFlowBuildupHierarchy"
      order="1"
      use="optional" />
    <loc xlink:type="locator"
      xlink:label="dcfm_Revenue"
      xlink:href="DiscountedCashFlowModel.xsd#dcfm_Revenue" />
    <presentationArc xlink:type="arc"
      xlink:arcrole="http://www.xbrl.org/2003/arcrole/parent-child"
      xlink:from="dcfm_FreeCashFlowBuildupHierarchy"
      xlink:to="dcfm_Revenue"
      preferredLabel="http://www.xbrl.org/2003/role/terseLabel"
      order="1"
      use="optional" />
    <loc xlink:type="locator"
      xlink:label="dcfm_EBITDA"
      xlink:href="DiscountedCashFlowModel.xsd#dcfm_EBITDA" />
    <presentationArc xlink:type="arc"
      xlink:arcrole="http://www.xbrl.org/2003/arcrole/parent-child"
      xlink:from="dcfm_FreeCashFlowBuildupHierarchy"
      xlink:to="dcfm_EBITDA"
      order="2"
      use="optional" />
    <loc xlink:type="locator"
      xlink:label="dcfm_EBIT"
      xlink:href="DiscountedCashFlowModel.xsd#dcfm_EBIT" />
    <presentationArc xlink:type="arc"
      xlink:arcrole="http://www.xbrl.org/2003/arcrole/parent-child"
      xlink:from="dcfm_FreeCashFlowBuildupHierarchy"
      xlink:to="dcfm_EBIT"
      order="3"
      use="optional" />
    <loc xlink:type="locator"
      xlink:label="dcfm_TaxRate"
      xlink:href="DiscountedCashFlowModel.xsd#dcfm_TaxRate" />
    <presentationArc xlink:type="arc"
      xlink:arcrole="http://www.xbrl.org/2003/arcrole/parent-child"
      xlink:from="dcfm_FreeCashFlowBuildupHierarchy"
      xlink:to="dcfm_TaxRate"
      order="4"
      use="optional" />
    <loc xlink:type="locator"
      xlink:label="dcfm_EBIAT"
      xlink:href="DiscountedCashFlowModel.xsd#dcfm_EBIAT" />
    <presentationArc xlink:type="arc"
      xlink:arcrole="http://www.xbrl.org/2003/arcrole/parent-child"
      xlink:from="dcfm_FreeCashFlowBuildupHierarchy"
      xlink:to="dcfm_EBIAT"
      order="5"
      use="optional" />
    <loc xlink:type="locator"
      xlink:label="dcfm_UnleveredFreeCashFlowsRollUp"
      xlink:href="DiscountedCashFlowModel.xsd#dcfm_UnleveredFreeCashFlowsRollUp" />
    <presentationArc xlink:type="arc"
      xlink:arcrole="http://www.xbrl.org/2003/arcrole/parent-child"
      xlink:from="dcfm_FreeCashFlowBuildupHypercube"
      xlink:to="dcfm_UnleveredFreeCashFlowsRollUp"
      order="2"
      use="optional" />
    <presentationArc xlink:type="arc"
      xlink:arcrole="http://www.xbrl.org/2003/arcrole/parent-child"
      xlink:from="dcfm_UnleveredFreeCashFlowsRollUp"
      xlink:to="dcfm_EBIAT"
      order="1"
      use="optional" />
    <loc xlink:type="locator"
      xlink:label="dcfm_DepreciationAndAmortization"
      xlink:href="DiscountedCashFlowModel.xsd#dcfm_DepreciationAndAmortization" />
    <presentationArc xlink:type="arc"
      xlink:arcrole="http://www.xbrl.org/2003/arcrole/parent-child"
      xlink:from="dcfm_UnleveredFreeCashFlowsRollUp"
      xlink:to="dcfm_DepreciationAndAmortization"
      order="2"
      use="optional" />
    <loc xlink:type="locator"
      xlink:label="dcfm_AccountsReceivableIncreaseDecrease"
      xlink:href="DiscountedCashFlowModel.xsd#dcfm_AccountsReceivableIncreaseDecrease" />
    <presentationArc xlink:type="arc"
      xlink:arcrole="http://www.xbrl.org/2003/arcrole/parent-child"
      xlink:from="dcfm_UnleveredFreeCashFlowsRollUp"
      xlink:to="dcfm_AccountsReceivableIncreaseDecrease"
      order="3"
      use="optional" />
    <loc xlink:type="locator"
      xlink:label="dcfm_InventoriesIncreaseDecrease"
      xlink:href="DiscountedCashFlowModel.xsd#dcfm_InventoriesIncreaseDecrease" />
    <presentationArc xlink:type="arc"
      xlink:arcrole="http://www.xbrl.org/2003/arcrole/parent-child"
      xlink:from="dcfm_UnleveredFreeCashFlowsRollUp"
      xlink:to="dcfm_InventoriesIncreaseDecrease"
      order="4"
      use="optional" />
    <loc xlink:type="locator"
      xlink:label="dcfm_PrepaidExpensesIncreaseDecrease"
      xlink:href="DiscountedCashFlowModel.xsd#dcfm_PrepaidExpensesIncreaseDecrease" />
    <presentationArc xlink:type="arc"
      xlink:arcrole="http://www.xbrl.org/2003/arcrole/parent-child"
      xlink:from="dcfm_UnleveredFreeCashFlowsRollUp"
      xlink:to="dcfm_PrepaidExpensesIncreaseDecrease"
      order="5"
      use="optional" />
    <loc xlink:type="locator"
      xlink:label="dcfm_AccountsPayableIncreaseDecrease"
      xlink:href="DiscountedCashFlowModel.xsd#dcfm_AccountsPayableIncreaseDecrease" />
    <presentationArc xlink:type="arc"
      xlink:arcrole="http://www.xbrl.org/2003/arcrole/parent-child"
      xlink:from="dcfm_UnleveredFreeCashFlowsRollUp"
      xlink:to="dcfm_AccountsPayableIncreaseDecrease"
      order="6"
      use="optional" />
    <loc xlink:type="locator"
      xlink:label="dcfm_AccruedExpensesIncreaseDecrease"
      xlink:href="DiscountedCashFlowModel.xsd#dcfm_AccruedExpensesIncreaseDecrease" />
    <presentationArc xlink:type="arc"
      xlink:arcrole="http://www.xbrl.org/2003/arcrole/parent-child"
      xlink:from="dcfm_UnleveredFreeCashFlowsRollUp"
      xlink:to="dcfm_AccruedExpensesIncreaseDecrease"
      order="7"
      use="optional" />
    <loc xlink:type="locator"
      xlink:label="dcfm_CapitalExpenditures"
      xlink:href="DiscountedCashFlowModel.xsd#dcfm_CapitalExpenditures" />
    <presentationArc xlink:type="arc"
      xlink:arcrole="http://www.xbrl.org/2003/arcrole/parent-child"
      xlink:from="dcfm_UnleveredFreeCashFlowsRollUp"
      xlink:to="dcfm_CapitalExpenditures"
      order="8"
      use="optional" />
    <loc xlink:type="locator"
      xlink:label="dcfm_UnleveredFreeCashFlows"
      xlink:href="DiscountedCashFlowModel.xsd#dcfm_UnleveredFreeCashFlows" />
    <presentationArc xlink:type="arc"
      xlink:arcrole="http://www.xbrl.org/2003/arcrole/parent-child"
      xlink:from="dcfm_UnleveredFreeCashFlowsRollUp"
      xlink:to="dcfm_UnleveredFreeCashFlows"
      order="9"
      use="optional" />
    <loc xlink:type="locator"
      xlink:label="dcfm_PresentValueFreeCashFlowsHierarchy"
      xlink:href="DiscountedCashFlowModel.xsd#dcfm_PresentValueFreeCashFlowsHierarchy" />
    <presentationArc xlink:type="arc"
      xlink:arcrole="http://www.xbrl.org/2003/arcrole/parent-child"
      xlink:from="dcfm_FreeCashFlowBuildupHypercube"
      xlink:to="dcfm_PresentValueFreeCashFlowsHierarchy"
      order="3"
      use="optional" />
    <presentationArc xlink:type="arc"
      xlink:arcrole="http://www.xbrl.org/2003/arcrole/parent-child"
      xlink:from="dcfm_PresentValueFreeCashFlowsHierarchy"
      xlink:to="dcfm_UnleveredFreeCashFlows"
      order="1"
      use="optional" />
    <loc xlink:type="locator"
      xlink:label="dcfm_WACC"
      xlink:href="DiscountedCashFlowModel.xsd#dcfm_WACC" />
    <presentationArc xlink:type="arc"
      xlink:arcrole="http://www.xbrl.org/2003/arcrole/parent-child"
      xlink:from="dcfm_PresentValueFreeCashFlowsHierarchy"
      xlink:to="dcfm_WACC"
      preferredLabel="http://www.xbrl.org/2003/role/verboseLabel"
      order="2"
      use="optional" />
    <loc xlink:type="locator"
      xlink:label="dcfm_PresentValueOfFreeCashFlows"
      xlink:href="DiscountedCashFlowModel.xsd#dcfm_PresentValueOfFreeCashFlows" />
    <presentationArc xlink:type="arc"
      xlink:arcrole="http://www.xbrl.org/2003/arcrole/parent-child"
      xlink:from="dcfm_PresentValueFreeCashFlowsHierarchy"
      xlink:to="dcfm_PresentValueOfFreeCashFlows"
      order="3"
      use="optional" />
    <loc xlink:type="locator"
      xlink:label="dcfm_SumPresentValuesFCFs"
      xlink:href="DiscountedCashFlowModel.xsd#dcfm_SumPresentValuesFCFs" />
    <presentationArc xlink:type="arc"
      xlink:arcrole="http://www.xbrl.org/2003/arcrole/parent-child"
      xlink:from="dcfm_PresentValueFreeCashFlowsHierarchy"
      xlink:to="dcfm_SumPresentValuesFCFs"
      order="4"
      use="optional" />
  </presentationLink>
  <presentationLink xlink:type="extended"
    xlink:role="http://www.example.com/TerminalValue">
    <loc xlink:type="locator"
      xlink:label="dcfm_TerminalValueHypercube"
      xlink:href="DiscountedCashFlowModel.xsd#dcfm_TerminalValueHypercube" />
    <loc xlink:type="locator"
      xlink:label="dcfm_TerminalValueHierarchy"
      xlink:href="DiscountedCashFlowModel.xsd#dcfm_TerminalValueHierarchy" />
    <presentationArc xlink:type="arc"
      xlink:arcrole="http://www.xbrl.org/2003/arcrole/parent-child"
      xlink:from="dcfm_TerminalValueHypercube"
      xlink:to="dcfm_TerminalValueHierarchy"
      order="1"
      use="optional" />
    <loc xlink:type="locator"
      xlink:label="dcfm_LongTermGrowthRate"
      xlink:href="DiscountedCashFlowModel.xsd#dcfm_LongTermGrowthRate" />
    <presentationArc xlink:type="arc"
      xlink:arcrole="http://www.xbrl.org/2003/arcrole/parent-child"
      xlink:from="dcfm_TerminalValueHierarchy"
      xlink:to="dcfm_LongTermGrowthRate"
      order="1"
      use="optional" />
    <loc xlink:type="locator"
      xlink:label="dcfm_WACC"
      xlink:href="DiscountedCashFlowModel.xsd#dcfm_WACC" />
    <presentationArc xlink:type="arc"
      xlink:arcrole="http://www.xbrl.org/2003/arcrole/parent-child"
      xlink:from="dcfm_TerminalValueHierarchy"
      xlink:to="dcfm_WACC"
      order="2"
      use="optional" />
    <loc xlink:type="locator"
      xlink:label="dcfm_FreeCashFlow"
      xlink:href="DiscountedCashFlowModel.xsd#dcfm_FreeCashFlow" />
    <presentationArc xlink:type="arc"
      xlink:arcrole="http://www.xbrl.org/2003/arcrole/parent-child"
      xlink:from="dcfm_TerminalValueHierarchy"
      xlink:to="dcfm_FreeCashFlow"
      order="3"
      use="optional" />
    <loc xlink:type="locator"
      xlink:label="dcfm_TerminalValue"
      xlink:href="DiscountedCashFlowModel.xsd#dcfm_TerminalValue" />
    <presentationArc xlink:type="arc"
      xlink:arcrole="http://www.xbrl.org/2003/arcrole/parent-child"
      xlink:from="dcfm_TerminalValueHierarchy"
      xlink:to="dcfm_TerminalValue"
      order="4"
      use="optional" />
    <loc xlink:type="locator"
      xlink:label="dcfm_PresentValueOfTerminalValue"
      xlink:href="DiscountedCashFlowModel.xsd#dcfm_PresentValueOfTerminalValue" />
    <presentationArc xlink:type="arc"
      xlink:arcrole="http://www.xbrl.org/2003/arcrole/parent-child"
      xlink:from="dcfm_TerminalValueHierarchy"
      xlink:to="dcfm_PresentValueOfTerminalValue"
      order="5"
      use="optional" />
  </presentationLink>
  <presentationLink xlink:type="extended"
    xlink:role="http://www.example.com/WACC">
    <loc xlink:type="locator"
      xlink:label="dcfm_WeightedAverageCostCapitalHypercube"
      xlink:href="DiscountedCashFlowModel.xsd#dcfm_WeightedAverageCostCapitalHypercube" />
    <loc xlink:type="locator"
      xlink:label="dcfm_WeightedAverageCostCapitalComponentsHierarchy"
      xlink:href="DiscountedCashFlowModel.xsd#dcfm_WeightedAverageCostCapitalComponentsHierarchy" />
    <presentationArc xlink:type="arc"
      xlink:arcrole="http://www.xbrl.org/2003/arcrole/parent-child"
      xlink:from="dcfm_WeightedAverageCostCapitalHypercube"
      xlink:to="dcfm_WeightedAverageCostCapitalComponentsHierarchy"
      order="1"
      use="optional" />
    <loc xlink:type="locator"
      xlink:label="dcfm_SharePrice"
      xlink:href="DiscountedCashFlowModel.xsd#dcfm_SharePrice" />
    <presentationArc xlink:type="arc"
      xlink:arcrole="http://www.xbrl.org/2003/arcrole/parent-child"
      xlink:from="dcfm_WeightedAverageCostCapitalComponentsHierarchy"
      xlink:to="dcfm_SharePrice"
      order="1"
      use="optional" />
    <loc xlink:type="locator"
      xlink:label="dcfm_DilutedSharesOutstanding"
      xlink:href="DiscountedCashFlowModel.xsd#dcfm_DilutedSharesOutstanding" />
    <presentationArc xlink:type="arc"
      xlink:arcrole="http://www.xbrl.org/2003/arcrole/parent-child"
      xlink:from="dcfm_WeightedAverageCostCapitalComponentsHierarchy"
      xlink:to="dcfm_DilutedSharesOutstanding"
      order="2"
      use="optional" />
    <loc xlink:type="locator"
      xlink:label="dcfm_CostOfDebt"
      xlink:href="DiscountedCashFlowModel.xsd#dcfm_CostOfDebt" />
    <presentationArc xlink:type="arc"
      xlink:arcrole="http://www.xbrl.org/2003/arcrole/parent-child"
      xlink:from="dcfm_WeightedAverageCostCapitalComponentsHierarchy"
      xlink:to="dcfm_CostOfDebt"
      order="3"
      use="optional" />
    <loc xlink:type="locator"
      xlink:label="dcfm_TaxRate"
      xlink:href="DiscountedCashFlowModel.xsd#dcfm_TaxRate" />
    <presentationArc xlink:type="arc"
      xlink:arcrole="http://www.xbrl.org/2003/arcrole/parent-child"
      xlink:from="dcfm_WeightedAverageCostCapitalComponentsHierarchy"
      xlink:to="dcfm_TaxRate"
      order="4"
      use="optional" />
    <loc xlink:type="locator"
      xlink:label="dcfm_AfterTaxCostOfDebt"
      xlink:href="DiscountedCashFlowModel.xsd#dcfm_AfterTaxCostOfDebt" />
    <presentationArc xlink:type="arc"
      xlink:arcrole="http://www.xbrl.org/2003/arcrole/parent-child"
      xlink:from="dcfm_WeightedAverageCostCapitalComponentsHierarchy"
      xlink:to="dcfm_AfterTaxCostOfDebt"
      order="5"
      use="optional" />
    <loc xlink:type="locator"
      xlink:label="dcfm_CostOfEquity"
      xlink:href="DiscountedCashFlowModel.xsd#dcfm_CostOfEquity" />
    <presentationArc xlink:type="arc"
      xlink:arcrole="http://www.xbrl.org/2003/arcrole/parent-child"
      xlink:from="dcfm_WeightedAverageCostCapitalComponentsHierarchy"
      xlink:to="dcfm_CostOfEquity"
      order="6"
      use="optional" />
    <loc xlink:type="locator"
      xlink:label="dcfm_TotalCapitalRollUp"
      xlink:href="DiscountedCashFlowModel.xsd#dcfm_TotalCapitalRollUp" />
    <presentationArc xlink:type="arc"
      xlink:arcrole="http://www.xbrl.org/2003/arcrole/parent-child"
      xlink:from="dcfm_WeightedAverageCostCapitalHypercube"
      xlink:to="dcfm_TotalCapitalRollUp"
      order="2"
      use="optional" />
    <loc xlink:type="locator"
      xlink:label="dcfm_Debt"
      xlink:href="DiscountedCashFlowModel.xsd#dcfm_Debt" />
    <presentationArc xlink:type="arc"
      xlink:arcrole="http://www.xbrl.org/2003/arcrole/parent-child"
      xlink:from="dcfm_TotalCapitalRollUp" xlink:to="dcfm_Debt"
      preferredLabel="http://www.xbrl.org/2003/role/verboseLabel"
      order="1"
      use="optional" />
    <loc xlink:type="locator"
      xlink:label="dcfm_Equity"
      xlink:href="DiscountedCashFlowModel.xsd#dcfm_Equity" />
    <presentationArc xlink:type="arc"
      xlink:arcrole="http://www.xbrl.org/2003/arcrole/parent-child"
      xlink:from="dcfm_TotalCapitalRollUp" xlink:to="dcfm_Equity"
      preferredLabel="http://www.xbrl.org/2003/role/verboseLabel"
      order="2"
      use="optional" />
    <loc xlink:type="locator"
      xlink:label="dcfm_Capital"
      xlink:href="DiscountedCashFlowModel.xsd#dcfm_Capital" />
    <presentationArc xlink:type="arc"
      xlink:arcrole="http://www.xbrl.org/2003/arcrole/parent-child"
      xlink:from="dcfm_TotalCapitalRollUp" xlink:to="dcfm_Capital"
      preferredLabel="http://www.xbrl.org/2003/role/verboseLabel"
      order="3"
      use="optional" />
    <loc xlink:type="locator"
      xlink:label="dcfm_WeightingsHierarchy"
      xlink:href="DiscountedCashFlowModel.xsd#dcfm_WeightingsHierarchy" />
    <presentationArc xlink:type="arc"
      xlink:arcrole="http://www.xbrl.org/2003/arcrole/parent-child"
      xlink:from="dcfm_WeightedAverageCostCapitalHypercube"
      xlink:to="dcfm_WeightingsHierarchy"
      order="3"
      use="optional" />
    <loc xlink:type="locator"
      xlink:label="dcfm_DebtWeighting"
      xlink:href="DiscountedCashFlowModel.xsd#dcfm_DebtWeighting" />
    <presentationArc xlink:type="arc"
      xlink:arcrole="http://www.xbrl.org/2003/arcrole/parent-child"
      xlink:from="dcfm_WeightingsHierarchy"
      xlink:to="dcfm_DebtWeighting"
      order="1"
      use="optional" />
    <loc xlink:type="locator"
      xlink:label="dcfm_EquityWeighting"
      xlink:href="DiscountedCashFlowModel.xsd#dcfm_EquityWeighting" />
    <presentationArc xlink:type="arc"
      xlink:arcrole="http://www.xbrl.org/2003/arcrole/parent-child"
      xlink:from="dcfm_WeightingsHierarchy"
      xlink:to="dcfm_EquityWeighting"
      order="2"
      use="optional" />
    <loc xlink:type="locator"
      xlink:label="dcfm_ResultingWACCHierarchy"
      xlink:href="DiscountedCashFlowModel.xsd#dcfm_ResultingWACCHierarchy" />
    <presentationArc xlink:type="arc"
      xlink:arcrole="http://www.xbrl.org/2003/arcrole/parent-child"
      xlink:from="dcfm_WeightedAverageCostCapitalHypercube"
      xlink:to="dcfm_ResultingWACCHierarchy"
      order="4"
      use="optional" />
    <loc xlink:type="locator"
      xlink:label="dcfm_WACC"
      xlink:href="DiscountedCashFlowModel.xsd#dcfm_WACC" />
    <presentationArc xlink:type="arc"
      xlink:arcrole="http://www.xbrl.org/2003/arcrole/parent-child"
      xlink:from="dcfm_ResultingWACCHierarchy"
      xlink:to="dcfm_WACC"
      order="1"
      use="optional" />
  </presentationLink>
  <presentationLink xlink:type="extended"
    xlink:role="http://www.example.com/EnterpriseValueToEquityValue">
    <loc xlink:type="locator"
      xlink:label="dcfm_EnterpriseValueToEquityValueHypercube"
      xlink:href="DiscountedCashFlowModel.xsd#dcfm_EnterpriseValueToEquityValueHypercube" />
    <loc xlink:type="locator"
      xlink:label="dcfm_EquityValueRollUp"
      xlink:href="DiscountedCashFlowModel.xsd#dcfm_EquityValueRollUp" />
    <presentationArc xlink:type="arc"
      xlink:arcrole="http://www.xbrl.org/2003/arcrole/parent-child"
      xlink:from="dcfm_EnterpriseValueToEquityValueHypercube"
      xlink:to="dcfm_EquityValueRollUp"
      order="1"
      use="optional" />
    <loc xlink:type="locator"
      xlink:label="dcfm_EnterpriseValue"
      xlink:href="DiscountedCashFlowModel.xsd#dcfm_EnterpriseValue" />
    <presentationArc xlink:type="arc"
      xlink:arcrole="http://www.xbrl.org/2003/arcrole/parent-child"
      xlink:from="dcfm_EquityValueRollUp" xlink:to="dcfm_EnterpriseValue"
      order="1"
      use="optional" />
    <loc xlink:type="locator"
      xlink:label="dcfm_NetDebt"
      xlink:href="DiscountedCashFlowModel.xsd#dcfm_NetDebt" />
    <presentationArc xlink:type="arc"
      xlink:arcrole="http://www.xbrl.org/2003/arcrole/parent-child"
      xlink:from="dcfm_EquityValueRollUp" xlink:to="dcfm_NetDebt"
      preferredLabel="http://www.xbrl.org/2003/role/verboseLabel"
      order="2"
      use="optional" />
    <loc xlink:type="locator"
      xlink:label="dcfm_EquityValue"
      xlink:href="DiscountedCashFlowModel.xsd#dcfm_EquityValue" />
    <presentationArc xlink:type="arc"
      xlink:arcrole="http://www.xbrl.org/2003/arcrole/parent-child"
      xlink:from="dcfm_EquityValueRollUp" xlink:to="dcfm_EquityValue"
      order="3"
      use="optional" />
    <loc xlink:type="locator"
      xlink:label="dcfm_EquityValuePerShareHierarchy"
      xlink:href="DiscountedCashFlowModel.xsd#dcfm_EquityValuePerShareHierarchy" />
    <presentationArc xlink:type="arc"
      xlink:arcrole="http://www.xbrl.org/2003/arcrole/parent-child"
      xlink:from="dcfm_EnterpriseValueToEquityValueHypercube"
      xlink:to="dcfm_EquityValuePerShareHierarchy"
      order="2"
      use="optional" />
    <presentationArc xlink:type="arc"
      xlink:arcrole="http://www.xbrl.org/2003/arcrole/parent-child"
      xlink:from="dcfm_EquityValuePerShareHierarchy"
      xlink:to="dcfm_EquityValue"
      order="1"
      use="optional" />
    <loc xlink:type="locator"
      xlink:label="dcfm_DilutedSharesOutstanding"
      xlink:href="DiscountedCashFlowModel.xsd#dcfm_DilutedSharesOutstanding" />
    <presentationArc xlink:type="arc"
      xlink:arcrole="http://www.xbrl.org/2003/arcrole/parent-child"
      xlink:from="dcfm_EquityValuePerShareHierarchy"
      xlink:to="dcfm_DilutedSharesOutstanding"
      order="2"
      use="optional" />
    <loc xlink:type="locator"
      xlink:label="dcfm_EquityValuePerShare"
      xlink:href="DiscountedCashFlowModel.xsd#dcfm_EquityValuePerShare" />
    <presentationArc xlink:type="arc"
      xlink:arcrole="http://www.xbrl.org/2003/arcrole/parent-child"
      xlink:from="dcfm_EquityValuePerShareHierarchy"
      xlink:to="dcfm_EquityValuePerShare"
      order="3"
      use="optional" />
  </presentationLink>
  <presentationLink xlink:type="extended"
    xlink:role="http://www.example.com/Conclusion">
    <loc xlink:type="locator"
      xlink:label="dcfm_ConclusionHypercube"
      xlink:href="DiscountedCashFlowModel.xsd#dcfm_ConclusionHypercube" />
    <loc xlink:type="locator"
      xlink:label="dcfm_ValuationGapRollUp"
      xlink:href="DiscountedCashFlowModel.xsd#dcfm_ValuationGapRollUp" />
    <presentationArc xlink:type="arc"
      xlink:arcrole="http://www.xbrl.org/2003/arcrole/parent-child"
      xlink:from="dcfm_ConclusionHypercube"
      xlink:to="dcfm_ValuationGapRollUp"
      order="1"
      use="optional" />
    <loc xlink:type="locator"
      xlink:label="dcfm_EquityValuePerShare"
      xlink:href="DiscountedCashFlowModel.xsd#dcfm_EquityValuePerShare" />
    <presentationArc xlink:type="arc"
      xlink:arcrole="http://www.xbrl.org/2003/arcrole/parent-child"
      xlink:from="dcfm_ValuationGapRollUp" xlink:to="dcfm_EquityValuePerShare"
      order="1"
      use="optional" />
    <loc xlink:type="locator"
      xlink:label="dcfm_SharePriceOnValuationDate"
      xlink:href="DiscountedCashFlowModel.xsd#dcfm_SharePriceOnValuationDate" />
    <presentationArc xlink:type="arc"
      xlink:arcrole="http://www.xbrl.org/2003/arcrole/parent-child"
      xlink:from="dcfm_ValuationGapRollUp" xlink:to="dcfm_SharePriceOnValuationDate"
      order="2"
      use="optional" />
    <loc xlink:type="locator"
      xlink:label="dcfm_ValuationGapPerShare"
      xlink:href="DiscountedCashFlowModel.xsd#dcfm_ValuationGapPerShare" />
    <presentationArc xlink:type="arc"
      xlink:arcrole="http://www.xbrl.org/2003/arcrole/parent-child"
      xlink:from="dcfm_ValuationGapRollUp" xlink:to="dcfm_ValuationGapPerShare"
      order="3"
      use="optional" />
  </presentationLink>
</linkbase>