<?xml version="1.0" encoding="utf-8"?>
<!--
Taxonomy Presentation Links linkbase based on XBRL standard Version 2.1.
Created by UBmatrix Taxonomy Designer 3.0.3.2436 (2009-06-02 13:18).  
Contact www.ubmatrix.com
Copyright (c) 2002-2017 UBmatrix inc., All Rights Reserved
Produced on 2017-05-08 07:10:42
-->
<linkbase
  xmlns="http://www.xbrl.org/2003/linkbase"
  xmlns:xsi="http://www.w3.org/2001/XMLSchema-instance"
  xmlns:xlink="http://www.w3.org/1999/xlink"
  xsi:schemaLocation="
    http://www.xbrl.org/2003/linkbase 
      http://www.xbrl.org/2003/xbrl-linkbase-2003-12-31.xsd
    ">
  <roleRef xlink:type="simple"
    xlink:href="PivotTable.xsd#SalesAnalysisSummary"
    roleURI="http://xbrlsite.azurewebsites.net/DigitalFinancialReporting/BusinessUseCases/PivotTable/SalesAnalysisSummary" />
  <roleRef xlink:type="simple"
    xlink:href="PivotTable.xsd#SalesAnalysisByGeographicArea"
    roleURI="http://xbrlsite.azurewebsites.net/DigitalFinancialReporting/BusinessUseCases/PivotTable/SalesAnalysisByGeographicArea" />
  <roleRef xlink:type="simple"
    xlink:href="PivotTable.xsd#SalesAnalysisByBusinessSegment"
    roleURI="http://xbrlsite.azurewebsites.net/DigitalFinancialReporting/BusinessUseCases/PivotTable/SalesAnalysisByBusinessSegment" />
  <presentationLink xlink:type="extended"
    xlink:role="http://xbrlsite.azurewebsites.net/DigitalFinancialReporting/BusinessUseCases/PivotTable/SalesAnalysisSummary">
    <loc xlink:type="locator"
      xlink:label="pattern_SalesAnalysisSummaryTable"
      xlink:href="PivotTable.xsd#pattern_SalesAnalysisSummaryTable" />
    <loc xlink:type="locator"
      xlink:label="frm_LegalEntityAxis"
      xlink:href="http://xbrlsite.azurewebsites.net/DigitalFinancialReporting/Schemas/2017-05-07/frm.xsd#frm_LegalEntityAxis" />
    <presentationArc xlink:type="arc"
      xlink:arcrole="http://www.xbrl.org/2003/arcrole/parent-child"
      xlink:from="pattern_SalesAnalysisSummaryTable"
      xlink:to="frm_LegalEntityAxis"
      order="1"
      use="optional" />
    <loc xlink:type="locator"
      xlink:label="frm_ConsolidatedEntityMember"
      xlink:href="http://xbrlsite.azurewebsites.net/DigitalFinancialReporting/Schemas/2017-05-07/frm.xsd#frm_ConsolidatedEntityMember" />
    <presentationArc xlink:type="arc"
      xlink:arcrole="http://www.xbrl.org/2003/arcrole/parent-child"
      xlink:from="frm_LegalEntityAxis" xlink:to="frm_ConsolidatedEntityMember"
      order="1"
      use="optional" />
    <loc xlink:type="locator"
      xlink:label="frm_BusinessSegmentAxis"
      xlink:href="http://xbrlsite.azurewebsites.net/DigitalFinancialReporting/Schemas/2017-05-07/frm.xsd#frm_BusinessSegmentAxis" />
    <presentationArc xlink:type="arc"
      xlink:arcrole="http://www.xbrl.org/2003/arcrole/parent-child"
      xlink:from="pattern_SalesAnalysisSummaryTable"
      xlink:to="frm_BusinessSegmentAxis"
      order="2"
      use="optional" />
    <loc xlink:type="locator"
      xlink:label="frm_BusinessSegmentsAllMember"
      xlink:href="http://xbrlsite.azurewebsites.net/DigitalFinancialReporting/Schemas/2017-05-07/frm.xsd#frm_BusinessSegmentsAllMember" />
    <presentationArc xlink:type="arc"
      xlink:arcrole="http://www.xbrl.org/2003/arcrole/parent-child"
      xlink:from="frm_BusinessSegmentAxis" xlink:to="frm_BusinessSegmentsAllMember"
      order="1"
      use="optional" />
    <loc xlink:type="locator"
      xlink:label="frm_GeographicAreaAxis"
      xlink:href="http://xbrlsite.azurewebsites.net/DigitalFinancialReporting/Schemas/2017-05-07/frm.xsd#frm_GeographicAreaAxis" />
    <presentationArc xlink:type="arc"
      xlink:arcrole="http://www.xbrl.org/2003/arcrole/parent-child"
      xlink:from="pattern_SalesAnalysisSummaryTable"
      xlink:to="frm_GeographicAreaAxis"
      order="3"
      use="optional" />
    <loc xlink:type="locator"
      xlink:label="frm_GeographicAreasAllMember"
      xlink:href="http://xbrlsite.azurewebsites.net/DigitalFinancialReporting/Schemas/2017-05-07/frm.xsd#frm_GeographicAreasAllMember" />
    <presentationArc xlink:type="arc"
      xlink:arcrole="http://www.xbrl.org/2003/arcrole/parent-child"
      xlink:from="frm_GeographicAreaAxis" xlink:to="frm_GeographicAreasAllMember"
      order="1"
      use="optional" />
    <loc xlink:type="locator"
      xlink:label="pattern_SalesAnalysisSummaryLineItems"
      xlink:href="PivotTable.xsd#pattern_SalesAnalysisSummaryLineItems" />
    <presentationArc xlink:type="arc"
      xlink:arcrole="http://www.xbrl.org/2003/arcrole/parent-child"
      xlink:from="pattern_SalesAnalysisSummaryTable"
      xlink:to="pattern_SalesAnalysisSummaryLineItems"
      order="4"
      use="optional" />
    <loc xlink:type="locator"
      xlink:label="pattern_SalesAnalysisSummaryHierarchy"
      xlink:href="PivotTable.xsd#pattern_SalesAnalysisSummaryHierarchy" />
    <presentationArc xlink:type="arc"
      xlink:arcrole="http://www.xbrl.org/2003/arcrole/parent-child"
      xlink:from="pattern_SalesAnalysisSummaryLineItems"
      xlink:to="pattern_SalesAnalysisSummaryHierarchy"
      order="1"
      use="optional" />
    <loc xlink:type="locator"
      xlink:label="pattern_Sales"
      xlink:href="PivotTable.xsd#pattern_Sales" />
    <presentationArc xlink:type="arc"
      xlink:arcrole="http://www.xbrl.org/2003/arcrole/parent-child"
      xlink:from="pattern_SalesAnalysisSummaryHierarchy"
      xlink:to="pattern_Sales"
      order="1"
      use="optional" />
  </presentationLink>
  <presentationLink xlink:type="extended"
    xlink:role="http://xbrlsite.azurewebsites.net/DigitalFinancialReporting/BusinessUseCases/PivotTable/SalesAnalysisByGeographicArea">
    <loc xlink:type="locator"
      xlink:label="pattern_SalesAnalysisByGeographicAreaTable"
      xlink:href="PivotTable.xsd#pattern_SalesAnalysisByGeographicAreaTable" />
    <loc xlink:type="locator"
      xlink:label="frm_LegalEntityAxis"
      xlink:href="http://xbrlsite.azurewebsites.net/DigitalFinancialReporting/Schemas/2017-05-07/frm.xsd#frm_LegalEntityAxis" />
    <presentationArc xlink:type="arc"
      xlink:arcrole="http://www.xbrl.org/2003/arcrole/parent-child"
      xlink:from="pattern_SalesAnalysisByGeographicAreaTable"
      xlink:to="frm_LegalEntityAxis"
      order="1"
      use="optional" />
    <loc xlink:type="locator"
      xlink:label="frm_ConsolidatedEntityMember"
      xlink:href="http://xbrlsite.azurewebsites.net/DigitalFinancialReporting/Schemas/2017-05-07/frm.xsd#frm_ConsolidatedEntityMember" />
    <presentationArc xlink:type="arc"
      xlink:arcrole="http://www.xbrl.org/2003/arcrole/parent-child"
      xlink:from="frm_LegalEntityAxis" xlink:to="frm_ConsolidatedEntityMember"
      order="1"
      use="optional" />
    <loc xlink:type="locator"
      xlink:label="frm_BusinessSegmentAxis"
      xlink:href="http://xbrlsite.azurewebsites.net/DigitalFinancialReporting/Schemas/2017-05-07/frm.xsd#frm_BusinessSegmentAxis" />
    <presentationArc xlink:type="arc"
      xlink:arcrole="http://www.xbrl.org/2003/arcrole/parent-child"
      xlink:from="pattern_SalesAnalysisByGeographicAreaTable"
      xlink:to="frm_BusinessSegmentAxis"
      order="2"
      use="optional" />
    <loc xlink:type="locator"
      xlink:label="frm_BusinessSegmentsAllMember"
      xlink:href="http://xbrlsite.azurewebsites.net/DigitalFinancialReporting/Schemas/2017-05-07/frm.xsd#frm_BusinessSegmentsAllMember" />
    <presentationArc xlink:type="arc"
      xlink:arcrole="http://www.xbrl.org/2003/arcrole/parent-child"
      xlink:from="frm_BusinessSegmentAxis" xlink:to="frm_BusinessSegmentsAllMember"
      order="1"
      use="optional" />
    <loc xlink:type="locator"
      xlink:label="frm_GeographicAreaAxis"
      xlink:href="http://xbrlsite.azurewebsites.net/DigitalFinancialReporting/Schemas/2017-05-07/frm.xsd#frm_GeographicAreaAxis" />
    <presentationArc xlink:type="arc"
      xlink:arcrole="http://www.xbrl.org/2003/arcrole/parent-child"
      xlink:from="pattern_SalesAnalysisByGeographicAreaTable"
      xlink:to="frm_GeographicAreaAxis"
      order="3"
      use="optional" />
    <loc xlink:type="locator"
      xlink:label="frm_GeographicAreasAllMember"
      xlink:href="http://xbrlsite.azurewebsites.net/DigitalFinancialReporting/Schemas/2017-05-07/frm.xsd#frm_GeographicAreasAllMember" />
    <presentationArc xlink:type="arc"
      xlink:arcrole="http://www.xbrl.org/2003/arcrole/parent-child"
      xlink:from="frm_GeographicAreaAxis" xlink:to="frm_GeographicAreasAllMember"
      order="1"
      use="optional" />
    <loc xlink:type="locator"
      xlink:label="frm_NorthAmericaRegionMember"
      xlink:href="http://xbrlsite.azurewebsites.net/DigitalFinancialReporting/Schemas/2017-05-07/frm.xsd#frm_NorthAmericaRegionMember" />
    <presentationArc xlink:type="arc"
      xlink:arcrole="http://www.xbrl.org/2003/arcrole/parent-child"
      xlink:from="frm_GeographicAreasAllMember"
      xlink:to="frm_NorthAmericaRegionMember"
      order="1"
      use="optional" />
    <loc xlink:type="locator"
      xlink:label="frm_EuropeRegionMember"
      xlink:href="http://xbrlsite.azurewebsites.net/DigitalFinancialReporting/Schemas/2017-05-07/frm.xsd#frm_EuropeRegionMember" />
    <presentationArc xlink:type="arc"
      xlink:arcrole="http://www.xbrl.org/2003/arcrole/parent-child"
      xlink:from="frm_GeographicAreasAllMember"
      xlink:to="frm_EuropeRegionMember"
      order="2"
      use="optional" />
    <loc xlink:type="locator"
      xlink:label="frm_AsiaRegionMember"
      xlink:href="http://xbrlsite.azurewebsites.net/DigitalFinancialReporting/Schemas/2017-05-07/frm.xsd#frm_AsiaRegionMember" />
    <presentationArc xlink:type="arc"
      xlink:arcrole="http://www.xbrl.org/2003/arcrole/parent-child"
      xlink:from="frm_GeographicAreasAllMember"
      xlink:to="frm_AsiaRegionMember"
      order="3"
      use="optional" />
    <loc xlink:type="locator"
      xlink:label="frm_OtherRegionsMember"
      xlink:href="http://xbrlsite.azurewebsites.net/DigitalFinancialReporting/Schemas/2017-05-07/frm.xsd#frm_OtherRegionsMember" />
    <presentationArc xlink:type="arc"
      xlink:arcrole="http://www.xbrl.org/2003/arcrole/parent-child"
      xlink:from="frm_GeographicAreasAllMember"
      xlink:to="frm_OtherRegionsMember"
      order="4"
      use="optional" />
    <loc xlink:type="locator"
      xlink:label="pattern_SalesAnalysisByGeographicAreaLineItems"
      xlink:href="PivotTable.xsd#pattern_SalesAnalysisByGeographicAreaLineItems" />
    <presentationArc xlink:type="arc"
      xlink:arcrole="http://www.xbrl.org/2003/arcrole/parent-child"
      xlink:from="pattern_SalesAnalysisByGeographicAreaTable"
      xlink:to="pattern_SalesAnalysisByGeographicAreaLineItems"
      order="4"
      use="optional" />
    <loc xlink:type="locator"
      xlink:label="pattern_SalesAnalysisByGeographicAreaHierarchy"
      xlink:href="PivotTable.xsd#pattern_SalesAnalysisByGeographicAreaHierarchy" />
    <presentationArc xlink:type="arc"
      xlink:arcrole="http://www.xbrl.org/2003/arcrole/parent-child"
      xlink:from="pattern_SalesAnalysisByGeographicAreaLineItems"
      xlink:to="pattern_SalesAnalysisByGeographicAreaHierarchy"
      order="1"
      use="optional" />
    <loc xlink:type="locator"
      xlink:label="pattern_Sales"
      xlink:href="PivotTable.xsd#pattern_Sales" />
    <presentationArc xlink:type="arc"
      xlink:arcrole="http://www.xbrl.org/2003/arcrole/parent-child"
      xlink:from="pattern_SalesAnalysisByGeographicAreaHierarchy"
      xlink:to="pattern_Sales"
      order="1"
      use="optional" />
  </presentationLink>
  <presentationLink xlink:type="extended"
    xlink:role="http://xbrlsite.azurewebsites.net/DigitalFinancialReporting/BusinessUseCases/PivotTable/SalesAnalysisByBusinessSegment">
    <loc xlink:type="locator"
      xlink:label="pattern_SalesAnalysisByBusinessSegmentTable"
      xlink:href="PivotTable.xsd#pattern_SalesAnalysisByBusinessSegmentTable" />
    <loc xlink:type="locator"
      xlink:label="frm_LegalEntityAxis"
      xlink:href="http://xbrlsite.azurewebsites.net/DigitalFinancialReporting/Schemas/2017-05-07/frm.xsd#frm_LegalEntityAxis" />
    <presentationArc xlink:type="arc"
      xlink:arcrole="http://www.xbrl.org/2003/arcrole/parent-child"
      xlink:from="pattern_SalesAnalysisByBusinessSegmentTable"
      xlink:to="frm_LegalEntityAxis"
      order="1"
      use="optional" />
    <loc xlink:type="locator"
      xlink:label="frm_ConsolidatedEntityMember"
      xlink:href="http://xbrlsite.azurewebsites.net/DigitalFinancialReporting/Schemas/2017-05-07/frm.xsd#frm_ConsolidatedEntityMember" />
    <presentationArc xlink:type="arc"
      xlink:arcrole="http://www.xbrl.org/2003/arcrole/parent-child"
      xlink:from="frm_LegalEntityAxis" xlink:to="frm_ConsolidatedEntityMember"
      order="1"
      use="optional" />
    <loc xlink:type="locator"
      xlink:label="frm_BusinessSegmentAxis"
      xlink:href="http://xbrlsite.azurewebsites.net/DigitalFinancialReporting/Schemas/2017-05-07/frm.xsd#frm_BusinessSegmentAxis" />
    <presentationArc xlink:type="arc"
      xlink:arcrole="http://www.xbrl.org/2003/arcrole/parent-child"
      xlink:from="pattern_SalesAnalysisByBusinessSegmentTable"
      xlink:to="frm_BusinessSegmentAxis"
      order="2"
      use="optional" />
    <loc xlink:type="locator"
      xlink:label="frm_BusinessSegmentsAllMember"
      xlink:href="http://xbrlsite.azurewebsites.net/DigitalFinancialReporting/Schemas/2017-05-07/frm.xsd#frm_BusinessSegmentsAllMember" />
    <presentationArc xlink:type="arc"
      xlink:arcrole="http://www.xbrl.org/2003/arcrole/parent-child"
      xlink:from="frm_BusinessSegmentAxis" xlink:to="frm_BusinessSegmentsAllMember"
      order="1"
      use="optional" />
    <loc xlink:type="locator"
      xlink:label="pattern_PharmaceuticalsSegmentMember"
      xlink:href="PivotTable.xsd#pattern_PharmaceuticalsSegmentMember" />
    <presentationArc xlink:type="arc"
      xlink:arcrole="http://www.xbrl.org/2003/arcrole/parent-child"
      xlink:from="frm_BusinessSegmentsAllMember"
      xlink:to="pattern_PharmaceuticalsSegmentMember"
      order="1"
      use="optional" />
    <loc xlink:type="locator"
      xlink:label="pattern_GenericsSegmentMember"
      xlink:href="PivotTable.xsd#pattern_GenericsSegmentMember" />
    <presentationArc xlink:type="arc"
      xlink:arcrole="http://www.xbrl.org/2003/arcrole/parent-child"
      xlink:from="frm_BusinessSegmentsAllMember"
      xlink:to="pattern_GenericsSegmentMember"
      order="2"
      use="optional" />
    <loc xlink:type="locator"
      xlink:label="pattern_ConsumerHealthSegmentMember"
      xlink:href="PivotTable.xsd#pattern_ConsumerHealthSegmentMember" />
    <presentationArc xlink:type="arc"
      xlink:arcrole="http://www.xbrl.org/2003/arcrole/parent-child"
      xlink:from="frm_BusinessSegmentsAllMember"
      xlink:to="pattern_ConsumerHealthSegmentMember"
      order="3"
      use="optional" />
    <loc xlink:type="locator"
      xlink:label="pattern_OtherSegmentsMember"
      xlink:href="PivotTable.xsd#pattern_OtherSegmentsMember" />
    <presentationArc xlink:type="arc"
      xlink:arcrole="http://www.xbrl.org/2003/arcrole/parent-child"
      xlink:from="frm_BusinessSegmentsAllMember"
      xlink:to="pattern_OtherSegmentsMember"
      order="4"
      use="optional" />
    <loc xlink:type="locator"
      xlink:label="frm_GeographicAreaAxis"
      xlink:href="http://xbrlsite.azurewebsites.net/DigitalFinancialReporting/Schemas/2017-05-07/frm.xsd#frm_GeographicAreaAxis" />
    <presentationArc xlink:type="arc"
      xlink:arcrole="http://www.xbrl.org/2003/arcrole/parent-child"
      xlink:from="pattern_SalesAnalysisByBusinessSegmentTable"
      xlink:to="frm_GeographicAreaAxis"
      order="3"
      use="optional" />
    <loc xlink:type="locator"
      xlink:label="frm_GeographicAreasAllMember"
      xlink:href="http://xbrlsite.azurewebsites.net/DigitalFinancialReporting/Schemas/2017-05-07/frm.xsd#frm_GeographicAreasAllMember" />
    <presentationArc xlink:type="arc"
      xlink:arcrole="http://www.xbrl.org/2003/arcrole/parent-child"
      xlink:from="frm_GeographicAreaAxis" xlink:to="frm_GeographicAreasAllMember"
      order="1"
      use="optional" />
    <loc xlink:type="locator"
      xlink:label="pattern_SalesAnalysisByBusinessSegmentLineItems"
      xlink:href="PivotTable.xsd#pattern_SalesAnalysisByBusinessSegmentLineItems" />
    <presentationArc xlink:type="arc"
      xlink:arcrole="http://www.xbrl.org/2003/arcrole/parent-child"
      xlink:from="pattern_SalesAnalysisByBusinessSegmentTable"
      xlink:to="pattern_SalesAnalysisByBusinessSegmentLineItems"
      order="4"
      use="optional" />
    <loc xlink:type="locator"
      xlink:label="pattern_SalesAnalysisByBusinessSegmentHierarchy"
      xlink:href="PivotTable.xsd#pattern_SalesAnalysisByBusinessSegmentHierarchy" />
    <presentationArc xlink:type="arc"
      xlink:arcrole="http://www.xbrl.org/2003/arcrole/parent-child"
      xlink:from="pattern_SalesAnalysisByBusinessSegmentLineItems"
      xlink:to="pattern_SalesAnalysisByBusinessSegmentHierarchy"
      order="1"
      use="optional" />
    <loc xlink:type="locator"
      xlink:label="pattern_Sales"
      xlink:href="PivotTable.xsd#pattern_Sales" />
    <presentationArc xlink:type="arc"
      xlink:arcrole="http://www.xbrl.org/2003/arcrole/parent-child"
      xlink:from="pattern_SalesAnalysisByBusinessSegmentHierarchy"
      xlink:to="pattern_Sales"
      order="1"
      use="optional" />
  </presentationLink>
</linkbase>