<?xml version="1.0" encoding="utf-8"?>
<!--
Taxonomy Definition Links linkbase based on XBRL standard Version 2.1.
Created by UBmatrix Taxonomy Designer 3.0.3.2436 (2009-06-02 13:18).  
Contact www.ubmatrix.com
Copyright (c) 2002-2017 UBmatrix inc., All Rights Reserved
Produced on 2017-05-01 09:30:58
-->
<linkbase
  xmlns="http://www.xbrl.org/2003/linkbase"
  xmlns:xsi="http://www.w3.org/2001/XMLSchema-instance"
  xmlns:xlink="http://www.w3.org/1999/xlink"
  xmlns:xbrldt="http://xbrl.org/2005/xbrldt"
  xsi:schemaLocation="
    http://www.xbrl.org/2003/linkbase 
      http://www.xbrl.org/2003/xbrl-linkbase-2003-12-31.xsd
    http://xbrl.org/2005/xbrldt  http://www.xbrl.org/2005/xbrldt-2005.xsd
    ">
  <roleRef xlink:type="simple"
    xlink:href="Variance.xsd#VarianceAnalysis"
    roleURI="http://xbrlsite.azurewebsites.net/DigitalFinancialReporting/ConceptArrangementPatterns/Variance/VarianceAnalysis" />
  <arcroleRef xlink:type="simple"
    xlink:href="http://www.xbrl.org/2005/xbrldt-2005.xsd#domain-member"
    arcroleURI="http://xbrl.org/int/dim/arcrole/domain-member" />
  <arcroleRef xlink:type="simple"
    xlink:href="http://www.xbrl.org/2005/xbrldt-2005.xsd#all"
    arcroleURI="http://xbrl.org/int/dim/arcrole/all" />
  <arcroleRef xlink:type="simple"
    xlink:href="http://www.xbrl.org/2005/xbrldt-2005.xsd#hypercube-dimension"
    arcroleURI="http://xbrl.org/int/dim/arcrole/hypercube-dimension" />
  <arcroleRef xlink:type="simple"
    xlink:href="http://www.xbrl.org/2005/xbrldt-2005.xsd#dimension-domain"
    arcroleURI="http://xbrl.org/int/dim/arcrole/dimension-domain" />
  <definitionLink xlink:type="extended"
    xlink:role="http://xbrlsite.azurewebsites.net/DigitalFinancialReporting/ConceptArrangementPatterns/Variance/VarianceAnalysis">
    <loc xlink:type="locator"
      xlink:label="pattern_VarianceAnalysisLineItems"
      xlink:href="Variance.xsd#pattern_VarianceAnalysisLineItems" />
    <loc xlink:type="locator"
      xlink:label="pattern_VarianceAnalysisHierarchy"
      xlink:href="Variance.xsd#pattern_VarianceAnalysisHierarchy" />
    <definitionArc xlink:type="arc"
      xlink:arcrole="http://xbrl.org/int/dim/arcrole/domain-member"
      xlink:from="pattern_VarianceAnalysisLineItems"
      xlink:to="pattern_VarianceAnalysisHierarchy"
      order="1"
      use="optional" />
    <loc xlink:type="locator"
      xlink:label="pattern_Sales"
      xlink:href="Variance.xsd#pattern_Sales" />
    <definitionArc xlink:type="arc"
      xlink:arcrole="http://xbrl.org/int/dim/arcrole/domain-member"
      xlink:from="pattern_VarianceAnalysisHierarchy"
      xlink:to="pattern_Sales"
      order="1"
      use="optional" />
    <loc xlink:type="locator"
      xlink:label="pattern_CostGoodsSold"
      xlink:href="Variance.xsd#pattern_CostGoodsSold" />
    <definitionArc xlink:type="arc"
      xlink:arcrole="http://xbrl.org/int/dim/arcrole/domain-member"
      xlink:from="pattern_VarianceAnalysisHierarchy"
      xlink:to="pattern_CostGoodsSold"
      order="2"
      use="optional" />
    <loc xlink:type="locator"
      xlink:label="pattern_ContributionMargin"
      xlink:href="Variance.xsd#pattern_ContributionMargin" />
    <definitionArc xlink:type="arc"
      xlink:arcrole="http://xbrl.org/int/dim/arcrole/domain-member"
      xlink:from="pattern_VarianceAnalysisHierarchy"
      xlink:to="pattern_ContributionMargin"
      order="3"
      use="optional" />
    <loc xlink:type="locator"
      xlink:label="pattern_DistributionCosts"
      xlink:href="Variance.xsd#pattern_DistributionCosts" />
    <definitionArc xlink:type="arc"
      xlink:arcrole="http://xbrl.org/int/dim/arcrole/domain-member"
      xlink:from="pattern_VarianceAnalysisHierarchy"
      xlink:to="pattern_DistributionCosts"
      order="4"
      use="optional" />
    <loc xlink:type="locator"
      xlink:label="pattern_VarianceAnalysisTable"
      xlink:href="Variance.xsd#pattern_VarianceAnalysisTable" />
    <definitionArc xlink:type="arc"
      xlink:arcrole="http://xbrl.org/int/dim/arcrole/all"
      xlink:from="pattern_VarianceAnalysisLineItems"
      xlink:to="pattern_VarianceAnalysisTable"
      order="2"
      use="optional"
      xbrldt:contextElement="segment"
      xbrldt:closed="true" />
    <loc xlink:type="locator"
      xlink:label="frm_LegalEntityAxis"
      xlink:href="http://xbrlsite.azurewebsites.net/DigitalFinancialReporting/Schemas/2017-05-07/frm.xsd#frm_LegalEntityAxis" />
    <definitionArc xlink:type="arc"
      xlink:arcrole="http://xbrl.org/int/dim/arcrole/hypercube-dimension"
      xlink:from="pattern_VarianceAnalysisTable"
      xlink:to="frm_LegalEntityAxis"
      order="1"
      use="optional" />
    <loc xlink:type="locator"
      xlink:label="frm_ConsolidatedEntityMember"
      xlink:href="http://xbrlsite.azurewebsites.net/DigitalFinancialReporting/Schemas/2017-05-07/frm.xsd#frm_ConsolidatedEntityMember" />
    <definitionArc xlink:type="arc"
      xlink:arcrole="http://xbrl.org/int/dim/arcrole/dimension-domain"
      xlink:from="frm_LegalEntityAxis" xlink:to="frm_ConsolidatedEntityMember"
      order="1"
      use="optional" />
    <loc xlink:type="locator"
      xlink:label="frm_ReportingScenarioAxis"
      xlink:href="http://xbrlsite.azurewebsites.net/DigitalFinancialReporting/Schemas/2017-05-07/frm.xsd#frm_ReportingScenarioAxis" />
    <definitionArc xlink:type="arc"
      xlink:arcrole="http://xbrl.org/int/dim/arcrole/hypercube-dimension"
      xlink:from="pattern_VarianceAnalysisTable"
      xlink:to="frm_ReportingScenarioAxis"
      order="2"
      use="optional" />
    <loc xlink:type="locator"
      xlink:label="frm_ActualMember"
      xlink:href="http://xbrlsite.azurewebsites.net/DigitalFinancialReporting/Schemas/2017-05-07/frm.xsd#frm_ActualMember" />
    <definitionArc xlink:type="arc"
      xlink:arcrole="http://xbrl.org/int/dim/arcrole/dimension-domain"
      xlink:from="frm_ReportingScenarioAxis"
      xlink:to="frm_ActualMember"
      order="1"
      use="optional" />
    <loc xlink:type="locator"
      xlink:label="frm_BudgetedMember"
      xlink:href="http://xbrlsite.azurewebsites.net/DigitalFinancialReporting/Schemas/2017-05-07/frm.xsd#frm_BudgetedMember" />
    <definitionArc xlink:type="arc"
      xlink:arcrole="http://xbrl.org/int/dim/arcrole/domain-member"
      xlink:from="frm_ActualMember" xlink:to="frm_BudgetedMember"
      order="1"
      use="optional" />
    <loc xlink:type="locator"
      xlink:label="frm_ReportingScenariosAllMember"
      xlink:href="http://xbrlsite.azurewebsites.net/DigitalFinancialReporting/Schemas/2017-05-07/frm.xsd#frm_ReportingScenariosAllMember" />
    <definitionArc xlink:type="arc"
      xlink:arcrole="http://xbrl.org/int/dim/arcrole/domain-member"
      xlink:from="frm_ActualMember" xlink:to="frm_ReportingScenariosAllMember"
      order="2"
      use="optional" />
  </definitionLink>
</linkbase>