<?xml version="1.0" encoding="utf-8"?>
<!--
Taxonomy Label Links linkbase based on XBRL standard Version 2.1.
Created by UBmatrix Taxonomy Designer 3.0.3.2436 (2009-06-02 13:18).  
Contact www.ubmatrix.com
Copyright (c) 2002-2017 UBmatrix inc., All Rights Reserved
Produced on 2017-05-01 09:30:58
-->
<linkbase
  xmlns="http://www.xbrl.org/2003/linkbase"
  xmlns:xsi="http://www.w3.org/2001/XMLSchema-instance"
  xmlns:xlink="http://www.w3.org/1999/xlink"
  xsi:schemaLocation="
    http://www.xbrl.org/2003/linkbase 
      http://www.xbrl.org/2003/xbrl-linkbase-2003-12-31.xsd
    ">
  <labelLink xlink:type="extended"
    xlink:role="http://www.xbrl.org/2003/role/link">
    <loc xlink:type="locator"
      xlink:label="frm_ReportingScenariosAllMember"
      xlink:href="http://xbrlsite.azurewebsites.net/DigitalFinancialReporting/Schemas/2017-05-07/frm.xsd#frm_ReportingScenariosAllMember" />
    <labelArc xlink:type="arc"
      xlink:arcrole="http://www.xbrl.org/2003/arcrole/concept-label"
      xlink:from="frm_ReportingScenariosAllMember"
      xlink:to="frm_ReportingScenariosAllMember_lbl" />
    <label xlink:type="resource"
      xlink:label="frm_ReportingScenariosAllMember_lbl"
      xml:lang="en"
      xlink:role="http://www.xbrl.org/2003/role/terseLabel">Variance [Member]</label>
    <loc xlink:type="locator"
      xlink:label="pattern_ContributionMargin"
      xlink:href="Variance.xsd#pattern_ContributionMargin" />
    <labelArc xlink:type="arc"
      xlink:arcrole="http://www.xbrl.org/2003/arcrole/concept-label"
      xlink:from="pattern_ContributionMargin"
      xlink:to="pattern_ContributionMargin_lbl" />
    <label xlink:type="resource"
      xlink:label="pattern_ContributionMargin_lbl"
      xml:lang="en"
      xlink:role="http://www.xbrl.org/2003/role/documentation">Donec id sem. Integer sit amet diam ac nibh consequat vestibulum.</label>
    <label xlink:type="resource"
      xlink:label="pattern_ContributionMargin_lbl"
      xml:lang="en"
      xlink:role="http://www.xbrl.org/2003/role/label">Contribution Margin</label>
    <loc xlink:type="locator"
      xlink:label="pattern_CostGoodsSold"
      xlink:href="Variance.xsd#pattern_CostGoodsSold" />
    <labelArc xlink:type="arc"
      xlink:arcrole="http://www.xbrl.org/2003/arcrole/concept-label"
      xlink:from="pattern_CostGoodsSold" xlink:to="pattern_CostGoodsSold_lbl" />
    <label xlink:type="resource"
      xlink:label="pattern_CostGoodsSold_lbl"
      xml:lang="en"
      xlink:role="http://www.xbrl.org/2003/role/documentation">Class aptent taciti sociosqu ad litora torquent per conubia nostra, per inceptos hymenaeos. Donec vel augue.</label>
    <label xlink:type="resource"
      xlink:label="pattern_CostGoodsSold_lbl"
      xml:lang="en"
      xlink:role="http://www.xbrl.org/2003/role/label">Cost of Goods Sold</label>
    <loc xlink:type="locator"
      xlink:label="pattern_DistributionCosts"
      xlink:href="Variance.xsd#pattern_DistributionCosts" />
    <labelArc xlink:type="arc"
      xlink:arcrole="http://www.xbrl.org/2003/arcrole/concept-label"
      xlink:from="pattern_DistributionCosts"
      xlink:to="pattern_DistributionCosts_lbl" />
    <label xlink:type="resource"
      xlink:label="pattern_DistributionCosts_lbl"
      xml:lang="en"
      xlink:role="http://www.xbrl.org/2003/role/documentation">Praesent fringilla feugiat magna. Suspendisse et lorem eu risus convallis placerat. Suspendisse potenti.</label>
    <label xlink:type="resource"
      xlink:label="pattern_DistributionCosts_lbl"
      xml:lang="en"
      xlink:role="http://www.xbrl.org/2003/role/label">Distribution Costs</label>
    <loc xlink:type="locator"
      xlink:label="pattern_Sales"
      xlink:href="Variance.xsd#pattern_Sales" />
    <labelArc xlink:type="arc"
      xlink:arcrole="http://www.xbrl.org/2003/arcrole/concept-label"
      xlink:from="pattern_Sales" xlink:to="pattern_Sales_lbl" />
    <label xlink:type="resource"
      xlink:label="pattern_Sales_lbl" xml:lang="en"
      xlink:role="http://www.xbrl.org/2003/role/documentation">Cras consectetuer orci non lorem. Vestibulum bibendum aliquet augue. Proin venenatis ultricies risus.</label>
    <label xlink:type="resource"
      xlink:label="pattern_Sales_lbl" xml:lang="en"
      xlink:role="http://www.xbrl.org/2003/role/periodEndLabel">Land, Ending Balance</label>
    <label xlink:type="resource"
      xlink:label="pattern_Sales_lbl" xml:lang="en"
      xlink:role="http://www.xbrl.org/2003/role/periodStartLabel">Land, Beginning Balance</label>
    <label xlink:type="resource"
      xlink:label="pattern_Sales_lbl" xml:lang="en"
      xlink:role="http://www.xbrl.org/2003/role/label">Sales</label>
    <loc xlink:type="locator"
      xlink:label="pattern_VarianceAnalysisHierarchy"
      xlink:href="Variance.xsd#pattern_VarianceAnalysisHierarchy" />
    <labelArc xlink:type="arc"
      xlink:arcrole="http://www.xbrl.org/2003/arcrole/concept-label"
      xlink:from="pattern_VarianceAnalysisHierarchy"
      xlink:to="pattern_VarianceAnalysisHierarchy_lbl" />
    <label xlink:type="resource"
      xlink:label="pattern_VarianceAnalysisHierarchy_lbl"
      xml:lang="en"
      xlink:role="http://www.xbrl.org/2003/role/documentation">Maecenas scelerisque ullamcorper libero. Aliquam porta leo imperdiet pede.</label>
    <label xlink:type="resource"
      xlink:label="pattern_VarianceAnalysisHierarchy_lbl"
      xml:lang="en"
      xlink:role="http://www.xbrl.org/2003/role/label">Variance Analysis [Hierarchy]</label>
    <loc xlink:type="locator"
      xlink:label="pattern_VarianceAnalysisLineItems"
      xlink:href="Variance.xsd#pattern_VarianceAnalysisLineItems" />
    <labelArc xlink:type="arc"
      xlink:arcrole="http://www.xbrl.org/2003/arcrole/concept-label"
      xlink:from="pattern_VarianceAnalysisLineItems"
      xlink:to="pattern_VarianceAnalysisLineItems_lbl" />
    <label xlink:type="resource"
      xlink:label="pattern_VarianceAnalysisLineItems_lbl"
      xml:lang="en"
      xlink:role="http://www.xbrl.org/2003/role/documentation">Pellentesque condimentum commodo wisi. Fusce gravida, ligula a placerat placerat, leo erat euismod lectus, et lacinia justo libero non pede.</label>
    <label xlink:type="resource"
      xlink:label="pattern_VarianceAnalysisLineItems_lbl"
      xml:lang="en"
      xlink:role="http://www.xbrl.org/2003/role/label">Variance Analysis [Line Items]</label>
    <loc xlink:type="locator"
      xlink:label="pattern_VarianceAnalysisTable"
      xlink:href="Variance.xsd#pattern_VarianceAnalysisTable" />
    <labelArc xlink:type="arc"
      xlink:arcrole="http://www.xbrl.org/2003/arcrole/concept-label"
      xlink:from="pattern_VarianceAnalysisTable"
      xlink:to="pattern_VarianceAnalysisTable_lbl" />
    <label xlink:type="resource"
      xlink:label="pattern_VarianceAnalysisTable_lbl"
      xml:lang="en"
      xlink:role="http://www.xbrl.org/2003/role/documentation">Duis sapien diam, dapibus sed, dictum quis, interdum ac, erat. Suspendisse urna. Proin non mauris. Proin sed odio.</label>
    <label xlink:type="resource"
      xlink:label="pattern_VarianceAnalysisTable_lbl"
      xml:lang="en"
      xlink:role="http://www.xbrl.org/2003/role/label">Variance Analysis [Table]</label>
  </labelLink>
</linkbase>