<?xml version="1.0" encoding="UTF-8"?>
<?xml-stylesheet type="text/xsl" href="file:/C:/Programs/XPE40/resources/System/CalcTrace-toHtml.xsl"?>
<CalculationTrace Date="02:10:09" PhysicalUri="C:/Users/Charlie/Documents/CurrentVersions/UGT-2017/ReportingTemplates/2017-05-07/2017-05-07/104000-002-BalanceSheet-NoControllingInterest/Instance.xml">
     <ExtendedLinkRole roleUri="http://www.template.com/SomeNetwork">
          <Context id="I-2010" instant="2010-12-31">
               <Unit id="U-Monetary">
                    <Rollup>
                         <To balance="debit" computed="false"
                              conceptNS="http://fasb.org/us-gaap/2017-01-31"
                              conceptName="CashAndCashEquivalentsAtCarryingValue"
                              conceptQName="us-gaap:CashAndCashEquivalentsAtCarryingValue"
                              contextID="I-2010" decimals="-3"
                              duplicate="false" duration="3 ms"
                              effective="11,000,000" instance="11000000"
                              label="us-gaap:CashAndCashEquivalentsAtCarryingValue"
                              precision="" relationshipToFrom="item"
                              roleUri="http://www.template.com/SomeNetwork"
                              unitID="U-Monetary" weight="1.0"/>
                         <To balance="debit" computed="false"
                              conceptNS="http://fasb.org/us-gaap/2017-01-31"
                              conceptName="RestrictedCashAndInvestmentsCurrent"
                              conceptQName="us-gaap:RestrictedCashAndInvestmentsCurrent"
                              contextID="I-2010" decimals="-3"
                              duplicate="false" duration="0 ms"
                              effective="1,000,000" instance="1000000"
                              label="us-gaap:RestrictedCashAndInvestmentsCurrent"
                              precision="" relationshipToFrom="item"
                              roleUri="http://www.template.com/SomeNetwork"
                              unitID="U-Monetary" weight="1.0"/>
                         <To balance="debit" computed="false"
                              conceptNS="http://fasb.org/us-gaap/2017-01-31"
                              conceptName="ShortTermInvestments"
                              conceptQName="us-gaap:ShortTermInvestments"
                              contextID="I-2010" decimals="-3"
                              duplicate="false" duration="0 ms"
                              effective="1,000,000" instance="1000000"
                              label="us-gaap:ShortTermInvestments"
                              precision="" relationshipToFrom="item"
                              roleUri="http://www.template.com/SomeNetwork"
                              unitID="U-Monetary" weight="1.0"/>
                         <To balance="debit" computed="false"
                              conceptNS="http://fasb.org/us-gaap/2017-01-31"
                              conceptName="AccountsReceivableNetCurrent"
                              conceptQName="us-gaap:AccountsReceivableNetCurrent"
                              contextID="I-2010" decimals="-3"
                              duplicate="false" duration="0 ms"
                              effective="29,000,000" instance="29000000"
                              label="us-gaap:AccountsReceivableNetCurrent"
                              precision="" relationshipToFrom="item"
                              roleUri="http://www.template.com/SomeNetwork"
                              unitID="U-Monetary" weight="1.0"/>
                         <To balance="debit" computed="false"
                              conceptNS="http://fasb.org/us-gaap/2017-01-31"
                              conceptName="InventoryNet"
                              conceptQName="us-gaap:InventoryNet"
                              contextID="I-2010" decimals="-3"
                              duplicate="false" duration="0 ms"
                              effective="4,000,000" instance="4000000"
                              label="us-gaap:InventoryNet" precision=""
                              relationshipToFrom="item"
                              roleUri="http://www.template.com/SomeNetwork"
                              unitID="U-Monetary" weight="1.0"/>
                         <To balance="debit" computed="false"
                              conceptNS="http://fasb.org/us-gaap/2017-01-31"
                              conceptName="PrepaidExpenseCurrent"
                              conceptQName="us-gaap:PrepaidExpenseCurrent"
                              contextID="I-2010" decimals="-3"
                              duplicate="false" duration="0 ms"
                              effective="8,000,000" instance="8000000"
                              label="us-gaap:PrepaidExpenseCurrent"
                              precision="" relationshipToFrom="item"
                              roleUri="http://www.template.com/SomeNetwork"
                              unitID="U-Monetary" weight="1.0"/>
                         <To balance="debit" computed="false"
                              conceptNS="http://fasb.org/us-gaap/2017-01-31"
                              conceptName="OtherAssetsCurrent"
                              conceptQName="us-gaap:OtherAssetsCurrent"
                              contextID="I-2010" decimals="-3"
                              duplicate="false" duration="0 ms"
                              effective="2,000,000" instance="2000000"
                              label="us-gaap:OtherAssetsCurrent"
                              precision="" relationshipToFrom="item"
                              roleUri="http://www.template.com/SomeNetwork"
                              unitID="U-Monetary" weight="1.0"/>
                         <From balance="debit" bound="true"
                              computed="false"
                              conceptNS="http://fasb.org/us-gaap/2017-01-31"
                              conceptName="AssetsCurrent"
                              conceptQName="us-gaap:AssetsCurrent"
                              consistent="true" contextID="I-2010"
                              decimals="-3" duplicate="false"
                              duration="38 ms" effective="56,000,000"
                              instance="56000000"
                              label="us-gaap:AssetsCurrent"
                              precision="0" success="true"
                              toSumDecimals="-3"
                              toSumEffective="56,000,000" unitID="U-Monetary"/>
                    </Rollup>
                    <Rollup>
                         <To balance="debit" computed="false"
                              conceptNS="http://fasb.org/us-gaap/2017-01-31"
                              conceptName="PropertyPlantAndEquipmentNet"
                              conceptQName="us-gaap:PropertyPlantAndEquipmentNet"
                              contextID="I-2010" decimals="-3"
                              duplicate="false" duration="0 ms"
                              effective="9,000,000" instance="9000000"
                              label="us-gaap:PropertyPlantAndEquipmentNet"
                              precision="" relationshipToFrom="item"
                              roleUri="http://www.template.com/SomeNetwork"
                              unitID="U-Monetary" weight="1.0"/>
                         <To balance="debit" computed="false"
                              conceptNS="http://fasb.org/us-gaap/2017-01-31"
                              conceptName="OtherAssetsNoncurrent"
                              conceptQName="us-gaap:OtherAssetsNoncurrent"
                              contextID="I-2010" decimals="-3"
                              duplicate="false" duration="0 ms"
                              effective="82,000,000" instance="82000000"
                              label="us-gaap:OtherAssetsNoncurrent"
                              precision="" relationshipToFrom="item"
                              roleUri="http://www.template.com/SomeNetwork"
                              unitID="U-Monetary" weight="1.0"/>
                         <From balance="debit" bound="true"
                              computed="false"
                              conceptNS="http://fasb.org/us-gaap/2017-01-31"
                              conceptName="AssetsNoncurrent"
                              conceptQName="us-gaap:AssetsNoncurrent"
                              consistent="true" contextID="I-2010"
                              decimals="-3" duplicate="false"
                              duration="0 ms" effective="91,000,000"
                              instance="91000000"
                              label="us-gaap:AssetsNoncurrent"
                              precision="0" success="true"
                              toSumDecimals="-3"
                              toSumEffective="91,000,000" unitID="U-Monetary"/>
                    </Rollup>
                    <Rollup>
                         <To balance="debit" computed="false"
                              conceptNS="http://fasb.org/us-gaap/2017-01-31"
                              conceptName="AssetsCurrent"
                              conceptQName="us-gaap:AssetsCurrent"
                              contextID="I-2010" decimals="-3"
                              duplicate="false" duration="0 ms"
                              effective="56,000,000" instance="56000000"
                              label="us-gaap:AssetsCurrent" precision=""
                              relationshipToFrom="item"
                              roleUri="http://www.template.com/SomeNetwork"
                              unitID="U-Monetary" weight="1.0"/>
                         <To balance="debit" computed="false"
                              conceptNS="http://fasb.org/us-gaap/2017-01-31"
                              conceptName="AssetsNoncurrent"
                              conceptQName="us-gaap:AssetsNoncurrent"
                              contextID="I-2010" decimals="-3"
                              duplicate="false" duration="0 ms"
                              effective="91,000,000" instance="91000000"
                              label="us-gaap:AssetsNoncurrent"
                              precision="" relationshipToFrom="item"
                              roleUri="http://www.template.com/SomeNetwork"
                              unitID="U-Monetary" weight="1.0"/>
                         <From balance="debit" bound="true"
                              computed="false"
                              conceptNS="http://fasb.org/us-gaap/2017-01-31"
                              conceptName="Assets"
                              conceptQName="us-gaap:Assets"
                              consistent="true" contextID="I-2010"
                              decimals="-3" duplicate="false"
                              duration="0 ms" effective="147,000,000"
                              instance="147000000"
                              label="us-gaap:Assets" precision="0"
                              success="true" toSumDecimals="-3"
                              toSumEffective="147,000,000" unitID="U-Monetary"/>
                    </Rollup>
                    <Rollup>
                         <To balance="credit" computed="false"
                              conceptNS="http://fasb.org/us-gaap/2017-01-31"
                              conceptName="AccountsPayableAndAccruedLiabilitiesCurrent"
                              conceptQName="us-gaap:AccountsPayableAndAccruedLiabilitiesCurrent"
                              contextID="I-2010" decimals="-3"
                              duplicate="false" duration="0 ms"
                              effective="7,000,000" instance="7000000"
                              label="us-gaap:AccountsPayableAndAccruedLiabilitiesCurrent"
                              precision="" relationshipToFrom="item"
                              roleUri="http://www.template.com/SomeNetwork"
                              unitID="U-Monetary" weight="1.0"/>
                         <To balance="credit" computed="false"
                              conceptNS="http://fasb.org/us-gaap/2017-01-31"
                              conceptName="DebtCurrent"
                              conceptQName="us-gaap:DebtCurrent"
                              contextID="I-2010" decimals="-3"
                              duplicate="false" duration="0 ms"
                              effective="22,000,000" instance="22000000"
                              label="us-gaap:DebtCurrent" precision=""
                              relationshipToFrom="item"
                              roleUri="http://www.template.com/SomeNetwork"
                              unitID="U-Monetary" weight="1.0"/>
                         <To balance="credit" computed="false"
                              conceptNS="http://fasb.org/us-gaap/2017-01-31"
                              conceptName="OtherLiabilitiesCurrent"
                              conceptQName="us-gaap:OtherLiabilitiesCurrent"
                              contextID="I-2010" decimals="-3"
                              duplicate="false" duration="0 ms"
                              effective="26,000,000" instance="26000000"
                              label="us-gaap:OtherLiabilitiesCurrent"
                              precision="" relationshipToFrom="item"
                              roleUri="http://www.template.com/SomeNetwork"
                              unitID="U-Monetary" weight="1.0"/>
                         <From balance="credit" bound="true"
                              computed="false"
                              conceptNS="http://fasb.org/us-gaap/2017-01-31"
                              conceptName="LiabilitiesCurrent"
                              conceptQName="us-gaap:LiabilitiesCurrent"
                              consistent="true" contextID="I-2010"
                              decimals="-3" duplicate="false"
                              duration="0 ms" effective="55,000,000"
                              instance="55000000"
                              label="us-gaap:LiabilitiesCurrent"
                              precision="0" success="true"
                              toSumDecimals="-3"
                              toSumEffective="55,000,000" unitID="U-Monetary"/>
                    </Rollup>
                    <Rollup>
                         <To balance="credit" computed="false"
                              conceptNS="http://fasb.org/us-gaap/2017-01-31"
                              conceptName="AccountsPayableAndAccruedLiabilitiesNoncurrent"
                              conceptQName="us-gaap:AccountsPayableAndAccruedLiabilitiesNoncurrent"
                              contextID="I-2010" decimals="-3"
                              duplicate="false" duration="0 ms"
                              effective="1,000,000" instance="1000000"
                              label="us-gaap:AccountsPayableAndAccruedLiabilitiesNoncurrent"
                              precision="" relationshipToFrom="item"
                              roleUri="http://www.template.com/SomeNetwork"
                              unitID="U-Monetary" weight="1.0"/>
                         <To balance="credit" computed="false"
                              conceptNS="http://fasb.org/us-gaap/2017-01-31"
                              conceptName="LongTermDebt"
                              conceptQName="us-gaap:LongTermDebt"
                              contextID="I-2010" decimals="-3"
                              duplicate="false" duration="0 ms"
                              effective="19,000,000" instance="19000000"
                              label="us-gaap:LongTermDebt" precision=""
                              relationshipToFrom="item"
                              roleUri="http://www.template.com/SomeNetwork"
                              unitID="U-Monetary" weight="1.0"/>
                         <To balance="credit" computed="false"
                              conceptNS="http://fasb.org/us-gaap/2017-01-31"
                              conceptName="OtherLiabilitiesNoncurrent"
                              conceptQName="us-gaap:OtherLiabilitiesNoncurrent"
                              contextID="I-2010" decimals="-3"
                              duplicate="false" duration="0 ms"
                              effective="32,000,000" instance="32000000"
                              label="us-gaap:OtherLiabilitiesNoncurrent"
                              precision="" relationshipToFrom="item"
                              roleUri="http://www.template.com/SomeNetwork"
                              unitID="U-Monetary" weight="1.0"/>
                         <From balance="credit" bound="true"
                              computed="false"
                              conceptNS="http://fasb.org/us-gaap/2017-01-31"
                              conceptName="LiabilitiesNoncurrent"
                              conceptQName="us-gaap:LiabilitiesNoncurrent"
                              consistent="true" contextID="I-2010"
                              decimals="-3" duplicate="false"
                              duration="0 ms" effective="52,000,000"
                              instance="52000000"
                              label="us-gaap:LiabilitiesNoncurrent"
                              precision="0" success="true"
                              toSumDecimals="-3"
                              toSumEffective="52,000,000" unitID="U-Monetary"/>
                    </Rollup>
                    <Rollup>
                         <To balance="credit" computed="false"
                              conceptNS="http://fasb.org/us-gaap/2017-01-31"
                              conceptName="LiabilitiesCurrent"
                              conceptQName="us-gaap:LiabilitiesCurrent"
                              contextID="I-2010" decimals="-3"
                              duplicate="false" duration="0 ms"
                              effective="55,000,000" instance="55000000"
                              label="us-gaap:LiabilitiesCurrent"
                              precision="" relationshipToFrom="item"
                              roleUri="http://www.template.com/SomeNetwork"
                              unitID="U-Monetary" weight="1.0"/>
                         <To balance="credit" computed="false"
                              conceptNS="http://fasb.org/us-gaap/2017-01-31"
                              conceptName="LiabilitiesNoncurrent"
                              conceptQName="us-gaap:LiabilitiesNoncurrent"
                              contextID="I-2010" decimals="-3"
                              duplicate="false" duration="0 ms"
                              effective="52,000,000" instance="52000000"
                              label="us-gaap:LiabilitiesNoncurrent"
                              precision="" relationshipToFrom="item"
                              roleUri="http://www.template.com/SomeNetwork"
                              unitID="U-Monetary" weight="1.0"/>
                         <From balance="credit" bound="true"
                              computed="false"
                              conceptNS="http://fasb.org/us-gaap/2017-01-31"
                              conceptName="Liabilities"
                              conceptQName="us-gaap:Liabilities"
                              consistent="true" contextID="I-2010"
                              decimals="-3" duplicate="false"
                              duration="0 ms" effective="107,000,000"
                              instance="107000000"
                              label="us-gaap:Liabilities" precision="0"
                              success="true" toSumDecimals="-3"
                              toSumEffective="107,000,000" unitID="U-Monetary"/>
                    </Rollup>
                    <Rollup>
                         <To balance="credit" computed="false"
                              conceptNS="http://fasb.org/us-gaap/2017-01-31"
                              conceptName="PreferredStockValue"
                              conceptQName="us-gaap:PreferredStockValue"
                              contextID="I-2010" decimals="-3"
                              duplicate="false" duration="0 ms"
                              effective="10,000,000" instance="10000000"
                              label="us-gaap:PreferredStockValue"
                              precision="" relationshipToFrom="item"
                              roleUri="http://www.template.com/SomeNetwork"
                              unitID="U-Monetary" weight="1.0"/>
                         <To balance="credit" computed="false"
                              conceptNS="http://fasb.org/us-gaap/2017-01-31"
                              conceptName="CommonStockValue"
                              conceptQName="us-gaap:CommonStockValue"
                              contextID="I-2010" decimals="-3"
                              duplicate="false" duration="0 ms"
                              effective="20,000,000" instance="20000000"
                              label="us-gaap:CommonStockValue"
                              precision="" relationshipToFrom="item"
                              roleUri="http://www.template.com/SomeNetwork"
                              unitID="U-Monetary" weight="1.0"/>
                         <To balance="credit" computed="false"
                              conceptNS="http://fasb.org/us-gaap/2017-01-31"
                              conceptName="AdditionalPaidInCapital"
                              conceptQName="us-gaap:AdditionalPaidInCapital"
                              contextID="I-2010" decimals="-3"
                              duplicate="false" duration="0 ms"
                              effective="1,000,000" instance="1000000"
                              label="us-gaap:AdditionalPaidInCapital"
                              precision="" relationshipToFrom="item"
                              roleUri="http://www.template.com/SomeNetwork"
                              unitID="U-Monetary" weight="1.0"/>
                         <To balance="debit" computed="false"
                              conceptNS="http://fasb.org/us-gaap/2017-01-31"
                              conceptName="TreasuryStockValue"
                              conceptQName="us-gaap:TreasuryStockValue"
                              contextID="I-2010" decimals="-3"
                              duplicate="false" duration="0 ms"
                              effective="2,000,000" instance="2000000"
                              label="us-gaap:TreasuryStockValue"
                              precision="" relationshipToFrom="item"
                              roleUri="http://www.template.com/SomeNetwork"
                              unitID="U-Monetary" weight="-1.0"/>
                         <To balance="credit" computed="false"
                              conceptNS="http://fasb.org/us-gaap/2017-01-31"
                              conceptName="RetainedEarningsAccumulatedDeficit"
                              conceptQName="us-gaap:RetainedEarningsAccumulatedDeficit"
                              contextID="I-2010" decimals="-3"
                              duplicate="false" duration="0 ms"
                              effective="6,000,000" instance="6000000"
                              label="us-gaap:RetainedEarningsAccumulatedDeficit"
                              precision="" relationshipToFrom="item"
                              roleUri="http://www.template.com/SomeNetwork"
                              unitID="U-Monetary" weight="1.0"/>
                         <To balance="credit" computed="false"
                              conceptNS="http://fasb.org/us-gaap/2017-01-31"
                              conceptName="AccumulatedOtherComprehensiveIncomeLossNetOfTax"
                              conceptQName="us-gaap:AccumulatedOtherComprehensiveIncomeLossNetOfTax"
                              contextID="I-2010" decimals="-3"
                              duplicate="false" duration="0 ms"
                              effective="5,000,000" instance="5000000"
                              label="us-gaap:AccumulatedOtherComprehensiveIncomeLossNetOfTax"
                              precision="" relationshipToFrom="item"
                              roleUri="http://www.template.com/SomeNetwork"
                              unitID="U-Monetary" weight="1.0"/>
                         <From balance="credit" bound="true"
                              computed="false"
                              conceptNS="http://fasb.org/us-gaap/2017-01-31"
                              conceptName="StockholdersEquityIncludingPortionAttributableToNoncontrollingInterest"
                              conceptQName="us-gaap:StockholdersEquityIncludingPortionAttributableToNoncontrollingInterest"
                              consistent="true" contextID="I-2010"
                              decimals="-3" duplicate="false"
                              duration="1 ms" effective="40,000,000"
                              instance="40000000"
                              label="us-gaap:StockholdersEquityIncludingPortionAttributableToNoncontrollingInterest"
                              precision="0" success="true"
                              toSumDecimals="-3"
                              toSumEffective="40,000,000" unitID="U-Monetary"/>
                    </Rollup>
                    <Rollup>
                         <To balance="credit" computed="false"
                              conceptNS="http://fasb.org/us-gaap/2017-01-31"
                              conceptName="Liabilities"
                              conceptQName="us-gaap:Liabilities"
                              contextID="I-2010" decimals="-3"
                              duplicate="false" duration="0 ms"
                              effective="107,000,000"
                              instance="107000000"
                              label="us-gaap:Liabilities" precision=""
                              relationshipToFrom="item"
                              roleUri="http://www.template.com/SomeNetwork"
                              unitID="U-Monetary" weight="1.0"/>
                         <To balance="credit" computed="false"
                              conceptNS="http://fasb.org/us-gaap/2017-01-31"
                              conceptName="StockholdersEquityIncludingPortionAttributableToNoncontrollingInterest"
                              conceptQName="us-gaap:StockholdersEquityIncludingPortionAttributableToNoncontrollingInterest"
                              contextID="I-2010" decimals="-3"
                              duplicate="false" duration="0 ms"
                              effective="40,000,000" instance="40000000"
                              label="us-gaap:StockholdersEquityIncludingPortionAttributableToNoncontrollingInterest"
                              precision="" relationshipToFrom="item"
                              roleUri="http://www.template.com/SomeNetwork"
                              unitID="U-Monetary" weight="1.0"/>
                         <From balance="credit" bound="true"
                              computed="false"
                              conceptNS="http://fasb.org/us-gaap/2017-01-31"
                              conceptName="LiabilitiesAndStockholdersEquity"
                              conceptQName="us-gaap:LiabilitiesAndStockholdersEquity"
                              consistent="true" contextID="I-2010"
                              decimals="-3" duplicate="false"
                              duration="0 ms" effective="147,000,000"
                              instance="147000000"
                              label="us-gaap:LiabilitiesAndStockholdersEquity"
                              precision="0" success="true"
                              toSumDecimals="-3"
                              toSumEffective="147,000,000" unitID="U-Monetary"/>
                    </Rollup>
               </Unit>
          </Context>
          <Context id="I-2009" instant="2009-12-31">
               <Unit id="U-Monetary">
                    <Rollup>
                         <To balance="debit" computed="false"
                              conceptNS="http://fasb.org/us-gaap/2017-01-31"
                              conceptName="CashAndCashEquivalentsAtCarryingValue"
                              conceptQName="us-gaap:CashAndCashEquivalentsAtCarryingValue"
                              contextID="I-2009" decimals="-3"
                              duplicate="false" duration="0 ms"
                              effective="10,000,000" instance="10000000"
                              label="us-gaap:CashAndCashEquivalentsAtCarryingValue"
                              precision="" relationshipToFrom="item"
                              roleUri="http://www.template.com/SomeNetwork"
                              unitID="U-Monetary" weight="1.0"/>
                         <To balance="debit" computed="false"
                              conceptNS="http://fasb.org/us-gaap/2017-01-31"
                              conceptName="RestrictedCashAndInvestmentsCurrent"
                              conceptQName="us-gaap:RestrictedCashAndInvestmentsCurrent"
                              contextID="I-2009" decimals="-3"
                              duplicate="false" duration="0 ms"
                              effective="1,000,000" instance="1000000"
                              label="us-gaap:RestrictedCashAndInvestmentsCurrent"
                              precision="" relationshipToFrom="item"
                              roleUri="http://www.template.com/SomeNetwork"
                              unitID="U-Monetary" weight="1.0"/>
                         <To balance="debit" computed="false"
                              conceptNS="http://fasb.org/us-gaap/2017-01-31"
                              conceptName="ShortTermInvestments"
                              conceptQName="us-gaap:ShortTermInvestments"
                              contextID="I-2009" decimals="-3"
                              duplicate="false" duration="0 ms"
                              effective="2,000,000" instance="2000000"
                              label="us-gaap:ShortTermInvestments"
                              precision="" relationshipToFrom="item"
                              roleUri="http://www.template.com/SomeNetwork"
                              unitID="U-Monetary" weight="1.0"/>
                         <To balance="debit" computed="false"
                              conceptNS="http://fasb.org/us-gaap/2017-01-31"
                              conceptName="AccountsReceivableNetCurrent"
                              conceptQName="us-gaap:AccountsReceivableNetCurrent"
                              contextID="I-2009" decimals="-3"
                              duplicate="false" duration="0 ms"
                              effective="29,000,000" instance="29000000"
                              label="us-gaap:AccountsReceivableNetCurrent"
                              precision="" relationshipToFrom="item"
                              roleUri="http://www.template.com/SomeNetwork"
                              unitID="U-Monetary" weight="1.0"/>
                         <To balance="debit" computed="false"
                              conceptNS="http://fasb.org/us-gaap/2017-01-31"
                              conceptName="InventoryNet"
                              conceptQName="us-gaap:InventoryNet"
                              contextID="I-2009" decimals="-3"
                              duplicate="false" duration="0 ms"
                              effective="4,000,000" instance="4000000"
                              label="us-gaap:InventoryNet" precision=""
                              relationshipToFrom="item"
                              roleUri="http://www.template.com/SomeNetwork"
                              unitID="U-Monetary" weight="1.0"/>
                         <To balance="debit" computed="false"
                              conceptNS="http://fasb.org/us-gaap/2017-01-31"
                              conceptName="PrepaidExpenseCurrent"
                              conceptQName="us-gaap:PrepaidExpenseCurrent"
                              contextID="I-2009" decimals="-3"
                              duplicate="false" duration="0 ms"
                              effective="8,000,000" instance="8000000"
                              label="us-gaap:PrepaidExpenseCurrent"
                              precision="" relationshipToFrom="item"
                              roleUri="http://www.template.com/SomeNetwork"
                              unitID="U-Monetary" weight="1.0"/>
                         <To balance="debit" computed="false"
                              conceptNS="http://fasb.org/us-gaap/2017-01-31"
                              conceptName="OtherAssetsCurrent"
                              conceptQName="us-gaap:OtherAssetsCurrent"
                              contextID="I-2009" decimals="-3"
                              duplicate="false" duration="0 ms"
                              effective="2,000,000" instance="2000000"
                              label="us-gaap:OtherAssetsCurrent"
                              precision="" relationshipToFrom="item"
                              roleUri="http://www.template.com/SomeNetwork"
                              unitID="U-Monetary" weight="1.0"/>
                         <From balance="debit" bound="true"
                              computed="false"
                              conceptNS="http://fasb.org/us-gaap/2017-01-31"
                              conceptName="AssetsCurrent"
                              conceptQName="us-gaap:AssetsCurrent"
                              consistent="true" contextID="I-2009"
                              decimals="-3" duplicate="false"
                              duration="0 ms" effective="56,000,000"
                              instance="56000000"
                              label="us-gaap:AssetsCurrent"
                              precision="0" success="true"
                              toSumDecimals="-3"
                              toSumEffective="56,000,000" unitID="U-Monetary"/>
                    </Rollup>
                    <Rollup>
                         <To balance="debit" computed="false"
                              conceptNS="http://fasb.org/us-gaap/2017-01-31"
                              conceptName="PropertyPlantAndEquipmentNet"
                              conceptQName="us-gaap:PropertyPlantAndEquipmentNet"
                              contextID="I-2009" decimals="-3"
                              duplicate="false" duration="0 ms"
                              effective="9,000,000" instance="9000000"
                              label="us-gaap:PropertyPlantAndEquipmentNet"
                              precision="" relationshipToFrom="item"
                              roleUri="http://www.template.com/SomeNetwork"
                              unitID="U-Monetary" weight="1.0"/>
                         <To balance="debit" computed="false"
                              conceptNS="http://fasb.org/us-gaap/2017-01-31"
                              conceptName="OtherAssetsNoncurrent"
                              conceptQName="us-gaap:OtherAssetsNoncurrent"
                              contextID="I-2009" decimals="-3"
                              duplicate="false" duration="0 ms"
                              effective="82,000,000" instance="82000000"
                              label="us-gaap:OtherAssetsNoncurrent"
                              precision="" relationshipToFrom="item"
                              roleUri="http://www.template.com/SomeNetwork"
                              unitID="U-Monetary" weight="1.0"/>
                         <From balance="debit" bound="true"
                              computed="false"
                              conceptNS="http://fasb.org/us-gaap/2017-01-31"
                              conceptName="AssetsNoncurrent"
                              conceptQName="us-gaap:AssetsNoncurrent"
                              consistent="true" contextID="I-2009"
                              decimals="-3" duplicate="false"
                              duration="0 ms" effective="91,000,000"
                              instance="91000000"
                              label="us-gaap:AssetsNoncurrent"
                              precision="0" success="true"
                              toSumDecimals="-3"
                              toSumEffective="91,000,000" unitID="U-Monetary"/>
                    </Rollup>
                    <Rollup>
                         <To balance="debit" computed="false"
                              conceptNS="http://fasb.org/us-gaap/2017-01-31"
                              conceptName="AssetsCurrent"
                              conceptQName="us-gaap:AssetsCurrent"
                              contextID="I-2009" decimals="-3"
                              duplicate="false" duration="0 ms"
                              effective="56,000,000" instance="56000000"
                              label="us-gaap:AssetsCurrent" precision=""
                              relationshipToFrom="item"
                              roleUri="http://www.template.com/SomeNetwork"
                              unitID="U-Monetary" weight="1.0"/>
                         <To balance="debit" computed="false"
                              conceptNS="http://fasb.org/us-gaap/2017-01-31"
                              conceptName="AssetsNoncurrent"
                              conceptQName="us-gaap:AssetsNoncurrent"
                              contextID="I-2009" decimals="-3"
                              duplicate="false" duration="0 ms"
                              effective="91,000,000" instance="91000000"
                              label="us-gaap:AssetsNoncurrent"
                              precision="" relationshipToFrom="item"
                              roleUri="http://www.template.com/SomeNetwork"
                              unitID="U-Monetary" weight="1.0"/>
                         <From balance="debit" bound="true"
                              computed="false"
                              conceptNS="http://fasb.org/us-gaap/2017-01-31"
                              conceptName="Assets"
                              conceptQName="us-gaap:Assets"
                              consistent="true" contextID="I-2009"
                              decimals="-3" duplicate="false"
                              duration="0 ms" effective="147,000,000"
                              instance="147000000"
                              label="us-gaap:Assets" precision="0"
                              success="true" toSumDecimals="-3"
                              toSumEffective="147,000,000" unitID="U-Monetary"/>
                    </Rollup>
                    <Rollup>
                         <To balance="credit" computed="false"
                              conceptNS="http://fasb.org/us-gaap/2017-01-31"
                              conceptName="AccountsPayableAndAccruedLiabilitiesCurrent"
                              conceptQName="us-gaap:AccountsPayableAndAccruedLiabilitiesCurrent"
                              contextID="I-2009" decimals="-3"
                              duplicate="false" duration="0 ms"
                              effective="7,000,000" instance="7000000"
                              label="us-gaap:AccountsPayableAndAccruedLiabilitiesCurrent"
                              precision="" relationshipToFrom="item"
                              roleUri="http://www.template.com/SomeNetwork"
                              unitID="U-Monetary" weight="1.0"/>
                         <To balance="credit" computed="false"
                              conceptNS="http://fasb.org/us-gaap/2017-01-31"
                              conceptName="DebtCurrent"
                              conceptQName="us-gaap:DebtCurrent"
                              contextID="I-2009" decimals="-3"
                              duplicate="false" duration="0 ms"
                              effective="22,000,000" instance="22000000"
                              label="us-gaap:DebtCurrent" precision=""
                              relationshipToFrom="item"
                              roleUri="http://www.template.com/SomeNetwork"
                              unitID="U-Monetary" weight="1.0"/>
                         <To balance="credit" computed="false"
                              conceptNS="http://fasb.org/us-gaap/2017-01-31"
                              conceptName="OtherLiabilitiesCurrent"
                              conceptQName="us-gaap:OtherLiabilitiesCurrent"
                              contextID="I-2009" decimals="-3"
                              duplicate="false" duration="0 ms"
                              effective="26,000,000" instance="26000000"
                              label="us-gaap:OtherLiabilitiesCurrent"
                              precision="" relationshipToFrom="item"
                              roleUri="http://www.template.com/SomeNetwork"
                              unitID="U-Monetary" weight="1.0"/>
                         <From balance="credit" bound="true"
                              computed="false"
                              conceptNS="http://fasb.org/us-gaap/2017-01-31"
                              conceptName="LiabilitiesCurrent"
                              conceptQName="us-gaap:LiabilitiesCurrent"
                              consistent="true" contextID="I-2009"
                              decimals="-3" duplicate="false"
                              duration="1 ms" effective="55,000,000"
                              instance="55000000"
                              label="us-gaap:LiabilitiesCurrent"
                              precision="0" success="true"
                              toSumDecimals="-3"
                              toSumEffective="55,000,000" unitID="U-Monetary"/>
                    </Rollup>
                    <Rollup>
                         <To balance="credit" computed="false"
                              conceptNS="http://fasb.org/us-gaap/2017-01-31"
                              conceptName="AccountsPayableAndAccruedLiabilitiesNoncurrent"
                              conceptQName="us-gaap:AccountsPayableAndAccruedLiabilitiesNoncurrent"
                              contextID="I-2009" decimals="-3"
                              duplicate="false" duration="0 ms"
                              effective="1,000,000" instance="1000000"
                              label="us-gaap:AccountsPayableAndAccruedLiabilitiesNoncurrent"
                              precision="" relationshipToFrom="item"
                              roleUri="http://www.template.com/SomeNetwork"
                              unitID="U-Monetary" weight="1.0"/>
                         <To balance="credit" computed="false"
                              conceptNS="http://fasb.org/us-gaap/2017-01-31"
                              conceptName="LongTermDebt"
                              conceptQName="us-gaap:LongTermDebt"
                              contextID="I-2009" decimals="-3"
                              duplicate="false" duration="0 ms"
                              effective="19,000,000" instance="19000000"
                              label="us-gaap:LongTermDebt" precision=""
                              relationshipToFrom="item"
                              roleUri="http://www.template.com/SomeNetwork"
                              unitID="U-Monetary" weight="1.0"/>
                         <To balance="credit" computed="false"
                              conceptNS="http://fasb.org/us-gaap/2017-01-31"
                              conceptName="OtherLiabilitiesNoncurrent"
                              conceptQName="us-gaap:OtherLiabilitiesNoncurrent"
                              contextID="I-2009" decimals="-3"
                              duplicate="false" duration="0 ms"
                              effective="33,000,000" instance="33000000"
                              label="us-gaap:OtherLiabilitiesNoncurrent"
                              precision="" relationshipToFrom="item"
                              roleUri="http://www.template.com/SomeNetwork"
                              unitID="U-Monetary" weight="1.0"/>
                         <From balance="credit" bound="true"
                              computed="false"
                              conceptNS="http://fasb.org/us-gaap/2017-01-31"
                              conceptName="LiabilitiesNoncurrent"
                              conceptQName="us-gaap:LiabilitiesNoncurrent"
                              consistent="true" contextID="I-2009"
                              decimals="-3" duplicate="false"
                              duration="0 ms" effective="53,000,000"
                              instance="53000000"
                              label="us-gaap:LiabilitiesNoncurrent"
                              precision="0" success="true"
                              toSumDecimals="-3"
                              toSumEffective="53,000,000" unitID="U-Monetary"/>
                    </Rollup>
                    <Rollup>
                         <To balance="credit" computed="false"
                              conceptNS="http://fasb.org/us-gaap/2017-01-31"
                              conceptName="LiabilitiesCurrent"
                              conceptQName="us-gaap:LiabilitiesCurrent"
                              contextID="I-2009" decimals="-3"
                              duplicate="false" duration="0 ms"
                              effective="55,000,000" instance="55000000"
                              label="us-gaap:LiabilitiesCurrent"
                              precision="" relationshipToFrom="item"
                              roleUri="http://www.template.com/SomeNetwork"
                              unitID="U-Monetary" weight="1.0"/>
                         <To balance="credit" computed="false"
                              conceptNS="http://fasb.org/us-gaap/2017-01-31"
                              conceptName="LiabilitiesNoncurrent"
                              conceptQName="us-gaap:LiabilitiesNoncurrent"
                              contextID="I-2009" decimals="-3"
                              duplicate="false" duration="0 ms"
                              effective="53,000,000" instance="53000000"
                              label="us-gaap:LiabilitiesNoncurrent"
                              precision="" relationshipToFrom="item"
                              roleUri="http://www.template.com/SomeNetwork"
                              unitID="U-Monetary" weight="1.0"/>
                         <From balance="credit" bound="true"
                              computed="false"
                              conceptNS="http://fasb.org/us-gaap/2017-01-31"
                              conceptName="Liabilities"
                              conceptQName="us-gaap:Liabilities"
                              consistent="true" contextID="I-2009"
                              decimals="-3" duplicate="false"
                              duration="0 ms" effective="108,000,000"
                              instance="108000000"
                              label="us-gaap:Liabilities" precision="0"
                              success="true" toSumDecimals="-3"
                              toSumEffective="108,000,000" unitID="U-Monetary"/>
                    </Rollup>
                    <Rollup>
                         <To balance="credit" computed="false"
                              conceptNS="http://fasb.org/us-gaap/2017-01-31"
                              conceptName="PreferredStockValue"
                              conceptQName="us-gaap:PreferredStockValue"
                              contextID="I-2009" decimals="-3"
                              duplicate="false" duration="0 ms"
                              effective="10,000,000" instance="10000000"
                              label="us-gaap:PreferredStockValue"
                              precision="" relationshipToFrom="item"
                              roleUri="http://www.template.com/SomeNetwork"
                              unitID="U-Monetary" weight="1.0"/>
                         <To balance="credit" computed="false"
                              conceptNS="http://fasb.org/us-gaap/2017-01-31"
                              conceptName="CommonStockValue"
                              conceptQName="us-gaap:CommonStockValue"
                              contextID="I-2009" decimals="-3"
                              duplicate="false" duration="0 ms"
                              effective="20,000,000" instance="20000000"
                              label="us-gaap:CommonStockValue"
                              precision="" relationshipToFrom="item"
                              roleUri="http://www.template.com/SomeNetwork"
                              unitID="U-Monetary" weight="1.0"/>
                         <To balance="credit" computed="false"
                              conceptNS="http://fasb.org/us-gaap/2017-01-31"
                              conceptName="AdditionalPaidInCapital"
                              conceptQName="us-gaap:AdditionalPaidInCapital"
                              contextID="I-2009" decimals="-3"
                              duplicate="false" duration="0 ms"
                              effective="1,000,000" instance="1000000"
                              label="us-gaap:AdditionalPaidInCapital"
                              precision="" relationshipToFrom="item"
                              roleUri="http://www.template.com/SomeNetwork"
                              unitID="U-Monetary" weight="1.0"/>
                         <To balance="debit" computed="false"
                              conceptNS="http://fasb.org/us-gaap/2017-01-31"
                              conceptName="TreasuryStockValue"
                              conceptQName="us-gaap:TreasuryStockValue"
                              contextID="I-2009" decimals="-3"
                              duplicate="false" duration="0 ms"
                              effective="2,000,000" instance="2000000"
                              label="us-gaap:TreasuryStockValue"
                              precision="" relationshipToFrom="item"
                              roleUri="http://www.template.com/SomeNetwork"
                              unitID="U-Monetary" weight="-1.0"/>
                         <To balance="credit" computed="false"
                              conceptNS="http://fasb.org/us-gaap/2017-01-31"
                              conceptName="RetainedEarningsAccumulatedDeficit"
                              conceptQName="us-gaap:RetainedEarningsAccumulatedDeficit"
                              contextID="I-2009" decimals="-3"
                              duplicate="false" duration="0 ms"
                              effective="6,000,000" instance="6000000"
                              label="us-gaap:RetainedEarningsAccumulatedDeficit"
                              precision="" relationshipToFrom="item"
                              roleUri="http://www.template.com/SomeNetwork"
                              unitID="U-Monetary" weight="1.0"/>
                         <To balance="credit" computed="false"
                              conceptNS="http://fasb.org/us-gaap/2017-01-31"
                              conceptName="AccumulatedOtherComprehensiveIncomeLossNetOfTax"
                              conceptQName="us-gaap:AccumulatedOtherComprehensiveIncomeLossNetOfTax"
                              contextID="I-2009" decimals="-3"
                              duplicate="false" duration="0 ms"
                              effective="4,000,000" instance="4000000"
                              label="us-gaap:AccumulatedOtherComprehensiveIncomeLossNetOfTax"
                              precision="" relationshipToFrom="item"
                              roleUri="http://www.template.com/SomeNetwork"
                              unitID="U-Monetary" weight="1.0"/>
                         <From balance="credit" bound="true"
                              computed="false"
                              conceptNS="http://fasb.org/us-gaap/2017-01-31"
                              conceptName="StockholdersEquityIncludingPortionAttributableToNoncontrollingInterest"
                              conceptQName="us-gaap:StockholdersEquityIncludingPortionAttributableToNoncontrollingInterest"
                              consistent="true" contextID="I-2009"
                              decimals="-3" duplicate="false"
                              duration="0 ms" effective="39,000,000"
                              instance="39000000"
                              label="us-gaap:StockholdersEquityIncludingPortionAttributableToNoncontrollingInterest"
                              precision="0" success="true"
                              toSumDecimals="-3"
                              toSumEffective="39,000,000" unitID="U-Monetary"/>
                    </Rollup>
                    <Rollup>
                         <To balance="credit" computed="false"
                              conceptNS="http://fasb.org/us-gaap/2017-01-31"
                              conceptName="Liabilities"
                              conceptQName="us-gaap:Liabilities"
                              contextID="I-2009" decimals="-3"
                              duplicate="false" duration="0 ms"
                              effective="108,000,000"
                              instance="108000000"
                              label="us-gaap:Liabilities" precision=""
                              relationshipToFrom="item"
                              roleUri="http://www.template.com/SomeNetwork"
                              unitID="U-Monetary" weight="1.0"/>
                         <To balance="credit" computed="false"
                              conceptNS="http://fasb.org/us-gaap/2017-01-31"
                              conceptName="StockholdersEquityIncludingPortionAttributableToNoncontrollingInterest"
                              conceptQName="us-gaap:StockholdersEquityIncludingPortionAttributableToNoncontrollingInterest"
                              contextID="I-2009" decimals="-3"
                              duplicate="false" duration="0 ms"
                              effective="39,000,000" instance="39000000"
                              label="us-gaap:StockholdersEquityIncludingPortionAttributableToNoncontrollingInterest"
                              precision="" relationshipToFrom="item"
                              roleUri="http://www.template.com/SomeNetwork"
                              unitID="U-Monetary" weight="1.0"/>
                         <From balance="credit" bound="true"
                              computed="false"
                              conceptNS="http://fasb.org/us-gaap/2017-01-31"
                              conceptName="LiabilitiesAndStockholdersEquity"
                              conceptQName="us-gaap:LiabilitiesAndStockholdersEquity"
                              consistent="true" contextID="I-2009"
                              decimals="-3" duplicate="false"
                              duration="0 ms" effective="147,000,000"
                              instance="147000000"
                              label="us-gaap:LiabilitiesAndStockholdersEquity"
                              precision="0" success="true"
                              toSumDecimals="-3"
                              toSumEffective="147,000,000" unitID="U-Monetary"/>
                    </Rollup>
               </Unit>
          </Context>
     </ExtendedLinkRole>
     <Statistics duplicates="0" duration="286 ms" fail="0"
          inconsistent="0" pass="16" total="16"/>
</CalculationTrace>
