<?xml version="1.0" encoding="utf-8"?>
<!--
Taxonomy Definition Links linkbase based on XBRL standard Version 2.1.
Created by UBmatrix Taxonomy Designer 3.0.3.2436 (2009-06-02 13:18).  
Contact www.ubmatrix.com
Copyright (c) 2002-2017 UBmatrix inc., All Rights Reserved
Produced on 2017-06-09 08:33:56
-->
<linkbase
  xmlns="http://www.xbrl.org/2003/linkbase"
  xmlns:xsi="http://www.w3.org/2001/XMLSchema-instance"
  xmlns:xlink="http://www.w3.org/1999/xlink"
  xmlns:xbrldt="http://xbrl.org/2005/xbrldt"
  xsi:schemaLocation="
    http://www.xbrl.org/2003/linkbase 
      http://www.xbrl.org/2003/xbrl-linkbase-2003-12-31.xsd
    http://xbrl.org/2005/xbrldt  http://www.xbrl.org/2005/xbrldt-2005.xsd
    ">
  <roleRef xlink:type="simple"
    xlink:href="Template.xsd#SomeNetwork"
    roleURI="http://www.template.com/SomeNetwork" />
  <arcroleRef xlink:type="simple"
    xlink:href="http://www.xbrl.org/2005/xbrldt-2005.xsd#all"
    arcroleURI="http://xbrl.org/int/dim/arcrole/all" />
  <arcroleRef xlink:type="simple"
    xlink:href="http://www.xbrl.org/2005/xbrldt-2005.xsd#hypercube-dimension"
    arcroleURI="http://xbrl.org/int/dim/arcrole/hypercube-dimension" />
  <arcroleRef xlink:type="simple"
    xlink:href="http://www.xbrl.org/2005/xbrldt-2005.xsd#dimension-domain"
    arcroleURI="http://xbrl.org/int/dim/arcrole/dimension-domain" />
  <arcroleRef xlink:type="simple"
    xlink:href="http://www.xbrl.org/2005/xbrldt-2005.xsd#domain-member"
    arcroleURI="http://xbrl.org/int/dim/arcrole/domain-member" />
  <arcroleRef xlink:type="simple"
    xlink:href="http://www.xbrl.org/2005/xbrldt-2005.xsd#dimension-default"
    arcroleURI="http://xbrl.org/int/dim/arcrole/dimension-default" />
  <definitionLink xlink:type="extended"
    xlink:role="http://www.template.com/SomeNetwork"
    xlink:title="Some Network">
    <loc xlink:type="locator"
      xlink:label="added_BalanceSheetLineItems"
      xlink:href="Template.xsd#added_BalanceSheetLineItems" />
    <loc xlink:type="locator"
      xlink:label="added_BalanceSheetTable"
      xlink:href="Template.xsd#added_BalanceSheetTable" />
    <definitionArc xlink:type="arc"
      xlink:arcrole="http://xbrl.org/int/dim/arcrole/all"
      xlink:from="added_BalanceSheetLineItems"
      xlink:to="added_BalanceSheetTable"
      order="1"
      use="optional"
      xbrldt:contextElement="segment"
      xbrldt:closed="true" />
    <loc xlink:type="locator"
      xlink:label="dei_LegalEntityAxis"
      xlink:href="http://xbrl.sec.gov/dei/2014/dei-2014-01-31.xsd#dei_LegalEntityAxis" />
    <definitionArc xlink:type="arc"
      xlink:arcrole="http://xbrl.org/int/dim/arcrole/hypercube-dimension"
      xlink:from="added_BalanceSheetTable" xlink:to="dei_LegalEntityAxis"
      order="1"
      use="optional" />
    <loc xlink:type="locator"
      xlink:label="dei_EntityDomain"
      xlink:href="http://xbrl.sec.gov/dei/2014/dei-2014-01-31.xsd#dei_EntityDomain" />
    <definitionArc xlink:type="arc"
      xlink:arcrole="http://xbrl.org/int/dim/arcrole/dimension-domain"
      xlink:from="dei_LegalEntityAxis" xlink:to="dei_EntityDomain"
      order="1"
      use="optional" />
    <loc xlink:type="locator"
      xlink:label="us-gaap_CashAndCashEquivalentsAtCarryingValue"
      xlink:href="http://xbrl.fasb.org/us-gaap/2017/elts/us-gaap-2017-01-31.xsd#us-gaap_CashAndCashEquivalentsAtCarryingValue" />
    <definitionArc xlink:type="arc"
      xlink:arcrole="http://xbrl.org/int/dim/arcrole/domain-member"
      xlink:from="added_BalanceSheetLineItems"
      xlink:to="us-gaap_CashAndCashEquivalentsAtCarryingValue"
      order="2"
      use="optional" />
    <loc xlink:type="locator"
      xlink:label="us-gaap_RestrictedCashAndInvestmentsCurrent"
      xlink:href="http://xbrl.fasb.org/us-gaap/2017/elts/us-gaap-2017-01-31.xsd#us-gaap_RestrictedCashAndInvestmentsCurrent" />
    <definitionArc xlink:type="arc"
      xlink:arcrole="http://xbrl.org/int/dim/arcrole/domain-member"
      xlink:from="added_BalanceSheetLineItems"
      xlink:to="us-gaap_RestrictedCashAndInvestmentsCurrent"
      order="3"
      use="optional" />
    <loc xlink:type="locator"
      xlink:label="us-gaap_ShortTermInvestments"
      xlink:href="http://xbrl.fasb.org/us-gaap/2017/elts/us-gaap-2017-01-31.xsd#us-gaap_ShortTermInvestments" />
    <definitionArc xlink:type="arc"
      xlink:arcrole="http://xbrl.org/int/dim/arcrole/domain-member"
      xlink:from="added_BalanceSheetLineItems"
      xlink:to="us-gaap_ShortTermInvestments"
      order="4"
      use="optional" />
    <loc xlink:type="locator"
      xlink:label="us-gaap_AccountsReceivableNetCurrent"
      xlink:href="http://xbrl.fasb.org/us-gaap/2017/elts/us-gaap-2017-01-31.xsd#us-gaap_AccountsReceivableNetCurrent" />
    <definitionArc xlink:type="arc"
      xlink:arcrole="http://xbrl.org/int/dim/arcrole/domain-member"
      xlink:from="added_BalanceSheetLineItems"
      xlink:to="us-gaap_AccountsReceivableNetCurrent"
      order="5"
      use="optional" />
    <loc xlink:type="locator"
      xlink:label="us-gaap_InventoryNet"
      xlink:href="http://xbrl.fasb.org/us-gaap/2017/elts/us-gaap-2017-01-31.xsd#us-gaap_InventoryNet" />
    <definitionArc xlink:type="arc"
      xlink:arcrole="http://xbrl.org/int/dim/arcrole/domain-member"
      xlink:from="added_BalanceSheetLineItems"
      xlink:to="us-gaap_InventoryNet"
      order="6"
      use="optional" />
    <loc xlink:type="locator"
      xlink:label="us-gaap_PrepaidExpenseCurrent"
      xlink:href="http://xbrl.fasb.org/us-gaap/2017/elts/us-gaap-2017-01-31.xsd#us-gaap_PrepaidExpenseCurrent" />
    <definitionArc xlink:type="arc"
      xlink:arcrole="http://xbrl.org/int/dim/arcrole/domain-member"
      xlink:from="added_BalanceSheetLineItems"
      xlink:to="us-gaap_PrepaidExpenseCurrent"
      order="7"
      use="optional" />
    <loc xlink:type="locator"
      xlink:label="us-gaap_OtherAssetsCurrent"
      xlink:href="http://xbrl.fasb.org/us-gaap/2017/elts/us-gaap-2017-01-31.xsd#us-gaap_OtherAssetsCurrent" />
    <definitionArc xlink:type="arc"
      xlink:arcrole="http://xbrl.org/int/dim/arcrole/domain-member"
      xlink:from="added_BalanceSheetLineItems"
      xlink:to="us-gaap_OtherAssetsCurrent"
      order="8"
      use="optional" />
    <loc xlink:type="locator"
      xlink:label="us-gaap_AssetsCurrent"
      xlink:href="http://xbrl.fasb.org/us-gaap/2017/elts/us-gaap-2017-01-31.xsd#us-gaap_AssetsCurrent" />
    <definitionArc xlink:type="arc"
      xlink:arcrole="http://xbrl.org/int/dim/arcrole/domain-member"
      xlink:from="added_BalanceSheetLineItems"
      xlink:to="us-gaap_AssetsCurrent"
      order="9"
      use="optional" />
    <loc xlink:type="locator"
      xlink:label="us-gaap_PropertyPlantAndEquipmentNet"
      xlink:href="http://xbrl.fasb.org/us-gaap/2017/elts/us-gaap-2017-01-31.xsd#us-gaap_PropertyPlantAndEquipmentNet" />
    <definitionArc xlink:type="arc"
      xlink:arcrole="http://xbrl.org/int/dim/arcrole/domain-member"
      xlink:from="added_BalanceSheetLineItems"
      xlink:to="us-gaap_PropertyPlantAndEquipmentNet"
      order="10"
      use="optional" />
    <loc xlink:type="locator"
      xlink:label="us-gaap_OtherAssetsNoncurrent"
      xlink:href="http://xbrl.fasb.org/us-gaap/2017/elts/us-gaap-2017-01-31.xsd#us-gaap_OtherAssetsNoncurrent" />
    <definitionArc xlink:type="arc"
      xlink:arcrole="http://xbrl.org/int/dim/arcrole/domain-member"
      xlink:from="added_BalanceSheetLineItems"
      xlink:to="us-gaap_OtherAssetsNoncurrent"
      order="11"
      use="optional" />
    <loc xlink:type="locator"
      xlink:label="us-gaap_AssetsNoncurrent"
      xlink:href="http://xbrl.fasb.org/us-gaap/2017/elts/us-gaap-2017-01-31.xsd#us-gaap_AssetsNoncurrent" />
    <definitionArc xlink:type="arc"
      xlink:arcrole="http://xbrl.org/int/dim/arcrole/domain-member"
      xlink:from="added_BalanceSheetLineItems"
      xlink:to="us-gaap_AssetsNoncurrent"
      order="12"
      use="optional" />
    <loc xlink:type="locator"
      xlink:label="us-gaap_Assets"
      xlink:href="http://xbrl.fasb.org/us-gaap/2017/elts/us-gaap-2017-01-31.xsd#us-gaap_Assets" />
    <definitionArc xlink:type="arc"
      xlink:arcrole="http://xbrl.org/int/dim/arcrole/domain-member"
      xlink:from="added_BalanceSheetLineItems"
      xlink:to="us-gaap_Assets"
      order="13"
      use="optional" />
    <loc xlink:type="locator"
      xlink:label="us-gaap_AccountsPayableAndAccruedLiabilitiesCurrent"
      xlink:href="http://xbrl.fasb.org/us-gaap/2017/elts/us-gaap-2017-01-31.xsd#us-gaap_AccountsPayableAndAccruedLiabilitiesCurrent" />
    <definitionArc xlink:type="arc"
      xlink:arcrole="http://xbrl.org/int/dim/arcrole/domain-member"
      xlink:from="added_BalanceSheetLineItems"
      xlink:to="us-gaap_AccountsPayableAndAccruedLiabilitiesCurrent"
      order="14"
      use="optional" />
    <loc xlink:type="locator"
      xlink:label="us-gaap_DebtCurrent"
      xlink:href="http://xbrl.fasb.org/us-gaap/2017/elts/us-gaap-2017-01-31.xsd#us-gaap_DebtCurrent" />
    <definitionArc xlink:type="arc"
      xlink:arcrole="http://xbrl.org/int/dim/arcrole/domain-member"
      xlink:from="added_BalanceSheetLineItems"
      xlink:to="us-gaap_DebtCurrent"
      order="15"
      use="optional" />
    <loc xlink:type="locator"
      xlink:label="us-gaap_OtherLiabilitiesCurrent"
      xlink:href="http://xbrl.fasb.org/us-gaap/2017/elts/us-gaap-2017-01-31.xsd#us-gaap_OtherLiabilitiesCurrent" />
    <definitionArc xlink:type="arc"
      xlink:arcrole="http://xbrl.org/int/dim/arcrole/domain-member"
      xlink:from="added_BalanceSheetLineItems"
      xlink:to="us-gaap_OtherLiabilitiesCurrent"
      order="16"
      use="optional" />
    <loc xlink:type="locator"
      xlink:label="us-gaap_LiabilitiesCurrent"
      xlink:href="http://xbrl.fasb.org/us-gaap/2017/elts/us-gaap-2017-01-31.xsd#us-gaap_LiabilitiesCurrent" />
    <definitionArc xlink:type="arc"
      xlink:arcrole="http://xbrl.org/int/dim/arcrole/domain-member"
      xlink:from="added_BalanceSheetLineItems"
      xlink:to="us-gaap_LiabilitiesCurrent"
      order="17"
      use="optional" />
    <loc xlink:type="locator"
      xlink:label="us-gaap_AccountsPayableAndAccruedLiabilitiesNoncurrent"
      xlink:href="http://xbrl.fasb.org/us-gaap/2017/elts/us-gaap-2017-01-31.xsd#us-gaap_AccountsPayableAndAccruedLiabilitiesNoncurrent" />
    <definitionArc xlink:type="arc"
      xlink:arcrole="http://xbrl.org/int/dim/arcrole/domain-member"
      xlink:from="added_BalanceSheetLineItems"
      xlink:to="us-gaap_AccountsPayableAndAccruedLiabilitiesNoncurrent"
      order="18"
      use="optional" />
    <loc xlink:type="locator"
      xlink:label="us-gaap_LongTermDebt"
      xlink:href="http://xbrl.fasb.org/us-gaap/2017/elts/us-gaap-2017-01-31.xsd#us-gaap_LongTermDebt" />
    <definitionArc xlink:type="arc"
      xlink:arcrole="http://xbrl.org/int/dim/arcrole/domain-member"
      xlink:from="added_BalanceSheetLineItems"
      xlink:to="us-gaap_LongTermDebt"
      order="19"
      use="optional" />
    <loc xlink:type="locator"
      xlink:label="us-gaap_OtherLiabilitiesNoncurrent"
      xlink:href="http://xbrl.fasb.org/us-gaap/2017/elts/us-gaap-2017-01-31.xsd#us-gaap_OtherLiabilitiesNoncurrent" />
    <definitionArc xlink:type="arc"
      xlink:arcrole="http://xbrl.org/int/dim/arcrole/domain-member"
      xlink:from="added_BalanceSheetLineItems"
      xlink:to="us-gaap_OtherLiabilitiesNoncurrent"
      order="20"
      use="optional" />
    <loc xlink:type="locator"
      xlink:label="us-gaap_LiabilitiesNoncurrent"
      xlink:href="http://xbrl.fasb.org/us-gaap/2017/elts/us-gaap-2017-01-31.xsd#us-gaap_LiabilitiesNoncurrent" />
    <definitionArc xlink:type="arc"
      xlink:arcrole="http://xbrl.org/int/dim/arcrole/domain-member"
      xlink:from="added_BalanceSheetLineItems"
      xlink:to="us-gaap_LiabilitiesNoncurrent"
      order="21"
      use="optional" />
    <loc xlink:type="locator"
      xlink:label="us-gaap_Liabilities"
      xlink:href="http://xbrl.fasb.org/us-gaap/2017/elts/us-gaap-2017-01-31.xsd#us-gaap_Liabilities" />
    <definitionArc xlink:type="arc"
      xlink:arcrole="http://xbrl.org/int/dim/arcrole/domain-member"
      xlink:from="added_BalanceSheetLineItems"
      xlink:to="us-gaap_Liabilities"
      order="22"
      use="optional" />
    <loc xlink:type="locator"
      xlink:label="us-gaap_CommitmentsAndContingencies"
      xlink:href="http://xbrl.fasb.org/us-gaap/2017/elts/us-gaap-2017-01-31.xsd#us-gaap_CommitmentsAndContingencies" />
    <definitionArc xlink:type="arc"
      xlink:arcrole="http://xbrl.org/int/dim/arcrole/domain-member"
      xlink:from="added_BalanceSheetLineItems"
      xlink:to="us-gaap_CommitmentsAndContingencies"
      order="23"
      use="optional" />
    <loc xlink:type="locator"
      xlink:label="us-gaap_PreferredStockValue"
      xlink:href="http://xbrl.fasb.org/us-gaap/2017/elts/us-gaap-2017-01-31.xsd#us-gaap_PreferredStockValue" />
    <definitionArc xlink:type="arc"
      xlink:arcrole="http://xbrl.org/int/dim/arcrole/domain-member"
      xlink:from="added_BalanceSheetLineItems"
      xlink:to="us-gaap_PreferredStockValue"
      order="24"
      use="optional" />
    <loc xlink:type="locator"
      xlink:label="us-gaap_CommonStockValue"
      xlink:href="http://xbrl.fasb.org/us-gaap/2017/elts/us-gaap-2017-01-31.xsd#us-gaap_CommonStockValue" />
    <definitionArc xlink:type="arc"
      xlink:arcrole="http://xbrl.org/int/dim/arcrole/domain-member"
      xlink:from="added_BalanceSheetLineItems"
      xlink:to="us-gaap_CommonStockValue"
      order="25"
      use="optional" />
    <loc xlink:type="locator"
      xlink:label="us-gaap_AdditionalPaidInCapital"
      xlink:href="http://xbrl.fasb.org/us-gaap/2017/elts/us-gaap-2017-01-31.xsd#us-gaap_AdditionalPaidInCapital" />
    <definitionArc xlink:type="arc"
      xlink:arcrole="http://xbrl.org/int/dim/arcrole/domain-member"
      xlink:from="added_BalanceSheetLineItems"
      xlink:to="us-gaap_AdditionalPaidInCapital"
      order="26"
      use="optional" />
    <loc xlink:type="locator"
      xlink:label="us-gaap_TreasuryStockValue"
      xlink:href="http://xbrl.fasb.org/us-gaap/2017/elts/us-gaap-2017-01-31.xsd#us-gaap_TreasuryStockValue" />
    <definitionArc xlink:type="arc"
      xlink:arcrole="http://xbrl.org/int/dim/arcrole/domain-member"
      xlink:from="added_BalanceSheetLineItems"
      xlink:to="us-gaap_TreasuryStockValue"
      order="27"
      use="optional" />
    <loc xlink:type="locator"
      xlink:label="us-gaap_RetainedEarningsAccumulatedDeficit"
      xlink:href="http://xbrl.fasb.org/us-gaap/2017/elts/us-gaap-2017-01-31.xsd#us-gaap_RetainedEarningsAccumulatedDeficit" />
    <definitionArc xlink:type="arc"
      xlink:arcrole="http://xbrl.org/int/dim/arcrole/domain-member"
      xlink:from="added_BalanceSheetLineItems"
      xlink:to="us-gaap_RetainedEarningsAccumulatedDeficit"
      order="28"
      use="optional" />
    <loc xlink:type="locator"
      xlink:label="us-gaap_AccumulatedOtherComprehensiveIncomeLossNetOfTax"
      xlink:href="http://xbrl.fasb.org/us-gaap/2017/elts/us-gaap-2017-01-31.xsd#us-gaap_AccumulatedOtherComprehensiveIncomeLossNetOfTax" />
    <definitionArc xlink:type="arc"
      xlink:arcrole="http://xbrl.org/int/dim/arcrole/domain-member"
      xlink:from="added_BalanceSheetLineItems"
      xlink:to="us-gaap_AccumulatedOtherComprehensiveIncomeLossNetOfTax"
      order="29"
      use="optional" />
    <loc xlink:type="locator"
      xlink:label="us-gaap_StockholdersEquityIncludingPortionAttributableToNoncontrollingInterest"
      xlink:href="http://xbrl.fasb.org/us-gaap/2017/elts/us-gaap-2017-01-31.xsd#us-gaap_StockholdersEquityIncludingPortionAttributableToNoncontrollingInterest" />
    <definitionArc xlink:type="arc"
      xlink:arcrole="http://xbrl.org/int/dim/arcrole/domain-member"
      xlink:from="added_BalanceSheetLineItems"
      xlink:to="us-gaap_StockholdersEquityIncludingPortionAttributableToNoncontrollingInterest"
      order="30"
      use="optional" />
    <loc xlink:type="locator"
      xlink:label="us-gaap_LiabilitiesAndStockholdersEquity"
      xlink:href="http://xbrl.fasb.org/us-gaap/2017/elts/us-gaap-2017-01-31.xsd#us-gaap_LiabilitiesAndStockholdersEquity" />
    <definitionArc xlink:type="arc"
      xlink:arcrole="http://xbrl.org/int/dim/arcrole/domain-member"
      xlink:from="added_BalanceSheetLineItems"
      xlink:to="us-gaap_LiabilitiesAndStockholdersEquity"
      order="31"
      use="optional" />
  </definitionLink>
  <definitionLink xlink:type="extended"
    xlink:role="http://www.template.com/SomeNetwork"
    xlink:title="Some Network">
    <loc xlink:type="locator"
      xlink:label="dei_LegalEntityAxis"
      xlink:href="http://xbrl.sec.gov/dei/2014/dei-2014-01-31.xsd#dei_LegalEntityAxis" />
    <loc xlink:type="locator"
      xlink:label="dei_EntityDomain"
      xlink:href="http://xbrl.sec.gov/dei/2014/dei-2014-01-31.xsd#dei_EntityDomain" />
    <definitionArc xlink:type="arc"
      xlink:arcrole="http://xbrl.org/int/dim/arcrole/dimension-default"
      xlink:from="dei_LegalEntityAxis" xlink:to="dei_EntityDomain"
      order="1"
      use="optional" />
  </definitionLink>
</linkbase>