<?xml version="1.0" encoding="utf-8"?>
<!--
Taxonomy Label Links linkbase based on XBRL standard Version 2.1.
Created by UBmatrix Taxonomy Designer 3.0.3.2436 (2009-06-02 13:18).  
Contact www.ubmatrix.com
Copyright (c) 2002-2017 UBmatrix inc., All Rights Reserved
Produced on 2017-06-09 08:33:56
-->
<linkbase
  xmlns="http://www.xbrl.org/2003/linkbase"
  xmlns:xsi="http://www.w3.org/2001/XMLSchema-instance"
  xmlns:xlink="http://www.w3.org/1999/xlink"
  xsi:schemaLocation="
    http://www.xbrl.org/2003/linkbase 
      http://www.xbrl.org/2003/xbrl-linkbase-2003-12-31.xsd
    ">
  <roleRef xlink:type="simple"
    xlink:href="http://www.xbrl.org/lrr/role/negated-2009-12-16.xsd#negatedLabel"
    roleURI="http://www.xbrl.org/2009/role/negatedLabel" />
  <labelLink xlink:type="extended"
    xlink:role="http://www.xbrl.org/2003/role/link">
    <loc xlink:type="locator"
      xlink:label="added_BalanceSheetLineItems"
      xlink:href="Template.xsd#added_BalanceSheetLineItems" />
    <labelArc xlink:type="arc"
      xlink:arcrole="http://www.xbrl.org/2003/arcrole/concept-label"
      xlink:from="added_BalanceSheetLineItems"
      xlink:to="added_BalanceSheetLineItems_lbl" />
    <label xlink:type="resource"
      xlink:label="added_BalanceSheetLineItems_lbl"
      xml:lang="en-US"
      xlink:role="http://www.xbrl.org/2003/role/label">Balance Sheet [Line Items]</label>
    <loc xlink:type="locator"
      xlink:label="added_BalanceSheetTable"
      xlink:href="Template.xsd#added_BalanceSheetTable" />
    <labelArc xlink:type="arc"
      xlink:arcrole="http://www.xbrl.org/2003/arcrole/concept-label"
      xlink:from="added_BalanceSheetTable" xlink:to="added_BalanceSheetTable_lbl" />
    <label xlink:type="resource"
      xlink:label="added_BalanceSheetTable_lbl"
      xml:lang="en-US"
      xlink:role="http://www.xbrl.org/2003/role/label">Balance Sheet [Table]</label>
    <loc xlink:type="locator"
      xlink:label="dei_EntityDomain"
      xlink:href="http://xbrl.sec.gov/dei/2014/dei-2014-01-31.xsd#dei_EntityDomain" />
    <labelArc xlink:type="arc"
      xlink:arcrole="http://www.xbrl.org/2003/arcrole/concept-label"
      xlink:from="dei_EntityDomain" xlink:to="dei_EntityDomain_lbl" />
    <label xlink:type="resource"
      xlink:label="dei_EntityDomain_lbl" xml:lang="en-US"
      xlink:role="http://www.xbrl.org/2003/role/label">Consolidated Entity [Domain]</label>
    <loc xlink:type="locator"
      xlink:label="dei_LegalEntityAxis"
      xlink:href="http://xbrl.sec.gov/dei/2014/dei-2014-01-31.xsd#dei_LegalEntityAxis" />
    <labelArc xlink:type="arc"
      xlink:arcrole="http://www.xbrl.org/2003/arcrole/concept-label"
      xlink:from="dei_LegalEntityAxis" xlink:to="dei_LegalEntityAxis_lbl" />
    <label xlink:type="resource"
      xlink:label="dei_LegalEntityAxis_lbl"
      xml:lang="en-US"
      xlink:role="http://www.xbrl.org/2003/role/label">Legal Entity [Axis]</label>
    <loc xlink:type="locator"
      xlink:label="us-gaap_AccountsPayableAndAccruedLiabilitiesCurrent"
      xlink:href="http://xbrl.fasb.org/us-gaap/2017/elts/us-gaap-2017-01-31.xsd#us-gaap_AccountsPayableAndAccruedLiabilitiesCurrent" />
    <labelArc xlink:type="arc"
      xlink:arcrole="http://www.xbrl.org/2003/arcrole/concept-label"
      xlink:from="us-gaap_AccountsPayableAndAccruedLiabilitiesCurrent"
      xlink:to="us-gaap_AccountsPayableAndAccruedLiabilitiesCurrent_lbl" />
    <label xlink:type="resource"
      xlink:label="us-gaap_AccountsPayableAndAccruedLiabilitiesCurrent_lbl"
      xml:lang="en-US"
      xlink:role="http://www.xbrl.org/2003/role/label">Accounts payable and accrued expenses</label>
    <loc xlink:type="locator"
      xlink:label="us-gaap_AccountsPayableAndAccruedLiabilitiesNoncurrent"
      xlink:href="http://xbrl.fasb.org/us-gaap/2017/elts/us-gaap-2017-01-31.xsd#us-gaap_AccountsPayableAndAccruedLiabilitiesNoncurrent" />
    <labelArc xlink:type="arc"
      xlink:arcrole="http://www.xbrl.org/2003/arcrole/concept-label"
      xlink:from="us-gaap_AccountsPayableAndAccruedLiabilitiesNoncurrent"
      xlink:to="us-gaap_AccountsPayableAndAccruedLiabilitiesNoncurrent_lbl" />
    <label xlink:type="resource"
      xlink:label="us-gaap_AccountsPayableAndAccruedLiabilitiesNoncurrent_lbl"
      xml:lang="en-US"
      xlink:role="http://www.xbrl.org/2003/role/label">Accounts payable and accrued expenses</label>
    <loc xlink:type="locator"
      xlink:label="us-gaap_AccountsReceivableNetCurrent"
      xlink:href="http://xbrl.fasb.org/us-gaap/2017/elts/us-gaap-2017-01-31.xsd#us-gaap_AccountsReceivableNetCurrent" />
    <labelArc xlink:type="arc"
      xlink:arcrole="http://www.xbrl.org/2003/arcrole/concept-label"
      xlink:from="us-gaap_AccountsReceivableNetCurrent"
      xlink:to="us-gaap_AccountsReceivableNetCurrent_lbl" />
    <label xlink:type="resource"
      xlink:label="us-gaap_AccountsReceivableNetCurrent_lbl"
      xml:lang="en-US"
      xlink:role="http://www.xbrl.org/2003/role/label">Accounts receivable, net of allowance for doubtful accounts of $1,000 and $1,000</label>
    <loc xlink:type="locator"
      xlink:label="us-gaap_AccumulatedOtherComprehensiveIncomeLossNetOfTax"
      xlink:href="http://xbrl.fasb.org/us-gaap/2017/elts/us-gaap-2017-01-31.xsd#us-gaap_AccumulatedOtherComprehensiveIncomeLossNetOfTax" />
    <labelArc xlink:type="arc"
      xlink:arcrole="http://www.xbrl.org/2003/arcrole/concept-label"
      xlink:from="us-gaap_AccumulatedOtherComprehensiveIncomeLossNetOfTax"
      xlink:to="us-gaap_AccumulatedOtherComprehensiveIncomeLossNetOfTax_lbl" />
    <label xlink:type="resource"
      xlink:label="us-gaap_AccumulatedOtherComprehensiveIncomeLossNetOfTax_lbl"
      xml:lang="en-US"
      xlink:role="http://www.xbrl.org/2003/role/label">Accumulated other comprehensive income, net of tax</label>
    <loc xlink:type="locator"
      xlink:label="us-gaap_AdditionalPaidInCapital"
      xlink:href="http://xbrl.fasb.org/us-gaap/2017/elts/us-gaap-2017-01-31.xsd#us-gaap_AdditionalPaidInCapital" />
    <labelArc xlink:type="arc"
      xlink:arcrole="http://www.xbrl.org/2003/arcrole/concept-label"
      xlink:from="us-gaap_AdditionalPaidInCapital"
      xlink:to="us-gaap_AdditionalPaidInCapital_lbl" />
    <label xlink:type="resource"
      xlink:label="us-gaap_AdditionalPaidInCapital_lbl"
      xml:lang="en-US"
      xlink:role="http://www.xbrl.org/2003/role/label">Additional paid in capital</label>
    <loc xlink:type="locator"
      xlink:label="us-gaap_AssetsAbstract"
      xlink:href="http://xbrl.fasb.org/us-gaap/2017/elts/us-gaap-2017-01-31.xsd#us-gaap_AssetsAbstract" />
    <labelArc xlink:type="arc"
      xlink:arcrole="http://www.xbrl.org/2003/arcrole/concept-label"
      xlink:from="us-gaap_AssetsAbstract" xlink:to="us-gaap_AssetsAbstract_lbl" />
    <label xlink:type="resource"
      xlink:label="us-gaap_AssetsAbstract_lbl"
      xml:lang="en-US"
      xlink:role="http://www.xbrl.org/2003/role/label">ASSETS [Roll Up]</label>
    <loc xlink:type="locator"
      xlink:label="us-gaap_AssetsCurrentAbstract"
      xlink:href="http://xbrl.fasb.org/us-gaap/2017/elts/us-gaap-2017-01-31.xsd#us-gaap_AssetsCurrentAbstract" />
    <labelArc xlink:type="arc"
      xlink:arcrole="http://www.xbrl.org/2003/arcrole/concept-label"
      xlink:from="us-gaap_AssetsCurrentAbstract"
      xlink:to="us-gaap_AssetsCurrentAbstract_lbl" />
    <label xlink:type="resource"
      xlink:label="us-gaap_AssetsCurrentAbstract_lbl"
      xml:lang="en-US"
      xlink:role="http://www.xbrl.org/2003/role/label">CURRENT ASSETS [Roll Up]</label>
    <loc xlink:type="locator"
      xlink:label="us-gaap_AssetsCurrent"
      xlink:href="http://xbrl.fasb.org/us-gaap/2017/elts/us-gaap-2017-01-31.xsd#us-gaap_AssetsCurrent" />
    <labelArc xlink:type="arc"
      xlink:arcrole="http://www.xbrl.org/2003/arcrole/concept-label"
      xlink:from="us-gaap_AssetsCurrent" xlink:to="us-gaap_AssetsCurrent_lbl" />
    <label xlink:type="resource"
      xlink:label="us-gaap_AssetsCurrent_lbl"
      xml:lang="en-US"
      xlink:role="http://www.xbrl.org/2003/role/label">Current assets</label>
    <label xlink:type="resource"
      xlink:label="us-gaap_AssetsCurrent_lbl"
      xml:lang="en-US"
      xlink:role="http://www.xbrl.org/2003/role/totalLabel">Total current assets</label>
    <loc xlink:type="locator"
      xlink:label="us-gaap_AssetsNoncurrentAbstract"
      xlink:href="http://xbrl.fasb.org/us-gaap/2017/elts/us-gaap-2017-01-31.xsd#us-gaap_AssetsNoncurrentAbstract" />
    <labelArc xlink:type="arc"
      xlink:arcrole="http://www.xbrl.org/2003/arcrole/concept-label"
      xlink:from="us-gaap_AssetsNoncurrentAbstract"
      xlink:to="us-gaap_AssetsNoncurrentAbstract_lbl" />
    <label xlink:type="resource"
      xlink:label="us-gaap_AssetsNoncurrentAbstract_lbl"
      xml:lang="en-US"
      xlink:role="http://www.xbrl.org/2003/role/label">NONCURRENT ASSETS [Roll Up]</label>
    <loc xlink:type="locator"
      xlink:label="us-gaap_AssetsNoncurrent"
      xlink:href="http://xbrl.fasb.org/us-gaap/2017/elts/us-gaap-2017-01-31.xsd#us-gaap_AssetsNoncurrent" />
    <labelArc xlink:type="arc"
      xlink:arcrole="http://www.xbrl.org/2003/arcrole/concept-label"
      xlink:from="us-gaap_AssetsNoncurrent"
      xlink:to="us-gaap_AssetsNoncurrent_lbl" />
    <label xlink:type="resource"
      xlink:label="us-gaap_AssetsNoncurrent_lbl"
      xml:lang="en-US"
      xlink:role="http://www.xbrl.org/2003/role/label">Noncurrent assets</label>
    <label xlink:type="resource"
      xlink:label="us-gaap_AssetsNoncurrent_lbl"
      xml:lang="en-US"
      xlink:role="http://www.xbrl.org/2003/role/totalLabel">Total noncurrent assets</label>
    <loc xlink:type="locator"
      xlink:label="us-gaap_Assets"
      xlink:href="http://xbrl.fasb.org/us-gaap/2017/elts/us-gaap-2017-01-31.xsd#us-gaap_Assets" />
    <labelArc xlink:type="arc"
      xlink:arcrole="http://www.xbrl.org/2003/arcrole/concept-label"
      xlink:from="us-gaap_Assets" xlink:to="us-gaap_Assets_lbl" />
    <label xlink:type="resource"
      xlink:label="us-gaap_Assets_lbl" xml:lang="en-US"
      xlink:role="http://www.xbrl.org/2003/role/label">Assets</label>
    <label xlink:type="resource"
      xlink:label="us-gaap_Assets_lbl" xml:lang="en-US"
      xlink:role="http://www.xbrl.org/2003/role/totalLabel">Total assets</label>
    <loc xlink:type="locator"
      xlink:label="us-gaap_CashAndCashEquivalentsAtCarryingValue"
      xlink:href="http://xbrl.fasb.org/us-gaap/2017/elts/us-gaap-2017-01-31.xsd#us-gaap_CashAndCashEquivalentsAtCarryingValue" />
    <labelArc xlink:type="arc"
      xlink:arcrole="http://www.xbrl.org/2003/arcrole/concept-label"
      xlink:from="us-gaap_CashAndCashEquivalentsAtCarryingValue"
      xlink:to="us-gaap_CashAndCashEquivalentsAtCarryingValue_lbl" />
    <label xlink:type="resource"
      xlink:label="us-gaap_CashAndCashEquivalentsAtCarryingValue_lbl"
      xml:lang="en-US"
      xlink:role="http://www.xbrl.org/2003/role/label">Cash and cash equivalents</label>
    <loc xlink:type="locator"
      xlink:label="us-gaap_CommitmentsAndContingencies"
      xlink:href="http://xbrl.fasb.org/us-gaap/2017/elts/us-gaap-2017-01-31.xsd#us-gaap_CommitmentsAndContingencies" />
    <labelArc xlink:type="arc"
      xlink:arcrole="http://www.xbrl.org/2003/arcrole/concept-label"
      xlink:from="us-gaap_CommitmentsAndContingencies"
      xlink:to="us-gaap_CommitmentsAndContingencies_lbl" />
    <label xlink:type="resource"
      xlink:label="us-gaap_CommitmentsAndContingencies_lbl"
      xml:lang="en-US"
      xlink:role="http://www.xbrl.org/2003/role/label">Commitments and contingencies</label>
    <loc xlink:type="locator"
      xlink:label="us-gaap_CommonStockValue"
      xlink:href="http://xbrl.fasb.org/us-gaap/2017/elts/us-gaap-2017-01-31.xsd#us-gaap_CommonStockValue" />
    <labelArc xlink:type="arc"
      xlink:arcrole="http://www.xbrl.org/2003/arcrole/concept-label"
      xlink:from="us-gaap_CommonStockValue"
      xlink:to="us-gaap_CommonStockValue_lbl" />
    <label xlink:type="resource"
      xlink:label="us-gaap_CommonStockValue_lbl"
      xml:lang="en-US"
      xlink:role="http://www.xbrl.org/2003/role/label">Common stock, Class A and Class B, $1 par, 110,000 shares authorized (Class A 60,000, Class B 50,000), 90,000 shares issued and outstanding (Class A 50,000, Class B 40,000)</label>
    <loc xlink:type="locator"
      xlink:label="us-gaap_DebtCurrent"
      xlink:href="http://xbrl.fasb.org/us-gaap/2017/elts/us-gaap-2017-01-31.xsd#us-gaap_DebtCurrent" />
    <labelArc xlink:type="arc"
      xlink:arcrole="http://www.xbrl.org/2003/arcrole/concept-label"
      xlink:from="us-gaap_DebtCurrent" xlink:to="us-gaap_DebtCurrent_lbl" />
    <label xlink:type="resource"
      xlink:label="us-gaap_DebtCurrent_lbl"
      xml:lang="en-US"
      xlink:role="http://www.xbrl.org/2003/role/label">Current potion of long-term debt</label>
    <loc xlink:type="locator"
      xlink:label="us-gaap_InventoryNet"
      xlink:href="http://xbrl.fasb.org/us-gaap/2017/elts/us-gaap-2017-01-31.xsd#us-gaap_InventoryNet" />
    <labelArc xlink:type="arc"
      xlink:arcrole="http://www.xbrl.org/2003/arcrole/concept-label"
      xlink:from="us-gaap_InventoryNet" xlink:to="us-gaap_InventoryNet_lbl" />
    <label xlink:type="resource"
      xlink:label="us-gaap_InventoryNet_lbl"
      xml:lang="en-US"
      xlink:role="http://www.xbrl.org/2003/role/label">Inventories</label>
    <loc xlink:type="locator"
      xlink:label="us-gaap_LiabilitiesAbstract"
      xlink:href="http://xbrl.fasb.org/us-gaap/2017/elts/us-gaap-2017-01-31.xsd#us-gaap_LiabilitiesAbstract" />
    <labelArc xlink:type="arc"
      xlink:arcrole="http://www.xbrl.org/2003/arcrole/concept-label"
      xlink:from="us-gaap_LiabilitiesAbstract"
      xlink:to="us-gaap_LiabilitiesAbstract_lbl" />
    <label xlink:type="resource"
      xlink:label="us-gaap_LiabilitiesAbstract_lbl"
      xml:lang="en-US"
      xlink:role="http://www.xbrl.org/2003/role/label">LIABILITIES [Roll Up]</label>
    <loc xlink:type="locator"
      xlink:label="us-gaap_LiabilitiesAndStockholdersEquityAbstract"
      xlink:href="http://xbrl.fasb.org/us-gaap/2017/elts/us-gaap-2017-01-31.xsd#us-gaap_LiabilitiesAndStockholdersEquityAbstract" />
    <labelArc xlink:type="arc"
      xlink:arcrole="http://www.xbrl.org/2003/arcrole/concept-label"
      xlink:from="us-gaap_LiabilitiesAndStockholdersEquityAbstract"
      xlink:to="us-gaap_LiabilitiesAndStockholdersEquityAbstract_lbl" />
    <label xlink:type="resource"
      xlink:label="us-gaap_LiabilitiesAndStockholdersEquityAbstract_lbl"
      xml:lang="en-US"
      xlink:role="http://www.xbrl.org/2003/role/label">LIABILITIES AND EQUITY [Roll Up]</label>
    <loc xlink:type="locator"
      xlink:label="us-gaap_LiabilitiesAndStockholdersEquity"
      xlink:href="http://xbrl.fasb.org/us-gaap/2017/elts/us-gaap-2017-01-31.xsd#us-gaap_LiabilitiesAndStockholdersEquity" />
    <labelArc xlink:type="arc"
      xlink:arcrole="http://www.xbrl.org/2003/arcrole/concept-label"
      xlink:from="us-gaap_LiabilitiesAndStockholdersEquity"
      xlink:to="us-gaap_LiabilitiesAndStockholdersEquity_lbl" />
    <label xlink:type="resource"
      xlink:label="us-gaap_LiabilitiesAndStockholdersEquity_lbl"
      xml:lang="en-US"
      xlink:role="http://www.xbrl.org/2003/role/label">Liabilities and stockholders' equity</label>
    <label xlink:type="resource"
      xlink:label="us-gaap_LiabilitiesAndStockholdersEquity_lbl"
      xml:lang="en-US"
      xlink:role="http://www.xbrl.org/2003/role/totalLabel">Total liabilities and stockholders' equity</label>
    <loc xlink:type="locator"
      xlink:label="us-gaap_LiabilitiesCurrentAbstract"
      xlink:href="http://xbrl.fasb.org/us-gaap/2017/elts/us-gaap-2017-01-31.xsd#us-gaap_LiabilitiesCurrentAbstract" />
    <labelArc xlink:type="arc"
      xlink:arcrole="http://www.xbrl.org/2003/arcrole/concept-label"
      xlink:from="us-gaap_LiabilitiesCurrentAbstract"
      xlink:to="us-gaap_LiabilitiesCurrentAbstract_lbl" />
    <label xlink:type="resource"
      xlink:label="us-gaap_LiabilitiesCurrentAbstract_lbl"
      xml:lang="en-US"
      xlink:role="http://www.xbrl.org/2003/role/label">CURRENT LIABILITIES [Roll Up]</label>
    <loc xlink:type="locator"
      xlink:label="us-gaap_LiabilitiesCurrent"
      xlink:href="http://xbrl.fasb.org/us-gaap/2017/elts/us-gaap-2017-01-31.xsd#us-gaap_LiabilitiesCurrent" />
    <labelArc xlink:type="arc"
      xlink:arcrole="http://www.xbrl.org/2003/arcrole/concept-label"
      xlink:from="us-gaap_LiabilitiesCurrent"
      xlink:to="us-gaap_LiabilitiesCurrent_lbl" />
    <label xlink:type="resource"
      xlink:label="us-gaap_LiabilitiesCurrent_lbl"
      xml:lang="en-US"
      xlink:role="http://www.xbrl.org/2003/role/label">Current liabilities</label>
    <label xlink:type="resource"
      xlink:label="us-gaap_LiabilitiesCurrent_lbl"
      xml:lang="en-US"
      xlink:role="http://www.xbrl.org/2003/role/totalLabel">Total current liabilities</label>
    <loc xlink:type="locator"
      xlink:label="us-gaap_LiabilitiesNoncurrentAbstract"
      xlink:href="http://xbrl.fasb.org/us-gaap/2017/elts/us-gaap-2017-01-31.xsd#us-gaap_LiabilitiesNoncurrentAbstract" />
    <labelArc xlink:type="arc"
      xlink:arcrole="http://www.xbrl.org/2003/arcrole/concept-label"
      xlink:from="us-gaap_LiabilitiesNoncurrentAbstract"
      xlink:to="us-gaap_LiabilitiesNoncurrentAbstract_lbl" />
    <label xlink:type="resource"
      xlink:label="us-gaap_LiabilitiesNoncurrentAbstract_lbl"
      xml:lang="en-US"
      xlink:role="http://www.xbrl.org/2003/role/label">NONCURRENT LIABILITIES [Roll Up]</label>
    <loc xlink:type="locator"
      xlink:label="us-gaap_LiabilitiesNoncurrent"
      xlink:href="http://xbrl.fasb.org/us-gaap/2017/elts/us-gaap-2017-01-31.xsd#us-gaap_LiabilitiesNoncurrent" />
    <labelArc xlink:type="arc"
      xlink:arcrole="http://www.xbrl.org/2003/arcrole/concept-label"
      xlink:from="us-gaap_LiabilitiesNoncurrent"
      xlink:to="us-gaap_LiabilitiesNoncurrent_lbl" />
    <label xlink:type="resource"
      xlink:label="us-gaap_LiabilitiesNoncurrent_lbl"
      xml:lang="en-US"
      xlink:role="http://www.xbrl.org/2003/role/label">Noncurrent liabilities</label>
    <label xlink:type="resource"
      xlink:label="us-gaap_LiabilitiesNoncurrent_lbl"
      xml:lang="en-US"
      xlink:role="http://www.xbrl.org/2003/role/totalLabel">Total noncurrent liabilities</label>
    <loc xlink:type="locator"
      xlink:label="us-gaap_Liabilities"
      xlink:href="http://xbrl.fasb.org/us-gaap/2017/elts/us-gaap-2017-01-31.xsd#us-gaap_Liabilities" />
    <labelArc xlink:type="arc"
      xlink:arcrole="http://www.xbrl.org/2003/arcrole/concept-label"
      xlink:from="us-gaap_Liabilities" xlink:to="us-gaap_Liabilities_lbl" />
    <label xlink:type="resource"
      xlink:label="us-gaap_Liabilities_lbl"
      xml:lang="en-US"
      xlink:role="http://www.xbrl.org/2003/role/label">Liabilities</label>
    <label xlink:type="resource"
      xlink:label="us-gaap_Liabilities_lbl"
      xml:lang="en-US"
      xlink:role="http://www.xbrl.org/2003/role/totalLabel">Total liabilities</label>
    <loc xlink:type="locator"
      xlink:label="us-gaap_LongTermDebt"
      xlink:href="http://xbrl.fasb.org/us-gaap/2017/elts/us-gaap-2017-01-31.xsd#us-gaap_LongTermDebt" />
    <labelArc xlink:type="arc"
      xlink:arcrole="http://www.xbrl.org/2003/arcrole/concept-label"
      xlink:from="us-gaap_LongTermDebt" xlink:to="us-gaap_LongTermDebt_lbl" />
    <label xlink:type="resource"
      xlink:label="us-gaap_LongTermDebt_lbl"
      xml:lang="en-US"
      xlink:role="http://www.xbrl.org/2003/role/label">Long-term debt</label>
    <loc xlink:type="locator"
      xlink:label="us-gaap_OtherAssetsCurrent"
      xlink:href="http://xbrl.fasb.org/us-gaap/2017/elts/us-gaap-2017-01-31.xsd#us-gaap_OtherAssetsCurrent" />
    <labelArc xlink:type="arc"
      xlink:arcrole="http://www.xbrl.org/2003/arcrole/concept-label"
      xlink:from="us-gaap_OtherAssetsCurrent"
      xlink:to="us-gaap_OtherAssetsCurrent_lbl" />
    <label xlink:type="resource"
      xlink:label="us-gaap_OtherAssetsCurrent_lbl"
      xml:lang="en-US"
      xlink:role="http://www.xbrl.org/2003/role/label">Other current assets</label>
    <loc xlink:type="locator"
      xlink:label="us-gaap_OtherAssetsNoncurrent"
      xlink:href="http://xbrl.fasb.org/us-gaap/2017/elts/us-gaap-2017-01-31.xsd#us-gaap_OtherAssetsNoncurrent" />
    <labelArc xlink:type="arc"
      xlink:arcrole="http://www.xbrl.org/2003/arcrole/concept-label"
      xlink:from="us-gaap_OtherAssetsNoncurrent"
      xlink:to="us-gaap_OtherAssetsNoncurrent_lbl" />
    <label xlink:type="resource"
      xlink:label="us-gaap_OtherAssetsNoncurrent_lbl"
      xml:lang="en-US"
      xlink:role="http://www.xbrl.org/2003/role/label">Other noncurrent assets</label>
    <loc xlink:type="locator"
      xlink:label="us-gaap_OtherLiabilitiesCurrent"
      xlink:href="http://xbrl.fasb.org/us-gaap/2017/elts/us-gaap-2017-01-31.xsd#us-gaap_OtherLiabilitiesCurrent" />
    <labelArc xlink:type="arc"
      xlink:arcrole="http://www.xbrl.org/2003/arcrole/concept-label"
      xlink:from="us-gaap_OtherLiabilitiesCurrent"
      xlink:to="us-gaap_OtherLiabilitiesCurrent_lbl" />
    <label xlink:type="resource"
      xlink:label="us-gaap_OtherLiabilitiesCurrent_lbl"
      xml:lang="en-US"
      xlink:role="http://www.xbrl.org/2003/role/label">Other current liabilities</label>
    <loc xlink:type="locator"
      xlink:label="us-gaap_OtherLiabilitiesNoncurrent"
      xlink:href="http://xbrl.fasb.org/us-gaap/2017/elts/us-gaap-2017-01-31.xsd#us-gaap_OtherLiabilitiesNoncurrent" />
    <labelArc xlink:type="arc"
      xlink:arcrole="http://www.xbrl.org/2003/arcrole/concept-label"
      xlink:from="us-gaap_OtherLiabilitiesNoncurrent"
      xlink:to="us-gaap_OtherLiabilitiesNoncurrent_lbl" />
    <label xlink:type="resource"
      xlink:label="us-gaap_OtherLiabilitiesNoncurrent_lbl"
      xml:lang="en-US"
      xlink:role="http://www.xbrl.org/2003/role/label">Other noncurrent liabilities</label>
    <loc xlink:type="locator"
      xlink:label="us-gaap_PreferredStockValue"
      xlink:href="http://xbrl.fasb.org/us-gaap/2017/elts/us-gaap-2017-01-31.xsd#us-gaap_PreferredStockValue" />
    <labelArc xlink:type="arc"
      xlink:arcrole="http://www.xbrl.org/2003/arcrole/concept-label"
      xlink:from="us-gaap_PreferredStockValue"
      xlink:to="us-gaap_PreferredStockValue_lbl" />
    <label xlink:type="resource"
      xlink:label="us-gaap_PreferredStockValue_lbl"
      xml:lang="en-US"
      xlink:role="http://www.xbrl.org/2003/role/label">Preferred stock, Class A, $1 par, 10,000 shares authorized, issued and outstanding; redemption abount $5,000, liquidation preference $10,000, conversion basis Tincidunt cursus est</label>
    <loc xlink:type="locator"
      xlink:label="us-gaap_PrepaidExpenseCurrent"
      xlink:href="http://xbrl.fasb.org/us-gaap/2017/elts/us-gaap-2017-01-31.xsd#us-gaap_PrepaidExpenseCurrent" />
    <labelArc xlink:type="arc"
      xlink:arcrole="http://www.xbrl.org/2003/arcrole/concept-label"
      xlink:from="us-gaap_PrepaidExpenseCurrent"
      xlink:to="us-gaap_PrepaidExpenseCurrent_lbl" />
    <label xlink:type="resource"
      xlink:label="us-gaap_PrepaidExpenseCurrent_lbl"
      xml:lang="en-US"
      xlink:role="http://www.xbrl.org/2003/role/label">Prepaid expenses</label>
    <loc xlink:type="locator"
      xlink:label="us-gaap_PropertyPlantAndEquipmentNet"
      xlink:href="http://xbrl.fasb.org/us-gaap/2017/elts/us-gaap-2017-01-31.xsd#us-gaap_PropertyPlantAndEquipmentNet" />
    <labelArc xlink:type="arc"
      xlink:arcrole="http://www.xbrl.org/2003/arcrole/concept-label"
      xlink:from="us-gaap_PropertyPlantAndEquipmentNet"
      xlink:to="us-gaap_PropertyPlantAndEquipmentNet_lbl" />
    <label xlink:type="resource"
      xlink:label="us-gaap_PropertyPlantAndEquipmentNet_lbl"
      xml:lang="en-US"
      xlink:role="http://www.xbrl.org/2003/role/label">Property, plant and equipment, net</label>
    <loc xlink:type="locator"
      xlink:label="us-gaap_RestrictedCashAndInvestmentsCurrent"
      xlink:href="http://xbrl.fasb.org/us-gaap/2017/elts/us-gaap-2017-01-31.xsd#us-gaap_RestrictedCashAndInvestmentsCurrent" />
    <labelArc xlink:type="arc"
      xlink:arcrole="http://www.xbrl.org/2003/arcrole/concept-label"
      xlink:from="us-gaap_RestrictedCashAndInvestmentsCurrent"
      xlink:to="us-gaap_RestrictedCashAndInvestmentsCurrent_lbl" />
    <label xlink:type="resource"
      xlink:label="us-gaap_RestrictedCashAndInvestmentsCurrent_lbl"
      xml:lang="en-US"
      xlink:role="http://www.xbrl.org/2003/role/label">Restricted cash</label>
    <loc xlink:type="locator"
      xlink:label="us-gaap_RetainedEarningsAccumulatedDeficit"
      xlink:href="http://xbrl.fasb.org/us-gaap/2017/elts/us-gaap-2017-01-31.xsd#us-gaap_RetainedEarningsAccumulatedDeficit" />
    <labelArc xlink:type="arc"
      xlink:arcrole="http://www.xbrl.org/2003/arcrole/concept-label"
      xlink:from="us-gaap_RetainedEarningsAccumulatedDeficit"
      xlink:to="us-gaap_RetainedEarningsAccumulatedDeficit_lbl" />
    <label xlink:type="resource"
      xlink:label="us-gaap_RetainedEarningsAccumulatedDeficit_lbl"
      xml:lang="en-US"
      xlink:role="http://www.xbrl.org/2003/role/label">Retained earnings</label>
    <loc xlink:type="locator"
      xlink:label="us-gaap_ShortTermInvestments"
      xlink:href="http://xbrl.fasb.org/us-gaap/2017/elts/us-gaap-2017-01-31.xsd#us-gaap_ShortTermInvestments" />
    <labelArc xlink:type="arc"
      xlink:arcrole="http://www.xbrl.org/2003/arcrole/concept-label"
      xlink:from="us-gaap_ShortTermInvestments"
      xlink:to="us-gaap_ShortTermInvestments_lbl" />
    <label xlink:type="resource"
      xlink:label="us-gaap_ShortTermInvestments_lbl"
      xml:lang="en-US"
      xlink:role="http://www.xbrl.org/2003/role/label">Short term investments</label>
    <loc xlink:type="locator"
      xlink:label="us-gaap_StockholdersEquityIncludingPortionAttributableToNoncontrollingInterestAbstract"
      xlink:href="http://xbrl.fasb.org/us-gaap/2017/elts/us-gaap-2017-01-31.xsd#us-gaap_StockholdersEquityIncludingPortionAttributableToNoncontrollingInterestAbstract" />
    <labelArc xlink:type="arc"
      xlink:arcrole="http://www.xbrl.org/2003/arcrole/concept-label"
      xlink:from="us-gaap_StockholdersEquityIncludingPortionAttributableToNoncontrollingInterestAbstract"
      xlink:to="us-gaap_StockholdersEquityIncludingPortionAttributableToNoncontrollingInterestAbstract_lbl" />
    <label xlink:type="resource"
      xlink:label="us-gaap_StockholdersEquityIncludingPortionAttributableToNoncontrollingInterestAbstract_lbl"
      xml:lang="en-US"
      xlink:role="http://www.xbrl.org/2003/role/label">STOCKHOLDERS' EQUITY [Roll Up]</label>
    <loc xlink:type="locator"
      xlink:label="us-gaap_StockholdersEquityIncludingPortionAttributableToNoncontrollingInterest"
      xlink:href="http://xbrl.fasb.org/us-gaap/2017/elts/us-gaap-2017-01-31.xsd#us-gaap_StockholdersEquityIncludingPortionAttributableToNoncontrollingInterest" />
    <labelArc xlink:type="arc"
      xlink:arcrole="http://www.xbrl.org/2003/arcrole/concept-label"
      xlink:from="us-gaap_StockholdersEquityIncludingPortionAttributableToNoncontrollingInterest"
      xlink:to="us-gaap_StockholdersEquityIncludingPortionAttributableToNoncontrollingInterest_lbl" />
    <label xlink:type="resource"
      xlink:label="us-gaap_StockholdersEquityIncludingPortionAttributableToNoncontrollingInterest_lbl"
      xml:lang="en-US"
      xlink:role="http://www.xbrl.org/2003/role/label">Stockholders' equity</label>
    <label xlink:type="resource"
      xlink:label="us-gaap_StockholdersEquityIncludingPortionAttributableToNoncontrollingInterest_lbl"
      xml:lang="en-US"
      xlink:role="http://www.xbrl.org/2003/role/totalLabel">Stockholders' equity</label>
    <loc xlink:type="locator"
      xlink:label="us-gaap_TreasuryStockValue"
      xlink:href="http://xbrl.fasb.org/us-gaap/2017/elts/us-gaap-2017-01-31.xsd#us-gaap_TreasuryStockValue" />
    <labelArc xlink:type="arc"
      xlink:arcrole="http://www.xbrl.org/2003/arcrole/concept-label"
      xlink:from="us-gaap_TreasuryStockValue"
      xlink:to="us-gaap_TreasuryStockValue_lbl" />
    <label xlink:type="resource"
      xlink:label="us-gaap_TreasuryStockValue_lbl"
      xml:lang="en-US"
      xlink:role="http://www.xbrl.org/2003/role/label">Treasury stock, share value $1, 10,000 shares, restrictions are Cursus est ullamcorper vel sollicitudin lacus</label>
    <label xlink:type="resource"
      xlink:label="us-gaap_TreasuryStockValue_lbl"
      xml:lang="en-US"
      xlink:role="http://www.xbrl.org/2009/role/negatedLabel">Treasury stock, share value $1, 10,000 shares, restrictions are Cursus est ullamcorper vel sollicitudin lacus</label>
  </labelLink>
</linkbase>