<?xml version="1.0" encoding="utf-8"?>
<linkbase
  xmlns="http://www.xbrl.org/2003/linkbase"
  xmlns:xsi="http://www.w3.org/2001/XMLSchema-instance"
  xmlns:xlink="http://www.w3.org/1999/xlink"
  xsi:schemaLocation="
    http://www.xbrl.org/2003/linkbase 
      http://www.xbrl.org/2003/xbrl-linkbase-2003-12-31.xsd
    ">
  <labelLink xlink:type="extended"
    xlink:role="http://www.xbrl.org/2003/role/link">
    <loc xlink:type="locator"
      xlink:label="pattern_BuildingsNet"
      xlink:href="RollUp.xsd#pattern_BuildingsNet" />
    <labelArc xlink:type="arc"
      xlink:arcrole="http://www.xbrl.org/2003/arcrole/concept-label"
      xlink:from="pattern_BuildingsNet" xlink:to="pattern_BuildingsNet_lbl" />
    <label xlink:type="resource"
      xlink:label="pattern_BuildingsNet_lbl"
      xml:lang="en"
      xlink:role="http://www.xbrl.org/2003/role/documentation">Etiam ipsum orci, gravida nec, feugiat ut, malesuada quis, mauris. Etiam porttitor. Ut venenatis, velit a accumsan interdum, odio metus mollis mauris, non pharetra augue arcu eu felis.</label>
    <label xlink:type="resource"
      xlink:label="pattern_BuildingsNet_lbl"
      xml:lang="en"
      xlink:role="http://www.xbrl.org/2003/role/label">Buildings, Net</label>
    <loc xlink:type="locator"
      xlink:label="pattern_ComputerEquipmentNet"
      xlink:href="RollUp.xsd#pattern_ComputerEquipmentNet" />
    <labelArc xlink:type="arc"
      xlink:arcrole="http://www.xbrl.org/2003/arcrole/concept-label"
      xlink:from="pattern_ComputerEquipmentNet"
      xlink:to="pattern_ComputerEquipmentNet_lbl" />
    <label xlink:type="resource"
      xlink:label="pattern_ComputerEquipmentNet_lbl"
      xml:lang="en"
      xlink:role="http://www.xbrl.org/2003/role/documentation">Suspendisse vestibulum augue eu justo. Pellentesque habitant morbi tristique senectus et netus et malesuada fames ac turpis egestas.</label>
    <label xlink:type="resource"
      xlink:label="pattern_ComputerEquipmentNet_lbl"
      xml:lang="en"
      xlink:role="http://www.xbrl.org/2003/role/label">Computer Equipment, Net</label>
    <loc xlink:type="locator"
      xlink:label="pattern_FurnitureAndFixturesNet"
      xlink:href="RollUp.xsd#pattern_FurnitureAndFixturesNet" />
    <labelArc xlink:type="arc"
      xlink:arcrole="http://www.xbrl.org/2003/arcrole/concept-label"
      xlink:from="pattern_FurnitureAndFixturesNet"
      xlink:to="pattern_FurnitureAndFixturesNet_lbl" />
    <label xlink:type="resource"
      xlink:label="pattern_FurnitureAndFixturesNet_lbl"
      xml:lang="en"
      xlink:role="http://www.xbrl.org/2003/role/documentation">Praesent eleifend dignissim eros. Proin feugiat lobortis mi. Nunc congue. Fusce venenatis.</label>
    <label xlink:type="resource"
      xlink:label="pattern_FurnitureAndFixturesNet_lbl"
      xml:lang="en"
      xlink:role="http://www.xbrl.org/2003/role/label">Furniture and Fixtures, Net</label>
    <loc xlink:type="locator"
      xlink:label="pattern_Land"
      xlink:href="RollUp.xsd#pattern_Land" />
    <labelArc xlink:type="arc"
      xlink:arcrole="http://www.xbrl.org/2003/arcrole/concept-label"
      xlink:from="pattern_Land" xlink:to="pattern_Land_lbl" />
    <label xlink:type="resource"
      xlink:label="pattern_Land_lbl" xml:lang="en"
      xlink:role="http://www.xbrl.org/2003/role/documentation">Sed eu nibh. Fusce vitae mi. Sed dapibus venenatis ipsum. Sed in purus. Class aptent taciti sociosqu ad litora torquent per conubia nostra, per inceptos hymenaeos.</label>
    <label xlink:type="resource"
      xlink:label="pattern_Land_lbl" xml:lang="en"
      xlink:role="http://www.xbrl.org/2003/role/periodEndLabel">Land, Ending Balance</label>
    <label xlink:type="resource"
      xlink:label="pattern_Land_lbl" xml:lang="en"
      xlink:role="http://www.xbrl.org/2003/role/periodStartLabel">Land, Beginning Balance</label>
    <label xlink:type="resource"
      xlink:label="pattern_Land_lbl" xml:lang="en"
      xlink:role="http://www.xbrl.org/2003/role/label">Land</label>
    <loc xlink:type="locator"
      xlink:label="pattern_OtherPropertyPlantAndEquipmentNet"
      xlink:href="RollUp.xsd#pattern_OtherPropertyPlantAndEquipmentNet" />
    <labelArc xlink:type="arc"
      xlink:arcrole="http://www.xbrl.org/2003/arcrole/concept-label"
      xlink:from="pattern_OtherPropertyPlantAndEquipmentNet"
      xlink:to="pattern_OtherPropertyPlantAndEquipmentNet_lbl" />
    <label xlink:type="resource"
      xlink:label="pattern_OtherPropertyPlantAndEquipmentNet_lbl"
      xml:lang="en"
      xlink:role="http://www.xbrl.org/2003/role/documentation">Lorem ipsum dolor sit amet, consectetuer adipiscing elit. Praesent id mauris. Sed dapibus dui quis lectus. Donec id sem.</label>
    <label xlink:type="resource"
      xlink:label="pattern_OtherPropertyPlantAndEquipmentNet_lbl"
      xml:lang="en"
      xlink:role="http://www.xbrl.org/2003/role/label">Other Property, Plant and Equipment, Net</label>
    <loc xlink:type="locator"
      xlink:label="pattern_PropertyPlantAndEquipmentByComponentLineItems"
      xlink:href="RollUp.xsd#pattern_PropertyPlantAndEquipmentByComponentLineItems" />
    <labelArc xlink:type="arc"
      xlink:arcrole="http://www.xbrl.org/2003/arcrole/concept-label"
      xlink:from="pattern_PropertyPlantAndEquipmentByComponentLineItems"
      xlink:to="pattern_PropertyPlantAndEquipmentByComponentLineItems_lbl" />
    <label xlink:type="resource"
      xlink:label="pattern_PropertyPlantAndEquipmentByComponentLineItems_lbl"
      xml:lang="en"
      xlink:role="http://www.xbrl.org/2003/role/documentation">Proin elit sem, ornare non, ullamcorper vel, sollicitudin a, lacus. Mauris tincidunt cursus est.</label>
    <label xlink:type="resource"
      xlink:label="pattern_PropertyPlantAndEquipmentByComponentLineItems_lbl"
      xml:lang="en"
      xlink:role="http://www.xbrl.org/2003/role/label">Property, Plant and Equipment, by Component [Line Items]</label>
    <loc xlink:type="locator"
      xlink:label="pattern_PropertyPlantAndEquipmentNetRollUp"
      xlink:href="RollUp.xsd#pattern_PropertyPlantAndEquipmentNetRollUp" />
    <labelArc xlink:type="arc"
      xlink:arcrole="http://www.xbrl.org/2003/arcrole/concept-label"
      xlink:from="pattern_PropertyPlantAndEquipmentNetRollUp"
      xlink:to="pattern_PropertyPlantAndEquipmentNetRollUp_lbl" />
    <label xlink:type="resource"
      xlink:label="pattern_PropertyPlantAndEquipmentNetRollUp_lbl"
      xml:lang="en"
      xlink:role="http://www.xbrl.org/2003/role/documentation">Praesent fringilla feugiat magna. Suspendisse et lorem eu risus convallis placerat.</label>
    <label xlink:type="resource"
      xlink:label="pattern_PropertyPlantAndEquipmentNetRollUp_lbl"
      xml:lang="en"
      xlink:role="http://www.xbrl.org/2003/role/label">Property, Plant and Equipment, Net [Roll Up]</label>
    <loc xlink:type="locator"
      xlink:label="pattern_PropertyPlantAndEquipmentNet"
      xlink:href="RollUp.xsd#pattern_PropertyPlantAndEquipmentNet" />
    <labelArc xlink:type="arc"
      xlink:arcrole="http://www.xbrl.org/2003/arcrole/concept-label"
      xlink:from="pattern_PropertyPlantAndEquipmentNet"
      xlink:to="pattern_PropertyPlantAndEquipmentNet_lbl" />
    <label xlink:type="resource"
      xlink:label="pattern_PropertyPlantAndEquipmentNet_lbl"
      xml:lang="en"
      xlink:role="http://www.xbrl.org/2003/role/documentation">Duis fermentum. Nullam dui orci, scelerisque porttitor, volutpat a, porttitor a, enim. Sed lobortis.</label>
    <label xlink:type="resource"
      xlink:label="pattern_PropertyPlantAndEquipmentNet_lbl"
      xml:lang="en"
      xlink:role="http://www.xbrl.org/2003/role/label">Property, Plant and Equipment, Net</label>
    <label xlink:type="resource"
      xlink:label="pattern_PropertyPlantAndEquipmentNet_lbl"
      xml:lang="en"
      xlink:role="http://www.xbrl.org/2003/role/totalLabel">Property, Plant and Equipment, Net, Total</label>
    <loc xlink:type="locator"
      xlink:label="pattern_PropertyPlantEquipmentByComponentTable"
      xlink:href="RollUp.xsd#pattern_PropertyPlantEquipmentByComponentTable" />
    <labelArc xlink:type="arc"
      xlink:arcrole="http://www.xbrl.org/2003/arcrole/concept-label"
      xlink:from="pattern_PropertyPlantEquipmentByComponentTable"
      xlink:to="pattern_PropertyPlantEquipmentByComponentTable_lbl" />
    <label xlink:type="resource"
      xlink:label="pattern_PropertyPlantEquipmentByComponentTable_lbl"
      xml:lang="en"
      xlink:role="http://www.xbrl.org/2003/role/documentation">Nam rhoncus mi. Nunc eu dui non mauris interdum tincidunt. Sed magna felis, accumsan a, fermentum quis, varius sed, ipsum.</label>
    <label xlink:type="resource"
      xlink:label="pattern_PropertyPlantEquipmentByComponentTable_lbl"
      xml:lang="en"
      xlink:role="http://www.xbrl.org/2003/role/label">Property, Plant and Equipment, by Component [Table]</label>
    <loc xlink:type="locator"
      xlink:label="pattern_SampleCompanyMember"
      xlink:href="RollUp.xsd#pattern_SampleCompanyMember" />
    <labelArc xlink:type="arc"
      xlink:arcrole="http://www.xbrl.org/2003/arcrole/concept-label"
      xlink:from="pattern_SampleCompanyMember"
      xlink:to="pattern_SampleCompanyMember_lbl" />
    <label xlink:type="resource"
      xlink:label="pattern_SampleCompanyMember_lbl"
      xml:lang="en"
      xlink:role="http://www.xbrl.org/2003/role/label">Sample Company [Member]</label>
  </labelLink>
</linkbase>