<?xml version="1.0" encoding="utf-8"?>
<!-- Created by Charles Hoffman, CPA: 2013-05-15 -->
<xbrl xmlns="http://www.xbrl.org/2003/instance" 
      xmlns:xbrli="http://www.xbrl.org/2003/instance"
      xmlns:link="http://www.xbrl.org/2003/linkbase" 
      xmlns:xlink="http://www.w3.org/1999/xlink" 
      xmlns:xsi="http://www.w3.org/2001/XMLSchema-instance" 
      xmlns:xbrldi="http://xbrl.org/2006/xbrldi" 
       
      xmlns:frm="http://xbrlsite.azurewebsites.net/DigitalFinancialReporting/Schemas/frm"
      xmlns:pattern="http://xbrlsite.azurewebsites.net/DigitalFinancialReporting/BusinessUseCases/Restatement" 
      xmlns:iso4217="http://www.xbrl.org/2003/iso4217" 
      xsi:schemaLocation="http://xbrl.org/2006/xbrldi http://www.xbrl.org/2006/xbrldi-2006.xsd">

   <link:schemaRef xlink:type="simple" xlink:href="Restatement.xsd" />
  	<link:linkbaseRef xlink:type='simple' xlink:href='Restatement-formula.xml' xlink:arcrole='http://www.w3.org/1999/xlink/properties/linkbase'/>

   <context id="I-2010">
      <entity>
         <identifier scheme="http://www.SampleCompany.com">SAMP</identifier>
         <segment>
            <xbrldi:explicitMember dimension="frm:LegalEntityAxis">frm:ConsolidatedEntityMember</xbrldi:explicitMember>
            <xbrldi:explicitMember dimension="frm:ReportDateAxis">pattern:ReportedMarch182011Member</xbrldi:explicitMember>
         </segment>
      </entity>
      <period>
         <instant>2010-12-31</instant>
      </period>
   </context>
   <context id="I-2009">
      <entity>
         <identifier scheme="http://www.SampleCompany.com">SAMP</identifier>
         <segment>
            <xbrldi:explicitMember dimension="frm:LegalEntityAxis">frm:ConsolidatedEntityMember</xbrldi:explicitMember>
            <xbrldi:explicitMember dimension="frm:ReportDateAxis">pattern:ReportedMarch182011Member</xbrldi:explicitMember>
         </segment>
      </entity>
      <period>
         <instant>2009-12-31</instant>
      </period>
   </context>
   <context id="I-2008">
      <entity>
         <identifier scheme="http://www.SampleCompany.com">SAMP</identifier>
         <segment>
            <xbrldi:explicitMember dimension="frm:LegalEntityAxis">frm:ConsolidatedEntityMember</xbrldi:explicitMember>
            <xbrldi:explicitMember dimension="frm:ReportDateAxis">pattern:ReportedMarch182011Member</xbrldi:explicitMember>
         </segment>
      </entity>
      <period>
         <instant>2008-12-31</instant>
      </period>
   </context>

   <context id="D-2010">
      <entity>
         <identifier scheme="http://www.SampleCompany.com">SAMP</identifier>
         <segment>
            <xbrldi:explicitMember dimension="frm:LegalEntityAxis">frm:ConsolidatedEntityMember</xbrldi:explicitMember>
            <xbrldi:explicitMember dimension="frm:ReportDateAxis">pattern:ReportedMarch182011Member</xbrldi:explicitMember>
         </segment>
      </entity>
      <period>
         <startDate>2010-01-01</startDate>
         <endDate>2010-12-31</endDate>
      </period>
   </context>
   <context id="D-2009">
      <entity>
         <identifier scheme="http://www.SampleCompany.com">SAMP</identifier>
         <segment>
            <xbrldi:explicitMember dimension="frm:LegalEntityAxis">frm:ConsolidatedEntityMember</xbrldi:explicitMember>
            <xbrldi:explicitMember dimension="frm:ReportDateAxis">pattern:ReportedMarch182011Member</xbrldi:explicitMember>
         </segment>
      </entity>
      <period>
         <startDate>2009-01-01</startDate>
         <endDate>2009-12-31</endDate>
      </period>
   </context>

   <context id="I-2009-OrigionallyStated">
      <entity>
         <identifier scheme="http://www.SampleCompany.com">SAMP</identifier>
         <segment>
            <xbrldi:explicitMember dimension="frm:LegalEntityAxis">frm:ConsolidatedEntityMember</xbrldi:explicitMember>
            <xbrldi:explicitMember dimension="frm:ReportDateAxis">pattern:ReportedMarch212010Member</xbrldi:explicitMember>
         </segment>
      </entity>
      <period>
         <instant>2009-12-31</instant>
      </period>
   </context>
   <context id="D-2009-OrigionallyStated">
      <entity>
         <identifier scheme="http://www.SampleCompany.com">SAMP</identifier>
         <segment>
            <xbrldi:explicitMember dimension="frm:LegalEntityAxis">frm:ConsolidatedEntityMember</xbrldi:explicitMember>
            <xbrldi:explicitMember dimension="frm:ReportDateAxis">pattern:ReportedMarch212010Member</xbrldi:explicitMember>
         </segment>
      </entity>
      <period>
         <startDate>2009-01-01</startDate>
         <endDate>2009-12-31</endDate>
      </period>
   </context>


   <unit id="U-Monetary">
      <measure>iso4217:USD</measure>
   </unit>

   <!-- Balance Sheet -->

   <pattern:CommonStock contextRef="I-2010" unitRef="U-Monetary" decimals="INF">5000000</pattern:CommonStock>
   <pattern:RetainedEarningsAccumulatedLosses contextRef="I-2010" unitRef="U-Monetary" decimals="INF">10850000</pattern:RetainedEarningsAccumulatedLosses>
   <pattern:Equity contextRef="I-2010" unitRef="U-Monetary" decimals="INF">15850000</pattern:Equity>

   <pattern:CommonStock contextRef="I-2009" unitRef="U-Monetary" decimals="INF">5000000</pattern:CommonStock>
   <pattern:RetainedEarningsAccumulatedLosses contextRef="I-2009" unitRef="U-Monetary" decimals="INF">10700000</pattern:RetainedEarningsAccumulatedLosses>
   <pattern:Equity contextRef="I-2009" unitRef="U-Monetary" decimals="INF">15700000</pattern:Equity>



   <!-- Income Statement -->
   <pattern:SalesGross contextRef="D-2010" unitRef="U-Monetary" decimals="INF">1500000</pattern:SalesGross>
   <pattern:CostOfSales contextRef="D-2010" unitRef="U-Monetary" decimals="INF">500000</pattern:CostOfSales>
   <pattern:SalesNet contextRef="D-2010" unitRef="U-Monetary" decimals="INF">1000000</pattern:SalesNet>

   <pattern:OperatingExpenses contextRef="D-2010" unitRef="U-Monetary" decimals="INF">350000</pattern:OperatingExpenses>
   <pattern:NetIncomeLoss contextRef="D-2010" unitRef="U-Monetary" decimals="INF">650000</pattern:NetIncomeLoss>


   <pattern:SalesGross contextRef="D-2009" unitRef="U-Monetary" decimals="INF">1000000</pattern:SalesGross>
   <pattern:CostOfSales contextRef="D-2009" unitRef="U-Monetary" decimals="INF">200000</pattern:CostOfSales>
   <pattern:SalesNet contextRef="D-2009" unitRef="U-Monetary" decimals="INF">800000</pattern:SalesNet>

   <pattern:OperatingExpenses contextRef="D-2009" unitRef="U-Monetary" decimals="INF">1600000</pattern:OperatingExpenses>
   <pattern:NetIncomeLoss contextRef="D-2009" unitRef="U-Monetary" decimals="INF">-800000</pattern:NetIncomeLoss>



   <!-- Prior Period Error -->
   <pattern:RetainedEarningsAccumulatedLosses contextRef="I-2009-OrigionallyStated" unitRef="U-Monetary" decimals="INF">12000000</pattern:RetainedEarningsAccumulatedLosses>
   <!-- The concept below, pattern:SalesNet, was added in order to not have a calculation inconsistency. It really should not be in the XBRL instance, in my view.  -->
   <pattern:SalesNet contextRef="D-2009-OrigionallyStated" unitRef="U-Monetary" decimals="INF">800000</pattern:SalesNet>
   <pattern:OperatingExpenses contextRef="D-2009-OrigionallyStated" unitRef="U-Monetary" decimals="INF">300000</pattern:OperatingExpenses>

   <pattern:NetIncomeLoss contextRef="D-2009-OrigionallyStated" unitRef="U-Monetary" decimals="INF">500000</pattern:NetIncomeLoss>


   <pattern:CorrectionAnError contextRef="I-2009" unitRef="U-Monetary" decimals="INF">-1300000</pattern:CorrectionAnError>
   <pattern:ChangesInAccountingPolicy contextRef="I-2009" unitRef="U-Monetary" decimals="INF">0</pattern:ChangesInAccountingPolicy>
   <pattern:PriorPeriodAdjustments contextRef="I-2009" unitRef="U-Monetary" decimals="INF">-1300000</pattern:PriorPeriodAdjustments>



   <!-- Changes in Equity -->

   <pattern:RetainedEarningsAccumulatedLosses contextRef="I-2008" unitRef="U-Monetary" decimals="INF">12300000</pattern:RetainedEarningsAccumulatedLosses>

   <pattern:DividendsPaid contextRef="D-2009" unitRef="U-Monetary" decimals="INF">800000</pattern:DividendsPaid>

   <pattern:RetainedEarningsAccumulatedLossesPeriodIncreaseDecrease contextRef="D-2009" unitRef="U-Monetary" decimals="INF">-1600000</pattern:RetainedEarningsAccumulatedLossesPeriodIncreaseDecrease>


   <pattern:DividendsPaid contextRef="D-2010" unitRef="U-Monetary" decimals="INF">500000</pattern:DividendsPaid>

   <pattern:RetainedEarningsAccumulatedLossesPeriodIncreaseDecrease contextRef="D-2010" unitRef="U-Monetary" decimals="INF">150000</pattern:RetainedEarningsAccumulatedLossesPeriodIncreaseDecrease>


</xbrl>
