<?xml version="1.0" encoding="utf-8"?>
<!--
Taxonomy Definition Links linkbase based on XBRL standard Version 2.1.
Created by UBmatrix Taxonomy Designer 3.0.3.2436 (2009-06-02 13:18).  
Contact www.ubmatrix.com
Copyright (c) 2002-2017 UBmatrix inc., All Rights Reserved
Produced on 2017-05-10 15:46:31
-->
<linkbase
  xmlns="http://www.xbrl.org/2003/linkbase"
  xmlns:xsi="http://www.w3.org/2001/XMLSchema-instance"
  xmlns:xlink="http://www.w3.org/1999/xlink"
  xmlns:xbrldt="http://xbrl.org/2005/xbrldt"
  xsi:schemaLocation="
    http://www.xbrl.org/2003/linkbase 
      http://www.xbrl.org/2003/xbrl-linkbase-2003-12-31.xsd
    http://xbrl.org/2005/xbrldt  http://www.xbrl.org/2005/xbrldt-2005.xsd
    ">
  <roleRef xlink:type="simple"
    xlink:href="Restatement.xsd#BalanceSheet"
    roleURI="http://xbrlsite.azurewebsites.net/DigitalFinancialReporting/BusinessUseCases/Restatement/BalanceSheet" />
  <arcroleRef xlink:type="simple"
    xlink:href="http://www.xbrl.org/2005/xbrldt-2005.xsd#domain-member"
    arcroleURI="http://xbrl.org/int/dim/arcrole/domain-member" />
  <arcroleRef xlink:type="simple"
    xlink:href="http://www.xbrl.org/2005/xbrldt-2005.xsd#all"
    arcroleURI="http://xbrl.org/int/dim/arcrole/all" />
  <arcroleRef xlink:type="simple"
    xlink:href="http://www.xbrl.org/2005/xbrldt-2005.xsd#hypercube-dimension"
    arcroleURI="http://xbrl.org/int/dim/arcrole/hypercube-dimension" />
  <arcroleRef xlink:type="simple"
    xlink:href="http://www.xbrl.org/2005/xbrldt-2005.xsd#dimension-domain"
    arcroleURI="http://xbrl.org/int/dim/arcrole/dimension-domain" />
  <roleRef xlink:type="simple"
    xlink:href="Restatement.xsd#IncomeStatement"
    roleURI="http://xbrlsite.azurewebsites.net/DigitalFinancialReporting/BusinessUseCases/Restatement/IncomeStatement" />
  <roleRef xlink:type="simple"
    xlink:href="Restatement.xsd#PriorPeriodAdjustments"
    roleURI="http://xbrlsite.azurewebsites.net/DigitalFinancialReporting/BusinessUseCases/Restatement/PriorPeriodAdjustments" />
  <roleRef xlink:type="simple"
    xlink:href="Restatement.xsd#ChangesInEquity"
    roleURI="http://xbrlsite.azurewebsites.net/DigitalFinancialReporting/BusinessUseCases/Restatement/ChangesInEquity" />
  <definitionLink xlink:type="extended"
    xlink:role="http://xbrlsite.azurewebsites.net/DigitalFinancialReporting/BusinessUseCases/Restatement/BalanceSheet">
    <loc xlink:type="locator"
      xlink:label="pattern_BalanceSheetLineItems"
      xlink:href="Restatement.xsd#pattern_BalanceSheetLineItems" />
    <loc xlink:type="locator"
      xlink:label="pattern_EquityRollUp"
      xlink:href="Restatement.xsd#pattern_EquityRollUp" />
    <definitionArc xlink:type="arc"
      xlink:arcrole="http://xbrl.org/int/dim/arcrole/domain-member"
      xlink:from="pattern_BalanceSheetLineItems"
      xlink:to="pattern_EquityRollUp"
      order="1"
      use="optional" />
    <loc xlink:type="locator"
      xlink:label="pattern_CommonStock"
      xlink:href="Restatement.xsd#pattern_CommonStock" />
    <definitionArc xlink:type="arc"
      xlink:arcrole="http://xbrl.org/int/dim/arcrole/domain-member"
      xlink:from="pattern_EquityRollUp" xlink:to="pattern_CommonStock"
      order="1"
      use="optional" />
    <loc xlink:type="locator"
      xlink:label="pattern_RetainedEarningsAccumulatedLosses"
      xlink:href="Restatement.xsd#pattern_RetainedEarningsAccumulatedLosses" />
    <definitionArc xlink:type="arc"
      xlink:arcrole="http://xbrl.org/int/dim/arcrole/domain-member"
      xlink:from="pattern_EquityRollUp" xlink:to="pattern_RetainedEarningsAccumulatedLosses"
      order="2"
      use="optional" />
    <loc xlink:type="locator"
      xlink:label="pattern_Equity"
      xlink:href="Restatement.xsd#pattern_Equity" />
    <definitionArc xlink:type="arc"
      xlink:arcrole="http://xbrl.org/int/dim/arcrole/domain-member"
      xlink:from="pattern_EquityRollUp" xlink:to="pattern_Equity"
      order="3"
      use="optional" />
    <loc xlink:type="locator"
      xlink:label="pattern_BalanceSheetTable"
      xlink:href="Restatement.xsd#pattern_BalanceSheetTable" />
    <definitionArc xlink:type="arc"
      xlink:arcrole="http://xbrl.org/int/dim/arcrole/all"
      xlink:from="pattern_BalanceSheetLineItems"
      xlink:to="pattern_BalanceSheetTable"
      order="2"
      use="optional"
      xbrldt:contextElement="segment"
      xbrldt:closed="true" />
    <loc xlink:type="locator"
      xlink:label="frm_LegalEntityAxis"
      xlink:href="http://xbrlsite.azurewebsites.net/DigitalFinancialReporting/Schemas/2017-05-07/frm.xsd#frm_LegalEntityAxis" />
    <definitionArc xlink:type="arc"
      xlink:arcrole="http://xbrl.org/int/dim/arcrole/hypercube-dimension"
      xlink:from="pattern_BalanceSheetTable"
      xlink:to="frm_LegalEntityAxis"
      order="1"
      use="optional" />
    <loc xlink:type="locator"
      xlink:label="frm_ConsolidatedEntityMember"
      xlink:href="http://xbrlsite.azurewebsites.net/DigitalFinancialReporting/Schemas/2017-05-07/frm.xsd#frm_ConsolidatedEntityMember" />
    <definitionArc xlink:type="arc"
      xlink:arcrole="http://xbrl.org/int/dim/arcrole/dimension-domain"
      xlink:from="frm_LegalEntityAxis" xlink:to="frm_ConsolidatedEntityMember"
      order="1"
      use="optional" />
    <loc xlink:type="locator"
      xlink:label="frm_ReportDateAxis"
      xlink:href="http://xbrlsite.azurewebsites.net/DigitalFinancialReporting/Schemas/2017-05-07/frm.xsd#frm_ReportDateAxis" />
    <definitionArc xlink:type="arc"
      xlink:arcrole="http://xbrl.org/int/dim/arcrole/hypercube-dimension"
      xlink:from="pattern_BalanceSheetTable"
      xlink:to="frm_ReportDateAxis"
      order="2"
      use="optional" />
    <loc xlink:type="locator"
      xlink:label="frm_ReportDatesAllMember"
      xlink:href="http://xbrlsite.azurewebsites.net/DigitalFinancialReporting/Schemas/2017-05-07/frm.xsd#frm_ReportDatesAllMember" />
    <definitionArc xlink:type="arc"
      xlink:arcrole="http://xbrl.org/int/dim/arcrole/dimension-domain"
      xlink:from="frm_ReportDateAxis" xlink:to="frm_ReportDatesAllMember"
      order="1"
      use="optional" />
    <loc xlink:type="locator"
      xlink:label="pattern_ReportedMarch182011Member"
      xlink:href="Restatement.xsd#pattern_ReportedMarch182011Member" />
    <definitionArc xlink:type="arc"
      xlink:arcrole="http://xbrl.org/int/dim/arcrole/domain-member"
      xlink:from="frm_ReportDatesAllMember"
      xlink:to="pattern_ReportedMarch182011Member"
      order="1"
      use="optional" />
  </definitionLink>
  <definitionLink xlink:type="extended"
    xlink:role="http://xbrlsite.azurewebsites.net/DigitalFinancialReporting/BusinessUseCases/Restatement/IncomeStatement">
    <loc xlink:type="locator"
      xlink:label="pattern_IncomeStatementLineItems"
      xlink:href="Restatement.xsd#pattern_IncomeStatementLineItems" />
    <loc xlink:type="locator"
      xlink:label="pattern_NetIncomeLossRollUp"
      xlink:href="Restatement.xsd#pattern_NetIncomeLossRollUp" />
    <definitionArc xlink:type="arc"
      xlink:arcrole="http://xbrl.org/int/dim/arcrole/domain-member"
      xlink:from="pattern_IncomeStatementLineItems"
      xlink:to="pattern_NetIncomeLossRollUp"
      order="1"
      use="optional" />
    <loc xlink:type="locator"
      xlink:label="pattern_SalesNetRollUp"
      xlink:href="Restatement.xsd#pattern_SalesNetRollUp" />
    <definitionArc xlink:type="arc"
      xlink:arcrole="http://xbrl.org/int/dim/arcrole/domain-member"
      xlink:from="pattern_NetIncomeLossRollUp"
      xlink:to="pattern_SalesNetRollUp"
      order="1"
      use="optional" />
    <loc xlink:type="locator"
      xlink:label="pattern_SalesGross"
      xlink:href="Restatement.xsd#pattern_SalesGross" />
    <definitionArc xlink:type="arc"
      xlink:arcrole="http://xbrl.org/int/dim/arcrole/domain-member"
      xlink:from="pattern_SalesNetRollUp" xlink:to="pattern_SalesGross"
      order="1"
      use="optional" />
    <loc xlink:type="locator"
      xlink:label="pattern_CostOfSales"
      xlink:href="Restatement.xsd#pattern_CostOfSales" />
    <definitionArc xlink:type="arc"
      xlink:arcrole="http://xbrl.org/int/dim/arcrole/domain-member"
      xlink:from="pattern_SalesNetRollUp" xlink:to="pattern_CostOfSales"
      order="2"
      use="optional" />
    <loc xlink:type="locator"
      xlink:label="pattern_SalesNet"
      xlink:href="Restatement.xsd#pattern_SalesNet" />
    <definitionArc xlink:type="arc"
      xlink:arcrole="http://xbrl.org/int/dim/arcrole/domain-member"
      xlink:from="pattern_SalesNetRollUp" xlink:to="pattern_SalesNet"
      order="3"
      use="optional" />
    <loc xlink:type="locator"
      xlink:label="pattern_OperatingExpenses"
      xlink:href="Restatement.xsd#pattern_OperatingExpenses" />
    <definitionArc xlink:type="arc"
      xlink:arcrole="http://xbrl.org/int/dim/arcrole/domain-member"
      xlink:from="pattern_NetIncomeLossRollUp"
      xlink:to="pattern_OperatingExpenses"
      order="2"
      use="optional" />
    <loc xlink:type="locator"
      xlink:label="pattern_NetIncomeLoss"
      xlink:href="Restatement.xsd#pattern_NetIncomeLoss" />
    <definitionArc xlink:type="arc"
      xlink:arcrole="http://xbrl.org/int/dim/arcrole/domain-member"
      xlink:from="pattern_NetIncomeLossRollUp"
      xlink:to="pattern_NetIncomeLoss"
      order="3"
      use="optional" />
    <loc xlink:type="locator"
      xlink:label="pattern_IncomeStatementTable"
      xlink:href="Restatement.xsd#pattern_IncomeStatementTable" />
    <definitionArc xlink:type="arc"
      xlink:arcrole="http://xbrl.org/int/dim/arcrole/all"
      xlink:from="pattern_IncomeStatementLineItems"
      xlink:to="pattern_IncomeStatementTable"
      order="2"
      use="optional"
      xbrldt:contextElement="segment"
      xbrldt:closed="true" />
    <loc xlink:type="locator"
      xlink:label="frm_LegalEntityAxis"
      xlink:href="http://xbrlsite.azurewebsites.net/DigitalFinancialReporting/Schemas/2017-05-07/frm.xsd#frm_LegalEntityAxis" />
    <definitionArc xlink:type="arc"
      xlink:arcrole="http://xbrl.org/int/dim/arcrole/hypercube-dimension"
      xlink:from="pattern_IncomeStatementTable"
      xlink:to="frm_LegalEntityAxis"
      order="1"
      use="optional" />
    <loc xlink:type="locator"
      xlink:label="frm_ConsolidatedEntityMember"
      xlink:href="http://xbrlsite.azurewebsites.net/DigitalFinancialReporting/Schemas/2017-05-07/frm.xsd#frm_ConsolidatedEntityMember" />
    <definitionArc xlink:type="arc"
      xlink:arcrole="http://xbrl.org/int/dim/arcrole/dimension-domain"
      xlink:from="frm_LegalEntityAxis" xlink:to="frm_ConsolidatedEntityMember"
      order="1"
      use="optional" />
    <loc xlink:type="locator"
      xlink:label="frm_ReportDateAxis"
      xlink:href="http://xbrlsite.azurewebsites.net/DigitalFinancialReporting/Schemas/2017-05-07/frm.xsd#frm_ReportDateAxis" />
    <definitionArc xlink:type="arc"
      xlink:arcrole="http://xbrl.org/int/dim/arcrole/hypercube-dimension"
      xlink:from="pattern_IncomeStatementTable"
      xlink:to="frm_ReportDateAxis"
      order="2"
      use="optional" />
    <loc xlink:type="locator"
      xlink:label="frm_ReportDatesAllMember"
      xlink:href="http://xbrlsite.azurewebsites.net/DigitalFinancialReporting/Schemas/2017-05-07/frm.xsd#frm_ReportDatesAllMember" />
    <definitionArc xlink:type="arc"
      xlink:arcrole="http://xbrl.org/int/dim/arcrole/dimension-domain"
      xlink:from="frm_ReportDateAxis" xlink:to="frm_ReportDatesAllMember"
      order="2"
      use="optional" />
    <loc xlink:type="locator"
      xlink:label="pattern_ReportedMarch212010Member"
      xlink:href="Restatement.xsd#pattern_ReportedMarch212010Member" />
    <definitionArc xlink:type="arc"
      xlink:arcrole="http://xbrl.org/int/dim/arcrole/domain-member"
      xlink:from="frm_ReportDatesAllMember"
      xlink:to="pattern_ReportedMarch212010Member"
      order="1"
      use="optional" />
    <loc xlink:type="locator"
      xlink:label="pattern_ReportedMarch182011Member"
      xlink:href="Restatement.xsd#pattern_ReportedMarch182011Member" />
    <definitionArc xlink:type="arc"
      xlink:arcrole="http://xbrl.org/int/dim/arcrole/domain-member"
      xlink:from="frm_ReportDatesAllMember"
      xlink:to="pattern_ReportedMarch182011Member"
      order="2"
      use="optional" />
  </definitionLink>
  <definitionLink xlink:type="extended"
    xlink:role="http://xbrlsite.azurewebsites.net/DigitalFinancialReporting/BusinessUseCases/Restatement/PriorPeriodAdjustments">
    <loc xlink:type="locator"
      xlink:label="pattern_PriorPeriodAdjustmentsLineItems"
      xlink:href="Restatement.xsd#pattern_PriorPeriodAdjustmentsLineItems" />
    <loc xlink:type="locator"
      xlink:label="pattern_PriorPeriodAdjustmentsToRetainedEarningsAdjustment"
      xlink:href="Restatement.xsd#pattern_PriorPeriodAdjustmentsToRetainedEarningsAdjustment" />
    <definitionArc xlink:type="arc"
      xlink:arcrole="http://xbrl.org/int/dim/arcrole/domain-member"
      xlink:from="pattern_PriorPeriodAdjustmentsLineItems"
      xlink:to="pattern_PriorPeriodAdjustmentsToRetainedEarningsAdjustment"
      order="1"
      use="optional" />
    <loc xlink:type="locator"
      xlink:label="pattern_RetainedEarningsAccumulatedLosses"
      xlink:href="Restatement.xsd#pattern_RetainedEarningsAccumulatedLosses" />
    <definitionArc xlink:type="arc"
      xlink:arcrole="http://xbrl.org/int/dim/arcrole/domain-member"
      xlink:from="pattern_PriorPeriodAdjustmentsToRetainedEarningsAdjustment"
      xlink:to="pattern_RetainedEarningsAccumulatedLosses"
      order="1"
      use="optional" />
    <loc xlink:type="locator"
      xlink:label="pattern_PriorPeriodAdjustmentsPeriodIncreaseDecreaseTotalRollUp"
      xlink:href="Restatement.xsd#pattern_PriorPeriodAdjustmentsPeriodIncreaseDecreaseTotalRollUp" />
    <definitionArc xlink:type="arc"
      xlink:arcrole="http://xbrl.org/int/dim/arcrole/domain-member"
      xlink:from="pattern_PriorPeriodAdjustmentsToRetainedEarningsAdjustment"
      xlink:to="pattern_PriorPeriodAdjustmentsPeriodIncreaseDecreaseTotalRollUp"
      order="2"
      use="optional" />
    <loc xlink:type="locator"
      xlink:label="pattern_ChangesInAccountingPolicy"
      xlink:href="Restatement.xsd#pattern_ChangesInAccountingPolicy" />
    <definitionArc xlink:type="arc"
      xlink:arcrole="http://xbrl.org/int/dim/arcrole/domain-member"
      xlink:from="pattern_PriorPeriodAdjustmentsPeriodIncreaseDecreaseTotalRollUp"
      xlink:to="pattern_ChangesInAccountingPolicy"
      order="1"
      use="optional" />
    <loc xlink:type="locator"
      xlink:label="pattern_CorrectionAnError"
      xlink:href="Restatement.xsd#pattern_CorrectionAnError" />
    <definitionArc xlink:type="arc"
      xlink:arcrole="http://xbrl.org/int/dim/arcrole/domain-member"
      xlink:from="pattern_PriorPeriodAdjustmentsPeriodIncreaseDecreaseTotalRollUp"
      xlink:to="pattern_CorrectionAnError"
      order="2"
      use="optional" />
    <loc xlink:type="locator"
      xlink:label="pattern_PriorPeriodAdjustments"
      xlink:href="Restatement.xsd#pattern_PriorPeriodAdjustments" />
    <definitionArc xlink:type="arc"
      xlink:arcrole="http://xbrl.org/int/dim/arcrole/domain-member"
      xlink:from="pattern_PriorPeriodAdjustmentsPeriodIncreaseDecreaseTotalRollUp"
      xlink:to="pattern_PriorPeriodAdjustments"
      order="3"
      use="optional" />
    <loc xlink:type="locator"
      xlink:label="pattern_PriorPeriodAdjustmentsTable"
      xlink:href="Restatement.xsd#pattern_PriorPeriodAdjustmentsTable" />
    <definitionArc xlink:type="arc"
      xlink:arcrole="http://xbrl.org/int/dim/arcrole/all"
      xlink:from="pattern_PriorPeriodAdjustmentsLineItems"
      xlink:to="pattern_PriorPeriodAdjustmentsTable"
      order="2"
      use="optional"
      xbrldt:contextElement="segment"
      xbrldt:closed="true" />
    <loc xlink:type="locator"
      xlink:label="frm_LegalEntityAxis"
      xlink:href="http://xbrlsite.azurewebsites.net/DigitalFinancialReporting/Schemas/2017-05-07/frm.xsd#frm_LegalEntityAxis" />
    <definitionArc xlink:type="arc"
      xlink:arcrole="http://xbrl.org/int/dim/arcrole/hypercube-dimension"
      xlink:from="pattern_PriorPeriodAdjustmentsTable"
      xlink:to="frm_LegalEntityAxis"
      order="1"
      use="optional" />
    <loc xlink:type="locator"
      xlink:label="frm_ConsolidatedEntityMember"
      xlink:href="http://xbrlsite.azurewebsites.net/DigitalFinancialReporting/Schemas/2017-05-07/frm.xsd#frm_ConsolidatedEntityMember" />
    <definitionArc xlink:type="arc"
      xlink:arcrole="http://xbrl.org/int/dim/arcrole/dimension-domain"
      xlink:from="frm_LegalEntityAxis" xlink:to="frm_ConsolidatedEntityMember"
      order="1"
      use="optional" />
    <loc xlink:type="locator"
      xlink:label="frm_ReportDateAxis"
      xlink:href="http://xbrlsite.azurewebsites.net/DigitalFinancialReporting/Schemas/2017-05-07/frm.xsd#frm_ReportDateAxis" />
    <definitionArc xlink:type="arc"
      xlink:arcrole="http://xbrl.org/int/dim/arcrole/hypercube-dimension"
      xlink:from="pattern_PriorPeriodAdjustmentsTable"
      xlink:to="frm_ReportDateAxis"
      order="2"
      use="optional" />
    <loc xlink:type="locator"
      xlink:label="frm_ReportDatesAllMember"
      xlink:href="http://xbrlsite.azurewebsites.net/DigitalFinancialReporting/Schemas/2017-05-07/frm.xsd#frm_ReportDatesAllMember" />
    <definitionArc xlink:type="arc"
      xlink:arcrole="http://xbrl.org/int/dim/arcrole/dimension-domain"
      xlink:from="frm_ReportDateAxis" xlink:to="frm_ReportDatesAllMember"
      order="1"
      use="optional" />
    <loc xlink:type="locator"
      xlink:label="pattern_ReportedMarch212010Member"
      xlink:href="Restatement.xsd#pattern_ReportedMarch212010Member" />
    <definitionArc xlink:type="arc"
      xlink:arcrole="http://xbrl.org/int/dim/arcrole/domain-member"
      xlink:from="frm_ReportDatesAllMember"
      xlink:to="pattern_ReportedMarch212010Member"
      order="1"
      use="optional" />
    <loc xlink:type="locator"
      xlink:label="pattern_ReportedMarch182011Member"
      xlink:href="Restatement.xsd#pattern_ReportedMarch182011Member" />
    <definitionArc xlink:type="arc"
      xlink:arcrole="http://xbrl.org/int/dim/arcrole/domain-member"
      xlink:from="frm_ReportDatesAllMember"
      xlink:to="pattern_ReportedMarch182011Member"
      order="2"
      use="optional" />
  </definitionLink>
  <definitionLink xlink:type="extended"
    xlink:role="http://xbrlsite.azurewebsites.net/DigitalFinancialReporting/BusinessUseCases/Restatement/ChangesInEquity">
    <loc xlink:type="locator"
      xlink:label="pattern_ChangesInEquityLineItems"
      xlink:href="Restatement.xsd#pattern_ChangesInEquityLineItems" />
    <loc xlink:type="locator"
      xlink:label="pattern_ChangesInRetainedEarningsRollForward"
      xlink:href="Restatement.xsd#pattern_ChangesInRetainedEarningsRollForward" />
    <definitionArc xlink:type="arc"
      xlink:arcrole="http://xbrl.org/int/dim/arcrole/domain-member"
      xlink:from="pattern_ChangesInEquityLineItems"
      xlink:to="pattern_ChangesInRetainedEarningsRollForward"
      order="1"
      use="optional" />
    <loc xlink:type="locator"
      xlink:label="pattern_RetainedEarningsAccumulatedLosses"
      xlink:href="Restatement.xsd#pattern_RetainedEarningsAccumulatedLosses" />
    <definitionArc xlink:type="arc"
      xlink:arcrole="http://xbrl.org/int/dim/arcrole/domain-member"
      xlink:from="pattern_ChangesInRetainedEarningsRollForward"
      xlink:to="pattern_RetainedEarningsAccumulatedLosses"
      order="1"
      use="optional" />
    <loc xlink:type="locator"
      xlink:label="pattern_RetainedEarningsAccumulatedLossesPeriodIncreaseDecreaseTotalRollUp"
      xlink:href="Restatement.xsd#pattern_RetainedEarningsAccumulatedLossesPeriodIncreaseDecreaseTotalRollUp" />
    <definitionArc xlink:type="arc"
      xlink:arcrole="http://xbrl.org/int/dim/arcrole/domain-member"
      xlink:from="pattern_ChangesInRetainedEarningsRollForward"
      xlink:to="pattern_RetainedEarningsAccumulatedLossesPeriodIncreaseDecreaseTotalRollUp"
      order="2"
      use="optional" />
    <loc xlink:type="locator"
      xlink:label="pattern_NetIncomeLoss"
      xlink:href="Restatement.xsd#pattern_NetIncomeLoss" />
    <definitionArc xlink:type="arc"
      xlink:arcrole="http://xbrl.org/int/dim/arcrole/domain-member"
      xlink:from="pattern_RetainedEarningsAccumulatedLossesPeriodIncreaseDecreaseTotalRollUp"
      xlink:to="pattern_NetIncomeLoss"
      order="1"
      use="optional" />
    <loc xlink:type="locator"
      xlink:label="pattern_DividendsPaid"
      xlink:href="Restatement.xsd#pattern_DividendsPaid" />
    <definitionArc xlink:type="arc"
      xlink:arcrole="http://xbrl.org/int/dim/arcrole/domain-member"
      xlink:from="pattern_RetainedEarningsAccumulatedLossesPeriodIncreaseDecreaseTotalRollUp"
      xlink:to="pattern_DividendsPaid"
      order="2"
      use="optional" />
    <loc xlink:type="locator"
      xlink:label="pattern_RetainedEarningsAccumulatedLossesPeriodIncreaseDecrease"
      xlink:href="Restatement.xsd#pattern_RetainedEarningsAccumulatedLossesPeriodIncreaseDecrease" />
    <definitionArc xlink:type="arc"
      xlink:arcrole="http://xbrl.org/int/dim/arcrole/domain-member"
      xlink:from="pattern_RetainedEarningsAccumulatedLossesPeriodIncreaseDecreaseTotalRollUp"
      xlink:to="pattern_RetainedEarningsAccumulatedLossesPeriodIncreaseDecrease"
      order="3"
      use="optional" />
    <loc xlink:type="locator"
      xlink:label="pattern_ChangesInEquityTable"
      xlink:href="Restatement.xsd#pattern_ChangesInEquityTable" />
    <definitionArc xlink:type="arc"
      xlink:arcrole="http://xbrl.org/int/dim/arcrole/all"
      xlink:from="pattern_ChangesInEquityLineItems"
      xlink:to="pattern_ChangesInEquityTable"
      order="2"
      use="optional"
      xbrldt:contextElement="segment"
      xbrldt:closed="true" />
    <loc xlink:type="locator"
      xlink:label="frm_LegalEntityAxis"
      xlink:href="http://xbrlsite.azurewebsites.net/DigitalFinancialReporting/Schemas/2017-05-07/frm.xsd#frm_LegalEntityAxis" />
    <definitionArc xlink:type="arc"
      xlink:arcrole="http://xbrl.org/int/dim/arcrole/hypercube-dimension"
      xlink:from="pattern_ChangesInEquityTable"
      xlink:to="frm_LegalEntityAxis"
      order="1"
      use="optional" />
    <loc xlink:type="locator"
      xlink:label="frm_ConsolidatedEntityMember"
      xlink:href="http://xbrlsite.azurewebsites.net/DigitalFinancialReporting/Schemas/2017-05-07/frm.xsd#frm_ConsolidatedEntityMember" />
    <definitionArc xlink:type="arc"
      xlink:arcrole="http://xbrl.org/int/dim/arcrole/dimension-domain"
      xlink:from="frm_LegalEntityAxis" xlink:to="frm_ConsolidatedEntityMember"
      order="1"
      use="optional" />
    <loc xlink:type="locator"
      xlink:label="frm_ReportDateAxis"
      xlink:href="http://xbrlsite.azurewebsites.net/DigitalFinancialReporting/Schemas/2017-05-07/frm.xsd#frm_ReportDateAxis" />
    <definitionArc xlink:type="arc"
      xlink:arcrole="http://xbrl.org/int/dim/arcrole/hypercube-dimension"
      xlink:from="pattern_ChangesInEquityTable"
      xlink:to="frm_ReportDateAxis"
      order="2"
      use="optional" />
    <loc xlink:type="locator"
      xlink:label="frm_ReportDatesAllMember"
      xlink:href="http://xbrlsite.azurewebsites.net/DigitalFinancialReporting/Schemas/2017-05-07/frm.xsd#frm_ReportDatesAllMember" />
    <definitionArc xlink:type="arc"
      xlink:arcrole="http://xbrl.org/int/dim/arcrole/dimension-domain"
      xlink:from="frm_ReportDateAxis" xlink:to="frm_ReportDatesAllMember"
      order="1"
      use="optional" />
    <loc xlink:type="locator"
      xlink:label="pattern_ReportedMarch212010Member"
      xlink:href="Restatement.xsd#pattern_ReportedMarch212010Member" />
    <definitionArc xlink:type="arc"
      xlink:arcrole="http://xbrl.org/int/dim/arcrole/domain-member"
      xlink:from="frm_ReportDatesAllMember"
      xlink:to="pattern_ReportedMarch212010Member"
      order="1"
      use="optional" />
    <loc xlink:type="locator"
      xlink:label="pattern_ReportedMarch182011Member"
      xlink:href="Restatement.xsd#pattern_ReportedMarch182011Member" />
    <definitionArc xlink:type="arc"
      xlink:arcrole="http://xbrl.org/int/dim/arcrole/domain-member"
      xlink:from="frm_ReportDatesAllMember"
      xlink:to="pattern_ReportedMarch182011Member"
      order="2"
      use="optional" />
  </definitionLink>
</linkbase>