<?xml version="1.0" encoding="UTF-8"?>
<?xml-stylesheet type="text/xsl" href="file:/C:/Programs/XPE40/resources/System/CalcTrace-toHtml.xsl"?>
<CalculationTrace Date="03:13:20" PhysicalUri="C:/Users/Charlie/Documents/CurrentVersions/DigitalFinancialReporting/BusinessUseCases/2017-05-07/BUC41-Restatement/Restatement-SampleInstance.xml">
     <ExtendedLinkRole roleUri="http://xbrlsite.azurewebsites.net/DigitalFinancialReporting/BusinessUseCases/Restatement/BalanceSheet">
          <Context id="I-2010" instant="2010-12-31">
               <Unit id="U-Monetary">
                    <Rollup>
                         <To balance="credit" computed="false"
                              conceptNS="http://xbrlsite.azurewebsites.net/DigitalFinancialReporting/BusinessUseCases/Restatement"
                              conceptName="RetainedEarningsAccumulatedLosses"
                              conceptQName="pattern:RetainedEarningsAccumulatedLosses"
                              contextID="I-2010" decimals="INF"
                              duplicate="false" duration="3 ms"
                              effective="10,850,000" instance="10850000"
                              label="Retained Earnings (Accumulated Losses)"
                              precision="" relationshipToFrom="item"
                              roleUri="http://xbrlsite.azurewebsites.net/DigitalFinancialReporting/BusinessUseCases/Restatement/BalanceSheet"
                              unitID="U-Monetary" weight="1.0"/>
                         <To balance="credit" computed="false"
                              conceptNS="http://xbrlsite.azurewebsites.net/DigitalFinancialReporting/BusinessUseCases/Restatement"
                              conceptName="CommonStock"
                              conceptQName="pattern:CommonStock"
                              contextID="I-2010" decimals="INF"
                              duplicate="false" duration="0 ms"
                              effective="5,000,000" instance="5000000"
                              label="Common Stock" precision=""
                              relationshipToFrom="item"
                              roleUri="http://xbrlsite.azurewebsites.net/DigitalFinancialReporting/BusinessUseCases/Restatement/BalanceSheet"
                              unitID="U-Monetary" weight="1.0"/>
                         <From balance="credit" bound="true"
                              computed="false"
                              conceptNS="http://xbrlsite.azurewebsites.net/DigitalFinancialReporting/BusinessUseCases/Restatement"
                              conceptName="Equity"
                              conceptQName="pattern:Equity"
                              consistent="true" contextID="I-2010"
                              decimals="INF" duplicate="false"
                              duration="61 ms" effective="15,850,000"
                              instance="15850000" label="Equity"
                              precision="INF" success="true"
                              toSumDecimals="15"
                              toSumEffective="15,850,000" unitID="U-Monetary"/>
                    </Rollup>
               </Unit>
          </Context>
          <Context id="I-2009" instant="2009-12-31">
               <Unit id="U-Monetary">
                    <Rollup>
                         <To balance="credit" computed="false"
                              conceptNS="http://xbrlsite.azurewebsites.net/DigitalFinancialReporting/BusinessUseCases/Restatement"
                              conceptName="RetainedEarningsAccumulatedLosses"
                              conceptQName="pattern:RetainedEarningsAccumulatedLosses"
                              contextID="I-2009" decimals="INF"
                              duplicate="false" duration="0 ms"
                              effective="10,700,000" instance="10700000"
                              label="Retained Earnings (Accumulated Losses)"
                              precision="" relationshipToFrom="item"
                              roleUri="http://xbrlsite.azurewebsites.net/DigitalFinancialReporting/BusinessUseCases/Restatement/BalanceSheet"
                              unitID="U-Monetary" weight="1.0"/>
                         <To balance="credit" computed="false"
                              conceptNS="http://xbrlsite.azurewebsites.net/DigitalFinancialReporting/BusinessUseCases/Restatement"
                              conceptName="CommonStock"
                              conceptQName="pattern:CommonStock"
                              contextID="I-2009" decimals="INF"
                              duplicate="false" duration="0 ms"
                              effective="5,000,000" instance="5000000"
                              label="Common Stock" precision=""
                              relationshipToFrom="item"
                              roleUri="http://xbrlsite.azurewebsites.net/DigitalFinancialReporting/BusinessUseCases/Restatement/BalanceSheet"
                              unitID="U-Monetary" weight="1.0"/>
                         <From balance="credit" bound="true"
                              computed="false"
                              conceptNS="http://xbrlsite.azurewebsites.net/DigitalFinancialReporting/BusinessUseCases/Restatement"
                              conceptName="Equity"
                              conceptQName="pattern:Equity"
                              consistent="true" contextID="I-2009"
                              decimals="INF" duplicate="false"
                              duration="0 ms" effective="15,700,000"
                              instance="15700000" label="Equity"
                              precision="INF" success="true"
                              toSumDecimals="15"
                              toSumEffective="15,700,000" unitID="U-Monetary"/>
                    </Rollup>
               </Unit>
          </Context>
     </ExtendedLinkRole>
     <ExtendedLinkRole roleUri="http://xbrlsite.azurewebsites.net/DigitalFinancialReporting/BusinessUseCases/Restatement/ChangesInEquity">
          <Context from="2010-01-01" id="D-2010" to="2010-12-31">
               <Unit id="U-Monetary">
                    <Rollup>
                         <To balance="credit" computed="false"
                              conceptNS="http://xbrlsite.azurewebsites.net/DigitalFinancialReporting/BusinessUseCases/Restatement"
                              conceptName="NetIncomeLoss"
                              conceptQName="pattern:NetIncomeLoss"
                              contextID="D-2010" decimals="INF"
                              duplicate="false" duration="0 ms"
                              effective="650,000" instance="650000"
                              label="Net Income (Loss)" precision=""
                              relationshipToFrom="item"
                              roleUri="http://xbrlsite.azurewebsites.net/DigitalFinancialReporting/BusinessUseCases/Restatement/ChangesInEquity"
                              unitID="U-Monetary" weight="1.0"/>
                         <To balance="debit" computed="false"
                              conceptNS="http://xbrlsite.azurewebsites.net/DigitalFinancialReporting/BusinessUseCases/Restatement"
                              conceptName="DividendsPaid"
                              conceptQName="pattern:DividendsPaid"
                              contextID="D-2010" decimals="INF"
                              duplicate="false" duration="0 ms"
                              effective="500,000" instance="500000"
                              label="Dividends Paid" precision=""
                              relationshipToFrom="item"
                              roleUri="http://xbrlsite.azurewebsites.net/DigitalFinancialReporting/BusinessUseCases/Restatement/ChangesInEquity"
                              unitID="U-Monetary" weight="-1.0"/>
                         <From balance="credit" bound="true"
                              computed="false"
                              conceptNS="http://xbrlsite.azurewebsites.net/DigitalFinancialReporting/BusinessUseCases/Restatement"
                              conceptName="RetainedEarningsAccumulatedLossesPeriodIncreaseDecrease"
                              conceptQName="pattern:RetainedEarningsAccumulatedLossesPeriodIncreaseDecrease"
                              consistent="true" contextID="D-2010"
                              decimals="INF" duplicate="false"
                              duration="2 ms" effective="150,000"
                              instance="150000"
                              label="Retained Earnings (Accumulated Losses), Period Increase (Decrease)"
                              precision="INF" success="true"
                              toSumDecimals="15"
                              toSumEffective="150,000" unitID="U-Monetary"/>
                    </Rollup>
               </Unit>
          </Context>
          <Context from="2009-01-01" id="D-2009" to="2009-12-31">
               <Unit id="U-Monetary">
                    <Rollup>
                         <To balance="credit" computed="false"
                              conceptNS="http://xbrlsite.azurewebsites.net/DigitalFinancialReporting/BusinessUseCases/Restatement"
                              conceptName="NetIncomeLoss"
                              conceptQName="pattern:NetIncomeLoss"
                              contextID="D-2009" decimals="INF"
                              duplicate="false" duration="0 ms"
                              effective="-800,000" instance="-800000"
                              label="Net Income (Loss)" precision=""
                              relationshipToFrom="item"
                              roleUri="http://xbrlsite.azurewebsites.net/DigitalFinancialReporting/BusinessUseCases/Restatement/ChangesInEquity"
                              unitID="U-Monetary" weight="1.0"/>
                         <To balance="debit" computed="false"
                              conceptNS="http://xbrlsite.azurewebsites.net/DigitalFinancialReporting/BusinessUseCases/Restatement"
                              conceptName="DividendsPaid"
                              conceptQName="pattern:DividendsPaid"
                              contextID="D-2009" decimals="INF"
                              duplicate="false" duration="0 ms"
                              effective="800,000" instance="800000"
                              label="Dividends Paid" precision=""
                              relationshipToFrom="item"
                              roleUri="http://xbrlsite.azurewebsites.net/DigitalFinancialReporting/BusinessUseCases/Restatement/ChangesInEquity"
                              unitID="U-Monetary" weight="-1.0"/>
                         <From balance="credit" bound="true"
                              computed="false"
                              conceptNS="http://xbrlsite.azurewebsites.net/DigitalFinancialReporting/BusinessUseCases/Restatement"
                              conceptName="RetainedEarningsAccumulatedLossesPeriodIncreaseDecrease"
                              conceptQName="pattern:RetainedEarningsAccumulatedLossesPeriodIncreaseDecrease"
                              consistent="true" contextID="D-2009"
                              decimals="INF" duplicate="false"
                              duration="2 ms" effective="-1,600,000"
                              instance="-1600000"
                              label="Retained Earnings (Accumulated Losses), Period Increase (Decrease)"
                              precision="INF" success="true"
                              toSumDecimals="15"
                              toSumEffective="-1,600,000" unitID="U-Monetary"/>
                    </Rollup>
               </Unit>
          </Context>
     </ExtendedLinkRole>
     <ExtendedLinkRole roleUri="http://xbrlsite.azurewebsites.net/DigitalFinancialReporting/BusinessUseCases/Restatement/IncomeStatement">
          <Context from="2010-01-01" id="D-2010" to="2010-12-31">
               <Unit id="U-Monetary">
                    <Rollup>
                         <To balance="credit" computed="false"
                              conceptNS="http://xbrlsite.azurewebsites.net/DigitalFinancialReporting/BusinessUseCases/Restatement"
                              conceptName="SalesGross"
                              conceptQName="pattern:SalesGross"
                              contextID="D-2010" decimals="INF"
                              duplicate="false" duration="0 ms"
                              effective="1,500,000" instance="1500000"
                              label="Sales, Gross" precision=""
                              relationshipToFrom="item"
                              roleUri="http://xbrlsite.azurewebsites.net/DigitalFinancialReporting/BusinessUseCases/Restatement/IncomeStatement"
                              unitID="U-Monetary" weight="1.0"/>
                         <To balance="debit" computed="false"
                              conceptNS="http://xbrlsite.azurewebsites.net/DigitalFinancialReporting/BusinessUseCases/Restatement"
                              conceptName="CostOfSales"
                              conceptQName="pattern:CostOfSales"
                              contextID="D-2010" decimals="INF"
                              duplicate="false" duration="0 ms"
                              effective="500,000" instance="500000"
                              label="Cost of Sales" precision=""
                              relationshipToFrom="item"
                              roleUri="http://xbrlsite.azurewebsites.net/DigitalFinancialReporting/BusinessUseCases/Restatement/IncomeStatement"
                              unitID="U-Monetary" weight="-1.0"/>
                         <From balance="credit" bound="true"
                              computed="false"
                              conceptNS="http://xbrlsite.azurewebsites.net/DigitalFinancialReporting/BusinessUseCases/Restatement"
                              conceptName="SalesNet"
                              conceptQName="pattern:SalesNet"
                              consistent="true" contextID="D-2010"
                              decimals="INF" duplicate="false"
                              duration="0 ms" effective="1,000,000"
                              instance="1000000" label="Sales, Net"
                              precision="INF" success="true"
                              toSumDecimals="15"
                              toSumEffective="1,000,000" unitID="U-Monetary"/>
                    </Rollup>
                    <Rollup>
                         <To balance="credit" computed="false"
                              conceptNS="http://xbrlsite.azurewebsites.net/DigitalFinancialReporting/BusinessUseCases/Restatement"
                              conceptName="SalesNet"
                              conceptQName="pattern:SalesNet"
                              contextID="D-2010" decimals="INF"
                              duplicate="false" duration="0 ms"
                              effective="1,000,000" instance="1000000"
                              label="Sales, Net" precision=""
                              relationshipToFrom="item"
                              roleUri="http://xbrlsite.azurewebsites.net/DigitalFinancialReporting/BusinessUseCases/Restatement/IncomeStatement"
                              unitID="U-Monetary" weight="1.0"/>
                         <To balance="debit" computed="false"
                              conceptNS="http://xbrlsite.azurewebsites.net/DigitalFinancialReporting/BusinessUseCases/Restatement"
                              conceptName="OperatingExpenses"
                              conceptQName="pattern:OperatingExpenses"
                              contextID="D-2010" decimals="INF"
                              duplicate="false" duration="0 ms"
                              effective="350,000" instance="350000"
                              label="Operating Expenses" precision=""
                              relationshipToFrom="item"
                              roleUri="http://xbrlsite.azurewebsites.net/DigitalFinancialReporting/BusinessUseCases/Restatement/IncomeStatement"
                              unitID="U-Monetary" weight="-1.0"/>
                         <From balance="credit" bound="true"
                              computed="false"
                              conceptNS="http://xbrlsite.azurewebsites.net/DigitalFinancialReporting/BusinessUseCases/Restatement"
                              conceptName="NetIncomeLoss"
                              conceptQName="pattern:NetIncomeLoss"
                              consistent="true" contextID="D-2010"
                              decimals="INF" duplicate="false"
                              duration="0 ms" effective="650,000"
                              instance="650000"
                              label="Net Income (Loss)" precision="INF"
                              success="true" toSumDecimals="15"
                              toSumEffective="650,000" unitID="U-Monetary"/>
                    </Rollup>
               </Unit>
          </Context>
          <Context from="2009-01-01" id="D-2009" to="2009-12-31">
               <Unit id="U-Monetary">
                    <Rollup>
                         <To balance="credit" computed="false"
                              conceptNS="http://xbrlsite.azurewebsites.net/DigitalFinancialReporting/BusinessUseCases/Restatement"
                              conceptName="SalesGross"
                              conceptQName="pattern:SalesGross"
                              contextID="D-2009" decimals="INF"
                              duplicate="false" duration="0 ms"
                              effective="1,000,000" instance="1000000"
                              label="Sales, Gross" precision=""
                              relationshipToFrom="item"
                              roleUri="http://xbrlsite.azurewebsites.net/DigitalFinancialReporting/BusinessUseCases/Restatement/IncomeStatement"
                              unitID="U-Monetary" weight="1.0"/>
                         <To balance="debit" computed="false"
                              conceptNS="http://xbrlsite.azurewebsites.net/DigitalFinancialReporting/BusinessUseCases/Restatement"
                              conceptName="CostOfSales"
                              conceptQName="pattern:CostOfSales"
                              contextID="D-2009" decimals="INF"
                              duplicate="false" duration="0 ms"
                              effective="200,000" instance="200000"
                              label="Cost of Sales" precision=""
                              relationshipToFrom="item"
                              roleUri="http://xbrlsite.azurewebsites.net/DigitalFinancialReporting/BusinessUseCases/Restatement/IncomeStatement"
                              unitID="U-Monetary" weight="-1.0"/>
                         <From balance="credit" bound="true"
                              computed="false"
                              conceptNS="http://xbrlsite.azurewebsites.net/DigitalFinancialReporting/BusinessUseCases/Restatement"
                              conceptName="SalesNet"
                              conceptQName="pattern:SalesNet"
                              consistent="true" contextID="D-2009"
                              decimals="INF" duplicate="false"
                              duration="0 ms" effective="800,000"
                              instance="800000" label="Sales, Net"
                              precision="INF" success="true"
                              toSumDecimals="15"
                              toSumEffective="800,000" unitID="U-Monetary"/>
                    </Rollup>
                    <Rollup>
                         <To balance="credit" computed="false"
                              conceptNS="http://xbrlsite.azurewebsites.net/DigitalFinancialReporting/BusinessUseCases/Restatement"
                              conceptName="SalesNet"
                              conceptQName="pattern:SalesNet"
                              contextID="D-2009" decimals="INF"
                              duplicate="false" duration="0 ms"
                              effective="800,000" instance="800000"
                              label="Sales, Net" precision=""
                              relationshipToFrom="item"
                              roleUri="http://xbrlsite.azurewebsites.net/DigitalFinancialReporting/BusinessUseCases/Restatement/IncomeStatement"
                              unitID="U-Monetary" weight="1.0"/>
                         <To balance="debit" computed="false"
                              conceptNS="http://xbrlsite.azurewebsites.net/DigitalFinancialReporting/BusinessUseCases/Restatement"
                              conceptName="OperatingExpenses"
                              conceptQName="pattern:OperatingExpenses"
                              contextID="D-2009" decimals="INF"
                              duplicate="false" duration="0 ms"
                              effective="1,600,000" instance="1600000"
                              label="Operating Expenses" precision=""
                              relationshipToFrom="item"
                              roleUri="http://xbrlsite.azurewebsites.net/DigitalFinancialReporting/BusinessUseCases/Restatement/IncomeStatement"
                              unitID="U-Monetary" weight="-1.0"/>
                         <From balance="credit" bound="true"
                              computed="false"
                              conceptNS="http://xbrlsite.azurewebsites.net/DigitalFinancialReporting/BusinessUseCases/Restatement"
                              conceptName="NetIncomeLoss"
                              conceptQName="pattern:NetIncomeLoss"
                              consistent="true" contextID="D-2009"
                              decimals="INF" duplicate="false"
                              duration="1 ms" effective="-800,000"
                              instance="-800000"
                              label="Net Income (Loss)" precision="INF"
                              success="true" toSumDecimals="15"
                              toSumEffective="-800,000" unitID="U-Monetary"/>
                    </Rollup>
               </Unit>
          </Context>
          <Context from="2009-01-01" id="D-2009-OrigionallyStated" to="2009-12-31">
               <Unit id="U-Monetary">
                    <Rollup>
                         <To balance="credit" computed="false"
                              conceptNS="http://xbrlsite.azurewebsites.net/DigitalFinancialReporting/BusinessUseCases/Restatement"
                              conceptName="SalesNet"
                              conceptQName="pattern:SalesNet"
                              contextID="D-2009-OrigionallyStated"
                              decimals="INF" duplicate="false"
                              duration="0 ms" effective="800,000"
                              instance="800000" label="Sales, Net"
                              precision="" relationshipToFrom="item"
                              roleUri="http://xbrlsite.azurewebsites.net/DigitalFinancialReporting/BusinessUseCases/Restatement/IncomeStatement"
                              unitID="U-Monetary" weight="1.0"/>
                         <To balance="debit" computed="false"
                              conceptNS="http://xbrlsite.azurewebsites.net/DigitalFinancialReporting/BusinessUseCases/Restatement"
                              conceptName="OperatingExpenses"
                              conceptQName="pattern:OperatingExpenses"
                              contextID="D-2009-OrigionallyStated"
                              decimals="INF" duplicate="false"
                              duration="0 ms" effective="300,000"
                              instance="300000"
                              label="Operating Expenses" precision=""
                              relationshipToFrom="item"
                              roleUri="http://xbrlsite.azurewebsites.net/DigitalFinancialReporting/BusinessUseCases/Restatement/IncomeStatement"
                              unitID="U-Monetary" weight="-1.0"/>
                         <From balance="credit" bound="true"
                              computed="false"
                              conceptNS="http://xbrlsite.azurewebsites.net/DigitalFinancialReporting/BusinessUseCases/Restatement"
                              conceptName="NetIncomeLoss"
                              conceptQName="pattern:NetIncomeLoss"
                              consistent="true"
                              contextID="D-2009-OrigionallyStated"
                              decimals="INF" duplicate="false"
                              duration="0 ms" effective="500,000"
                              instance="500000"
                              label="Net Income (Loss)" precision="INF"
                              success="true" toSumDecimals="15"
                              toSumEffective="500,000" unitID="U-Monetary"/>
                    </Rollup>
               </Unit>
          </Context>
     </ExtendedLinkRole>
     <ExtendedLinkRole roleUri="http://xbrlsite.azurewebsites.net/DigitalFinancialReporting/BusinessUseCases/Restatement/PriorPeriodAdjustments">
          <Context id="I-2009" instant="2009-12-31">
               <Unit id="U-Monetary">
                    <Rollup>
                         <To balance="credit" computed="false"
                              conceptNS="http://xbrlsite.azurewebsites.net/DigitalFinancialReporting/BusinessUseCases/Restatement"
                              conceptName="ChangesInAccountingPolicy"
                              conceptQName="pattern:ChangesInAccountingPolicy"
                              contextID="I-2009" decimals="INF"
                              duplicate="false" duration="0 ms"
                              effective="0" instance="0"
                              label="Changes in Accounting Policy"
                              precision="" relationshipToFrom="item"
                              roleUri="http://xbrlsite.azurewebsites.net/DigitalFinancialReporting/BusinessUseCases/Restatement/PriorPeriodAdjustments"
                              unitID="U-Monetary" weight="1.0"/>
                         <To balance="credit" computed="false"
                              conceptNS="http://xbrlsite.azurewebsites.net/DigitalFinancialReporting/BusinessUseCases/Restatement"
                              conceptName="CorrectionAnError"
                              conceptQName="pattern:CorrectionAnError"
                              contextID="I-2009" decimals="INF"
                              duplicate="false" duration="0 ms"
                              effective="-1,300,000" instance="-1300000"
                              label="Correction of an Error"
                              precision="" relationshipToFrom="item"
                              roleUri="http://xbrlsite.azurewebsites.net/DigitalFinancialReporting/BusinessUseCases/Restatement/PriorPeriodAdjustments"
                              unitID="U-Monetary" weight="1.0"/>
                         <From balance="credit" bound="true"
                              computed="false"
                              conceptNS="http://xbrlsite.azurewebsites.net/DigitalFinancialReporting/BusinessUseCases/Restatement"
                              conceptName="PriorPeriodAdjustments"
                              conceptQName="pattern:PriorPeriodAdjustments"
                              consistent="true" contextID="I-2009"
                              decimals="INF" duplicate="false"
                              duration="0 ms" effective="-1,300,000"
                              instance="-1300000"
                              label="Prior Period Adjustments"
                              precision="INF" success="true"
                              toSumDecimals="15"
                              toSumEffective="-1,300,000" unitID="U-Monetary"/>
                    </Rollup>
               </Unit>
          </Context>
     </ExtendedLinkRole>
     <Statistics duplicates="0" duration="296 ms" fail="0"
          inconsistent="0" pass="10" total="10"/>
</CalculationTrace>
