<?xml version="1.0" encoding="utf-8"?>
<!--
Taxonomy Label Links linkbase based on XBRL standard Version 2.1.
Created by UBmatrix Taxonomy Designer 3.0.3.2436 (2009-06-02 13:18).  
Contact www.ubmatrix.com
Copyright (c) 2002-2017 UBmatrix inc., All Rights Reserved
Produced on 2017-06-13 09:09:52
-->
<linkbase
  xmlns="http://www.xbrl.org/2003/linkbase"
  xmlns:xsi="http://www.w3.org/2001/XMLSchema-instance"
  xmlns:xlink="http://www.w3.org/1999/xlink"
  xsi:schemaLocation="
    http://www.xbrl.org/2003/linkbase 
      http://www.xbrl.org/2003/xbrl-linkbase-2003-12-31.xsd
    ">
  <roleRef xlink:type="simple"
    xlink:href="Restatement.xsd#originallyStatedLabel"
    roleURI="http://www.xbrlsite.com/Schemas/brm/roles/originallyStatedLabel" />
  <roleRef xlink:type="simple"
    xlink:href="Restatement.xsd#restatedLabel"
    roleURI="http://www.xbrlsite.com/Schemas/brm/roles/restatedLabel" />
  <roleRef xlink:type="simple"
    xlink:href="http://xbrlsite.azurewebsites.net/2016/conceptual-model/cm-roles.xsd#originallyStatedLabel"
    roleURI="http://xbrlsite.azurewebsites.net/2016/conceptual-model/cm-roles/roles/originallyStatedLabel" />
  <roleRef xlink:type="simple"
    xlink:href="http://www.xbrl.org/lrr/role/restated-2006-02-21.xsd#restatedLabel"
    roleURI="http://www.xbrl.org/2006/role/restatedLabel" />
  <labelLink xlink:type="extended"
    xlink:role="http://www.xbrl.org/2003/role/link">
    <loc xlink:type="locator"
      xlink:label="pattern_BalanceSheetLineItems"
      xlink:href="Restatement.xsd#pattern_BalanceSheetLineItems" />
    <labelArc xlink:type="arc"
      xlink:arcrole="http://www.xbrl.org/2003/arcrole/concept-label"
      xlink:from="pattern_BalanceSheetLineItems"
      xlink:to="pattern_BalanceSheetLineItems_lbl" />
    <label xlink:type="resource"
      xlink:label="pattern_BalanceSheetLineItems_lbl"
      xml:lang="en"
      xlink:role="http://www.xbrl.org/2003/role/documentation">Nam non tortor non leo porta bibendum. Morbi eu pede.</label>
    <label xlink:type="resource"
      xlink:label="pattern_BalanceSheetLineItems_lbl"
      xml:lang="en"
      xlink:role="http://www.xbrl.org/2003/role/label">Balance Sheet [Line Items]</label>
    <loc xlink:type="locator"
      xlink:label="pattern_BalanceSheetTable"
      xlink:href="Restatement.xsd#pattern_BalanceSheetTable" />
    <labelArc xlink:type="arc"
      xlink:arcrole="http://www.xbrl.org/2003/arcrole/concept-label"
      xlink:from="pattern_BalanceSheetTable"
      xlink:to="pattern_BalanceSheetTable_lbl" />
    <label xlink:type="resource"
      xlink:label="pattern_BalanceSheetTable_lbl"
      xml:lang="en"
      xlink:role="http://www.xbrl.org/2003/role/documentation">Nam rhoncus mi. Nunc eu dui non mauris interdum tincidunt.</label>
    <label xlink:type="resource"
      xlink:label="pattern_BalanceSheetTable_lbl"
      xml:lang="en"
      xlink:role="http://www.xbrl.org/2003/role/label">Balance Sheet [Table]</label>
    <loc xlink:type="locator"
      xlink:label="pattern_ChangesInAccountingPolicy"
      xlink:href="Restatement.xsd#pattern_ChangesInAccountingPolicy" />
    <labelArc xlink:type="arc"
      xlink:arcrole="http://www.xbrl.org/2003/arcrole/concept-label"
      xlink:from="pattern_ChangesInAccountingPolicy"
      xlink:to="pattern_ChangesInAccountingPolicy_lbl" />
    <label xlink:type="resource"
      xlink:label="pattern_ChangesInAccountingPolicy_lbl"
      xml:lang="en"
      xlink:role="http://www.xbrl.org/2003/role/documentation">Praesent fringilla feugiat magna. Suspendisse et lorem eu risus convallis placerat. Suspendisse potenti.</label>
    <label xlink:type="resource"
      xlink:label="pattern_ChangesInAccountingPolicy_lbl"
      xml:lang="en"
      xlink:role="http://www.xbrl.org/2003/role/label">Changes in Accounting Policy</label>
    <loc xlink:type="locator"
      xlink:label="pattern_ChangesInEquityLineItems"
      xlink:href="Restatement.xsd#pattern_ChangesInEquityLineItems" />
    <labelArc xlink:type="arc"
      xlink:arcrole="http://www.xbrl.org/2003/arcrole/concept-label"
      xlink:from="pattern_ChangesInEquityLineItems"
      xlink:to="pattern_ChangesInEquityLineItems_lbl" />
    <label xlink:type="resource"
      xlink:label="pattern_ChangesInEquityLineItems_lbl"
      xml:lang="en"
      xlink:role="http://www.xbrl.org/2003/role/documentation">Donec vel augue. Phasellus pulvinar, eros eget nonummy molestie.</label>
    <label xlink:type="resource"
      xlink:label="pattern_ChangesInEquityLineItems_lbl"
      xml:lang="en"
      xlink:role="http://www.xbrl.org/2003/role/label">Changes in Equity [Line Items]</label>
    <loc xlink:type="locator"
      xlink:label="pattern_ChangesInEquityTable"
      xlink:href="Restatement.xsd#pattern_ChangesInEquityTable" />
    <labelArc xlink:type="arc"
      xlink:arcrole="http://www.xbrl.org/2003/arcrole/concept-label"
      xlink:from="pattern_ChangesInEquityTable"
      xlink:to="pattern_ChangesInEquityTable_lbl" />
    <label xlink:type="resource"
      xlink:label="pattern_ChangesInEquityTable_lbl"
      xml:lang="en"
      xlink:role="http://www.xbrl.org/2003/role/documentation">Fusce venenatis. Maecenas tincidunt, ipsum in fringilla hendrerit, dolor metus eleifend neque, vel tincidunt mi nunc a purus.</label>
    <label xlink:type="resource"
      xlink:label="pattern_ChangesInEquityTable_lbl"
      xml:lang="en"
      xlink:role="http://www.xbrl.org/2003/role/label">Changes in Equity [Table]</label>
    <loc xlink:type="locator"
      xlink:label="pattern_ChangesInRetainedEarningsRollForward"
      xlink:href="Restatement.xsd#pattern_ChangesInRetainedEarningsRollForward" />
    <labelArc xlink:type="arc"
      xlink:arcrole="http://www.xbrl.org/2003/arcrole/concept-label"
      xlink:from="pattern_ChangesInRetainedEarningsRollForward"
      xlink:to="pattern_ChangesInRetainedEarningsRollForward_lbl" />
    <label xlink:type="resource"
      xlink:label="pattern_ChangesInRetainedEarningsRollForward_lbl"
      xml:lang="en"
      xlink:role="http://www.xbrl.org/2003/role/documentation">Morbi eu pede. In eu erat et est feugiat fermentum. Praesent accumsan.</label>
    <label xlink:type="resource"
      xlink:label="pattern_ChangesInRetainedEarningsRollForward_lbl"
      xml:lang="en"
      xlink:role="http://www.xbrl.org/2003/role/label">Changes in Retained Earnings [Roll Forward]</label>
    <loc xlink:type="locator"
      xlink:label="pattern_CommonStock"
      xlink:href="Restatement.xsd#pattern_CommonStock" />
    <labelArc xlink:type="arc"
      xlink:arcrole="http://www.xbrl.org/2003/arcrole/concept-label"
      xlink:from="pattern_CommonStock" xlink:to="pattern_CommonStock_lbl" />
    <label xlink:type="resource"
      xlink:label="pattern_CommonStock_lbl"
      xml:lang="en"
      xlink:role="http://www.xbrl.org/2003/role/documentation">Praesent fringilla feugiat magna. Suspendisse et lorem eu risus convallis placerat. Suspendisse potenti.</label>
    <label xlink:type="resource"
      xlink:label="pattern_CommonStock_lbl"
      xml:lang="en"
      xlink:role="http://www.xbrl.org/2003/role/periodEndLabel">Retained Earnings (Accumulated Losses), Ending Balance</label>
    <label xlink:type="resource"
      xlink:label="pattern_CommonStock_lbl"
      xml:lang="en"
      xlink:role="http://www.xbrl.org/2003/role/periodStartLabel">Retained Earnings (Accumulated Losses), Beginning Balance</label>
    <label xlink:type="resource"
      xlink:label="pattern_CommonStock_lbl"
      xml:lang="en"
      xlink:role="http://www.xbrl.org/2003/role/label">Common Stock</label>
    <label xlink:type="resource"
      xlink:label="pattern_CommonStock_lbl"
      xml:lang="en"
      xlink:role="http://www.xbrlsite.com/Schemas/brm/roles/originallyStatedLabel">Retained Earnings (Accumulated Losses), Origionally Stated</label>
    <label xlink:type="resource"
      xlink:label="pattern_CommonStock_lbl"
      xml:lang="en"
      xlink:role="http://www.xbrlsite.com/Schemas/brm/roles/restatedLabel">Retained Earnings (Accumulated Losses), Restated</label>
    <loc xlink:type="locator"
      xlink:label="pattern_CorrectionAnError"
      xlink:href="Restatement.xsd#pattern_CorrectionAnError" />
    <labelArc xlink:type="arc"
      xlink:arcrole="http://www.xbrl.org/2003/arcrole/concept-label"
      xlink:from="pattern_CorrectionAnError"
      xlink:to="pattern_CorrectionAnError_lbl" />
    <label xlink:type="resource"
      xlink:label="pattern_CorrectionAnError_lbl"
      xml:lang="en"
      xlink:role="http://www.xbrl.org/2003/role/documentation">Sed eu nibh. Fusce vitae mi. Sed dapibus venenatis ipsum. Sed in purus. Class aptent taciti sociosqu ad litora torquent per conubia nostra, per inceptos hymenaeos.</label>
    <label xlink:type="resource"
      xlink:label="pattern_CorrectionAnError_lbl"
      xml:lang="en"
      xlink:role="http://www.xbrl.org/2003/role/label">Correction of an Error</label>
    <loc xlink:type="locator"
      xlink:label="pattern_CostOfSales"
      xlink:href="Restatement.xsd#pattern_CostOfSales" />
    <labelArc xlink:type="arc"
      xlink:arcrole="http://www.xbrl.org/2003/arcrole/concept-label"
      xlink:from="pattern_CostOfSales" xlink:to="pattern_CostOfSales_lbl" />
    <label xlink:type="resource"
      xlink:label="pattern_CostOfSales_lbl"
      xml:lang="en"
      xlink:role="http://www.xbrl.org/2003/role/documentation">Duis sapien diam, dapibus sed, dictum quis, interdum ac, erat. Suspendisse urna. Proin non mauris. Proin sed odio.</label>
    <label xlink:type="resource"
      xlink:label="pattern_CostOfSales_lbl"
      xml:lang="en"
      xlink:role="http://www.xbrl.org/2003/role/label">Cost of Sales</label>
    <loc xlink:type="locator"
      xlink:label="pattern_DividendsPaid"
      xlink:href="Restatement.xsd#pattern_DividendsPaid" />
    <labelArc xlink:type="arc"
      xlink:arcrole="http://www.xbrl.org/2003/arcrole/concept-label"
      xlink:from="pattern_DividendsPaid" xlink:to="pattern_DividendsPaid_lbl" />
    <label xlink:type="resource"
      xlink:label="pattern_DividendsPaid_lbl"
      xml:lang="en"
      xlink:role="http://www.xbrl.org/2003/role/documentation">Pellentesque eget mi. In enim. Praesent nec eros.</label>
    <label xlink:type="resource"
      xlink:label="pattern_DividendsPaid_lbl"
      xml:lang="en"
      xlink:role="http://www.xbrl.org/2003/role/label">Dividends Paid</label>
    <loc xlink:type="locator"
      xlink:label="pattern_EquityRollUp"
      xlink:href="Restatement.xsd#pattern_EquityRollUp" />
    <labelArc xlink:type="arc"
      xlink:arcrole="http://www.xbrl.org/2003/arcrole/concept-label"
      xlink:from="pattern_EquityRollUp" xlink:to="pattern_EquityRollUp_lbl" />
    <label xlink:type="resource"
      xlink:label="pattern_EquityRollUp_lbl"
      xml:lang="en"
      xlink:role="http://www.xbrl.org/2003/role/documentation">Donec malesuada lorem id mi. Nunc ut purus ac nisl tempus accumsan.</label>
    <label xlink:type="resource"
      xlink:label="pattern_EquityRollUp_lbl"
      xml:lang="en"
      xlink:role="http://www.xbrl.org/2003/role/periodEndLabel">Retained Earnings (Accumulated Losses), Ending Balance</label>
    <label xlink:type="resource"
      xlink:label="pattern_EquityRollUp_lbl"
      xml:lang="en"
      xlink:role="http://www.xbrl.org/2003/role/periodStartLabel">Retained Earnings (Accumulated Losses), Beginning Balance</label>
    <label xlink:type="resource"
      xlink:label="pattern_EquityRollUp_lbl"
      xml:lang="en"
      xlink:role="http://www.xbrl.org/2003/role/label">Equity [Roll Up]</label>
    <label xlink:type="resource"
      xlink:label="pattern_EquityRollUp_lbl"
      xml:lang="en"
      xlink:role="http://www.xbrlsite.com/Schemas/brm/roles/originallyStatedLabel">Retained Earnings (Accumulated Losses), Origionally Stated</label>
    <label xlink:type="resource"
      xlink:label="pattern_EquityRollUp_lbl"
      xml:lang="en"
      xlink:role="http://www.xbrlsite.com/Schemas/brm/roles/restatedLabel">Retained Earnings (Accumulated Losses), Restated</label>
    <loc xlink:type="locator"
      xlink:label="pattern_Equity"
      xlink:href="Restatement.xsd#pattern_Equity" />
    <labelArc xlink:type="arc"
      xlink:arcrole="http://www.xbrl.org/2003/arcrole/concept-label"
      xlink:from="pattern_Equity" xlink:to="pattern_Equity_lbl" />
    <label xlink:type="resource"
      xlink:label="pattern_Equity_lbl" xml:lang="en"
      xlink:role="http://www.xbrl.org/2003/role/documentation">Etiam ipsum orci, gravida nec, feugiat ut, malesuada quis, mauris. Etiam porttitor.</label>
    <label xlink:type="resource"
      xlink:label="pattern_Equity_lbl" xml:lang="en"
      xlink:role="http://www.xbrl.org/2003/role/periodEndLabel">Retained Earnings (Accumulated Losses), Ending Balance</label>
    <label xlink:type="resource"
      xlink:label="pattern_Equity_lbl" xml:lang="en"
      xlink:role="http://www.xbrl.org/2003/role/periodStartLabel">Retained Earnings (Accumulated Losses), Beginning Balance</label>
    <label xlink:type="resource"
      xlink:label="pattern_Equity_lbl" xml:lang="en"
      xlink:role="http://www.xbrl.org/2003/role/label">Equity</label>
    <label xlink:type="resource"
      xlink:label="pattern_Equity_lbl" xml:lang="en"
      xlink:role="http://www.xbrlsite.com/Schemas/brm/roles/originallyStatedLabel">Retained Earnings (Accumulated Losses), Origionally Stated</label>
    <label xlink:type="resource"
      xlink:label="pattern_Equity_lbl" xml:lang="en"
      xlink:role="http://www.xbrlsite.com/Schemas/brm/roles/restatedLabel">Retained Earnings (Accumulated Losses), Restated</label>
    <loc xlink:type="locator"
      xlink:label="pattern_IncomeStatementLineItems"
      xlink:href="Restatement.xsd#pattern_IncomeStatementLineItems" />
    <labelArc xlink:type="arc"
      xlink:arcrole="http://www.xbrl.org/2003/arcrole/concept-label"
      xlink:from="pattern_IncomeStatementLineItems"
      xlink:to="pattern_IncomeStatementLineItems_lbl" />
    <label xlink:type="resource"
      xlink:label="pattern_IncomeStatementLineItems_lbl"
      xml:lang="en"
      xlink:role="http://www.xbrl.org/2003/role/documentation">Pellentesque habitant morbi tristique senectus et netus et malesuada fames ac turpis egestas.</label>
    <label xlink:type="resource"
      xlink:label="pattern_IncomeStatementLineItems_lbl"
      xml:lang="en"
      xlink:role="http://www.xbrl.org/2003/role/label">Income Statement [Line Items]</label>
    <loc xlink:type="locator"
      xlink:label="pattern_IncomeStatementTable"
      xlink:href="Restatement.xsd#pattern_IncomeStatementTable" />
    <labelArc xlink:type="arc"
      xlink:arcrole="http://www.xbrl.org/2003/arcrole/concept-label"
      xlink:from="pattern_IncomeStatementTable"
      xlink:to="pattern_IncomeStatementTable_lbl" />
    <label xlink:type="resource"
      xlink:label="pattern_IncomeStatementTable_lbl"
      xml:lang="en"
      xlink:role="http://www.xbrl.org/2003/role/documentation">Nunc congue. Fusce venenatis. Maecenas tincidunt, ipsum in fringilla hendrerit, dolor metus eleifend neque, vel tincidunt mi nunc a purus.</label>
    <label xlink:type="resource"
      xlink:label="pattern_IncomeStatementTable_lbl"
      xml:lang="en"
      xlink:role="http://www.xbrl.org/2003/role/label">Income Statement [Table]</label>
    <loc xlink:type="locator"
      xlink:label="pattern_NetIncomeLossRollUp"
      xlink:href="Restatement.xsd#pattern_NetIncomeLossRollUp" />
    <labelArc xlink:type="arc"
      xlink:arcrole="http://www.xbrl.org/2003/arcrole/concept-label"
      xlink:from="pattern_NetIncomeLossRollUp"
      xlink:to="pattern_NetIncomeLossRollUp_lbl" />
    <label xlink:type="resource"
      xlink:label="pattern_NetIncomeLossRollUp_lbl"
      xml:lang="en"
      xlink:role="http://www.xbrl.org/2003/role/documentation">Donec id sem. Integer sit amet diam ac nibh consequat vestibulum.</label>
    <label xlink:type="resource"
      xlink:label="pattern_NetIncomeLossRollUp_lbl"
      xml:lang="en"
      xlink:role="http://www.xbrl.org/2003/role/periodEndLabel">Retained Earnings (Accumulated Losses), Ending Balance</label>
    <label xlink:type="resource"
      xlink:label="pattern_NetIncomeLossRollUp_lbl"
      xml:lang="en"
      xlink:role="http://www.xbrl.org/2003/role/periodStartLabel">Retained Earnings (Accumulated Losses), Beginning Balance</label>
    <label xlink:type="resource"
      xlink:label="pattern_NetIncomeLossRollUp_lbl"
      xml:lang="en"
      xlink:role="http://www.xbrl.org/2003/role/label">Net Income (Loss) [Roll Up]</label>
    <label xlink:type="resource"
      xlink:label="pattern_NetIncomeLossRollUp_lbl"
      xml:lang="en"
      xlink:role="http://www.xbrlsite.com/Schemas/brm/roles/originallyStatedLabel">Retained Earnings (Accumulated Losses), Origionally Stated</label>
    <label xlink:type="resource"
      xlink:label="pattern_NetIncomeLossRollUp_lbl"
      xml:lang="en"
      xlink:role="http://www.xbrlsite.com/Schemas/brm/roles/restatedLabel">Retained Earnings (Accumulated Losses), Restated</label>
    <loc xlink:type="locator"
      xlink:label="pattern_NetIncomeLoss"
      xlink:href="Restatement.xsd#pattern_NetIncomeLoss" />
    <labelArc xlink:type="arc"
      xlink:arcrole="http://www.xbrl.org/2003/arcrole/concept-label"
      xlink:from="pattern_NetIncomeLoss" xlink:to="pattern_NetIncomeLoss_lbl" />
    <label xlink:type="resource"
      xlink:label="pattern_NetIncomeLoss_lbl"
      xml:lang="en"
      xlink:role="http://www.xbrl.org/2003/role/documentation">In vel justo at urna rutrum ultrices. Cras consectetuer orci non lorem.</label>
    <label xlink:type="resource"
      xlink:label="pattern_NetIncomeLoss_lbl"
      xml:lang="en"
      xlink:role="http://www.xbrl.org/2003/role/label">Net Income (Loss)</label>
    <loc xlink:type="locator"
      xlink:label="pattern_OperatingExpenses"
      xlink:href="Restatement.xsd#pattern_OperatingExpenses" />
    <labelArc xlink:type="arc"
      xlink:arcrole="http://www.xbrl.org/2003/arcrole/concept-label"
      xlink:from="pattern_OperatingExpenses"
      xlink:to="pattern_OperatingExpenses_lbl" />
    <label xlink:type="resource"
      xlink:label="pattern_OperatingExpenses_lbl"
      xml:lang="en"
      xlink:role="http://www.xbrl.org/2003/role/documentation">Nunc in elit non metus viverra sollicitudin. Duis metus. Donec pulvinar nonummy erat.</label>
    <label xlink:type="resource"
      xlink:label="pattern_OperatingExpenses_lbl"
      xml:lang="en"
      xlink:role="http://www.xbrl.org/2003/role/label">Operating Expenses</label>
    <loc xlink:type="locator"
      xlink:label="pattern_PriorPeriodAdjustmentsLineItems"
      xlink:href="Restatement.xsd#pattern_PriorPeriodAdjustmentsLineItems" />
    <labelArc xlink:type="arc"
      xlink:arcrole="http://www.xbrl.org/2003/arcrole/concept-label"
      xlink:from="pattern_PriorPeriodAdjustmentsLineItems"
      xlink:to="pattern_PriorPeriodAdjustmentsLineItems_lbl" />
    <label xlink:type="resource"
      xlink:label="pattern_PriorPeriodAdjustmentsLineItems_lbl"
      xml:lang="en"
      xlink:role="http://www.xbrl.org/2003/role/documentation">Pellentesque pede felis, rhoncus accumsan, luctus ut, facilisis vitae, tortor. Suspendisse potenti.</label>
    <label xlink:type="resource"
      xlink:label="pattern_PriorPeriodAdjustmentsLineItems_lbl"
      xml:lang="en"
      xlink:role="http://www.xbrl.org/2003/role/label">Prior Period Adjustments [Line Items]</label>
    <loc xlink:type="locator"
      xlink:label="pattern_PriorPeriodAdjustmentsPeriodIncreaseDecreaseTotalRollUp"
      xlink:href="Restatement.xsd#pattern_PriorPeriodAdjustmentsPeriodIncreaseDecreaseTotalRollUp" />
    <labelArc xlink:type="arc"
      xlink:arcrole="http://www.xbrl.org/2003/arcrole/concept-label"
      xlink:from="pattern_PriorPeriodAdjustmentsPeriodIncreaseDecreaseTotalRollUp"
      xlink:to="pattern_PriorPeriodAdjustmentsPeriodIncreaseDecreaseTotalRollUp_lbl" />
    <label xlink:type="resource"
      xlink:label="pattern_PriorPeriodAdjustmentsPeriodIncreaseDecreaseTotalRollUp_lbl"
      xml:lang="en"
      xlink:role="http://www.xbrl.org/2003/role/documentation">Proin elit sem, ornare non, ullamcorper vel, sollicitudin a, lacus. Mauris tincidunt cursus est. Nulla sit amet nibh.</label>
    <label xlink:type="resource"
      xlink:label="pattern_PriorPeriodAdjustmentsPeriodIncreaseDecreaseTotalRollUp_lbl"
      xml:lang="en"
      xlink:role="http://www.xbrl.org/2003/role/label">Prior Period Adjustments, Period Increase (Decrease), Total [Roll Up]</label>
    <loc xlink:type="locator"
      xlink:label="pattern_PriorPeriodAdjustmentsTable"
      xlink:href="Restatement.xsd#pattern_PriorPeriodAdjustmentsTable" />
    <labelArc xlink:type="arc"
      xlink:arcrole="http://www.xbrl.org/2003/arcrole/concept-label"
      xlink:from="pattern_PriorPeriodAdjustmentsTable"
      xlink:to="pattern_PriorPeriodAdjustmentsTable_lbl" />
    <label xlink:type="resource"
      xlink:label="pattern_PriorPeriodAdjustmentsTable_lbl"
      xml:lang="en"
      xlink:role="http://www.xbrl.org/2003/role/label">Prior Period Adjustments [Table]</label>
    <loc xlink:type="locator"
      xlink:label="pattern_PriorPeriodAdjustmentsToRetainedEarningsAdjustment"
      xlink:href="Restatement.xsd#pattern_PriorPeriodAdjustmentsToRetainedEarningsAdjustment" />
    <labelArc xlink:type="arc"
      xlink:arcrole="http://www.xbrl.org/2003/arcrole/concept-label"
      xlink:from="pattern_PriorPeriodAdjustmentsToRetainedEarningsAdjustment"
      xlink:to="pattern_PriorPeriodAdjustmentsToRetainedEarningsAdjustment_lbl" />
    <label xlink:type="resource"
      xlink:label="pattern_PriorPeriodAdjustmentsToRetainedEarningsAdjustment_lbl"
      xml:lang="en"
      xlink:role="http://www.xbrl.org/2003/role/documentation">Nam lorem. Ut ut risus nec nibh dictum posuere. Phasellus eleifend, diam vitae dapibus pulvinar, erat ligula auctor dui, eget congue justo lorem hendrerit tellus.</label>
    <label xlink:type="resource"
      xlink:label="pattern_PriorPeriodAdjustmentsToRetainedEarningsAdjustment_lbl"
      xml:lang="en"
      xlink:role="http://www.xbrl.org/2003/role/label">Prior Period Adjustments to Retained Earnings [Adjustment]</label>
    <loc xlink:type="locator"
      xlink:label="pattern_PriorPeriodAdjustments"
      xlink:href="Restatement.xsd#pattern_PriorPeriodAdjustments" />
    <labelArc xlink:type="arc"
      xlink:arcrole="http://www.xbrl.org/2003/arcrole/concept-label"
      xlink:from="pattern_PriorPeriodAdjustments"
      xlink:to="pattern_PriorPeriodAdjustments_lbl" />
    <label xlink:type="resource"
      xlink:label="pattern_PriorPeriodAdjustments_lbl"
      xml:lang="en"
      xlink:role="http://www.xbrl.org/2003/role/documentation">Ut venenatis, velit a accumsan interdum, odio metus mollis mauris, non pharetra augue arcu eu felis. Ut eget felis.</label>
    <label xlink:type="resource"
      xlink:label="pattern_PriorPeriodAdjustments_lbl"
      xml:lang="en"
      xlink:role="http://www.xbrl.org/2003/role/label">Prior Period Adjustments</label>
    <label xlink:type="resource"
      xlink:label="pattern_PriorPeriodAdjustments_lbl"
      xml:lang="en"
      xlink:role="http://www.xbrl.org/2003/role/totalLabel">Changes in Accounting Policy</label>
    <loc xlink:type="locator"
      xlink:label="pattern_ReportedMarch182011Member"
      xlink:href="Restatement.xsd#pattern_ReportedMarch182011Member" />
    <labelArc xlink:type="arc"
      xlink:arcrole="http://www.xbrl.org/2003/arcrole/concept-label"
      xlink:from="pattern_ReportedMarch182011Member"
      xlink:to="pattern_ReportedMarch182011Member_lbl" />
    <label xlink:type="resource"
      xlink:label="pattern_ReportedMarch182011Member_lbl"
      xml:lang="en"
      xlink:role="http://www.xbrl.org/2003/role/documentation">Sed magna felis, accumsan a, fermentum quis, varius sed, ipsum. Nullam leo. Donec eros.</label>
    <label xlink:type="resource"
      xlink:label="pattern_ReportedMarch182011Member_lbl"
      xml:lang="en"
      xlink:role="http://www.xbrl.org/2003/role/label">Reported March 18, 2011 [Member]</label>
    <loc xlink:type="locator"
      xlink:label="pattern_ReportedMarch212010Member"
      xlink:href="Restatement.xsd#pattern_ReportedMarch212010Member" />
    <labelArc xlink:type="arc"
      xlink:arcrole="http://www.xbrl.org/2003/arcrole/concept-label"
      xlink:from="pattern_ReportedMarch212010Member"
      xlink:to="pattern_ReportedMarch212010Member_lbl" />
    <label xlink:type="resource"
      xlink:label="pattern_ReportedMarch212010Member_lbl"
      xml:lang="en"
      xlink:role="http://www.xbrl.org/2003/role/label">Reported March 21, 2010 [Member]</label>
    <loc xlink:type="locator"
      xlink:label="pattern_RetainedEarningsAccumulatedLossesPeriodIncreaseDecreaseTotalRollUp"
      xlink:href="Restatement.xsd#pattern_RetainedEarningsAccumulatedLossesPeriodIncreaseDecreaseTotalRollUp" />
    <labelArc xlink:type="arc"
      xlink:arcrole="http://www.xbrl.org/2003/arcrole/concept-label"
      xlink:from="pattern_RetainedEarningsAccumulatedLossesPeriodIncreaseDecreaseTotalRollUp"
      xlink:to="pattern_RetainedEarningsAccumulatedLossesPeriodIncreaseDecreaseTotalRollUp_lbl" />
    <label xlink:type="resource"
      xlink:label="pattern_RetainedEarningsAccumulatedLossesPeriodIncreaseDecreaseTotalRollUp_lbl"
      xml:lang="en"
      xlink:role="http://www.xbrl.org/2003/role/label">Retained Earnings (Accumulated Losses), Period Increase (Decrease), Total [Roll Up]</label>
    <loc xlink:type="locator"
      xlink:label="pattern_RetainedEarningsAccumulatedLossesPeriodIncreaseDecrease"
      xlink:href="Restatement.xsd#pattern_RetainedEarningsAccumulatedLossesPeriodIncreaseDecrease" />
    <labelArc xlink:type="arc"
      xlink:arcrole="http://www.xbrl.org/2003/arcrole/concept-label"
      xlink:from="pattern_RetainedEarningsAccumulatedLossesPeriodIncreaseDecrease"
      xlink:to="pattern_RetainedEarningsAccumulatedLossesPeriodIncreaseDecrease_lbl" />
    <label xlink:type="resource"
      xlink:label="pattern_RetainedEarningsAccumulatedLossesPeriodIncreaseDecrease_lbl"
      xml:lang="en"
      xlink:role="http://www.xbrl.org/2003/role/documentation">Nullam sodales massa. Duis vestibulum feugiat risus.</label>
    <label xlink:type="resource"
      xlink:label="pattern_RetainedEarningsAccumulatedLossesPeriodIncreaseDecrease_lbl"
      xml:lang="en"
      xlink:role="http://www.xbrl.org/2003/role/label">Retained Earnings (Accumulated Losses), Period Increase (Decrease)</label>
    <label xlink:type="resource"
      xlink:label="pattern_RetainedEarningsAccumulatedLossesPeriodIncreaseDecrease_lbl"
      xml:lang="en"
      xlink:role="http://www.xbrl.org/2003/role/totalLabel">Retained Earnings (Accumulated Losses), Period Increase (Decrease), Total</label>
    <loc xlink:type="locator"
      xlink:label="pattern_RetainedEarningsAccumulatedLosses"
      xlink:href="Restatement.xsd#pattern_RetainedEarningsAccumulatedLosses" />
    <labelArc xlink:type="arc"
      xlink:arcrole="http://www.xbrl.org/2003/arcrole/concept-label"
      xlink:from="pattern_RetainedEarningsAccumulatedLosses"
      xlink:to="pattern_RetainedEarningsAccumulatedLosses_lbl" />
    <label xlink:type="resource"
      xlink:label="pattern_RetainedEarningsAccumulatedLosses_lbl"
      xml:lang="en"
      xlink:role="http://www.xbrl.org/2003/role/documentation">Sed eu nibh. Fusce vitae mi. Sed dapibus venenatis ipsum. Sed in purus.</label>
    <label xlink:type="resource"
      xlink:label="pattern_RetainedEarningsAccumulatedLosses_lbl"
      xml:lang="en"
      xlink:role="http://www.xbrl.org/2003/role/periodEndLabel">Retained Earnings (Accumulated Losses), Ending Balance</label>
    <label xlink:type="resource"
      xlink:label="pattern_RetainedEarningsAccumulatedLosses_lbl"
      xml:lang="en"
      xlink:role="http://www.xbrl.org/2003/role/periodStartLabel">Retained Earnings (Accumulated Losses), Beginning Balance</label>
    <label xlink:type="resource"
      xlink:label="pattern_RetainedEarningsAccumulatedLosses_lbl"
      xml:lang="en"
      xlink:role="http://www.xbrl.org/2003/role/label">Retained Earnings (Accumulated Losses)</label>
    <label xlink:type="resource"
      xlink:label="pattern_RetainedEarningsAccumulatedLosses_lbl"
      xml:lang="en"
      xlink:role="http://xbrlsite.azurewebsites.net/2016/conceptual-model/cm-roles/roles/originallyStatedLabel">Retained Earnings (Accumulated Losses), Origionally Stated</label>
    <label xlink:type="resource"
      xlink:label="pattern_RetainedEarningsAccumulatedLosses_lbl"
      xml:lang="en"
      xlink:role="http://www.xbrl.org/2006/role/restatedLabel">Retained Earnings (Accumulated Losses), Restated</label>
    <loc xlink:type="locator"
      xlink:label="pattern_SalesGross"
      xlink:href="Restatement.xsd#pattern_SalesGross" />
    <labelArc xlink:type="arc"
      xlink:arcrole="http://www.xbrl.org/2003/arcrole/concept-label"
      xlink:from="pattern_SalesGross" xlink:to="pattern_SalesGross_lbl" />
    <label xlink:type="resource"
      xlink:label="pattern_SalesGross_lbl" xml:lang="en"
      xlink:role="http://www.xbrl.org/2003/role/documentation">Nulla facilisi. Aliquam viverra risus vitae ante. Sed rhoncus mi in wisi. Nullam nibh dui, molestie vitae, imperdiet non, ornare at, elit.</label>
    <label xlink:type="resource"
      xlink:label="pattern_SalesGross_lbl" xml:lang="en"
      xlink:role="http://www.xbrl.org/2003/role/label">Sales, Gross</label>
    <loc xlink:type="locator"
      xlink:label="pattern_SalesNetRollUp"
      xlink:href="Restatement.xsd#pattern_SalesNetRollUp" />
    <labelArc xlink:type="arc"
      xlink:arcrole="http://www.xbrl.org/2003/arcrole/concept-label"
      xlink:from="pattern_SalesNetRollUp" xlink:to="pattern_SalesNetRollUp_lbl" />
    <label xlink:type="resource"
      xlink:label="pattern_SalesNetRollUp_lbl"
      xml:lang="en"
      xlink:role="http://www.xbrl.org/2003/role/documentation">Duis fermentum. Nullam dui orci, scelerisque porttitor, volutpat a, porttitor a, enim. Sed lobortis.</label>
    <label xlink:type="resource"
      xlink:label="pattern_SalesNetRollUp_lbl"
      xml:lang="en"
      xlink:role="http://www.xbrl.org/2003/role/periodEndLabel">Retained Earnings (Accumulated Losses), Ending Balance</label>
    <label xlink:type="resource"
      xlink:label="pattern_SalesNetRollUp_lbl"
      xml:lang="en"
      xlink:role="http://www.xbrl.org/2003/role/periodStartLabel">Retained Earnings (Accumulated Losses), Beginning Balance</label>
    <label xlink:type="resource"
      xlink:label="pattern_SalesNetRollUp_lbl"
      xml:lang="en"
      xlink:role="http://www.xbrl.org/2003/role/label">Sales, Net [Roll Up]</label>
    <label xlink:type="resource"
      xlink:label="pattern_SalesNetRollUp_lbl"
      xml:lang="en"
      xlink:role="http://www.xbrlsite.com/Schemas/brm/roles/originallyStatedLabel">Retained Earnings (Accumulated Losses), Origionally Stated</label>
    <label xlink:type="resource"
      xlink:label="pattern_SalesNetRollUp_lbl"
      xml:lang="en"
      xlink:role="http://www.xbrlsite.com/Schemas/brm/roles/restatedLabel">Retained Earnings (Accumulated Losses), Restated</label>
    <loc xlink:type="locator"
      xlink:label="pattern_SalesNet"
      xlink:href="Restatement.xsd#pattern_SalesNet" />
    <labelArc xlink:type="arc"
      xlink:arcrole="http://www.xbrl.org/2003/arcrole/concept-label"
      xlink:from="pattern_SalesNet" xlink:to="pattern_SalesNet_lbl" />
    <label xlink:type="resource"
      xlink:label="pattern_SalesNet_lbl" xml:lang="en"
      xlink:role="http://www.xbrl.org/2003/role/documentation">Vivamus quis nunc. Proin porta tincidunt nunc. Pellentesque condimentum commodo wisi.</label>
    <label xlink:type="resource"
      xlink:label="pattern_SalesNet_lbl" xml:lang="en"
      xlink:role="http://www.xbrl.org/2003/role/label">Sales, Net</label>
  </labelLink>
</linkbase>