<?xml version="1.0" encoding="utf-8"?>
<linkbase
  xmlns="http://www.xbrl.org/2003/linkbase"
  xmlns:xsi="http://www.w3.org/2001/XMLSchema-instance"
  xmlns:xlink="http://www.w3.org/1999/xlink"
  xsi:schemaLocation="
    http://www.xbrl.org/2003/linkbase 
      http://www.xbrl.org/2003/xbrl-linkbase-2003-12-31.xsd
    ">
  <roleRef xlink:type="simple"
    xlink:href="ComplexComputation.xsd#EarningsPerShareComponents"
    roleURI="http://xbrlsite.azurewebsites.net/DigitalFinancialReporting/ConceptArrangementPatterns/ComplexComputation/EarningsPerShareComponents" />
  <presentationLink xlink:type="extended"
    xlink:role="http://xbrlsite.azurewebsites.net/DigitalFinancialReporting/ConceptArrangementPatterns/ComplexComputation/EarningsPerShareComponents">
    <loc xlink:type="locator"
      xlink:label="pattern_EarningsPerShareComponentsTable"
      xlink:href="ComplexComputation.xsd#pattern_EarningsPerShareComponentsTable" />
    <loc xlink:type="locator"
      xlink:label="frm_LegalEntityAxis"
      xlink:href="http://xbrlsite.azurewebsites.net/DigitalFinancialReporting/Schemas/2017-05-07/frm.xsd#frm_LegalEntityAxis" />
    <presentationArc xlink:type="arc"
      xlink:arcrole="http://www.xbrl.org/2003/arcrole/parent-child"
      xlink:from="pattern_EarningsPerShareComponentsTable"
      xlink:to="frm_LegalEntityAxis"
      order="1"
      use="optional" />
    <loc xlink:type="locator"
      xlink:label="frm_ConsolidatedEntityMember"
      xlink:href="http://xbrlsite.azurewebsites.net/DigitalFinancialReporting/Schemas/2017-05-07/frm.xsd#frm_ConsolidatedEntityMember" />
    <presentationArc xlink:type="arc"
      xlink:arcrole="http://www.xbrl.org/2003/arcrole/parent-child"
      xlink:from="frm_LegalEntityAxis" xlink:to="frm_ConsolidatedEntityMember"
      order="1"
      use="optional" />
    <loc xlink:type="locator"
      xlink:label="pattern_EarningsPerShareComponentsLineItems"
      xlink:href="ComplexComputation.xsd#pattern_EarningsPerShareComponentsLineItems" />
    <presentationArc xlink:type="arc"
      xlink:arcrole="http://www.xbrl.org/2003/arcrole/parent-child"
      xlink:from="pattern_EarningsPerShareComponentsTable"
      xlink:to="pattern_EarningsPerShareComponentsLineItems"
      order="2"
      use="optional" />
    <loc xlink:type="locator"
      xlink:label="pattern_EarningsPerShareComponentsHierarchy"
      xlink:href="ComplexComputation.xsd#pattern_EarningsPerShareComponentsHierarchy" />
    <presentationArc xlink:type="arc"
      xlink:arcrole="http://www.xbrl.org/2003/arcrole/parent-child"
      xlink:from="pattern_EarningsPerShareComponentsLineItems"
      xlink:to="pattern_EarningsPerShareComponentsHierarchy"
      order="1"
      use="optional" />
    <loc xlink:type="locator"
      xlink:label="pattern_NetIncomeLoss"
      xlink:href="ComplexComputation.xsd#pattern_NetIncomeLoss" />
    <presentationArc xlink:type="arc"
      xlink:arcrole="http://www.xbrl.org/2003/arcrole/parent-child"
      xlink:from="pattern_EarningsPerShareComponentsHierarchy"
      xlink:to="pattern_NetIncomeLoss"
      order="1"
      use="optional" />
    <loc xlink:type="locator"
      xlink:label="pattern_WeightedAverageCommonShares"
      xlink:href="ComplexComputation.xsd#pattern_WeightedAverageCommonShares" />
    <presentationArc xlink:type="arc"
      xlink:arcrole="http://www.xbrl.org/2003/arcrole/parent-child"
      xlink:from="pattern_EarningsPerShareComponentsHierarchy"
      xlink:to="pattern_WeightedAverageCommonShares"
      order="2"
      use="optional" />
    <loc xlink:type="locator"
      xlink:label="pattern_EarningsPerShare"
      xlink:href="ComplexComputation.xsd#pattern_EarningsPerShare" />
    <presentationArc xlink:type="arc"
      xlink:arcrole="http://www.xbrl.org/2003/arcrole/parent-child"
      xlink:from="pattern_EarningsPerShareComponentsHierarchy"
      xlink:to="pattern_EarningsPerShare"
      order="3"
      use="optional" />
  </presentationLink>
</linkbase>