<?xml version="1.0" encoding="UTF-8" standalone="no" ?><?xml-stylesheet type="text/xsl" href="file:/C:/Programs/XPE40/resources/System/XbrlFormula2008Trace-toHtml.xsl"?><formulaTrace type="Full Report" version="4.0.0.2125" date="Tue May 09 08:07:07 PDT 2017" baseURI="C:/Users/Charlie/Documents/CurrentVersions/DigitalFinancialReporting/Metapatterns/2017-05-07/07-ComplexComputation/ComplexComputation-SampleInstance.xml" xmlns:xlink="http://www.w3.org/1999/xlink" xmlns:link="http://www.xbrl.org/2003/linkbase" xmlns:xsi="http://www.w3.org/2001/XMLSchema-instance" xmlns:xbrli="http://www.xbrl.org/2003/instance" xmlns:iso4217="http://www.xbrl.org/2003/iso4217" xsi:schemaLocation="http://xbrl.org/2006/xbrldi xbrldi-2006.xsd" >
 <assertionTest cnt="1" id="GreaterThanZero_WeightedAverageCommonShares" message="SATISFIED: (OK) The reported fact value of 100000000 for pattern:WeightedAverageCommonShares is greater than zero as is expected." satisfied="satisfied" test="$VARIABLE_FactGreaterThanZero=100000000 gt 0" type="valueAssertion" value="true" />
 <assertionTest cnt="2" id="GreaterThanZero_WeightedAverageCommonShares" message="SATISFIED: (OK) The reported fact value of 100000000 for pattern:WeightedAverageCommonShares is greater than zero as is expected." satisfied="satisfied" test="$VARIABLE_FactGreaterThanZero=100000000 gt 0" type="valueAssertion" value="true" />
 <assertionTest cnt="1" id="ComplexComputation_BasicEarningsPerShare" message="SATISFIED: (OK) The reported value of earnings per share 0.1 for the concept pattern:EarningsPerShare agrees to the computed value." satisfied="satisfied" test="abs($EarningsPerShare=.10 - ($NetIncomeLoss=10000000 div $WeightedAverageCommonShares=100000000)) eq 0" type="valueAssertion" value="true" />
 <assertionTest cnt="2" id="ComplexComputation_BasicEarningsPerShare" message="SATISFIED: (OK) The reported value of earnings per share 0.2 for the concept pattern:EarningsPerShare agrees to the computed value." satisfied="satisfied" test="abs($EarningsPerShare=.20 - ($NetIncomeLoss=20000000 div $WeightedAverageCommonShares=100000000)) eq 0" type="valueAssertion" value="true" />
 <assertionTest cnt="1" count="4" id="Exists_NetIncomeLoss" satisfied="satisfied" test="[4]" type="existenceAssertion" value="4" />
 <assertionTest cnt="1" count="4" id="Exists_WeightedAverageCommonShares" satisfied="satisfied" test="[4]" type="existenceAssertion" value="4" />
 <assertionTest cnt="1" count="4" id="Exists_EarningsPerShare" satisfied="satisfied" test="[4]" type="existenceAssertion" value="4" />
 <assertionReport count="7">
 <assertionTest cnt="1" id="GreaterThanZero_WeightedAverageCommonShares" message="SATISFIED: (OK) The reported fact value of 100000000 for pattern:WeightedAverageCommonShares is greater than zero as is expected." satisfied="satisfied" test="$VARIABLE_FactGreaterThanZero=100000000 gt 0" type="valueAssertion" value="true" />
 <assertionTest cnt="2" id="GreaterThanZero_WeightedAverageCommonShares" message="SATISFIED: (OK) The reported fact value of 100000000 for pattern:WeightedAverageCommonShares is greater than zero as is expected." satisfied="satisfied" test="$VARIABLE_FactGreaterThanZero=100000000 gt 0" type="valueAssertion" value="true" />
 <assertionTest cnt="1" id="ComplexComputation_BasicEarningsPerShare" message="SATISFIED: (OK) The reported value of earnings per share 0.1 for the concept pattern:EarningsPerShare agrees to the computed value." satisfied="satisfied" test="abs($EarningsPerShare=.10 - ($NetIncomeLoss=10000000 div $WeightedAverageCommonShares=100000000)) eq 0" type="valueAssertion" value="true" />
 <assertionTest cnt="2" id="ComplexComputation_BasicEarningsPerShare" message="SATISFIED: (OK) The reported value of earnings per share 0.2 for the concept pattern:EarningsPerShare agrees to the computed value." satisfied="satisfied" test="abs($EarningsPerShare=.20 - ($NetIncomeLoss=20000000 div $WeightedAverageCommonShares=100000000)) eq 0" type="valueAssertion" value="true" />
 <assertionTest cnt="1" count="4" id="Exists_NetIncomeLoss" satisfied="satisfied" test="[4]" type="existenceAssertion" value="4" />
 <assertionTest cnt="1" count="4" id="Exists_WeightedAverageCommonShares" satisfied="satisfied" test="[4]" type="existenceAssertion" value="4" />
 <assertionTest cnt="1" count="4" id="Exists_EarningsPerShare" satisfied="satisfied" test="[4]" type="existenceAssertion" value="4" />
  </assertionReport>
 <summary notSatisfiedAssertionCount="0" firedAssertionCount="7" duration="752ms" outputContextCount="0" outputUnitCount="0" firedFormulaCount="0" compiledFormulaCount="0" satisifiedAssertionCount="7" outputFactCount="0" compiledAssertionCount="5" />
</formulaTrace>
