<?xml version="1.0" encoding="UTF-8"?>
<?xml-stylesheet type="text/xsl" href="file:/C:/Programs/XPE40/resources/System/CalcTrace-toHtml.xsl"?>
<CalculationTrace Date="03:12:11" PhysicalUri="C:/Users/Charlie/Documents/CurrentVersions/DigitalFinancialReporting/BusinessUseCases/2017-05-07/BUC14-ReconciliationOfBalance/ReconciliationOfBalance-SampleInstance.xml">
     <ExtendedLinkRole roleUri="http://xbrlsite.azurewebsites.net/DigitalFinancialReporting/BusinessUseCases/ReconciliationOfBalance/ReconcilationOfCashSummary">
          <Context id="I-2010" instant="2010-12-31">
               <Unit id="U-Monetary">
                    <Rollup>
                         <To balance="debit" computed="false"
                              conceptNS="http://xbrlsite.azurewebsites.net/DigitalFinancialReporting/BusinessUseCases/ReconciliationOfBalance"
                              conceptName="CashAndCashEquivalents"
                              conceptQName="pattern:CashAndCashEquivalents"
                              contextID="I-2010" decimals="INF"
                              duplicate="false" duration="3 ms"
                              effective="1,000,000" instance="1000000"
                              label="Cash and Cash Equivalents"
                              precision="" relationshipToFrom="item"
                              roleUri="http://xbrlsite.azurewebsites.net/DigitalFinancialReporting/BusinessUseCases/ReconciliationOfBalance/ReconcilationOfCashSummary"
                              unitID="U-Monetary" weight="1.0"/>
                         <To balance="debit" computed="false"
                              conceptNS="http://xbrlsite.azurewebsites.net/DigitalFinancialReporting/BusinessUseCases/ReconciliationOfBalance"
                              conceptName="ReconcilingItemAmount"
                              conceptQName="pattern:ReconcilingItemAmount"
                              contextID="I-2010" decimals="INF"
                              duplicate="false" duration="0 ms"
                              effective="2,000,000" instance="2000000"
                              label="Reconciling Item Amount"
                              precision="" relationshipToFrom="item"
                              roleUri="http://xbrlsite.azurewebsites.net/DigitalFinancialReporting/BusinessUseCases/ReconciliationOfBalance/ReconcilationOfCashSummary"
                              unitID="U-Monetary" weight="1.0"/>
                         <From balance="debit" bound="true"
                              computed="false"
                              conceptNS="http://xbrlsite.azurewebsites.net/DigitalFinancialReporting/BusinessUseCases/ReconciliationOfBalance"
                              conceptName="CashAndCashEquivalentsPerCashFlowStatement"
                              conceptQName="pattern:CashAndCashEquivalentsPerCashFlowStatement"
                              consistent="true" contextID="I-2010"
                              decimals="INF" duplicate="false"
                              duration="60 ms" effective="3,000,000"
                              instance="3000000"
                              label="Cash and Cash Equivalents, per Cash Flow Statement"
                              precision="INF" success="true"
                              toSumDecimals="15"
                              toSumEffective="3,000,000" unitID="U-Monetary"/>
                    </Rollup>
               </Unit>
          </Context>
          <Context id="I-2009" instant="2009-12-31">
               <Unit id="U-Monetary">
                    <Rollup>
                         <To balance="debit" computed="false"
                              conceptNS="http://xbrlsite.azurewebsites.net/DigitalFinancialReporting/BusinessUseCases/ReconciliationOfBalance"
                              conceptName="CashAndCashEquivalents"
                              conceptQName="pattern:CashAndCashEquivalents"
                              contextID="I-2009" decimals="INF"
                              duplicate="false" duration="0 ms"
                              effective="1,000,000" instance="1000000"
                              label="Cash and Cash Equivalents"
                              precision="" relationshipToFrom="item"
                              roleUri="http://xbrlsite.azurewebsites.net/DigitalFinancialReporting/BusinessUseCases/ReconciliationOfBalance/ReconcilationOfCashSummary"
                              unitID="U-Monetary" weight="1.0"/>
                         <To balance="debit" computed="false"
                              conceptNS="http://xbrlsite.azurewebsites.net/DigitalFinancialReporting/BusinessUseCases/ReconciliationOfBalance"
                              conceptName="ReconcilingItemAmount"
                              conceptQName="pattern:ReconcilingItemAmount"
                              contextID="I-2009" decimals="INF"
                              duplicate="false" duration="0 ms"
                              effective="1,000,000" instance="1000000"
                              label="Reconciling Item Amount"
                              precision="" relationshipToFrom="item"
                              roleUri="http://xbrlsite.azurewebsites.net/DigitalFinancialReporting/BusinessUseCases/ReconciliationOfBalance/ReconcilationOfCashSummary"
                              unitID="U-Monetary" weight="1.0"/>
                         <From balance="debit" bound="true"
                              computed="false"
                              conceptNS="http://xbrlsite.azurewebsites.net/DigitalFinancialReporting/BusinessUseCases/ReconciliationOfBalance"
                              conceptName="CashAndCashEquivalentsPerCashFlowStatement"
                              conceptQName="pattern:CashAndCashEquivalentsPerCashFlowStatement"
                              consistent="true" contextID="I-2009"
                              decimals="INF" duplicate="false"
                              duration="0 ms" effective="2,000,000"
                              instance="2000000"
                              label="Cash and Cash Equivalents, per Cash Flow Statement"
                              precision="INF" success="true"
                              toSumDecimals="15"
                              toSumEffective="2,000,000" unitID="U-Monetary"/>
                    </Rollup>
               </Unit>
          </Context>
     </ExtendedLinkRole>
     <Statistics duplicates="0" duration="278 ms" fail="0"
          inconsistent="0" pass="2" total="2"/>
</CalculationTrace>
