<?xml version="1.0" encoding="utf-8"?>
<!--
Taxonomy Presentation Links linkbase based on XBRL standard Version 2.1.
Created by UBmatrix Taxonomy Designer 3.0.3.2436 (2009-06-02 13:18).  
Contact www.ubmatrix.com
Copyright (c) 2002-2017 UBmatrix inc., All Rights Reserved
Produced on 2017-05-10 07:54:05
-->
<linkbase
  xmlns="http://www.xbrl.org/2003/linkbase"
  xmlns:xsi="http://www.w3.org/2001/XMLSchema-instance"
  xmlns:xlink="http://www.w3.org/1999/xlink"
  xsi:schemaLocation="
    http://www.xbrl.org/2003/linkbase 
      http://www.xbrl.org/2003/xbrl-linkbase-2003-12-31.xsd
    ">
  <roleRef xlink:type="simple"
    xlink:href="ReconciliationOfBalance.xsd#PropertyPlantAndEquipmentByComponent"
    roleURI="http://xbrlsite.azurewebsites.net/DigitalFinancialReporting/BusinessUseCases/ReconciliationOfBalance/ReconcilationOfCashSummary" />
  <roleRef xlink:type="simple"
    xlink:href="ReconciliationOfBalance.xsd#ReconcilationOfCashDetail"
    roleURI="http://xbrlsite.azurewebsites.net/DigitalFinancialReporting/BusinessUseCases/ReconciliationOfBalance/ReconcilationOfCashDetail" />
  <presentationLink xlink:type="extended"
    xlink:role="http://xbrlsite.azurewebsites.net/DigitalFinancialReporting/BusinessUseCases/ReconciliationOfBalance/ReconcilationOfCashSummary">
    <loc xlink:type="locator"
      xlink:label="pattern_ReconcilationCashSummaryTable"
      xlink:href="ReconciliationOfBalance.xsd#pattern_ReconcilationCashSummaryTable" />
    <loc xlink:type="locator"
      xlink:label="frm_LegalEntityAxis"
      xlink:href="http://xbrlsite.azurewebsites.net/DigitalFinancialReporting/Schemas/2017-05-07/frm.xsd#frm_LegalEntityAxis" />
    <presentationArc xlink:type="arc"
      xlink:arcrole="http://www.xbrl.org/2003/arcrole/parent-child"
      xlink:from="pattern_ReconcilationCashSummaryTable"
      xlink:to="frm_LegalEntityAxis"
      order="1"
      use="optional" />
    <loc xlink:type="locator"
      xlink:label="frm_ConsolidatedEntityMember"
      xlink:href="http://xbrlsite.azurewebsites.net/DigitalFinancialReporting/Schemas/2017-05-07/frm.xsd#frm_ConsolidatedEntityMember" />
    <presentationArc xlink:type="arc"
      xlink:arcrole="http://www.xbrl.org/2003/arcrole/parent-child"
      xlink:from="frm_LegalEntityAxis" xlink:to="frm_ConsolidatedEntityMember"
      order="1"
      use="optional" />
    <loc xlink:type="locator"
      xlink:label="pattern_ReconcilationCashSummaryLineItems"
      xlink:href="ReconciliationOfBalance.xsd#pattern_ReconcilationCashSummaryLineItems" />
    <presentationArc xlink:type="arc"
      xlink:arcrole="http://www.xbrl.org/2003/arcrole/parent-child"
      xlink:from="pattern_ReconcilationCashSummaryTable"
      xlink:to="pattern_ReconcilationCashSummaryLineItems"
      order="2"
      use="optional" />
    <loc xlink:type="locator"
      xlink:label="pattern_ReconcilationCashSummaryRollUp"
      xlink:href="ReconciliationOfBalance.xsd#pattern_ReconcilationCashSummaryRollUp" />
    <presentationArc xlink:type="arc"
      xlink:arcrole="http://www.xbrl.org/2003/arcrole/parent-child"
      xlink:from="pattern_ReconcilationCashSummaryLineItems"
      xlink:to="pattern_ReconcilationCashSummaryRollUp"
      order="1"
      use="optional" />
    <loc xlink:type="locator"
      xlink:label="pattern_CashAndCashEquivalents"
      xlink:href="ReconciliationOfBalance.xsd#pattern_CashAndCashEquivalents" />
    <presentationArc xlink:type="arc"
      xlink:arcrole="http://www.xbrl.org/2003/arcrole/parent-child"
      xlink:from="pattern_ReconcilationCashSummaryRollUp"
      xlink:to="pattern_CashAndCashEquivalents"
      order="1"
      use="optional" />
    <loc xlink:type="locator"
      xlink:label="pattern_ReconcilingItemAmount"
      xlink:href="ReconciliationOfBalance.xsd#pattern_ReconcilingItemAmount" />
    <presentationArc xlink:type="arc"
      xlink:arcrole="http://www.xbrl.org/2003/arcrole/parent-child"
      xlink:from="pattern_ReconcilationCashSummaryRollUp"
      xlink:to="pattern_ReconcilingItemAmount"
      order="2"
      use="optional" />
    <loc xlink:type="locator"
      xlink:label="pattern_CashAndCashEquivalentsPerCashFlowStatement"
      xlink:href="ReconciliationOfBalance.xsd#pattern_CashAndCashEquivalentsPerCashFlowStatement" />
    <presentationArc xlink:type="arc"
      xlink:arcrole="http://www.xbrl.org/2003/arcrole/parent-child"
      xlink:from="pattern_ReconcilationCashSummaryRollUp"
      xlink:to="pattern_CashAndCashEquivalentsPerCashFlowStatement"
      order="3"
      use="optional" />
  </presentationLink>
  <presentationLink xlink:type="extended"
    xlink:role="http://xbrlsite.azurewebsites.net/DigitalFinancialReporting/BusinessUseCases/ReconciliationOfBalance/ReconcilationOfCashDetail">
    <loc xlink:type="locator"
      xlink:label="pattern_ReconcilationCashDetailTable"
      xlink:href="ReconciliationOfBalance.xsd#pattern_ReconcilationCashDetailTable" />
    <loc xlink:type="locator"
      xlink:label="frm_LegalEntityAxis"
      xlink:href="http://xbrlsite.azurewebsites.net/DigitalFinancialReporting/Schemas/2017-05-07/frm.xsd#frm_LegalEntityAxis" />
    <presentationArc xlink:type="arc"
      xlink:arcrole="http://www.xbrl.org/2003/arcrole/parent-child"
      xlink:from="pattern_ReconcilationCashDetailTable"
      xlink:to="frm_LegalEntityAxis"
      order="1"
      use="optional" />
    <loc xlink:type="locator"
      xlink:label="frm_ConsolidatedEntityMember"
      xlink:href="http://xbrlsite.azurewebsites.net/DigitalFinancialReporting/Schemas/2017-05-07/frm.xsd#frm_ConsolidatedEntityMember" />
    <presentationArc xlink:type="arc"
      xlink:arcrole="http://www.xbrl.org/2003/arcrole/parent-child"
      xlink:from="frm_LegalEntityAxis" xlink:to="frm_ConsolidatedEntityMember"
      order="1"
      use="optional" />
    <loc xlink:type="locator"
      xlink:label="pattern_ReconcilingItemTypeAxis"
      xlink:href="ReconciliationOfBalance.xsd#pattern_ReconcilingItemTypeAxis" />
    <presentationArc xlink:type="arc"
      xlink:arcrole="http://www.xbrl.org/2003/arcrole/parent-child"
      xlink:from="pattern_ReconcilationCashDetailTable"
      xlink:to="pattern_ReconcilingItemTypeAxis"
      order="2"
      use="optional" />
    <loc xlink:type="locator"
      xlink:label="pattern_ReconcilingItemTypesAllTypesMember"
      xlink:href="ReconciliationOfBalance.xsd#pattern_ReconcilingItemTypesAllTypesMember" />
    <presentationArc xlink:type="arc"
      xlink:arcrole="http://www.xbrl.org/2003/arcrole/parent-child"
      xlink:from="pattern_ReconcilingItemTypeAxis"
      xlink:to="pattern_ReconcilingItemTypesAllTypesMember"
      order="1"
      use="optional" />
    <loc xlink:type="locator"
      xlink:label="pattern_ReconcilingItemTypeAMember"
      xlink:href="ReconciliationOfBalance.xsd#pattern_ReconcilingItemTypeAMember" />
    <presentationArc xlink:type="arc"
      xlink:arcrole="http://www.xbrl.org/2003/arcrole/parent-child"
      xlink:from="pattern_ReconcilingItemTypesAllTypesMember"
      xlink:to="pattern_ReconcilingItemTypeAMember"
      order="1"
      use="optional" />
    <loc xlink:type="locator"
      xlink:label="pattern_ReconcilingItemTypeBMember"
      xlink:href="ReconciliationOfBalance.xsd#pattern_ReconcilingItemTypeBMember" />
    <presentationArc xlink:type="arc"
      xlink:arcrole="http://www.xbrl.org/2003/arcrole/parent-child"
      xlink:from="pattern_ReconcilingItemTypesAllTypesMember"
      xlink:to="pattern_ReconcilingItemTypeBMember"
      order="2"
      use="optional" />
    <loc xlink:type="locator"
      xlink:label="pattern_ReconcilationCashDetailLineItems"
      xlink:href="ReconciliationOfBalance.xsd#pattern_ReconcilationCashDetailLineItems" />
    <presentationArc xlink:type="arc"
      xlink:arcrole="http://www.xbrl.org/2003/arcrole/parent-child"
      xlink:from="pattern_ReconcilationCashDetailTable"
      xlink:to="pattern_ReconcilationCashDetailLineItems"
      order="3"
      use="optional" />
    <loc xlink:type="locator"
      xlink:label="pattern_ReconcilingItemHierarchy"
      xlink:href="ReconciliationOfBalance.xsd#pattern_ReconcilingItemHierarchy" />
    <presentationArc xlink:type="arc"
      xlink:arcrole="http://www.xbrl.org/2003/arcrole/parent-child"
      xlink:from="pattern_ReconcilationCashDetailLineItems"
      xlink:to="pattern_ReconcilingItemHierarchy"
      order="1"
      use="optional" />
    <loc xlink:type="locator"
      xlink:label="pattern_ReconcilingItemDescription"
      xlink:href="ReconciliationOfBalance.xsd#pattern_ReconcilingItemDescription" />
    <presentationArc xlink:type="arc"
      xlink:arcrole="http://www.xbrl.org/2003/arcrole/parent-child"
      xlink:from="pattern_ReconcilingItemHierarchy"
      xlink:to="pattern_ReconcilingItemDescription"
      order="1"
      use="optional" />
    <loc xlink:type="locator"
      xlink:label="pattern_ReconcilingItemAmount"
      xlink:href="ReconciliationOfBalance.xsd#pattern_ReconcilingItemAmount" />
    <presentationArc xlink:type="arc"
      xlink:arcrole="http://www.xbrl.org/2003/arcrole/parent-child"
      xlink:from="pattern_ReconcilingItemHierarchy"
      xlink:to="pattern_ReconcilingItemAmount"
      order="2"
      use="optional" />
  </presentationLink>
</linkbase>