<?xml version="1.0" encoding="utf-8"?>
<!--
Taxonomy Label Links linkbase based on XBRL standard Version 2.1.
Created by UBmatrix Taxonomy Designer 3.0.3.2436 (2009-06-02 13:18).  
Contact www.ubmatrix.com
Copyright (c) 2002-2017 UBmatrix inc., All Rights Reserved
Produced on 2017-06-13 08:59:29
-->
<linkbase
  xmlns="http://www.xbrl.org/2003/linkbase"
  xmlns:xsi="http://www.w3.org/2001/XMLSchema-instance"
  xmlns:xlink="http://www.w3.org/1999/xlink"
  xsi:schemaLocation="
    http://www.xbrl.org/2003/linkbase 
      http://www.xbrl.org/2003/xbrl-linkbase-2003-12-31.xsd
    ">
  <labelLink xlink:type="extended"
    xlink:role="http://www.xbrl.org/2003/role/link">
    <loc xlink:type="locator"
      xlink:label="pattern_CashAndCashEquivalentsPerCashFlowStatement"
      xlink:href="ReconciliationOfBalance.xsd#pattern_CashAndCashEquivalentsPerCashFlowStatement" />
    <labelArc xlink:type="arc"
      xlink:arcrole="http://www.xbrl.org/2003/arcrole/concept-label"
      xlink:from="pattern_CashAndCashEquivalentsPerCashFlowStatement"
      xlink:to="pattern_CashAndCashEquivalentsPerCashFlowStatement_lbl" />
    <label xlink:type="resource"
      xlink:label="pattern_CashAndCashEquivalentsPerCashFlowStatement_lbl"
      xml:lang="en"
      xlink:role="http://www.xbrl.org/2003/role/documentation">Nunc in elit non metus viverra sollicitudin. Duis metus.</label>
    <label xlink:type="resource"
      xlink:label="pattern_CashAndCashEquivalentsPerCashFlowStatement_lbl"
      xml:lang="en"
      xlink:role="http://www.xbrl.org/2003/role/label">Cash and Cash Equivalents, per Cash Flow Statement</label>
    <loc xlink:type="locator"
      xlink:label="pattern_CashAndCashEquivalents"
      xlink:href="ReconciliationOfBalance.xsd#pattern_CashAndCashEquivalents" />
    <labelArc xlink:type="arc"
      xlink:arcrole="http://www.xbrl.org/2003/arcrole/concept-label"
      xlink:from="pattern_CashAndCashEquivalents"
      xlink:to="pattern_CashAndCashEquivalents_lbl" />
    <label xlink:type="resource"
      xlink:label="pattern_CashAndCashEquivalents_lbl"
      xml:lang="en"
      xlink:role="http://www.xbrl.org/2003/role/documentation">Proin elit sem, ornare non, ullamcorper vel, sollicitudin a, lacus. Mauris tincidunt cursus est. Nulla sit amet nibh. Sed elementum feugiat augue.</label>
    <label xlink:type="resource"
      xlink:label="pattern_CashAndCashEquivalents_lbl"
      xml:lang="en"
      xlink:role="http://www.xbrl.org/2003/role/periodEndLabel">Land, Ending Balance</label>
    <label xlink:type="resource"
      xlink:label="pattern_CashAndCashEquivalents_lbl"
      xml:lang="en"
      xlink:role="http://www.xbrl.org/2003/role/periodStartLabel">Land, Beginning Balance</label>
    <label xlink:type="resource"
      xlink:label="pattern_CashAndCashEquivalents_lbl"
      xml:lang="en"
      xlink:role="http://www.xbrl.org/2003/role/label">Cash and Cash Equivalents</label>
    <loc xlink:type="locator"
      xlink:label="pattern_ReconcilationCashDetailLineItems"
      xlink:href="ReconciliationOfBalance.xsd#pattern_ReconcilationCashDetailLineItems" />
    <labelArc xlink:type="arc"
      xlink:arcrole="http://www.xbrl.org/2003/arcrole/concept-label"
      xlink:from="pattern_ReconcilationCashDetailLineItems"
      xlink:to="pattern_ReconcilationCashDetailLineItems_lbl" />
    <label xlink:type="resource"
      xlink:label="pattern_ReconcilationCashDetailLineItems_lbl"
      xml:lang="en"
      xlink:role="http://www.xbrl.org/2003/role/documentation">Vivamus quis nunc. Proin porta tincidunt nunc.</label>
    <label xlink:type="resource"
      xlink:label="pattern_ReconcilationCashDetailLineItems_lbl"
      xml:lang="en"
      xlink:role="http://www.xbrl.org/2003/role/label">Reconcilation of Cash, Detail [Line Items]</label>
    <loc xlink:type="locator"
      xlink:label="pattern_ReconcilationCashDetailTable"
      xlink:href="ReconciliationOfBalance.xsd#pattern_ReconcilationCashDetailTable" />
    <labelArc xlink:type="arc"
      xlink:arcrole="http://www.xbrl.org/2003/arcrole/concept-label"
      xlink:from="pattern_ReconcilationCashDetailTable"
      xlink:to="pattern_ReconcilationCashDetailTable_lbl" />
    <label xlink:type="resource"
      xlink:label="pattern_ReconcilationCashDetailTable_lbl"
      xml:lang="en"
      xlink:role="http://www.xbrl.org/2003/role/documentation">Sed elementum feugiat augue. Nam non tortor non leo porta bibendum. Morbi eu pede.</label>
    <label xlink:type="resource"
      xlink:label="pattern_ReconcilationCashDetailTable_lbl"
      xml:lang="en"
      xlink:role="http://www.xbrl.org/2003/role/label">Reconcilation of Cash, Detail [Table]</label>
    <loc xlink:type="locator"
      xlink:label="pattern_ReconcilationCashSummaryLineItems"
      xlink:href="ReconciliationOfBalance.xsd#pattern_ReconcilationCashSummaryLineItems" />
    <labelArc xlink:type="arc"
      xlink:arcrole="http://www.xbrl.org/2003/arcrole/concept-label"
      xlink:from="pattern_ReconcilationCashSummaryLineItems"
      xlink:to="pattern_ReconcilationCashSummaryLineItems_lbl" />
    <label xlink:type="resource"
      xlink:label="pattern_ReconcilationCashSummaryLineItems_lbl"
      xml:lang="en"
      xlink:role="http://www.xbrl.org/2003/role/documentation">Suspendisse potenti. Donec malesuada lorem id mi. Nunc ut purus ac nisl tempus accumsan.</label>
    <label xlink:type="resource"
      xlink:label="pattern_ReconcilationCashSummaryLineItems_lbl"
      xml:lang="en"
      xlink:role="http://www.xbrl.org/2003/role/label">Reconcilation of Cash, Summary [Line Items]</label>
    <loc xlink:type="locator"
      xlink:label="pattern_ReconcilationCashSummaryRollUp"
      xlink:href="ReconciliationOfBalance.xsd#pattern_ReconcilationCashSummaryRollUp" />
    <labelArc xlink:type="arc"
      xlink:arcrole="http://www.xbrl.org/2003/arcrole/concept-label"
      xlink:from="pattern_ReconcilationCashSummaryRollUp"
      xlink:to="pattern_ReconcilationCashSummaryRollUp_lbl" />
    <label xlink:type="resource"
      xlink:label="pattern_ReconcilationCashSummaryRollUp_lbl"
      xml:lang="en"
      xlink:role="http://www.xbrl.org/2003/role/documentation">Integer sit amet diam ac nibh consequat vestibulum. Sed eget augue malesuada quam adipiscing mattis.</label>
    <label xlink:type="resource"
      xlink:label="pattern_ReconcilationCashSummaryRollUp_lbl"
      xml:lang="en"
      xlink:role="http://www.xbrl.org/2003/role/label">Reconcilation of Cash, Summary [Roll Up]</label>
    <loc xlink:type="locator"
      xlink:label="pattern_ReconcilationCashSummaryTable"
      xlink:href="ReconciliationOfBalance.xsd#pattern_ReconcilationCashSummaryTable" />
    <labelArc xlink:type="arc"
      xlink:arcrole="http://www.xbrl.org/2003/arcrole/concept-label"
      xlink:from="pattern_ReconcilationCashSummaryTable"
      xlink:to="pattern_ReconcilationCashSummaryTable_lbl" />
    <label xlink:type="resource"
      xlink:label="pattern_ReconcilationCashSummaryTable_lbl"
      xml:lang="en"
      xlink:role="http://www.xbrl.org/2003/role/documentation">Nam rhoncus mi. Nunc eu dui non mauris interdum tincidunt. Sed magna felis, accumsan a, fermentum quis, varius sed, ipsum.</label>
    <label xlink:type="resource"
      xlink:label="pattern_ReconcilationCashSummaryTable_lbl"
      xml:lang="en"
      xlink:role="http://www.xbrl.org/2003/role/label">Reconcilation of Cash, Summary [Table]</label>
    <loc xlink:type="locator"
      xlink:label="pattern_ReconcilingItemAmount"
      xlink:href="ReconciliationOfBalance.xsd#pattern_ReconcilingItemAmount" />
    <labelArc xlink:type="arc"
      xlink:arcrole="http://www.xbrl.org/2003/arcrole/concept-label"
      xlink:from="pattern_ReconcilingItemAmount"
      xlink:to="pattern_ReconcilingItemAmount_lbl" />
    <label xlink:type="resource"
      xlink:label="pattern_ReconcilingItemAmount_lbl"
      xml:lang="en"
      xlink:role="http://www.xbrl.org/2003/role/documentation">Pellentesque pede felis, rhoncus accumsan, luctus ut, facilisis vitae, tortor.</label>
    <label xlink:type="resource"
      xlink:label="pattern_ReconcilingItemAmount_lbl"
      xml:lang="en"
      xlink:role="http://www.xbrl.org/2003/role/label">Reconciling Item Amount</label>
    <loc xlink:type="locator"
      xlink:label="pattern_ReconcilingItemDescription"
      xlink:href="ReconciliationOfBalance.xsd#pattern_ReconcilingItemDescription" />
    <labelArc xlink:type="arc"
      xlink:arcrole="http://www.xbrl.org/2003/arcrole/concept-label"
      xlink:from="pattern_ReconcilingItemDescription"
      xlink:to="pattern_ReconcilingItemDescription_lbl" />
    <label xlink:type="resource"
      xlink:label="pattern_ReconcilingItemDescription_lbl"
      xml:lang="en"
      xlink:role="http://www.xbrl.org/2003/role/documentation">Nulla facilisi. Aliquam viverra risus vitae ante. Sed rhoncus mi in wisi.</label>
    <label xlink:type="resource"
      xlink:label="pattern_ReconcilingItemDescription_lbl"
      xml:lang="en"
      xlink:role="http://www.xbrl.org/2003/role/label">Reconciling Item Description</label>
    <loc xlink:type="locator"
      xlink:label="pattern_ReconcilingItemHierarchy"
      xlink:href="ReconciliationOfBalance.xsd#pattern_ReconcilingItemHierarchy" />
    <labelArc xlink:type="arc"
      xlink:arcrole="http://www.xbrl.org/2003/arcrole/concept-label"
      xlink:from="pattern_ReconcilingItemHierarchy"
      xlink:to="pattern_ReconcilingItemHierarchy_lbl" />
    <label xlink:type="resource"
      xlink:label="pattern_ReconcilingItemHierarchy_lbl"
      xml:lang="en"
      xlink:role="http://www.xbrl.org/2003/role/documentation">Proin non mauris. Proin sed odio. Phasellus sagittis orci quis orci. Aliquam erat volutpat.</label>
    <label xlink:type="resource"
      xlink:label="pattern_ReconcilingItemHierarchy_lbl"
      xml:lang="en"
      xlink:role="http://www.xbrl.org/2003/role/label">Reconciling Item [Hierarchy]</label>
    <loc xlink:type="locator"
      xlink:label="pattern_ReconcilingItemTypeAMember"
      xlink:href="ReconciliationOfBalance.xsd#pattern_ReconcilingItemTypeAMember" />
    <labelArc xlink:type="arc"
      xlink:arcrole="http://www.xbrl.org/2003/arcrole/concept-label"
      xlink:from="pattern_ReconcilingItemTypeAMember"
      xlink:to="pattern_ReconcilingItemTypeAMember_lbl" />
    <label xlink:type="resource"
      xlink:label="pattern_ReconcilingItemTypeAMember_lbl"
      xml:lang="en"
      xlink:role="http://www.xbrl.org/2003/role/documentation">Etiam feugiat massa nec nibh. Curabitur fermentum mattis eros.</label>
    <label xlink:type="resource"
      xlink:label="pattern_ReconcilingItemTypeAMember_lbl"
      xml:lang="en"
      xlink:role="http://www.xbrl.org/2003/role/label">Reconciling Item Type A [Member]</label>
    <loc xlink:type="locator"
      xlink:label="pattern_ReconcilingItemTypeAxis"
      xlink:href="ReconciliationOfBalance.xsd#pattern_ReconcilingItemTypeAxis" />
    <labelArc xlink:type="arc"
      xlink:arcrole="http://www.xbrl.org/2003/arcrole/concept-label"
      xlink:from="pattern_ReconcilingItemTypeAxis"
      xlink:to="pattern_ReconcilingItemTypeAxis_lbl" />
    <label xlink:type="resource"
      xlink:label="pattern_ReconcilingItemTypeAxis_lbl"
      xml:lang="en"
      xlink:role="http://www.xbrl.org/2003/role/documentation"> Donec pulvinar nonummy erat. In vel justo at urna rutrum ultrices. Cras consectetuer orci non lorem.</label>
    <label xlink:type="resource"
      xlink:label="pattern_ReconcilingItemTypeAxis_lbl"
      xml:lang="en"
      xlink:role="http://www.xbrl.org/2003/role/label">Reconciling Item Type [Axis]</label>
    <loc xlink:type="locator"
      xlink:label="pattern_ReconcilingItemTypeBMember"
      xlink:href="ReconciliationOfBalance.xsd#pattern_ReconcilingItemTypeBMember" />
    <labelArc xlink:type="arc"
      xlink:arcrole="http://www.xbrl.org/2003/arcrole/concept-label"
      xlink:from="pattern_ReconcilingItemTypeBMember"
      xlink:to="pattern_ReconcilingItemTypeBMember_lbl" />
    <label xlink:type="resource"
      xlink:label="pattern_ReconcilingItemTypeBMember_lbl"
      xml:lang="en"
      xlink:role="http://www.xbrl.org/2003/role/documentation">Nunc in elit non metus viverra sollicitudin. Duis metus. Donec pulvinar nonummy erat.</label>
    <label xlink:type="resource"
      xlink:label="pattern_ReconcilingItemTypeBMember_lbl"
      xml:lang="en"
      xlink:role="http://www.xbrl.org/2003/role/label">Reconciling Item Type B [Member]</label>
    <loc xlink:type="locator"
      xlink:label="pattern_ReconcilingItemTypesAllTypesMember"
      xlink:href="ReconciliationOfBalance.xsd#pattern_ReconcilingItemTypesAllTypesMember" />
    <labelArc xlink:type="arc"
      xlink:arcrole="http://www.xbrl.org/2003/arcrole/concept-label"
      xlink:from="pattern_ReconcilingItemTypesAllTypesMember"
      xlink:to="pattern_ReconcilingItemTypesAllTypesMember_lbl" />
    <label xlink:type="resource"
      xlink:label="pattern_ReconcilingItemTypesAllTypesMember_lbl"
      xml:lang="en"
      xlink:role="http://www.xbrl.org/2003/role/documentation">Pellentesque condimentum commodo wisi. Fusce gravida, ligula a placerat placerat, leo erat euismod lectus, et lacinia justo libero non pede.</label>
    <label xlink:type="resource"
      xlink:label="pattern_ReconcilingItemTypesAllTypesMember_lbl"
      xml:lang="en"
      xlink:role="http://www.xbrl.org/2003/role/label">Reconciling Item Types, All Types [Member]</label>
  </labelLink>
</linkbase>