<?xml version="1.0" encoding="UTF-8" standalone="no" ?><?xml-stylesheet type="text/xsl" href="file:/C:/Programs/XPE40/resources/System/XbrlFormula2008Trace-toHtml.xsl"?><formulaTrace type="Full Report" version="4.0.0.2125" date="Tue May 09 15:12:23 PDT 2017" baseURI="C:/Users/Charlie/Documents/CurrentVersions/DigitalFinancialReporting/BusinessUseCases/2017-05-07/BUC14-ReconciliationOfBalance/ReconciliationOfBalance-SampleInstance.xml" xmlns:xlink="http://www.w3.org/1999/xlink" xmlns:link="http://www.xbrl.org/2003/linkbase" xmlns:xsi="http://www.w3.org/2001/XMLSchema-instance" xmlns:xbrli="http://www.xbrl.org/2003/instance" xmlns:iso4217="http://www.xbrl.org/2003/iso4217" xsi:schemaLocation="http://xbrl.org/2006/xbrldi xbrldi-2006.xsd" >
 <assertionTest cnt="1" id="ASSERTION_MemberAggregation_Foots_ReconcilingItemAmount" satisfied="satisfied" test="$VARIABLE_Total=2000000 = sum($VARIABLE_Each=[2500000 -500000 ])" type="valueAssertion" value="true" />
 <assertionTest cnt="2" id="ASSERTION_MemberAggregation_Foots_ReconcilingItemAmount" satisfied="satisfied" test="$VARIABLE_Total=1000000 = sum($VARIABLE_Each=[500000 500000 ])" type="valueAssertion" value="true" />
 <assertionTest cnt="1" id="Assertion_Exists_CashAndCashEquivalents" satisfied="satisfied" test="exists ($VARIABLE_Concept=1000000)" type="valueAssertion" value="true" />
 <assertionTest cnt="2" id="Assertion_Exists_CashAndCashEquivalents" satisfied="satisfied" test="exists ($VARIABLE_Concept=1000000)" type="valueAssertion" value="true" />
 <assertionTest cnt="1" id="Assertion_Exists_CashAndCashEquivalentsPerCashFlowStatement" satisfied="satisfied" test="exists ($VARIABLE_Concept=3000000)" type="valueAssertion" value="true" />
 <assertionTest cnt="2" id="Assertion_Exists_CashAndCashEquivalentsPerCashFlowStatement" satisfied="satisfied" test="exists ($VARIABLE_Concept=2000000)" type="valueAssertion" value="true" />
 <assertionTest cnt="1" id="Assertion_Exists_ReconcilingItemAmount" satisfied="satisfied" test="exists ($VARIABLE_Concept=2000000)" type="valueAssertion" value="true" />
 <assertionTest cnt="2" id="Assertion_Exists_ReconcilingItemAmount" satisfied="satisfied" test="exists ($VARIABLE_Concept=1000000)" type="valueAssertion" value="true" />
 <assertionTest cnt="3" id="Assertion_Exists_ReconcilingItemAmount" satisfied="satisfied" test="exists ($VARIABLE_Concept=2500000)" type="valueAssertion" value="true" />
 <assertionTest cnt="4" id="Assertion_Exists_ReconcilingItemAmount" satisfied="satisfied" test="exists ($VARIABLE_Concept=-500000)" type="valueAssertion" value="true" />
 <assertionTest cnt="5" id="Assertion_Exists_ReconcilingItemAmount" satisfied="satisfied" test="exists ($VARIABLE_Concept=500000)" type="valueAssertion" value="true" />
 <assertionTest cnt="6" id="Assertion_Exists_ReconcilingItemAmount" satisfied="satisfied" test="exists ($VARIABLE_Concept=500000)" type="valueAssertion" value="true" />
 <assertionReport count="12">
 <assertionTest cnt="1" id="ASSERTION_MemberAggregation_Foots_ReconcilingItemAmount" satisfied="satisfied" test="$VARIABLE_Total=2000000 = sum($VARIABLE_Each=[2500000 -500000 ])" type="valueAssertion" value="true" />
 <assertionTest cnt="2" id="ASSERTION_MemberAggregation_Foots_ReconcilingItemAmount" satisfied="satisfied" test="$VARIABLE_Total=1000000 = sum($VARIABLE_Each=[500000 500000 ])" type="valueAssertion" value="true" />
 <assertionTest cnt="1" id="Assertion_Exists_CashAndCashEquivalents" satisfied="satisfied" test="exists ($VARIABLE_Concept=1000000)" type="valueAssertion" value="true" />
 <assertionTest cnt="2" id="Assertion_Exists_CashAndCashEquivalents" satisfied="satisfied" test="exists ($VARIABLE_Concept=1000000)" type="valueAssertion" value="true" />
 <assertionTest cnt="1" id="Assertion_Exists_CashAndCashEquivalentsPerCashFlowStatement" satisfied="satisfied" test="exists ($VARIABLE_Concept=3000000)" type="valueAssertion" value="true" />
 <assertionTest cnt="2" id="Assertion_Exists_CashAndCashEquivalentsPerCashFlowStatement" satisfied="satisfied" test="exists ($VARIABLE_Concept=2000000)" type="valueAssertion" value="true" />
 <assertionTest cnt="1" id="Assertion_Exists_ReconcilingItemAmount" satisfied="satisfied" test="exists ($VARIABLE_Concept=2000000)" type="valueAssertion" value="true" />
 <assertionTest cnt="2" id="Assertion_Exists_ReconcilingItemAmount" satisfied="satisfied" test="exists ($VARIABLE_Concept=1000000)" type="valueAssertion" value="true" />
 <assertionTest cnt="3" id="Assertion_Exists_ReconcilingItemAmount" satisfied="satisfied" test="exists ($VARIABLE_Concept=2500000)" type="valueAssertion" value="true" />
 <assertionTest cnt="4" id="Assertion_Exists_ReconcilingItemAmount" satisfied="satisfied" test="exists ($VARIABLE_Concept=-500000)" type="valueAssertion" value="true" />
 <assertionTest cnt="5" id="Assertion_Exists_ReconcilingItemAmount" satisfied="satisfied" test="exists ($VARIABLE_Concept=500000)" type="valueAssertion" value="true" />
 <assertionTest cnt="6" id="Assertion_Exists_ReconcilingItemAmount" satisfied="satisfied" test="exists ($VARIABLE_Concept=500000)" type="valueAssertion" value="true" />
  </assertionReport>
 <summary notSatisfiedAssertionCount="0" firedAssertionCount="12" duration="690ms" outputContextCount="0" outputUnitCount="0" firedFormulaCount="0" compiledFormulaCount="0" satisifiedAssertionCount="12" outputFactCount="0" compiledAssertionCount="4" />
</formulaTrace>
