<?xml version="1.0" encoding="utf-8"?>
<!--
Taxonomy Presentation Links linkbase based on XBRL standard Version 2.1.
Created by UBmatrix Taxonomy Designer 3.0.3.2436 (2009-06-02 13:18).  
Contact www.ubmatrix.com
Copyright (c) 2002-2012 UBmatrix inc., All Rights Reserved
Produced on 2012-09-24 11:27:05
-->
<linkbase
  xmlns="http://www.xbrl.org/2003/linkbase"
  xmlns:xsi="http://www.w3.org/2001/XMLSchema-instance"
  xmlns:xlink="http://www.w3.org/1999/xlink"
  xsi:schemaLocation="
    http://www.xbrl.org/2003/linkbase 
      http://www.xbrl.org/2003/xbrl-linkbase-2003-12-31.xsd
    ">
  <roleRef xlink:type="simple"
    xlink:href="InvertedRollUp.xsd#IncomeStatement"
    roleURI="http://xbrlsite.azurewebsites.net/DigitalFinancialReporting/BusinessUseCases/InvertedRollUp/IncomeStatement" />
  <roleRef xlink:type="simple"
    xlink:href="http://www.xbrl.org/lrr/role/negated-2009-12-16.xsd#negatedLabel"
    roleURI="http://www.xbrl.org/2009/role/negatedLabel" />
  <presentationLink xlink:type="extended"
    xlink:role="http://xbrlsite.azurewebsites.net/DigitalFinancialReporting/BusinessUseCases/InvertedRollUp/IncomeStatement">
    <loc xlink:type="locator"
      xlink:label="pattern_IncomeStatementTable"
      xlink:href="InvertedRollUp.xsd#pattern_IncomeStatementTable" />
    <loc xlink:type="locator"
      xlink:label="frm_LegalEntityAxis"
      xlink:href="http://xbrlsite.azurewebsites.net/DigitalFinancialReporting/Schemas/2017-05-07/frm.xsd#frm_LegalEntityAxis" />
    <presentationArc xlink:type="arc"
      xlink:arcrole="http://www.xbrl.org/2003/arcrole/parent-child"
      xlink:from="pattern_IncomeStatementTable"
      xlink:to="frm_LegalEntityAxis"
      order="1"
      use="optional" />
    <loc xlink:type="locator"
      xlink:label="frm_ConsolidatedEntityMember"
      xlink:href="http://xbrlsite.azurewebsites.net/DigitalFinancialReporting/Schemas/2017-05-07/frm.xsd#frm_ConsolidatedEntityMember" />
    <presentationArc xlink:type="arc"
      xlink:arcrole="http://www.xbrl.org/2003/arcrole/parent-child"
      xlink:from="frm_LegalEntityAxis" xlink:to="frm_ConsolidatedEntityMember"
      order="1"
      use="optional" />
    <loc xlink:type="locator"
      xlink:label="pattern_IncomeStatementLineItems"
      xlink:href="InvertedRollUp.xsd#pattern_IncomeStatementLineItems" />
    <presentationArc xlink:type="arc"
      xlink:arcrole="http://www.xbrl.org/2003/arcrole/parent-child"
      xlink:from="pattern_IncomeStatementTable"
      xlink:to="pattern_IncomeStatementLineItems"
      order="2"
      use="optional" />
    <loc xlink:type="locator"
      xlink:label="pattern_NetIncomeLossRollUp"
      xlink:href="InvertedRollUp.xsd#pattern_NetIncomeLossRollUp" />
    <presentationArc xlink:type="arc"
      xlink:arcrole="http://www.xbrl.org/2003/arcrole/parent-child"
      xlink:from="pattern_IncomeStatementLineItems"
      xlink:to="pattern_NetIncomeLossRollUp"
      order="1"
      use="optional" />
    <loc xlink:type="locator"
      xlink:label="pattern_IncomeLossFromContinuingOperationsBeforeIncomeTaxesRollUp"
      xlink:href="InvertedRollUp.xsd#pattern_IncomeLossFromContinuingOperationsBeforeIncomeTaxesRollUp" />
    <presentationArc xlink:type="arc"
      xlink:arcrole="http://www.xbrl.org/2003/arcrole/parent-child"
      xlink:from="pattern_NetIncomeLossRollUp"
      xlink:to="pattern_IncomeLossFromContinuingOperationsBeforeIncomeTaxesRollUp"
      order="1"
      use="optional" />
    <loc xlink:type="locator"
      xlink:label="pattern_OperatingIncomeLossRollUp"
      xlink:href="InvertedRollUp.xsd#pattern_OperatingIncomeLossRollUp" />
    <presentationArc xlink:type="arc"
      xlink:arcrole="http://www.xbrl.org/2003/arcrole/parent-child"
      xlink:from="pattern_IncomeLossFromContinuingOperationsBeforeIncomeTaxesRollUp"
      xlink:to="pattern_OperatingIncomeLossRollUp"
      order="1"
      use="optional" />
    <loc xlink:type="locator"
      xlink:label="pattern_GrossProfitLossRollUp"
      xlink:href="InvertedRollUp.xsd#pattern_GrossProfitLossRollUp" />
    <presentationArc xlink:type="arc"
      xlink:arcrole="http://www.xbrl.org/2003/arcrole/parent-child"
      xlink:from="pattern_OperatingIncomeLossRollUp"
      xlink:to="pattern_GrossProfitLossRollUp"
      order="1"
      use="optional" />
    <loc xlink:type="locator"
      xlink:label="pattern_RevenuesNetRollUp"
      xlink:href="InvertedRollUp.xsd#pattern_RevenuesNetRollUp" />
    <presentationArc xlink:type="arc"
      xlink:arcrole="http://www.xbrl.org/2003/arcrole/parent-child"
      xlink:from="pattern_GrossProfitLossRollUp"
      xlink:to="pattern_RevenuesNetRollUp"
      order="1"
      use="optional" />
    <loc xlink:type="locator"
      xlink:label="pattern_RevenuesGross"
      xlink:href="InvertedRollUp.xsd#pattern_RevenuesGross" />
    <presentationArc xlink:type="arc"
      xlink:arcrole="http://www.xbrl.org/2003/arcrole/parent-child"
      xlink:from="pattern_RevenuesNetRollUp"
      xlink:to="pattern_RevenuesGross"
      order="1"
      use="optional" />
    <loc xlink:type="locator"
      xlink:label="pattern_ReturnsAndAllowances"
      xlink:href="InvertedRollUp.xsd#pattern_ReturnsAndAllowances" />
    <presentationArc xlink:type="arc"
      xlink:arcrole="http://www.xbrl.org/2003/arcrole/parent-child"
      xlink:from="pattern_RevenuesNetRollUp"
      xlink:to="pattern_ReturnsAndAllowances"
      preferredLabel="http://www.xbrl.org/2009/role/negatedLabel"
      order="2"
      use="optional" />
    <loc xlink:type="locator"
      xlink:label="pattern_RevenuesNet"
      xlink:href="InvertedRollUp.xsd#pattern_RevenuesNet" />
    <presentationArc xlink:type="arc"
      xlink:arcrole="http://www.xbrl.org/2003/arcrole/parent-child"
      xlink:from="pattern_RevenuesNetRollUp"
      xlink:to="pattern_RevenuesNet"
      order="3"
      use="optional" />
    <loc xlink:type="locator"
      xlink:label="pattern_CostOfSales"
      xlink:href="InvertedRollUp.xsd#pattern_CostOfSales" />
    <presentationArc xlink:type="arc"
      xlink:arcrole="http://www.xbrl.org/2003/arcrole/parent-child"
      xlink:from="pattern_GrossProfitLossRollUp"
      xlink:to="pattern_CostOfSales"
      order="2"
      use="optional" />
    <loc xlink:type="locator"
      xlink:label="pattern_GrossProfitLoss"
      xlink:href="InvertedRollUp.xsd#pattern_GrossProfitLoss" />
    <presentationArc xlink:type="arc"
      xlink:arcrole="http://www.xbrl.org/2003/arcrole/parent-child"
      xlink:from="pattern_GrossProfitLossRollUp"
      xlink:to="pattern_GrossProfitLoss"
      order="3"
      use="optional" />
    <loc xlink:type="locator"
      xlink:label="pattern_OtherOperatingIncome"
      xlink:href="InvertedRollUp.xsd#pattern_OtherOperatingIncome" />
    <presentationArc xlink:type="arc"
      xlink:arcrole="http://www.xbrl.org/2003/arcrole/parent-child"
      xlink:from="pattern_OperatingIncomeLossRollUp"
      xlink:to="pattern_OtherOperatingIncome"
      order="2"
      use="optional" />
    <loc xlink:type="locator"
      xlink:label="pattern_OtherOperatingExpenses"
      xlink:href="InvertedRollUp.xsd#pattern_OtherOperatingExpenses" />
    <presentationArc xlink:type="arc"
      xlink:arcrole="http://www.xbrl.org/2003/arcrole/parent-child"
      xlink:from="pattern_OperatingIncomeLossRollUp"
      xlink:to="pattern_OtherOperatingExpenses"
      preferredLabel="http://www.xbrl.org/2009/role/negatedLabel"
      order="3"
      use="optional" />
    <loc xlink:type="locator"
      xlink:label="pattern_OperatingIncomeLoss"
      xlink:href="InvertedRollUp.xsd#pattern_OperatingIncomeLoss" />
    <presentationArc xlink:type="arc"
      xlink:arcrole="http://www.xbrl.org/2003/arcrole/parent-child"
      xlink:from="pattern_OperatingIncomeLossRollUp"
      xlink:to="pattern_OperatingIncomeLoss"
      order="4"
      use="optional" />
    <loc xlink:type="locator"
      xlink:label="pattern_NonoperatingIncomeLoss"
      xlink:href="InvertedRollUp.xsd#pattern_NonoperatingIncomeLoss" />
    <presentationArc xlink:type="arc"
      xlink:arcrole="http://www.xbrl.org/2003/arcrole/parent-child"
      xlink:from="pattern_IncomeLossFromContinuingOperationsBeforeIncomeTaxesRollUp"
      xlink:to="pattern_NonoperatingIncomeLoss"
      order="2"
      use="optional" />
    <loc xlink:type="locator"
      xlink:label="pattern_IncomeLossFromContinuingOperationsBeforeIncomeTaxes"
      xlink:href="InvertedRollUp.xsd#pattern_IncomeLossFromContinuingOperationsBeforeIncomeTaxes" />
    <presentationArc xlink:type="arc"
      xlink:arcrole="http://www.xbrl.org/2003/arcrole/parent-child"
      xlink:from="pattern_IncomeLossFromContinuingOperationsBeforeIncomeTaxesRollUp"
      xlink:to="pattern_IncomeLossFromContinuingOperationsBeforeIncomeTaxes"
      order="3"
      use="optional" />
    <loc xlink:type="locator"
      xlink:label="pattern_IncomeTaxExpenseBenefit"
      xlink:href="InvertedRollUp.xsd#pattern_IncomeTaxExpenseBenefit" />
    <presentationArc xlink:type="arc"
      xlink:arcrole="http://www.xbrl.org/2003/arcrole/parent-child"
      xlink:from="pattern_NetIncomeLossRollUp"
      xlink:to="pattern_IncomeTaxExpenseBenefit"
      order="2"
      use="optional" />
    <loc xlink:type="locator"
      xlink:label="pattern_NetIncomeLoss"
      xlink:href="InvertedRollUp.xsd#pattern_NetIncomeLoss" />
    <presentationArc xlink:type="arc"
      xlink:arcrole="http://www.xbrl.org/2003/arcrole/parent-child"
      xlink:from="pattern_NetIncomeLossRollUp"
      xlink:to="pattern_NetIncomeLoss"
      order="3"
      use="optional" />
  </presentationLink>
</linkbase>