<?xml version="1.0" encoding="utf-8"?>
<!--
Taxonomy Label Links linkbase based on XBRL standard Version 2.1.
Created by UBmatrix Taxonomy Designer 3.0.3.2436 (2009-06-02 13:18).  
Contact www.ubmatrix.com
Copyright (c) 2002-2012 UBmatrix inc., All Rights Reserved
Produced on 2012-09-24 11:27:05
-->
<linkbase
  xmlns="http://www.xbrl.org/2003/linkbase"
  xmlns:xsi="http://www.w3.org/2001/XMLSchema-instance"
  xmlns:xlink="http://www.w3.org/1999/xlink"
  xsi:schemaLocation="
    http://www.xbrl.org/2003/linkbase 
      http://www.xbrl.org/2003/xbrl-linkbase-2003-12-31.xsd
    ">
  <roleRef xlink:type="simple"
    xlink:href="http://www.xbrl.org/lrr/role/negated-2009-12-16.xsd#negatedLabel"
    roleURI="http://www.xbrl.org/2009/role/negatedLabel" />
  <labelLink xlink:type="extended"
    xlink:role="http://www.xbrl.org/2003/role/link">
    <loc xlink:type="locator"
      xlink:label="pattern_CostOfSales"
      xlink:href="InvertedRollUp.xsd#pattern_CostOfSales" />
    <labelArc xlink:type="arc"
      xlink:arcrole="http://www.xbrl.org/2003/arcrole/concept-label"
      xlink:from="pattern_CostOfSales" xlink:to="pattern_CostOfSales_lbl" />
    <label xlink:type="resource"
      xlink:label="pattern_CostOfSales_lbl"
      xml:lang="en"
      xlink:role="http://www.xbrl.org/2003/role/documentation">Pellentesque habitant morbi tristique senectus et netus et malesuada fames ac turpis egestas. Fusce suscipit pede ut erat.</label>
    <label xlink:type="resource"
      xlink:label="pattern_CostOfSales_lbl"
      xml:lang="en"
      xlink:role="http://www.xbrl.org/2003/role/label">Cost of Sales</label>
    <loc xlink:type="locator"
      xlink:label="pattern_GrossProfitLossRollUp"
      xlink:href="InvertedRollUp.xsd#pattern_GrossProfitLossRollUp" />
    <labelArc xlink:type="arc"
      xlink:arcrole="http://www.xbrl.org/2003/arcrole/concept-label"
      xlink:from="pattern_GrossProfitLossRollUp"
      xlink:to="pattern_GrossProfitLossRollUp_lbl" />
    <label xlink:type="resource"
      xlink:label="pattern_GrossProfitLossRollUp_lbl"
      xml:lang="en"
      xlink:role="http://www.xbrl.org/2003/role/documentation">Curabitur fermentum mattis eros. Pellentesque pede felis, rhoncus accumsan, luctus ut, facilisis vitae, tortor.</label>
    <label xlink:type="resource"
      xlink:label="pattern_GrossProfitLossRollUp_lbl"
      xml:lang="en"
      xlink:role="http://www.xbrl.org/2003/role/label">Gross Profit (Loss) [Roll Up]</label>
    <loc xlink:type="locator"
      xlink:label="pattern_GrossProfitLoss"
      xlink:href="InvertedRollUp.xsd#pattern_GrossProfitLoss" />
    <labelArc xlink:type="arc"
      xlink:arcrole="http://www.xbrl.org/2003/arcrole/concept-label"
      xlink:from="pattern_GrossProfitLoss" xlink:to="pattern_GrossProfitLoss_lbl" />
    <label xlink:type="resource"
      xlink:label="pattern_GrossProfitLoss_lbl"
      xml:lang="en"
      xlink:role="http://www.xbrl.org/2003/role/documentation">Sed mauris. Nulla facilisi. Fusce tristique posuere ipsum. Nulla facilisi.</label>
    <label xlink:type="resource"
      xlink:label="pattern_GrossProfitLoss_lbl"
      xml:lang="en"
      xlink:role="http://www.xbrl.org/2003/role/label">Gross Profit (Loss)</label>
    <loc xlink:type="locator"
      xlink:label="pattern_IncomeLossFromContinuingOperationsBeforeIncomeTaxesRollUp"
      xlink:href="InvertedRollUp.xsd#pattern_IncomeLossFromContinuingOperationsBeforeIncomeTaxesRollUp" />
    <labelArc xlink:type="arc"
      xlink:arcrole="http://www.xbrl.org/2003/arcrole/concept-label"
      xlink:from="pattern_IncomeLossFromContinuingOperationsBeforeIncomeTaxesRollUp"
      xlink:to="pattern_IncomeLossFromContinuingOperationsBeforeIncomeTaxesRollUp_lbl" />
    <label xlink:type="resource"
      xlink:label="pattern_IncomeLossFromContinuingOperationsBeforeIncomeTaxesRollUp_lbl"
      xml:lang="en"
      xlink:role="http://www.xbrl.org/2003/role/documentation">Donec pulvinar nonummy erat. In vel justo at urna rutrum ultrices. Cras consectetuer orci non lorem.</label>
    <label xlink:type="resource"
      xlink:label="pattern_IncomeLossFromContinuingOperationsBeforeIncomeTaxesRollUp_lbl"
      xml:lang="en"
      xlink:role="http://www.xbrl.org/2003/role/label">Income (Loss) from Continuing Operations Before Income Taxes [Roll Up]</label>
    <loc xlink:type="locator"
      xlink:label="pattern_IncomeLossFromContinuingOperationsBeforeIncomeTaxes"
      xlink:href="InvertedRollUp.xsd#pattern_IncomeLossFromContinuingOperationsBeforeIncomeTaxes" />
    <labelArc xlink:type="arc"
      xlink:arcrole="http://www.xbrl.org/2003/arcrole/concept-label"
      xlink:from="pattern_IncomeLossFromContinuingOperationsBeforeIncomeTaxes"
      xlink:to="pattern_IncomeLossFromContinuingOperationsBeforeIncomeTaxes_lbl" />
    <label xlink:type="resource"
      xlink:label="pattern_IncomeLossFromContinuingOperationsBeforeIncomeTaxes_lbl"
      xml:lang="en"
      xlink:role="http://www.xbrl.org/2003/role/documentation">In vel justo at urna rutrum ultrices. Cras consectetuer orci non lorem.</label>
    <label xlink:type="resource"
      xlink:label="pattern_IncomeLossFromContinuingOperationsBeforeIncomeTaxes_lbl"
      xml:lang="en"
      xlink:role="http://www.xbrl.org/2003/role/label">Income (Loss) from Continuing Operations Before Income Taxes</label>
    <loc xlink:type="locator"
      xlink:label="pattern_IncomeStatementLineItems"
      xlink:href="InvertedRollUp.xsd#pattern_IncomeStatementLineItems" />
    <labelArc xlink:type="arc"
      xlink:arcrole="http://www.xbrl.org/2003/arcrole/concept-label"
      xlink:from="pattern_IncomeStatementLineItems"
      xlink:to="pattern_IncomeStatementLineItems_lbl" />
    <label xlink:type="resource"
      xlink:label="pattern_IncomeStatementLineItems_lbl"
      xml:lang="en"
      xlink:role="http://www.xbrl.org/2003/role/documentation">Maecenas scelerisque ullamcorper libero. Aliquam porta leo imperdiet pede.</label>
    <label xlink:type="resource"
      xlink:label="pattern_IncomeStatementLineItems_lbl"
      xml:lang="en"
      xlink:role="http://www.xbrl.org/2003/role/label">Income Statement [Line Items]</label>
    <loc xlink:type="locator"
      xlink:label="pattern_IncomeStatementTable"
      xlink:href="InvertedRollUp.xsd#pattern_IncomeStatementTable" />
    <labelArc xlink:type="arc"
      xlink:arcrole="http://www.xbrl.org/2003/arcrole/concept-label"
      xlink:from="pattern_IncomeStatementTable"
      xlink:to="pattern_IncomeStatementTable_lbl" />
    <label xlink:type="resource"
      xlink:label="pattern_IncomeStatementTable_lbl"
      xml:lang="en"
      xlink:role="http://www.xbrl.org/2003/role/documentation">Praesent id mauris. Sed dapibus dui quis lectus. Donec id sem.</label>
    <label xlink:type="resource"
      xlink:label="pattern_IncomeStatementTable_lbl"
      xml:lang="en"
      xlink:role="http://www.xbrl.org/2003/role/label">Income Statement [Table]</label>
    <loc xlink:type="locator"
      xlink:label="pattern_IncomeTaxExpenseBenefit"
      xlink:href="InvertedRollUp.xsd#pattern_IncomeTaxExpenseBenefit" />
    <labelArc xlink:type="arc"
      xlink:arcrole="http://www.xbrl.org/2003/arcrole/concept-label"
      xlink:from="pattern_IncomeTaxExpenseBenefit"
      xlink:to="pattern_IncomeTaxExpenseBenefit_lbl" />
    <label xlink:type="resource"
      xlink:label="pattern_IncomeTaxExpenseBenefit_lbl"
      xml:lang="en"
      xlink:role="http://www.xbrl.org/2003/role/documentation">Proin non mauris. Proin sed odio. Phasellus sagittis orci quis orci. Aliquam erat volutpat.</label>
    <label xlink:type="resource"
      xlink:label="pattern_IncomeTaxExpenseBenefit_lbl"
      xml:lang="en"
      xlink:role="http://www.xbrl.org/2003/role/label">Income Tax Expense (Benefit)</label>
    <loc xlink:type="locator"
      xlink:label="pattern_NetIncomeLossRollUp"
      xlink:href="InvertedRollUp.xsd#pattern_NetIncomeLossRollUp" />
    <labelArc xlink:type="arc"
      xlink:arcrole="http://www.xbrl.org/2003/arcrole/concept-label"
      xlink:from="pattern_NetIncomeLossRollUp"
      xlink:to="pattern_NetIncomeLossRollUp_lbl" />
    <label xlink:type="resource"
      xlink:label="pattern_NetIncomeLossRollUp_lbl"
      xml:lang="en"
      xlink:role="http://www.xbrl.org/2003/role/documentation">Pellentesque pede felis, rhoncus accumsan, luctus ut, facilisis vitae, tortor.</label>
    <label xlink:type="resource"
      xlink:label="pattern_NetIncomeLossRollUp_lbl"
      xml:lang="en"
      xlink:role="http://www.xbrl.org/2003/role/label">Net Income (Loss) [Roll Up]</label>
    <loc xlink:type="locator"
      xlink:label="pattern_NetIncomeLoss"
      xlink:href="InvertedRollUp.xsd#pattern_NetIncomeLoss" />
    <labelArc xlink:type="arc"
      xlink:arcrole="http://www.xbrl.org/2003/arcrole/concept-label"
      xlink:from="pattern_NetIncomeLoss" xlink:to="pattern_NetIncomeLoss_lbl" />
    <label xlink:type="resource"
      xlink:label="pattern_NetIncomeLoss_lbl"
      xml:lang="en"
      xlink:role="http://www.xbrl.org/2003/role/documentation">Fusce tristique posuere ipsum. Nulla facilisi. Aliquam viverra risus vitae ante. Sed rhoncus mi in wisi.</label>
    <label xlink:type="resource"
      xlink:label="pattern_NetIncomeLoss_lbl"
      xml:lang="en"
      xlink:role="http://www.xbrl.org/2003/role/label">Net Income (Loss)</label>
    <loc xlink:type="locator"
      xlink:label="pattern_NonoperatingIncomeLoss"
      xlink:href="InvertedRollUp.xsd#pattern_NonoperatingIncomeLoss" />
    <labelArc xlink:type="arc"
      xlink:arcrole="http://www.xbrl.org/2003/arcrole/concept-label"
      xlink:from="pattern_NonoperatingIncomeLoss"
      xlink:to="pattern_NonoperatingIncomeLoss_lbl" />
    <label xlink:type="resource"
      xlink:label="pattern_NonoperatingIncomeLoss_lbl"
      xml:lang="en"
      xlink:role="http://www.xbrl.org/2003/role/documentation">Nulla sit amet nibh. Sed elementum feugiat augue. Nam non tortor non leo porta bibendum. Morbi eu pede.</label>
    <label xlink:type="resource"
      xlink:label="pattern_NonoperatingIncomeLoss_lbl"
      xml:lang="en"
      xlink:role="http://www.xbrl.org/2003/role/label">Nonoperating Income (Loss)</label>
    <loc xlink:type="locator"
      xlink:label="pattern_OperatingIncomeLossRollUp"
      xlink:href="InvertedRollUp.xsd#pattern_OperatingIncomeLossRollUp" />
    <labelArc xlink:type="arc"
      xlink:arcrole="http://www.xbrl.org/2003/arcrole/concept-label"
      xlink:from="pattern_OperatingIncomeLossRollUp"
      xlink:to="pattern_OperatingIncomeLossRollUp_lbl" />
    <label xlink:type="resource"
      xlink:label="pattern_OperatingIncomeLossRollUp_lbl"
      xml:lang="en"
      xlink:role="http://www.xbrl.org/2003/role/documentation">Lorem ipsum dolor sit amet, consectetuer adipiscing elit. Praesent id mauris.</label>
    <label xlink:type="resource"
      xlink:label="pattern_OperatingIncomeLossRollUp_lbl"
      xml:lang="en"
      xlink:role="http://www.xbrl.org/2003/role/label">Operating Income (Loss) [Roll Up]</label>
    <loc xlink:type="locator"
      xlink:label="pattern_OperatingIncomeLoss"
      xlink:href="InvertedRollUp.xsd#pattern_OperatingIncomeLoss" />
    <labelArc xlink:type="arc"
      xlink:arcrole="http://www.xbrl.org/2003/arcrole/concept-label"
      xlink:from="pattern_OperatingIncomeLoss"
      xlink:to="pattern_OperatingIncomeLoss_lbl" />
    <label xlink:type="resource"
      xlink:label="pattern_OperatingIncomeLoss_lbl"
      xml:lang="en"
      xlink:role="http://www.xbrl.org/2003/role/documentation">Phasellus eleifend, diam vitae dapibus pulvinar, erat ligula auctor dui, eget congue justo lorem hendrerit tellus.</label>
    <label xlink:type="resource"
      xlink:label="pattern_OperatingIncomeLoss_lbl"
      xml:lang="en"
      xlink:role="http://www.xbrl.org/2003/role/label">Operating Income (Loss)</label>
    <loc xlink:type="locator"
      xlink:label="pattern_OtherOperatingExpenses"
      xlink:href="InvertedRollUp.xsd#pattern_OtherOperatingExpenses" />
    <labelArc xlink:type="arc"
      xlink:arcrole="http://www.xbrl.org/2003/arcrole/concept-label"
      xlink:from="pattern_OtherOperatingExpenses"
      xlink:to="pattern_OtherOperatingExpenses_lbl" />
    <label xlink:type="resource"
      xlink:label="pattern_OtherOperatingExpenses_lbl"
      xml:lang="en"
      xlink:role="http://www.xbrl.org/2003/role/documentation">Sed lobortis. Maecenas scelerisque ullamcorper libero. Aliquam porta leo imperdiet pede.</label>
    <label xlink:type="resource"
      xlink:label="pattern_OtherOperatingExpenses_lbl"
      xml:lang="en"
      xlink:role="http://www.xbrl.org/2003/role/label">Other Operating Expenses</label>
    <label xlink:type="resource"
      xlink:label="pattern_OtherOperatingExpenses_lbl"
      xml:lang="en"
      xlink:role="http://www.xbrl.org/2009/role/negatedLabel">Other Operating Expenses</label>
    <loc xlink:type="locator"
      xlink:label="pattern_OtherOperatingIncome"
      xlink:href="InvertedRollUp.xsd#pattern_OtherOperatingIncome" />
    <labelArc xlink:type="arc"
      xlink:arcrole="http://www.xbrl.org/2003/arcrole/concept-label"
      xlink:from="pattern_OtherOperatingIncome"
      xlink:to="pattern_OtherOperatingIncome_lbl" />
    <label xlink:type="resource"
      xlink:label="pattern_OtherOperatingIncome_lbl"
      xml:lang="en"
      xlink:role="http://www.xbrl.org/2003/role/documentation">Cras consectetuer orci non lorem. Vestibulum bibendum aliquet augue. Proin venenatis ultricies risus.</label>
    <label xlink:type="resource"
      xlink:label="pattern_OtherOperatingIncome_lbl"
      xml:lang="en"
      xlink:role="http://www.xbrl.org/2003/role/label">Other Operating Income</label>
    <loc xlink:type="locator"
      xlink:label="pattern_ReturnsAndAllowances"
      xlink:href="InvertedRollUp.xsd#pattern_ReturnsAndAllowances" />
    <labelArc xlink:type="arc"
      xlink:arcrole="http://www.xbrl.org/2003/arcrole/concept-label"
      xlink:from="pattern_ReturnsAndAllowances"
      xlink:to="pattern_ReturnsAndAllowances_lbl" />
    <label xlink:type="resource"
      xlink:label="pattern_ReturnsAndAllowances_lbl"
      xml:lang="en"
      xlink:role="http://www.xbrl.org/2003/role/documentation">Nunc in elit non metus viverra sollicitudin. Duis metus. Donec pulvinar nonummy erat. In vel justo at urna rutrum ultrices. Cras consectetuer orci non lorem.</label>
    <label xlink:type="resource"
      xlink:label="pattern_ReturnsAndAllowances_lbl"
      xml:lang="en"
      xlink:role="http://www.xbrl.org/2003/role/label">Returns and Allowances</label>
    <label xlink:type="resource"
      xlink:label="pattern_ReturnsAndAllowances_lbl"
      xml:lang="en"
      xlink:role="http://www.xbrl.org/2009/role/negatedLabel">Returns and Allowances</label>
    <loc xlink:type="locator"
      xlink:label="pattern_RevenuesGross"
      xlink:href="InvertedRollUp.xsd#pattern_RevenuesGross" />
    <labelArc xlink:type="arc"
      xlink:arcrole="http://www.xbrl.org/2003/arcrole/concept-label"
      xlink:from="pattern_RevenuesGross" xlink:to="pattern_RevenuesGross_lbl" />
    <label xlink:type="resource"
      xlink:label="pattern_RevenuesGross_lbl"
      xml:lang="en"
      xlink:role="http://www.xbrl.org/2003/role/documentation">Pellentesque pede felis, rhoncus accumsan, luctus ut, facilisis vitae, tortor. Suspendisse potenti. Class aptent taciti sociosqu.</label>
    <label xlink:type="resource"
      xlink:label="pattern_RevenuesGross_lbl"
      xml:lang="en"
      xlink:role="http://www.xbrl.org/2003/role/label">Revenues, Gross</label>
    <loc xlink:type="locator"
      xlink:label="pattern_RevenuesNetRollUp"
      xlink:href="InvertedRollUp.xsd#pattern_RevenuesNetRollUp" />
    <labelArc xlink:type="arc"
      xlink:arcrole="http://www.xbrl.org/2003/arcrole/concept-label"
      xlink:from="pattern_RevenuesNetRollUp"
      xlink:to="pattern_RevenuesNetRollUp_lbl" />
    <label xlink:type="resource"
      xlink:label="pattern_RevenuesNetRollUp_lbl"
      xml:lang="en"
      xlink:role="http://www.xbrl.org/2003/role/documentation">Proin sed odio. Phasellus sagittis orci quis orci.</label>
    <label xlink:type="resource"
      xlink:label="pattern_RevenuesNetRollUp_lbl"
      xml:lang="en"
      xlink:role="http://www.xbrl.org/2003/role/label">Revenues, Net [Roll Up]</label>
    <loc xlink:type="locator"
      xlink:label="pattern_RevenuesNet"
      xlink:href="InvertedRollUp.xsd#pattern_RevenuesNet" />
    <labelArc xlink:type="arc"
      xlink:arcrole="http://www.xbrl.org/2003/arcrole/concept-label"
      xlink:from="pattern_RevenuesNet" xlink:to="pattern_RevenuesNet_lbl" />
    <label xlink:type="resource"
      xlink:label="pattern_RevenuesNet_lbl"
      xml:lang="en"
      xlink:role="http://www.xbrl.org/2003/role/documentation">Nullam dui orci, scelerisque porttitor, volutpat a, porttitor a, enim. Sed lobortis. Maecenas scelerisque ullamcorper libero.</label>
    <label xlink:type="resource"
      xlink:label="pattern_RevenuesNet_lbl"
      xml:lang="en"
      xlink:role="http://www.xbrl.org/2003/role/label">Revenues, Net</label>
  </labelLink>
</linkbase>