<?xml version="1.0" encoding="utf-8"?>
<!-- Created by Charles Hoffman, CPA: 2013-05-15 -->
<xbrl xmlns="http://www.xbrl.org/2003/instance" 
      xmlns:xbrli="http://www.xbrl.org/2003/instance"
      xmlns:link="http://www.xbrl.org/2003/linkbase" 
      xmlns:xlink="http://www.w3.org/1999/xlink" 
      xmlns:xsi="http://www.w3.org/2001/XMLSchema-instance" 
      xmlns:xbrldi="http://xbrl.org/2006/xbrldi" 
       
      xmlns:frm="http://xbrlsite.azurewebsites.net/DigitalFinancialReporting/Schemas/frm"
      xmlns:pattern="http://xbrlsite.azurewebsites.net/DigitalFinancialReporting/BusinessUseCases/InvertedRollUp" 
      xmlns:iso4217="http://www.xbrl.org/2003/iso4217" 
      xsi:schemaLocation="http://xbrl.org/2006/xbrldi http://www.xbrl.org/2006/xbrldi-2006.xsd">

   <link:schemaRef xlink:type="simple" xlink:href="InvertedRollUp.xsd" />
  	<link:linkbaseRef xlink:type='simple' xlink:href='InvertedRollUp-formula.xml' xlink:arcrole='http://www.w3.org/1999/xlink/properties/linkbase'/>

   <context id="D-2010">
      <entity>
         <identifier scheme="http://www.SampleCompany.com">SAMP</identifier>
         <segment>
            <xbrldi:explicitMember dimension="frm:LegalEntityAxis">frm:ConsolidatedEntityMember</xbrldi:explicitMember>
         </segment>
      </entity>
      <period>
         <startDate>2010-01-01</startDate>
         <endDate>2010-12-31</endDate>
      </period>
   </context>
   <context id="D-2009">
      <entity>
         <identifier scheme="http://www.SampleCompany.com">SAMP</identifier>
         <segment>
            <xbrldi:explicitMember dimension="frm:LegalEntityAxis">frm:ConsolidatedEntityMember</xbrldi:explicitMember>
         </segment>
      </entity>
      <period>
         <startDate>2009-01-01</startDate>
         <endDate>2009-12-31</endDate>
      </period>
   </context>


   <unit id="U-Monetary">
      <measure>iso4217:USD</measure>
   </unit>

  <pattern:RevenuesGross contextRef="D-2010" unitRef="U-Monetary" decimals="INF">1000000</pattern:RevenuesGross>
  <pattern:ReturnsAndAllowances contextRef="D-2010" unitRef="U-Monetary" decimals="INF">1000000</pattern:ReturnsAndAllowances>
  <pattern:RevenuesNet contextRef="D-2010" unitRef="U-Monetary" decimals="INF">0</pattern:RevenuesNet>
  <pattern:CostOfSales contextRef="D-2010" unitRef="U-Monetary" decimals="INF">1000000</pattern:CostOfSales>
  <pattern:GrossProfitLoss contextRef="D-2010" unitRef="U-Monetary" decimals="INF">-1000000</pattern:GrossProfitLoss>
  <pattern:OtherOperatingIncome contextRef="D-2010" unitRef="U-Monetary" decimals="INF">1000000</pattern:OtherOperatingIncome>
  <pattern:OtherOperatingExpenses contextRef="D-2010" unitRef="U-Monetary" decimals="INF">1000000</pattern:OtherOperatingExpenses>
  <pattern:OperatingIncomeLoss contextRef="D-2010" unitRef="U-Monetary" decimals="INF">-1000000</pattern:OperatingIncomeLoss>
  <pattern:NonoperatingIncomeLoss contextRef="D-2010" unitRef="U-Monetary" decimals="INF">1000000</pattern:NonoperatingIncomeLoss>
  <pattern:IncomeLossFromContinuingOperationsBeforeIncomeTaxes contextRef="D-2010" unitRef="U-Monetary" decimals="INF">0</pattern:IncomeLossFromContinuingOperationsBeforeIncomeTaxes>
  <pattern:IncomeTaxExpenseBenefit contextRef="D-2010" unitRef="U-Monetary" decimals="INF">1000000</pattern:IncomeTaxExpenseBenefit>
  <pattern:NetIncomeLoss contextRef="D-2010" unitRef="U-Monetary" decimals="INF">-1000000</pattern:NetIncomeLoss>


  <pattern:RevenuesGross contextRef="D-2009" unitRef="U-Monetary" decimals="INF">2000000</pattern:RevenuesGross>
  <pattern:ReturnsAndAllowances contextRef="D-2009" unitRef="U-Monetary" decimals="INF">2000000</pattern:ReturnsAndAllowances>
  <pattern:RevenuesNet contextRef="D-2009" unitRef="U-Monetary" decimals="INF">0</pattern:RevenuesNet>
  <pattern:CostOfSales contextRef="D-2009" unitRef="U-Monetary" decimals="INF">2000000</pattern:CostOfSales>
  <pattern:GrossProfitLoss contextRef="D-2009" unitRef="U-Monetary" decimals="INF">-2000000</pattern:GrossProfitLoss>
  <pattern:OtherOperatingIncome contextRef="D-2009" unitRef="U-Monetary" decimals="INF">2000000</pattern:OtherOperatingIncome>
  <pattern:OtherOperatingExpenses contextRef="D-2009" unitRef="U-Monetary" decimals="INF">2000000</pattern:OtherOperatingExpenses>
  <pattern:OperatingIncomeLoss contextRef="D-2009" unitRef="U-Monetary" decimals="INF">-2000000</pattern:OperatingIncomeLoss>
  <pattern:NonoperatingIncomeLoss contextRef="D-2009" unitRef="U-Monetary" decimals="INF">2000000</pattern:NonoperatingIncomeLoss>
  <pattern:IncomeLossFromContinuingOperationsBeforeIncomeTaxes contextRef="D-2009" unitRef="U-Monetary" decimals="INF">0</pattern:IncomeLossFromContinuingOperationsBeforeIncomeTaxes>
  <pattern:IncomeTaxExpenseBenefit contextRef="D-2009" unitRef="U-Monetary" decimals="INF">2000000</pattern:IncomeTaxExpenseBenefit>
  <pattern:NetIncomeLoss contextRef="D-2009" unitRef="U-Monetary" decimals="INF">-2000000</pattern:NetIncomeLoss>


</xbrl>
