<?xml version="1.0" encoding="UTF-8"?>
<?xml-stylesheet type="text/xsl" href="file:/C:/Programs/XPE40/resources/System/CalcTrace-toHtml.xsl"?>
<CalculationTrace Date="03:06:56" PhysicalUri="C:/Users/Charlie/Documents/CurrentVersions/DigitalFinancialReporting/BusinessUseCases/2017-05-07/BUC05-InvertedRollUp/InvertedRollUp-SampleInstance.xml">
     <ExtendedLinkRole roleUri="http://xbrlsite.azurewebsites.net/DigitalFinancialReporting/BusinessUseCases/InvertedRollUp/IncomeStatement">
          <Context from="2010-01-01" id="D-2010" to="2010-12-31">
               <Unit id="U-Monetary">
                    <Rollup>
                         <To balance="credit" computed="false"
                              conceptNS="http://xbrlsite.azurewebsites.net/DigitalFinancialReporting/BusinessUseCases/InvertedRollUp"
                              conceptName="RevenuesGross"
                              conceptQName="pattern:RevenuesGross"
                              contextID="D-2010" decimals="INF"
                              duplicate="false" duration="12 ms"
                              effective="1,000,000" instance="1000000"
                              label="Revenues, Gross" precision=""
                              relationshipToFrom="item"
                              roleUri="http://xbrlsite.azurewebsites.net/DigitalFinancialReporting/BusinessUseCases/InvertedRollUp/IncomeStatement"
                              unitID="U-Monetary" weight="1.0"/>
                         <To balance="debit" computed="false"
                              conceptNS="http://xbrlsite.azurewebsites.net/DigitalFinancialReporting/BusinessUseCases/InvertedRollUp"
                              conceptName="ReturnsAndAllowances"
                              conceptQName="pattern:ReturnsAndAllowances"
                              contextID="D-2010" decimals="INF"
                              duplicate="false" duration="1 ms"
                              effective="1,000,000" instance="1000000"
                              label="Returns and Allowances"
                              precision="" relationshipToFrom="item"
                              roleUri="http://xbrlsite.azurewebsites.net/DigitalFinancialReporting/BusinessUseCases/InvertedRollUp/IncomeStatement"
                              unitID="U-Monetary" weight="-1.0"/>
                         <From balance="credit" bound="true"
                              computed="false"
                              conceptNS="http://xbrlsite.azurewebsites.net/DigitalFinancialReporting/BusinessUseCases/InvertedRollUp"
                              conceptName="RevenuesNet"
                              conceptQName="pattern:RevenuesNet"
                              consistent="true" contextID="D-2010"
                              decimals="INF" duplicate="false"
                              duration="61 ms" effective="0"
                              instance="0" label="Revenues, Net"
                              precision="INF" success="true"
                              toSumDecimals="15" toSumEffective="0" unitID="U-Monetary"/>
                    </Rollup>
                    <Rollup>
                         <To balance="credit" computed="false"
                              conceptNS="http://xbrlsite.azurewebsites.net/DigitalFinancialReporting/BusinessUseCases/InvertedRollUp"
                              conceptName="RevenuesNet"
                              conceptQName="pattern:RevenuesNet"
                              contextID="D-2010" decimals="INF"
                              duplicate="false" duration="0 ms"
                              effective="0" instance="0"
                              label="Revenues, Net" precision=""
                              relationshipToFrom="item"
                              roleUri="http://xbrlsite.azurewebsites.net/DigitalFinancialReporting/BusinessUseCases/InvertedRollUp/IncomeStatement"
                              unitID="U-Monetary" weight="1.0"/>
                         <To balance="debit" computed="false"
                              conceptNS="http://xbrlsite.azurewebsites.net/DigitalFinancialReporting/BusinessUseCases/InvertedRollUp"
                              conceptName="CostOfSales"
                              conceptQName="pattern:CostOfSales"
                              contextID="D-2010" decimals="INF"
                              duplicate="false" duration="0 ms"
                              effective="1,000,000" instance="1000000"
                              label="Cost of Sales" precision=""
                              relationshipToFrom="item"
                              roleUri="http://xbrlsite.azurewebsites.net/DigitalFinancialReporting/BusinessUseCases/InvertedRollUp/IncomeStatement"
                              unitID="U-Monetary" weight="-1.0"/>
                         <From balance="credit" bound="true"
                              computed="false"
                              conceptNS="http://xbrlsite.azurewebsites.net/DigitalFinancialReporting/BusinessUseCases/InvertedRollUp"
                              conceptName="GrossProfitLoss"
                              conceptQName="pattern:GrossProfitLoss"
                              consistent="true" contextID="D-2010"
                              decimals="INF" duplicate="false"
                              duration="7 ms" effective="-1,000,000"
                              instance="-1000000"
                              label="Gross Profit (Loss)"
                              precision="INF" success="true"
                              toSumDecimals="15"
                              toSumEffective="-1,000,000" unitID="U-Monetary"/>
                    </Rollup>
                    <Rollup>
                         <To balance="credit" computed="false"
                              conceptNS="http://xbrlsite.azurewebsites.net/DigitalFinancialReporting/BusinessUseCases/InvertedRollUp"
                              conceptName="GrossProfitLoss"
                              conceptQName="pattern:GrossProfitLoss"
                              contextID="D-2010" decimals="INF"
                              duplicate="false" duration="0 ms"
                              effective="-1,000,000" instance="-1000000"
                              label="Gross Profit (Loss)" precision=""
                              relationshipToFrom="item"
                              roleUri="http://xbrlsite.azurewebsites.net/DigitalFinancialReporting/BusinessUseCases/InvertedRollUp/IncomeStatement"
                              unitID="U-Monetary" weight="1.0"/>
                         <To balance="credit" computed="false"
                              conceptNS="http://xbrlsite.azurewebsites.net/DigitalFinancialReporting/BusinessUseCases/InvertedRollUp"
                              conceptName="OtherOperatingIncome"
                              conceptQName="pattern:OtherOperatingIncome"
                              contextID="D-2010" decimals="INF"
                              duplicate="false" duration="0 ms"
                              effective="1,000,000" instance="1000000"
                              label="Other Operating Income"
                              precision="" relationshipToFrom="item"
                              roleUri="http://xbrlsite.azurewebsites.net/DigitalFinancialReporting/BusinessUseCases/InvertedRollUp/IncomeStatement"
                              unitID="U-Monetary" weight="1.0"/>
                         <To balance="debit" computed="false"
                              conceptNS="http://xbrlsite.azurewebsites.net/DigitalFinancialReporting/BusinessUseCases/InvertedRollUp"
                              conceptName="OtherOperatingExpenses"
                              conceptQName="pattern:OtherOperatingExpenses"
                              contextID="D-2010" decimals="INF"
                              duplicate="false" duration="0 ms"
                              effective="1,000,000" instance="1000000"
                              label="Other Operating Expenses"
                              precision="" relationshipToFrom="item"
                              roleUri="http://xbrlsite.azurewebsites.net/DigitalFinancialReporting/BusinessUseCases/InvertedRollUp/IncomeStatement"
                              unitID="U-Monetary" weight="-1.0"/>
                         <From balance="credit" bound="true"
                              computed="false"
                              conceptNS="http://xbrlsite.azurewebsites.net/DigitalFinancialReporting/BusinessUseCases/InvertedRollUp"
                              conceptName="OperatingIncomeLoss"
                              conceptQName="pattern:OperatingIncomeLoss"
                              consistent="true" contextID="D-2010"
                              decimals="INF" duplicate="false"
                              duration="0 ms" effective="-1,000,000"
                              instance="-1000000"
                              label="Operating Income (Loss)"
                              precision="INF" success="true"
                              toSumDecimals="15"
                              toSumEffective="-1,000,000" unitID="U-Monetary"/>
                    </Rollup>
                    <Rollup>
                         <To balance="credit" computed="false"
                              conceptNS="http://xbrlsite.azurewebsites.net/DigitalFinancialReporting/BusinessUseCases/InvertedRollUp"
                              conceptName="OperatingIncomeLoss"
                              conceptQName="pattern:OperatingIncomeLoss"
                              contextID="D-2010" decimals="INF"
                              duplicate="false" duration="0 ms"
                              effective="-1,000,000" instance="-1000000"
                              label="Operating Income (Loss)"
                              precision="" relationshipToFrom="item"
                              roleUri="http://xbrlsite.azurewebsites.net/DigitalFinancialReporting/BusinessUseCases/InvertedRollUp/IncomeStatement"
                              unitID="U-Monetary" weight="1.0"/>
                         <To balance="credit" computed="false"
                              conceptNS="http://xbrlsite.azurewebsites.net/DigitalFinancialReporting/BusinessUseCases/InvertedRollUp"
                              conceptName="NonoperatingIncomeLoss"
                              conceptQName="pattern:NonoperatingIncomeLoss"
                              contextID="D-2010" decimals="INF"
                              duplicate="false" duration="0 ms"
                              effective="1,000,000" instance="1000000"
                              label="Nonoperating Income (Loss)"
                              precision="" relationshipToFrom="item"
                              roleUri="http://xbrlsite.azurewebsites.net/DigitalFinancialReporting/BusinessUseCases/InvertedRollUp/IncomeStatement"
                              unitID="U-Monetary" weight="1.0"/>
                         <From balance="credit" bound="true"
                              computed="false"
                              conceptNS="http://xbrlsite.azurewebsites.net/DigitalFinancialReporting/BusinessUseCases/InvertedRollUp"
                              conceptName="IncomeLossFromContinuingOperationsBeforeIncomeTaxes"
                              conceptQName="pattern:IncomeLossFromContinuingOperationsBeforeIncomeTaxes"
                              consistent="true" contextID="D-2010"
                              decimals="INF" duplicate="false"
                              duration="0 ms" effective="0" instance="0"
                              label="Income (Loss) from Continuing Operations Before Income Taxes"
                              precision="INF" success="true"
                              toSumDecimals="15" toSumEffective="0" unitID="U-Monetary"/>
                    </Rollup>
                    <Rollup>
                         <To balance="credit" computed="false"
                              conceptNS="http://xbrlsite.azurewebsites.net/DigitalFinancialReporting/BusinessUseCases/InvertedRollUp"
                              conceptName="IncomeLossFromContinuingOperationsBeforeIncomeTaxes"
                              conceptQName="pattern:IncomeLossFromContinuingOperationsBeforeIncomeTaxes"
                              contextID="D-2010" decimals="INF"
                              duplicate="false" duration="0 ms"
                              effective="0" instance="0"
                              label="Income (Loss) from Continuing Operations Before Income Taxes"
                              precision="" relationshipToFrom="item"
                              roleUri="http://xbrlsite.azurewebsites.net/DigitalFinancialReporting/BusinessUseCases/InvertedRollUp/IncomeStatement"
                              unitID="U-Monetary" weight="1.0"/>
                         <To balance="debit" computed="false"
                              conceptNS="http://xbrlsite.azurewebsites.net/DigitalFinancialReporting/BusinessUseCases/InvertedRollUp"
                              conceptName="IncomeTaxExpenseBenefit"
                              conceptQName="pattern:IncomeTaxExpenseBenefit"
                              contextID="D-2010" decimals="INF"
                              duplicate="false" duration="0 ms"
                              effective="1,000,000" instance="1000000"
                              label="Income Tax Expense (Benefit)"
                              precision="" relationshipToFrom="item"
                              roleUri="http://xbrlsite.azurewebsites.net/DigitalFinancialReporting/BusinessUseCases/InvertedRollUp/IncomeStatement"
                              unitID="U-Monetary" weight="-1.0"/>
                         <From balance="credit" bound="true"
                              computed="false"
                              conceptNS="http://xbrlsite.azurewebsites.net/DigitalFinancialReporting/BusinessUseCases/InvertedRollUp"
                              conceptName="NetIncomeLoss"
                              conceptQName="pattern:NetIncomeLoss"
                              consistent="true" contextID="D-2010"
                              decimals="INF" duplicate="false"
                              duration="0 ms" effective="-1,000,000"
                              instance="-1000000"
                              label="Net Income (Loss)" precision="INF"
                              success="true" toSumDecimals="15"
                              toSumEffective="-1,000,000" unitID="U-Monetary"/>
                    </Rollup>
               </Unit>
          </Context>
          <Context from="2009-01-01" id="D-2009" to="2009-12-31">
               <Unit id="U-Monetary">
                    <Rollup>
                         <To balance="credit" computed="false"
                              conceptNS="http://xbrlsite.azurewebsites.net/DigitalFinancialReporting/BusinessUseCases/InvertedRollUp"
                              conceptName="RevenuesGross"
                              conceptQName="pattern:RevenuesGross"
                              contextID="D-2009" decimals="INF"
                              duplicate="false" duration="0 ms"
                              effective="2,000,000" instance="2000000"
                              label="Revenues, Gross" precision=""
                              relationshipToFrom="item"
                              roleUri="http://xbrlsite.azurewebsites.net/DigitalFinancialReporting/BusinessUseCases/InvertedRollUp/IncomeStatement"
                              unitID="U-Monetary" weight="1.0"/>
                         <To balance="debit" computed="false"
                              conceptNS="http://xbrlsite.azurewebsites.net/DigitalFinancialReporting/BusinessUseCases/InvertedRollUp"
                              conceptName="ReturnsAndAllowances"
                              conceptQName="pattern:ReturnsAndAllowances"
                              contextID="D-2009" decimals="INF"
                              duplicate="false" duration="0 ms"
                              effective="2,000,000" instance="2000000"
                              label="Returns and Allowances"
                              precision="" relationshipToFrom="item"
                              roleUri="http://xbrlsite.azurewebsites.net/DigitalFinancialReporting/BusinessUseCases/InvertedRollUp/IncomeStatement"
                              unitID="U-Monetary" weight="-1.0"/>
                         <From balance="credit" bound="true"
                              computed="false"
                              conceptNS="http://xbrlsite.azurewebsites.net/DigitalFinancialReporting/BusinessUseCases/InvertedRollUp"
                              conceptName="RevenuesNet"
                              conceptQName="pattern:RevenuesNet"
                              consistent="true" contextID="D-2009"
                              decimals="INF" duplicate="false"
                              duration="0 ms" effective="0" instance="0"
                              label="Revenues, Net" precision="INF"
                              success="true" toSumDecimals="15"
                              toSumEffective="0" unitID="U-Monetary"/>
                    </Rollup>
                    <Rollup>
                         <To balance="credit" computed="false"
                              conceptNS="http://xbrlsite.azurewebsites.net/DigitalFinancialReporting/BusinessUseCases/InvertedRollUp"
                              conceptName="RevenuesNet"
                              conceptQName="pattern:RevenuesNet"
                              contextID="D-2009" decimals="INF"
                              duplicate="false" duration="0 ms"
                              effective="0" instance="0"
                              label="Revenues, Net" precision=""
                              relationshipToFrom="item"
                              roleUri="http://xbrlsite.azurewebsites.net/DigitalFinancialReporting/BusinessUseCases/InvertedRollUp/IncomeStatement"
                              unitID="U-Monetary" weight="1.0"/>
                         <To balance="debit" computed="false"
                              conceptNS="http://xbrlsite.azurewebsites.net/DigitalFinancialReporting/BusinessUseCases/InvertedRollUp"
                              conceptName="CostOfSales"
                              conceptQName="pattern:CostOfSales"
                              contextID="D-2009" decimals="INF"
                              duplicate="false" duration="0 ms"
                              effective="2,000,000" instance="2000000"
                              label="Cost of Sales" precision=""
                              relationshipToFrom="item"
                              roleUri="http://xbrlsite.azurewebsites.net/DigitalFinancialReporting/BusinessUseCases/InvertedRollUp/IncomeStatement"
                              unitID="U-Monetary" weight="-1.0"/>
                         <From balance="credit" bound="true"
                              computed="false"
                              conceptNS="http://xbrlsite.azurewebsites.net/DigitalFinancialReporting/BusinessUseCases/InvertedRollUp"
                              conceptName="GrossProfitLoss"
                              conceptQName="pattern:GrossProfitLoss"
                              consistent="true" contextID="D-2009"
                              decimals="INF" duplicate="false"
                              duration="0 ms" effective="-2,000,000"
                              instance="-2000000"
                              label="Gross Profit (Loss)"
                              precision="INF" success="true"
                              toSumDecimals="15"
                              toSumEffective="-2,000,000" unitID="U-Monetary"/>
                    </Rollup>
                    <Rollup>
                         <To balance="credit" computed="false"
                              conceptNS="http://xbrlsite.azurewebsites.net/DigitalFinancialReporting/BusinessUseCases/InvertedRollUp"
                              conceptName="GrossProfitLoss"
                              conceptQName="pattern:GrossProfitLoss"
                              contextID="D-2009" decimals="INF"
                              duplicate="false" duration="0 ms"
                              effective="-2,000,000" instance="-2000000"
                              label="Gross Profit (Loss)" precision=""
                              relationshipToFrom="item"
                              roleUri="http://xbrlsite.azurewebsites.net/DigitalFinancialReporting/BusinessUseCases/InvertedRollUp/IncomeStatement"
                              unitID="U-Monetary" weight="1.0"/>
                         <To balance="credit" computed="false"
                              conceptNS="http://xbrlsite.azurewebsites.net/DigitalFinancialReporting/BusinessUseCases/InvertedRollUp"
                              conceptName="OtherOperatingIncome"
                              conceptQName="pattern:OtherOperatingIncome"
                              contextID="D-2009" decimals="INF"
                              duplicate="false" duration="0 ms"
                              effective="2,000,000" instance="2000000"
                              label="Other Operating Income"
                              precision="" relationshipToFrom="item"
                              roleUri="http://xbrlsite.azurewebsites.net/DigitalFinancialReporting/BusinessUseCases/InvertedRollUp/IncomeStatement"
                              unitID="U-Monetary" weight="1.0"/>
                         <To balance="debit" computed="false"
                              conceptNS="http://xbrlsite.azurewebsites.net/DigitalFinancialReporting/BusinessUseCases/InvertedRollUp"
                              conceptName="OtherOperatingExpenses"
                              conceptQName="pattern:OtherOperatingExpenses"
                              contextID="D-2009" decimals="INF"
                              duplicate="false" duration="0 ms"
                              effective="2,000,000" instance="2000000"
                              label="Other Operating Expenses"
                              precision="" relationshipToFrom="item"
                              roleUri="http://xbrlsite.azurewebsites.net/DigitalFinancialReporting/BusinessUseCases/InvertedRollUp/IncomeStatement"
                              unitID="U-Monetary" weight="-1.0"/>
                         <From balance="credit" bound="true"
                              computed="false"
                              conceptNS="http://xbrlsite.azurewebsites.net/DigitalFinancialReporting/BusinessUseCases/InvertedRollUp"
                              conceptName="OperatingIncomeLoss"
                              conceptQName="pattern:OperatingIncomeLoss"
                              consistent="true" contextID="D-2009"
                              decimals="INF" duplicate="false"
                              duration="0 ms" effective="-2,000,000"
                              instance="-2000000"
                              label="Operating Income (Loss)"
                              precision="INF" success="true"
                              toSumDecimals="15"
                              toSumEffective="-2,000,000" unitID="U-Monetary"/>
                    </Rollup>
                    <Rollup>
                         <To balance="credit" computed="false"
                              conceptNS="http://xbrlsite.azurewebsites.net/DigitalFinancialReporting/BusinessUseCases/InvertedRollUp"
                              conceptName="OperatingIncomeLoss"
                              conceptQName="pattern:OperatingIncomeLoss"
                              contextID="D-2009" decimals="INF"
                              duplicate="false" duration="0 ms"
                              effective="-2,000,000" instance="-2000000"
                              label="Operating Income (Loss)"
                              precision="" relationshipToFrom="item"
                              roleUri="http://xbrlsite.azurewebsites.net/DigitalFinancialReporting/BusinessUseCases/InvertedRollUp/IncomeStatement"
                              unitID="U-Monetary" weight="1.0"/>
                         <To balance="credit" computed="false"
                              conceptNS="http://xbrlsite.azurewebsites.net/DigitalFinancialReporting/BusinessUseCases/InvertedRollUp"
                              conceptName="NonoperatingIncomeLoss"
                              conceptQName="pattern:NonoperatingIncomeLoss"
                              contextID="D-2009" decimals="INF"
                              duplicate="false" duration="0 ms"
                              effective="2,000,000" instance="2000000"
                              label="Nonoperating Income (Loss)"
                              precision="" relationshipToFrom="item"
                              roleUri="http://xbrlsite.azurewebsites.net/DigitalFinancialReporting/BusinessUseCases/InvertedRollUp/IncomeStatement"
                              unitID="U-Monetary" weight="1.0"/>
                         <From balance="credit" bound="true"
                              computed="false"
                              conceptNS="http://xbrlsite.azurewebsites.net/DigitalFinancialReporting/BusinessUseCases/InvertedRollUp"
                              conceptName="IncomeLossFromContinuingOperationsBeforeIncomeTaxes"
                              conceptQName="pattern:IncomeLossFromContinuingOperationsBeforeIncomeTaxes"
                              consistent="true" contextID="D-2009"
                              decimals="INF" duplicate="false"
                              duration="0 ms" effective="0" instance="0"
                              label="Income (Loss) from Continuing Operations Before Income Taxes"
                              precision="INF" success="true"
                              toSumDecimals="15" toSumEffective="0" unitID="U-Monetary"/>
                    </Rollup>
                    <Rollup>
                         <To balance="credit" computed="false"
                              conceptNS="http://xbrlsite.azurewebsites.net/DigitalFinancialReporting/BusinessUseCases/InvertedRollUp"
                              conceptName="IncomeLossFromContinuingOperationsBeforeIncomeTaxes"
                              conceptQName="pattern:IncomeLossFromContinuingOperationsBeforeIncomeTaxes"
                              contextID="D-2009" decimals="INF"
                              duplicate="false" duration="0 ms"
                              effective="0" instance="0"
                              label="Income (Loss) from Continuing Operations Before Income Taxes"
                              precision="" relationshipToFrom="item"
                              roleUri="http://xbrlsite.azurewebsites.net/DigitalFinancialReporting/BusinessUseCases/InvertedRollUp/IncomeStatement"
                              unitID="U-Monetary" weight="1.0"/>
                         <To balance="debit" computed="false"
                              conceptNS="http://xbrlsite.azurewebsites.net/DigitalFinancialReporting/BusinessUseCases/InvertedRollUp"
                              conceptName="IncomeTaxExpenseBenefit"
                              conceptQName="pattern:IncomeTaxExpenseBenefit"
                              contextID="D-2009" decimals="INF"
                              duplicate="false" duration="0 ms"
                              effective="2,000,000" instance="2000000"
                              label="Income Tax Expense (Benefit)"
                              precision="" relationshipToFrom="item"
                              roleUri="http://xbrlsite.azurewebsites.net/DigitalFinancialReporting/BusinessUseCases/InvertedRollUp/IncomeStatement"
                              unitID="U-Monetary" weight="-1.0"/>
                         <From balance="credit" bound="true"
                              computed="false"
                              conceptNS="http://xbrlsite.azurewebsites.net/DigitalFinancialReporting/BusinessUseCases/InvertedRollUp"
                              conceptName="NetIncomeLoss"
                              conceptQName="pattern:NetIncomeLoss"
                              consistent="true" contextID="D-2009"
                              decimals="INF" duplicate="false"
                              duration="0 ms" effective="-2,000,000"
                              instance="-2000000"
                              label="Net Income (Loss)" precision="INF"
                              success="true" toSumDecimals="15"
                              toSumEffective="-2,000,000" unitID="U-Monetary"/>
                    </Rollup>
               </Unit>
          </Context>
     </ExtendedLinkRole>
     <Statistics duplicates="0" duration="283 ms" fail="0"
          inconsistent="0" pass="10" total="10"/>
</CalculationTrace>
