<?xml version="1.0" encoding="utf-8"?>
<!--
Taxonomy Definition Links linkbase based on XBRL standard Version 2.1.
Created by UBmatrix Taxonomy Designer 3.0.3.2436 (2009-06-02 13:18).  
Contact www.ubmatrix.com
Copyright (c) 2002-2013 UBmatrix inc., All Rights Reserved
Produced on 2013-05-30 12:41:07
-->
<linkbase
  xmlns="http://www.xbrl.org/2003/linkbase"
  xmlns:xsi="http://www.w3.org/2001/XMLSchema-instance"
  xmlns:xlink="http://www.w3.org/1999/xlink"
  xmlns:xbrldt="http://xbrl.org/2005/xbrldt"
  xsi:schemaLocation="
    http://www.xbrl.org/2003/linkbase 
      http://www.xbrl.org/2003/xbrl-linkbase-2003-12-31.xsd
    http://xbrl.org/2005/xbrldt  http://www.xbrl.org/2005/xbrldt-2005.xsd
    ">
  <roleRef xlink:type="simple"
    xlink:href="ExplicitCharacteristics.xsd#SalesAnalysisSummary"
    roleURI="http://xbrlsite.azurewebsites.net/DigitalFinancialReporting/MemberArrangementPatterns/ExplicitCharacteristics/SalesAnalysisSummary" />
  <arcroleRef xlink:type="simple"
    xlink:href="http://www.xbrl.org/2005/xbrldt-2005.xsd#domain-member"
    arcroleURI="http://xbrl.org/int/dim/arcrole/domain-member" />
  <arcroleRef xlink:type="simple"
    xlink:href="http://www.xbrl.org/2005/xbrldt-2005.xsd#all"
    arcroleURI="http://xbrl.org/int/dim/arcrole/all" />
  <arcroleRef xlink:type="simple"
    xlink:href="http://www.xbrl.org/2005/xbrldt-2005.xsd#hypercube-dimension"
    arcroleURI="http://xbrl.org/int/dim/arcrole/hypercube-dimension" />
  <arcroleRef xlink:type="simple"
    xlink:href="http://www.xbrl.org/2005/xbrldt-2005.xsd#dimension-domain"
    arcroleURI="http://xbrl.org/int/dim/arcrole/dimension-domain" />
  <roleRef xlink:type="simple"
    xlink:href="ExplicitCharacteristics.xsd#SalesAnalysisByGeographicArea"
    roleURI="http://xbrlsite.azurewebsites.net/DigitalFinancialReporting/MemberArrangementPatterns/ExplicitCharacteristics/SalesAnalysisByGeographicArea" />
  <roleRef xlink:type="simple"
    xlink:href="ExplicitCharacteristics.xsd#SalesAnalysisByBusinessSegment"
    roleURI="http://xbrlsite.azurewebsites.net/DigitalFinancialReporting/MemberArrangementPatterns/ExplicitCharacteristics/SalesAnalysisByBusinessSegment" />
  <definitionLink xlink:type="extended"
    xlink:role="http://xbrlsite.azurewebsites.net/DigitalFinancialReporting/MemberArrangementPatterns/ExplicitCharacteristics/SalesAnalysisSummary">
    <loc xlink:type="locator"
      xlink:label="pattern_SalesAnalysisByBusinessSegmentLineItems"
      xlink:href="ExplicitCharacteristics.xsd#pattern_SalesAnalysisByBusinessSegmentLineItems" />
    <loc xlink:type="locator"
      xlink:label="pattern_SalesAnalysisSummaryHierarchy"
      xlink:href="ExplicitCharacteristics.xsd#pattern_SalesAnalysisSummaryHierarchy" />
    <definitionArc xlink:type="arc"
      xlink:arcrole="http://xbrl.org/int/dim/arcrole/domain-member"
      xlink:from="pattern_SalesAnalysisByBusinessSegmentLineItems"
      xlink:to="pattern_SalesAnalysisSummaryHierarchy"
      order="1"
      use="optional" />
    <loc xlink:type="locator"
      xlink:label="pattern_Sales"
      xlink:href="ExplicitCharacteristics.xsd#pattern_Sales" />
    <definitionArc xlink:type="arc"
      xlink:arcrole="http://xbrl.org/int/dim/arcrole/domain-member"
      xlink:from="pattern_SalesAnalysisSummaryHierarchy"
      xlink:to="pattern_Sales"
      order="1"
      use="optional" />
    <loc xlink:type="locator"
      xlink:label="pattern_SalesAnalysisSummaryTable"
      xlink:href="ExplicitCharacteristics.xsd#pattern_SalesAnalysisSummaryTable" />
    <definitionArc xlink:type="arc"
      xlink:arcrole="http://xbrl.org/int/dim/arcrole/all"
      xlink:from="pattern_SalesAnalysisByBusinessSegmentLineItems"
      xlink:to="pattern_SalesAnalysisSummaryTable"
      order="2"
      use="optional"
      xbrldt:contextElement="segment"
      xbrldt:closed="true" />
    <loc xlink:type="locator"
      xlink:label="frm_LegalEntityAxis"
      xlink:href="http://xbrlsite.azurewebsites.net/DigitalFinancialReporting/Schemas/2017-05-07/frm.xsd#frm_LegalEntityAxis" />
    <definitionArc xlink:type="arc"
      xlink:arcrole="http://xbrl.org/int/dim/arcrole/hypercube-dimension"
      xlink:from="pattern_SalesAnalysisSummaryTable"
      xlink:to="frm_LegalEntityAxis"
      order="1"
      use="optional" />
    <loc xlink:type="locator"
      xlink:label="frm_ConsolidatedEntityMember"
      xlink:href="http://xbrlsite.azurewebsites.net/DigitalFinancialReporting/Schemas/2017-05-07/frm.xsd#frm_ConsolidatedEntityMember" />
    <definitionArc xlink:type="arc"
      xlink:arcrole="http://xbrl.org/int/dim/arcrole/dimension-domain"
      xlink:from="frm_LegalEntityAxis" xlink:to="frm_ConsolidatedEntityMember"
      order="1"
      use="optional" />
    <loc xlink:type="locator"
      xlink:label="frm_BusinessSegmentAxis"
      xlink:href="http://xbrlsite.azurewebsites.net/DigitalFinancialReporting/Schemas/2017-05-07/frm.xsd#frm_BusinessSegmentAxis" />
    <definitionArc xlink:type="arc"
      xlink:arcrole="http://xbrl.org/int/dim/arcrole/hypercube-dimension"
      xlink:from="pattern_SalesAnalysisSummaryTable"
      xlink:to="frm_BusinessSegmentAxis"
      order="2"
      use="optional" />
    <loc xlink:type="locator"
      xlink:label="frm_BusinessSegmentsAllMember"
      xlink:href="http://xbrlsite.azurewebsites.net/DigitalFinancialReporting/Schemas/2017-05-07/frm.xsd#frm_BusinessSegmentsAllMember" />
    <definitionArc xlink:type="arc"
      xlink:arcrole="http://xbrl.org/int/dim/arcrole/dimension-domain"
      xlink:from="frm_BusinessSegmentAxis" xlink:to="frm_BusinessSegmentsAllMember"
      order="1"
      use="optional" />
    <loc xlink:type="locator"
      xlink:label="frm_GeographicAreaAxis"
      xlink:href="http://xbrlsite.azurewebsites.net/DigitalFinancialReporting/Schemas/2017-05-07/frm.xsd#frm_GeographicAreaAxis" />
    <definitionArc xlink:type="arc"
      xlink:arcrole="http://xbrl.org/int/dim/arcrole/hypercube-dimension"
      xlink:from="pattern_SalesAnalysisSummaryTable"
      xlink:to="frm_GeographicAreaAxis"
      order="3"
      use="optional" />
    <loc xlink:type="locator"
      xlink:label="frm_GeographicAreasAllMember"
      xlink:href="http://xbrlsite.azurewebsites.net/DigitalFinancialReporting/Schemas/2017-05-07/frm.xsd#frm_GeographicAreasAllMember" />
    <definitionArc xlink:type="arc"
      xlink:arcrole="http://xbrl.org/int/dim/arcrole/dimension-domain"
      xlink:from="frm_GeographicAreaAxis" xlink:to="frm_GeographicAreasAllMember"
      order="1"
      use="optional" />
  </definitionLink>
  <definitionLink xlink:type="extended"
    xlink:role="http://xbrlsite.azurewebsites.net/DigitalFinancialReporting/MemberArrangementPatterns/ExplicitCharacteristics/SalesAnalysisByGeographicArea">
    <loc xlink:type="locator"
      xlink:label="pattern_SalesAnalysisByBusinessSegmentLineItems"
      xlink:href="ExplicitCharacteristics.xsd#pattern_SalesAnalysisByBusinessSegmentLineItems" />
    <loc xlink:type="locator"
      xlink:label="pattern_SalesAnalysisSummaryHierarchy"
      xlink:href="ExplicitCharacteristics.xsd#pattern_SalesAnalysisSummaryHierarchy" />
    <definitionArc xlink:type="arc"
      xlink:arcrole="http://xbrl.org/int/dim/arcrole/domain-member"
      xlink:from="pattern_SalesAnalysisByBusinessSegmentLineItems"
      xlink:to="pattern_SalesAnalysisSummaryHierarchy"
      order="1"
      use="optional" />
    <loc xlink:type="locator"
      xlink:label="pattern_Sales"
      xlink:href="ExplicitCharacteristics.xsd#pattern_Sales" />
    <definitionArc xlink:type="arc"
      xlink:arcrole="http://xbrl.org/int/dim/arcrole/domain-member"
      xlink:from="pattern_SalesAnalysisSummaryHierarchy"
      xlink:to="pattern_Sales"
      order="1"
      use="optional" />
    <loc xlink:type="locator"
      xlink:label="pattern_SalesAnalysisByGeographicAreaTable"
      xlink:href="ExplicitCharacteristics.xsd#pattern_SalesAnalysisByGeographicAreaTable" />
    <definitionArc xlink:type="arc"
      xlink:arcrole="http://xbrl.org/int/dim/arcrole/all"
      xlink:from="pattern_SalesAnalysisByBusinessSegmentLineItems"
      xlink:to="pattern_SalesAnalysisByGeographicAreaTable"
      order="2"
      use="optional"
      xbrldt:contextElement="segment"
      xbrldt:closed="true" />
    <loc xlink:type="locator"
      xlink:label="frm_LegalEntityAxis"
      xlink:href="http://xbrlsite.azurewebsites.net/DigitalFinancialReporting/Schemas/2017-05-07/frm.xsd#frm_LegalEntityAxis" />
    <definitionArc xlink:type="arc"
      xlink:arcrole="http://xbrl.org/int/dim/arcrole/hypercube-dimension"
      xlink:from="pattern_SalesAnalysisByGeographicAreaTable"
      xlink:to="frm_LegalEntityAxis"
      order="1"
      use="optional" />
    <loc xlink:type="locator"
      xlink:label="frm_ConsolidatedEntityMember"
      xlink:href="http://xbrlsite.azurewebsites.net/DigitalFinancialReporting/Schemas/2017-05-07/frm.xsd#frm_ConsolidatedEntityMember" />
    <definitionArc xlink:type="arc"
      xlink:arcrole="http://xbrl.org/int/dim/arcrole/dimension-domain"
      xlink:from="frm_LegalEntityAxis" xlink:to="frm_ConsolidatedEntityMember"
      order="1"
      use="optional" />
    <loc xlink:type="locator"
      xlink:label="frm_BusinessSegmentAxis"
      xlink:href="http://xbrlsite.azurewebsites.net/DigitalFinancialReporting/Schemas/2017-05-07/frm.xsd#frm_BusinessSegmentAxis" />
    <definitionArc xlink:type="arc"
      xlink:arcrole="http://xbrl.org/int/dim/arcrole/hypercube-dimension"
      xlink:from="pattern_SalesAnalysisByGeographicAreaTable"
      xlink:to="frm_BusinessSegmentAxis"
      order="2"
      use="optional" />
    <loc xlink:type="locator"
      xlink:label="frm_BusinessSegmentsAllMember"
      xlink:href="http://xbrlsite.azurewebsites.net/DigitalFinancialReporting/Schemas/2017-05-07/frm.xsd#frm_BusinessSegmentsAllMember" />
    <definitionArc xlink:type="arc"
      xlink:arcrole="http://xbrl.org/int/dim/arcrole/dimension-domain"
      xlink:from="frm_BusinessSegmentAxis" xlink:to="frm_BusinessSegmentsAllMember"
      order="1"
      use="optional" />
    <loc xlink:type="locator"
      xlink:label="frm_GeographicAreaAxis"
      xlink:href="http://xbrlsite.azurewebsites.net/DigitalFinancialReporting/Schemas/2017-05-07/frm.xsd#frm_GeographicAreaAxis" />
    <definitionArc xlink:type="arc"
      xlink:arcrole="http://xbrl.org/int/dim/arcrole/hypercube-dimension"
      xlink:from="pattern_SalesAnalysisByGeographicAreaTable"
      xlink:to="frm_GeographicAreaAxis"
      order="3"
      use="optional" />
    <loc xlink:type="locator"
      xlink:label="frm_GeographicAreasAllMember"
      xlink:href="http://xbrlsite.azurewebsites.net/DigitalFinancialReporting/Schemas/2017-05-07/frm.xsd#frm_GeographicAreasAllMember" />
    <definitionArc xlink:type="arc"
      xlink:arcrole="http://xbrl.org/int/dim/arcrole/dimension-domain"
      xlink:from="frm_GeographicAreaAxis" xlink:to="frm_GeographicAreasAllMember"
      order="1"
      use="optional" />
    <loc xlink:type="locator"
      xlink:label="frm_NorthAmericaRegionMember"
      xlink:href="http://xbrlsite.azurewebsites.net/DigitalFinancialReporting/Schemas/2017-05-07/frm.xsd#frm_NorthAmericaRegionMember" />
    <definitionArc xlink:type="arc"
      xlink:arcrole="http://xbrl.org/int/dim/arcrole/domain-member"
      xlink:from="frm_GeographicAreasAllMember"
      xlink:to="frm_NorthAmericaRegionMember"
      order="1"
      use="optional" />
    <loc xlink:type="locator"
      xlink:label="frm_EuropeRegionMember"
      xlink:href="http://xbrlsite.azurewebsites.net/DigitalFinancialReporting/Schemas/2017-05-07/frm.xsd#frm_EuropeRegionMember" />
    <definitionArc xlink:type="arc"
      xlink:arcrole="http://xbrl.org/int/dim/arcrole/domain-member"
      xlink:from="frm_GeographicAreasAllMember"
      xlink:to="frm_EuropeRegionMember"
      order="2"
      use="optional" />
    <loc xlink:type="locator"
      xlink:label="frm_AsiaRegionMember"
      xlink:href="http://xbrlsite.azurewebsites.net/DigitalFinancialReporting/Schemas/2017-05-07/frm.xsd#frm_AsiaRegionMember" />
    <definitionArc xlink:type="arc"
      xlink:arcrole="http://xbrl.org/int/dim/arcrole/domain-member"
      xlink:from="frm_GeographicAreasAllMember"
      xlink:to="frm_AsiaRegionMember"
      order="3"
      use="optional" />
    <loc xlink:type="locator"
      xlink:label="frm_OtherRegionsMember"
      xlink:href="http://xbrlsite.azurewebsites.net/DigitalFinancialReporting/Schemas/2017-05-07/frm.xsd#frm_OtherRegionsMember" />
    <definitionArc xlink:type="arc"
      xlink:arcrole="http://xbrl.org/int/dim/arcrole/domain-member"
      xlink:from="frm_GeographicAreasAllMember"
      xlink:to="frm_OtherRegionsMember"
      order="4"
      use="optional" />
  </definitionLink>
  <definitionLink xlink:type="extended"
    xlink:role="http://xbrlsite.azurewebsites.net/DigitalFinancialReporting/MemberArrangementPatterns/ExplicitCharacteristics/SalesAnalysisByBusinessSegment">
    <loc xlink:type="locator"
      xlink:label="pattern_SalesAnalysisByBusinessSegmentLineItems"
      xlink:href="ExplicitCharacteristics.xsd#pattern_SalesAnalysisByBusinessSegmentLineItems" />
    <loc xlink:type="locator"
      xlink:label="pattern_SalesAnalysisSummaryHierarchy"
      xlink:href="ExplicitCharacteristics.xsd#pattern_SalesAnalysisSummaryHierarchy" />
    <definitionArc xlink:type="arc"
      xlink:arcrole="http://xbrl.org/int/dim/arcrole/domain-member"
      xlink:from="pattern_SalesAnalysisByBusinessSegmentLineItems"
      xlink:to="pattern_SalesAnalysisSummaryHierarchy"
      order="1"
      use="optional" />
    <loc xlink:type="locator"
      xlink:label="pattern_Sales"
      xlink:href="ExplicitCharacteristics.xsd#pattern_Sales" />
    <definitionArc xlink:type="arc"
      xlink:arcrole="http://xbrl.org/int/dim/arcrole/domain-member"
      xlink:from="pattern_SalesAnalysisSummaryHierarchy"
      xlink:to="pattern_Sales"
      order="1"
      use="optional" />
    <loc xlink:type="locator"
      xlink:label="pattern_SalesAnalysisByBusinessSegmentTable"
      xlink:href="ExplicitCharacteristics.xsd#pattern_SalesAnalysisByBusinessSegmentTable" />
    <definitionArc xlink:type="arc"
      xlink:arcrole="http://xbrl.org/int/dim/arcrole/all"
      xlink:from="pattern_SalesAnalysisByBusinessSegmentLineItems"
      xlink:to="pattern_SalesAnalysisByBusinessSegmentTable"
      order="2"
      use="optional"
      xbrldt:contextElement="segment"
      xbrldt:closed="true" />
    <loc xlink:type="locator"
      xlink:label="frm_LegalEntityAxis"
      xlink:href="http://xbrlsite.azurewebsites.net/DigitalFinancialReporting/Schemas/2017-05-07/frm.xsd#frm_LegalEntityAxis" />
    <definitionArc xlink:type="arc"
      xlink:arcrole="http://xbrl.org/int/dim/arcrole/hypercube-dimension"
      xlink:from="pattern_SalesAnalysisByBusinessSegmentTable"
      xlink:to="frm_LegalEntityAxis"
      order="1"
      use="optional" />
    <loc xlink:type="locator"
      xlink:label="frm_ConsolidatedEntityMember"
      xlink:href="http://xbrlsite.azurewebsites.net/DigitalFinancialReporting/Schemas/2017-05-07/frm.xsd#frm_ConsolidatedEntityMember" />
    <definitionArc xlink:type="arc"
      xlink:arcrole="http://xbrl.org/int/dim/arcrole/dimension-domain"
      xlink:from="frm_LegalEntityAxis" xlink:to="frm_ConsolidatedEntityMember"
      order="1"
      use="optional" />
    <loc xlink:type="locator"
      xlink:label="frm_BusinessSegmentAxis"
      xlink:href="http://xbrlsite.azurewebsites.net/DigitalFinancialReporting/Schemas/2017-05-07/frm.xsd#frm_BusinessSegmentAxis" />
    <definitionArc xlink:type="arc"
      xlink:arcrole="http://xbrl.org/int/dim/arcrole/hypercube-dimension"
      xlink:from="pattern_SalesAnalysisByBusinessSegmentTable"
      xlink:to="frm_BusinessSegmentAxis"
      order="2"
      use="optional" />
    <loc xlink:type="locator"
      xlink:label="frm_BusinessSegmentsAllMember"
      xlink:href="http://xbrlsite.azurewebsites.net/DigitalFinancialReporting/Schemas/2017-05-07/frm.xsd#frm_BusinessSegmentsAllMember" />
    <definitionArc xlink:type="arc"
      xlink:arcrole="http://xbrl.org/int/dim/arcrole/dimension-domain"
      xlink:from="frm_BusinessSegmentAxis" xlink:to="frm_BusinessSegmentsAllMember"
      order="1"
      use="optional" />
    <loc xlink:type="locator"
      xlink:label="pattern_PharmaceuticalsSegmentMember"
      xlink:href="ExplicitCharacteristics.xsd#pattern_PharmaceuticalsSegmentMember" />
    <definitionArc xlink:type="arc"
      xlink:arcrole="http://xbrl.org/int/dim/arcrole/domain-member"
      xlink:from="frm_BusinessSegmentsAllMember"
      xlink:to="pattern_PharmaceuticalsSegmentMember"
      order="1"
      use="optional" />
    <loc xlink:type="locator"
      xlink:label="pattern_GenericsSegmentMember"
      xlink:href="ExplicitCharacteristics.xsd#pattern_GenericsSegmentMember" />
    <definitionArc xlink:type="arc"
      xlink:arcrole="http://xbrl.org/int/dim/arcrole/domain-member"
      xlink:from="frm_BusinessSegmentsAllMember"
      xlink:to="pattern_GenericsSegmentMember"
      order="2"
      use="optional" />
    <loc xlink:type="locator"
      xlink:label="pattern_ConsumerHealthSegmentMember"
      xlink:href="ExplicitCharacteristics.xsd#pattern_ConsumerHealthSegmentMember" />
    <definitionArc xlink:type="arc"
      xlink:arcrole="http://xbrl.org/int/dim/arcrole/domain-member"
      xlink:from="frm_BusinessSegmentsAllMember"
      xlink:to="pattern_ConsumerHealthSegmentMember"
      order="3"
      use="optional" />
    <loc xlink:type="locator"
      xlink:label="pattern_OtherSegmentsMember"
      xlink:href="ExplicitCharacteristics.xsd#pattern_OtherSegmentsMember" />
    <definitionArc xlink:type="arc"
      xlink:arcrole="http://xbrl.org/int/dim/arcrole/domain-member"
      xlink:from="frm_BusinessSegmentsAllMember"
      xlink:to="pattern_OtherSegmentsMember"
      order="4"
      use="optional" />
    <loc xlink:type="locator"
      xlink:label="frm_GeographicAreaAxis"
      xlink:href="http://xbrlsite.azurewebsites.net/DigitalFinancialReporting/Schemas/2017-05-07/frm.xsd#frm_GeographicAreaAxis" />
    <definitionArc xlink:type="arc"
      xlink:arcrole="http://xbrl.org/int/dim/arcrole/hypercube-dimension"
      xlink:from="pattern_SalesAnalysisByBusinessSegmentTable"
      xlink:to="frm_GeographicAreaAxis"
      order="3"
      use="optional" />
    <loc xlink:type="locator"
      xlink:label="frm_GeographicAreasAllMember"
      xlink:href="http://xbrlsite.azurewebsites.net/DigitalFinancialReporting/Schemas/2017-05-07/frm.xsd#frm_GeographicAreasAllMember" />
    <definitionArc xlink:type="arc"
      xlink:arcrole="http://xbrl.org/int/dim/arcrole/dimension-domain"
      xlink:from="frm_GeographicAreaAxis" xlink:to="frm_GeographicAreasAllMember"
      order="1"
      use="optional" />
  </definitionLink>
</linkbase>