<?xml version="1.0" encoding="utf-8"?>
<!--
Taxonomy Label Links linkbase based on XBRL standard Version 2.1.
Created by UBmatrix Taxonomy Designer 3.0.3.2436 (2009-06-02 13:18).  
Contact www.ubmatrix.com
Copyright (c) 2002-2017 UBmatrix inc., All Rights Reserved
Produced on 2017-05-10 10:49:52
-->
<linkbase
  xmlns="http://www.xbrl.org/2003/linkbase"
  xmlns:xsi="http://www.w3.org/2001/XMLSchema-instance"
  xmlns:xlink="http://www.w3.org/1999/xlink"
  xsi:schemaLocation="
    http://www.xbrl.org/2003/linkbase 
      http://www.xbrl.org/2003/xbrl-linkbase-2003-12-31.xsd
    ">
  <labelLink xlink:type="extended"
    xlink:role="http://www.xbrl.org/2003/role/link">
    <loc xlink:type="locator"
      xlink:label="pattern_AccountingPoliciesLineItems"
      xlink:href="TextBlock.xsd#pattern_AccountingPoliciesLineItems" />
    <labelArc xlink:type="arc"
      xlink:arcrole="http://www.xbrl.org/2003/arcrole/concept-label"
      xlink:from="pattern_AccountingPoliciesLineItems"
      xlink:to="pattern_AccountingPoliciesLineItems_lbl" />
    <label xlink:type="resource"
      xlink:label="pattern_AccountingPoliciesLineItems_lbl"
      xml:lang="en"
      xlink:role="http://www.xbrl.org/2003/role/documentation">Phasellus eleifend, diam vitae dapibus pulvinar, erat ligula auctor dui, eget congue justo lorem hendrerit tellus.</label>
    <label xlink:type="resource"
      xlink:label="pattern_AccountingPoliciesLineItems_lbl"
      xml:lang="en"
      xlink:role="http://www.xbrl.org/2003/role/label">Accounting Policies [Line Items]</label>
    <loc xlink:type="locator"
      xlink:label="pattern_AccountingPoliciesTable"
      xlink:href="TextBlock.xsd#pattern_AccountingPoliciesTable" />
    <labelArc xlink:type="arc"
      xlink:arcrole="http://www.xbrl.org/2003/arcrole/concept-label"
      xlink:from="pattern_AccountingPoliciesTable"
      xlink:to="pattern_AccountingPoliciesTable_lbl" />
    <label xlink:type="resource"
      xlink:label="pattern_AccountingPoliciesTable_lbl"
      xml:lang="en"
      xlink:role="http://www.xbrl.org/2003/role/documentation">Nullam dui orci, scelerisque porttitor, volutpat a, porttitor a, enim. Sed lobortis. Maecenas scelerisque ullamcorper libero.</label>
    <label xlink:type="resource"
      xlink:label="pattern_AccountingPoliciesTable_lbl"
      xml:lang="en"
      xlink:role="http://www.xbrl.org/2003/role/label">Accounting Policies [Table]</label>
    <loc xlink:type="locator"
      xlink:label="pattern_AccountingPoliciesTextBlock"
      xlink:href="TextBlock.xsd#pattern_AccountingPoliciesTextBlock" />
    <labelArc xlink:type="arc"
      xlink:arcrole="http://www.xbrl.org/2003/arcrole/concept-label"
      xlink:from="pattern_AccountingPoliciesTextBlock"
      xlink:to="pattern_AccountingPoliciesTextBlock_lbl" />
    <label xlink:type="resource"
      xlink:label="pattern_AccountingPoliciesTextBlock_lbl"
      xml:lang="en"
      xlink:role="http://www.xbrl.org/2003/role/documentation">Ut venenatis, velit a accumsan interdum, odio metus mollis mauris, non pharetra augue arcu eu felis.</label>
    <label xlink:type="resource"
      xlink:label="pattern_AccountingPoliciesTextBlock_lbl"
      xml:lang="en"
      xlink:role="http://www.xbrl.org/2003/role/label">Accounting Policies [Text Block]</label>
  </labelLink>
</linkbase>