<?xml version="1.0" encoding="utf-8"?>
<!--
Taxonomy Presentation Links linkbase based on XBRL standard Version 2.1.
Created by UBmatrix Taxonomy Designer 3.0.3.2436 (2009-06-02 13:18).  
Contact www.ubmatrix.com
Copyright (c) 2002-2017 UBmatrix inc., All Rights Reserved
Produced on 2017-05-16 06:38:47
-->
<linkbase
  xmlns="http://www.xbrl.org/2003/linkbase"
  xmlns:xsi="http://www.w3.org/2001/XMLSchema-instance"
  xmlns:xlink="http://www.w3.org/1999/xlink"
  xsi:schemaLocation="
    http://www.xbrl.org/2003/linkbase 
      http://www.xbrl.org/2003/xbrl-linkbase-2003-12-31.xsd
    ">
  <roleRef xlink:type="simple"
    xlink:href="GroupedReport.xsd#PortfolioOfInvestments"
    roleURI="http://xbrlsite.azurewebsites.net/DigitalFinancialReporting/BusinessUseCases/GroupedReport/PortfolioOfInvestments" />
  <presentationLink xlink:type="extended"
    xlink:role="http://xbrlsite.azurewebsites.net/DigitalFinancialReporting/BusinessUseCases/GroupedReport/PortfolioOfInvestments">
    <loc xlink:type="locator"
      xlink:label="pattern_PortfolioOfInvestmentsTable"
      xlink:href="GroupedReport.xsd#pattern_PortfolioOfInvestmentsTable" />
    <loc xlink:type="locator"
      xlink:label="frm_LegalEntityAxis"
      xlink:href="http://xbrlsite.azurewebsites.net/DigitalFinancialReporting/Schemas/2017-05-07/frm.xsd#frm_LegalEntityAxis" />
    <presentationArc xlink:type="arc"
      xlink:arcrole="http://www.xbrl.org/2003/arcrole/parent-child"
      xlink:from="pattern_PortfolioOfInvestmentsTable"
      xlink:to="frm_LegalEntityAxis"
      order="1"
      use="optional" />
    <loc xlink:type="locator"
      xlink:label="frm_ConsolidatedEntityMember"
      xlink:href="http://xbrlsite.azurewebsites.net/DigitalFinancialReporting/Schemas/2017-05-07/frm.xsd#frm_ConsolidatedEntityMember" />
    <presentationArc xlink:type="arc"
      xlink:arcrole="http://www.xbrl.org/2003/arcrole/parent-child"
      xlink:from="frm_LegalEntityAxis" xlink:to="frm_ConsolidatedEntityMember"
      order="1"
      use="optional" />
    <loc xlink:type="locator"
      xlink:label="pattern_InvestmentTermAxis"
      xlink:href="GroupedReport.xsd#pattern_InvestmentTermAxis" />
    <presentationArc xlink:type="arc"
      xlink:arcrole="http://www.xbrl.org/2003/arcrole/parent-child"
      xlink:from="pattern_PortfolioOfInvestmentsTable"
      xlink:to="pattern_InvestmentTermAxis"
      order="2"
      use="optional" />
    <loc xlink:type="locator"
      xlink:label="pattern_AllTermsMember"
      xlink:href="GroupedReport.xsd#pattern_AllTermsMember" />
    <presentationArc xlink:type="arc"
      xlink:arcrole="http://www.xbrl.org/2003/arcrole/parent-child"
      xlink:from="pattern_InvestmentTermAxis"
      xlink:to="pattern_AllTermsMember"
      order="1"
      use="optional" />
    <loc xlink:type="locator"
      xlink:label="pattern_ShortTermInvestmentMember"
      xlink:href="GroupedReport.xsd#pattern_ShortTermInvestmentMember" />
    <presentationArc xlink:type="arc"
      xlink:arcrole="http://www.xbrl.org/2003/arcrole/parent-child"
      xlink:from="pattern_AllTermsMember" xlink:to="pattern_ShortTermInvestmentMember"
      order="1"
      use="optional" />
    <loc xlink:type="locator"
      xlink:label="pattern_InvestmentTypeAxis"
      xlink:href="GroupedReport.xsd#pattern_InvestmentTypeAxis" />
    <presentationArc xlink:type="arc"
      xlink:arcrole="http://www.xbrl.org/2003/arcrole/parent-child"
      xlink:from="pattern_PortfolioOfInvestmentsTable"
      xlink:to="pattern_InvestmentTypeAxis"
      order="3"
      use="optional" />
    <loc xlink:type="locator"
      xlink:label="pattern_AllTypesMember"
      xlink:href="GroupedReport.xsd#pattern_AllTypesMember" />
    <presentationArc xlink:type="arc"
      xlink:arcrole="http://www.xbrl.org/2003/arcrole/parent-child"
      xlink:from="pattern_InvestmentTypeAxis"
      xlink:to="pattern_AllTypesMember"
      order="1"
      use="optional" />
    <loc xlink:type="locator"
      xlink:label="pattern_TelecomsMember"
      xlink:href="GroupedReport.xsd#pattern_TelecomsMember" />
    <presentationArc xlink:type="arc"
      xlink:arcrole="http://www.xbrl.org/2003/arcrole/parent-child"
      xlink:from="pattern_AllTypesMember" xlink:to="pattern_TelecomsMember"
      order="1"
      use="optional" />
    <loc xlink:type="locator"
      xlink:label="pattern_SoftwareMember"
      xlink:href="GroupedReport.xsd#pattern_SoftwareMember" />
    <presentationArc xlink:type="arc"
      xlink:arcrole="http://www.xbrl.org/2003/arcrole/parent-child"
      xlink:from="pattern_AllTypesMember" xlink:to="pattern_SoftwareMember"
      order="2"
      use="optional" />
    <loc xlink:type="locator"
      xlink:label="pattern_InvestmentCountryAxis"
      xlink:href="GroupedReport.xsd#pattern_InvestmentCountryAxis" />
    <presentationArc xlink:type="arc"
      xlink:arcrole="http://www.xbrl.org/2003/arcrole/parent-child"
      xlink:from="pattern_PortfolioOfInvestmentsTable"
      xlink:to="pattern_InvestmentCountryAxis"
      order="4"
      use="optional" />
    <loc xlink:type="locator"
      xlink:label="pattern_AllCountriesMember"
      xlink:href="GroupedReport.xsd#pattern_AllCountriesMember" />
    <presentationArc xlink:type="arc"
      xlink:arcrole="http://www.xbrl.org/2003/arcrole/parent-child"
      xlink:from="pattern_InvestmentCountryAxis"
      xlink:to="pattern_AllCountriesMember"
      order="1"
      use="optional" />
    <loc xlink:type="locator"
      xlink:label="pattern_SingaporeMember"
      xlink:href="GroupedReport.xsd#pattern_SingaporeMember" />
    <presentationArc xlink:type="arc"
      xlink:arcrole="http://www.xbrl.org/2003/arcrole/parent-child"
      xlink:from="pattern_AllCountriesMember"
      xlink:to="pattern_SingaporeMember"
      order="1"
      use="optional" />
    <loc xlink:type="locator"
      xlink:label="pattern_InvestmentEntityAxis"
      xlink:href="GroupedReport.xsd#pattern_InvestmentEntityAxis" />
    <presentationArc xlink:type="arc"
      xlink:arcrole="http://www.xbrl.org/2003/arcrole/parent-child"
      xlink:from="pattern_PortfolioOfInvestmentsTable"
      xlink:to="pattern_InvestmentEntityAxis"
      order="5"
      use="optional" />
    <loc xlink:type="locator"
      xlink:label="pattern_AllEntitiesMember"
      xlink:href="GroupedReport.xsd#pattern_AllEntitiesMember" />
    <presentationArc xlink:type="arc"
      xlink:arcrole="http://www.xbrl.org/2003/arcrole/parent-child"
      xlink:from="pattern_InvestmentEntityAxis"
      xlink:to="pattern_AllEntitiesMember"
      order="1"
      use="optional" />
    <loc xlink:type="locator"
      xlink:label="pattern_CableAndWirelessOptusFinanceMember"
      xlink:href="GroupedReport.xsd#pattern_CableAndWirelessOptusFinanceMember" />
    <presentationArc xlink:type="arc"
      xlink:arcrole="http://www.xbrl.org/2003/arcrole/parent-child"
      xlink:from="pattern_AllEntitiesMember"
      xlink:to="pattern_CableAndWirelessOptusFinanceMember"
      order="1"
      use="optional" />
    <loc xlink:type="locator"
      xlink:label="pattern_MicrocomMember"
      xlink:href="GroupedReport.xsd#pattern_MicrocomMember" />
    <presentationArc xlink:type="arc"
      xlink:arcrole="http://www.xbrl.org/2003/arcrole/parent-child"
      xlink:from="pattern_AllEntitiesMember"
      xlink:to="pattern_MicrocomMember"
      order="2"
      use="optional" />
    <loc xlink:type="locator"
      xlink:label="pattern_M9RoboticsMember"
      xlink:href="GroupedReport.xsd#pattern_M9RoboticsMember" />
    <presentationArc xlink:type="arc"
      xlink:arcrole="http://www.xbrl.org/2003/arcrole/parent-child"
      xlink:from="pattern_AllEntitiesMember"
      xlink:to="pattern_M9RoboticsMember"
      order="3"
      use="optional" />
    <loc xlink:type="locator"
      xlink:label="pattern_InvestmentsLineItems"
      xlink:href="GroupedReport.xsd#pattern_InvestmentsLineItems" />
    <presentationArc xlink:type="arc"
      xlink:arcrole="http://www.xbrl.org/2003/arcrole/parent-child"
      xlink:from="pattern_PortfolioOfInvestmentsTable"
      xlink:to="pattern_InvestmentsLineItems"
      order="6"
      use="optional" />
    <loc xlink:type="locator"
      xlink:label="pattern_InvestmentHierarchy"
      xlink:href="GroupedReport.xsd#pattern_InvestmentHierarchy" />
    <presentationArc xlink:type="arc"
      xlink:arcrole="http://www.xbrl.org/2003/arcrole/parent-child"
      xlink:from="pattern_InvestmentsLineItems"
      xlink:to="pattern_InvestmentHierarchy"
      order="1"
      use="optional" />
    <loc xlink:type="locator"
      xlink:label="pattern_InvestmentDescription"
      xlink:href="GroupedReport.xsd#pattern_InvestmentDescription" />
    <presentationArc xlink:type="arc"
      xlink:arcrole="http://www.xbrl.org/2003/arcrole/parent-child"
      xlink:from="pattern_InvestmentHierarchy"
      xlink:to="pattern_InvestmentDescription"
      order="1"
      use="optional" />
    <loc xlink:type="locator"
      xlink:label="pattern_MoodyRating"
      xlink:href="GroupedReport.xsd#pattern_MoodyRating" />
    <presentationArc xlink:type="arc"
      xlink:arcrole="http://www.xbrl.org/2003/arcrole/parent-child"
      xlink:from="pattern_InvestmentHierarchy"
      xlink:to="pattern_MoodyRating"
      order="2"
      use="optional" />
    <loc xlink:type="locator"
      xlink:label="pattern_StandardAndPoorRating"
      xlink:href="GroupedReport.xsd#pattern_StandardAndPoorRating" />
    <presentationArc xlink:type="arc"
      xlink:arcrole="http://www.xbrl.org/2003/arcrole/parent-child"
      xlink:from="pattern_InvestmentHierarchy"
      xlink:to="pattern_StandardAndPoorRating"
      order="3"
      use="optional" />
    <loc xlink:type="locator"
      xlink:label="pattern_InvestmentShares"
      xlink:href="GroupedReport.xsd#pattern_InvestmentShares" />
    <presentationArc xlink:type="arc"
      xlink:arcrole="http://www.xbrl.org/2003/arcrole/parent-child"
      xlink:from="pattern_InvestmentHierarchy"
      xlink:to="pattern_InvestmentShares"
      order="4"
      use="optional" />
    <loc xlink:type="locator"
      xlink:label="pattern_InvestmentValueAtCost"
      xlink:href="GroupedReport.xsd#pattern_InvestmentValueAtCost" />
    <presentationArc xlink:type="arc"
      xlink:arcrole="http://www.xbrl.org/2003/arcrole/parent-child"
      xlink:from="pattern_InvestmentHierarchy"
      xlink:to="pattern_InvestmentValueAtCost"
      order="5"
      use="optional" />
  </presentationLink>
</linkbase>