<?xml version="1.0" encoding="utf-8"?>
<!--
Taxonomy Label Links linkbase based on XBRL standard Version 2.1.
Created by UBmatrix Taxonomy Designer 3.0.3.2436 (2009-06-02 13:18).  
Contact www.ubmatrix.com
Copyright (c) 2002-2017 UBmatrix inc., All Rights Reserved
Produced on 2017-05-16 06:38:47
-->
<linkbase
  xmlns="http://www.xbrl.org/2003/linkbase"
  xmlns:xsi="http://www.w3.org/2001/XMLSchema-instance"
  xmlns:xlink="http://www.w3.org/1999/xlink"
  xsi:schemaLocation="
    http://www.xbrl.org/2003/linkbase 
      http://www.xbrl.org/2003/xbrl-linkbase-2003-12-31.xsd
    ">
  <labelLink xlink:type="extended"
    xlink:role="http://www.xbrl.org/2003/role/link">
    <loc xlink:type="locator"
      xlink:label="pattern_AllCountriesMember"
      xlink:href="GroupedReport.xsd#pattern_AllCountriesMember" />
    <labelArc xlink:type="arc"
      xlink:arcrole="http://www.xbrl.org/2003/arcrole/concept-label"
      xlink:from="pattern_AllCountriesMember"
      xlink:to="pattern_AllCountriesMember_lbl" />
    <label xlink:type="resource"
      xlink:label="pattern_AllCountriesMember_lbl"
      xml:lang="en"
      xlink:role="http://www.xbrl.org/2003/role/documentation">Documentation for S&amp;P Rating</label>
    <label xlink:type="resource"
      xlink:label="pattern_AllCountriesMember_lbl"
      xml:lang="en"
      xlink:role="http://www.xbrl.org/2003/role/label">All Countries [Member]</label>
    <loc xlink:type="locator"
      xlink:label="pattern_AllEntitiesMember"
      xlink:href="GroupedReport.xsd#pattern_AllEntitiesMember" />
    <labelArc xlink:type="arc"
      xlink:arcrole="http://www.xbrl.org/2003/arcrole/concept-label"
      xlink:from="pattern_AllEntitiesMember"
      xlink:to="pattern_AllEntitiesMember_lbl" />
    <label xlink:type="resource"
      xlink:label="pattern_AllEntitiesMember_lbl"
      xml:lang="en"
      xlink:role="http://www.xbrl.org/2003/role/documentation">Documentation for S&amp;P Rating</label>
    <label xlink:type="resource"
      xlink:label="pattern_AllEntitiesMember_lbl"
      xml:lang="en"
      xlink:role="http://www.xbrl.org/2003/role/label">All Entities [Member]</label>
    <loc xlink:type="locator"
      xlink:label="pattern_AllTermsMember"
      xlink:href="GroupedReport.xsd#pattern_AllTermsMember" />
    <labelArc xlink:type="arc"
      xlink:arcrole="http://www.xbrl.org/2003/arcrole/concept-label"
      xlink:from="pattern_AllTermsMember" xlink:to="pattern_AllTermsMember_lbl" />
    <label xlink:type="resource"
      xlink:label="pattern_AllTermsMember_lbl"
      xml:lang="en"
      xlink:role="http://www.xbrl.org/2003/role/documentation">Documentation for S&amp;P Rating</label>
    <label xlink:type="resource"
      xlink:label="pattern_AllTermsMember_lbl"
      xml:lang="en"
      xlink:role="http://www.xbrl.org/2003/role/label">All Terms [Member]</label>
    <loc xlink:type="locator"
      xlink:label="pattern_AllTypesMember"
      xlink:href="GroupedReport.xsd#pattern_AllTypesMember" />
    <labelArc xlink:type="arc"
      xlink:arcrole="http://www.xbrl.org/2003/arcrole/concept-label"
      xlink:from="pattern_AllTypesMember" xlink:to="pattern_AllTypesMember_lbl" />
    <label xlink:type="resource"
      xlink:label="pattern_AllTypesMember_lbl"
      xml:lang="en"
      xlink:role="http://www.xbrl.org/2003/role/documentation">Documentation for S&amp;P Rating</label>
    <label xlink:type="resource"
      xlink:label="pattern_AllTypesMember_lbl"
      xml:lang="en"
      xlink:role="http://www.xbrl.org/2003/role/label">All Types [Member]</label>
    <loc xlink:type="locator"
      xlink:label="pattern_CableAndWirelessOptusFinanceMember"
      xlink:href="GroupedReport.xsd#pattern_CableAndWirelessOptusFinanceMember" />
    <labelArc xlink:type="arc"
      xlink:arcrole="http://www.xbrl.org/2003/arcrole/concept-label"
      xlink:from="pattern_CableAndWirelessOptusFinanceMember"
      xlink:to="pattern_CableAndWirelessOptusFinanceMember_lbl" />
    <label xlink:type="resource"
      xlink:label="pattern_CableAndWirelessOptusFinanceMember_lbl"
      xml:lang="en"
      xlink:role="http://www.xbrl.org/2003/role/label">Cable and Wireless Optus Finance [Member]</label>
    <loc xlink:type="locator"
      xlink:label="pattern_InvestmentCountryAxis"
      xlink:href="GroupedReport.xsd#pattern_InvestmentCountryAxis" />
    <labelArc xlink:type="arc"
      xlink:arcrole="http://www.xbrl.org/2003/arcrole/concept-label"
      xlink:from="pattern_InvestmentCountryAxis"
      xlink:to="pattern_InvestmentCountryAxis_lbl" />
    <label xlink:type="resource"
      xlink:label="pattern_InvestmentCountryAxis_lbl"
      xml:lang="en"
      xlink:role="http://www.xbrl.org/2003/role/documentation">Documentation for S&amp;P Rating</label>
    <label xlink:type="resource"
      xlink:label="pattern_InvestmentCountryAxis_lbl"
      xml:lang="en"
      xlink:role="http://www.xbrl.org/2003/role/label">Investment Country [Axis]</label>
    <loc xlink:type="locator"
      xlink:label="pattern_InvestmentDescription"
      xlink:href="GroupedReport.xsd#pattern_InvestmentDescription" />
    <labelArc xlink:type="arc"
      xlink:arcrole="http://www.xbrl.org/2003/arcrole/concept-label"
      xlink:from="pattern_InvestmentDescription"
      xlink:to="pattern_InvestmentDescription_lbl" />
    <label xlink:type="resource"
      xlink:label="pattern_InvestmentDescription_lbl"
      xml:lang="en"
      xlink:role="http://www.xbrl.org/2003/role/documentation">Documentation for Shares</label>
    <label xlink:type="resource"
      xlink:label="pattern_InvestmentDescription_lbl"
      xml:lang="en"
      xlink:role="http://www.xbrl.org/2003/role/label">Investment Description</label>
    <loc xlink:type="locator"
      xlink:label="pattern_InvestmentEntityAxis"
      xlink:href="GroupedReport.xsd#pattern_InvestmentEntityAxis" />
    <labelArc xlink:type="arc"
      xlink:arcrole="http://www.xbrl.org/2003/arcrole/concept-label"
      xlink:from="pattern_InvestmentEntityAxis"
      xlink:to="pattern_InvestmentEntityAxis_lbl" />
    <label xlink:type="resource"
      xlink:label="pattern_InvestmentEntityAxis_lbl"
      xml:lang="en"
      xlink:role="http://www.xbrl.org/2003/role/documentation">Documentation for S&amp;P Rating</label>
    <label xlink:type="resource"
      xlink:label="pattern_InvestmentEntityAxis_lbl"
      xml:lang="en"
      xlink:role="http://www.xbrl.org/2003/role/label">Investment Entity [Axis]</label>
    <loc xlink:type="locator"
      xlink:label="pattern_InvestmentHierarchy"
      xlink:href="GroupedReport.xsd#pattern_InvestmentHierarchy" />
    <labelArc xlink:type="arc"
      xlink:arcrole="http://www.xbrl.org/2003/arcrole/concept-label"
      xlink:from="pattern_InvestmentHierarchy"
      xlink:to="pattern_InvestmentHierarchy_lbl" />
    <label xlink:type="resource"
      xlink:label="pattern_InvestmentHierarchy_lbl"
      xml:lang="en"
      xlink:role="http://www.xbrl.org/2003/role/documentation">Documentation for Detail of Portfolio of Investments</label>
    <label xlink:type="resource"
      xlink:label="pattern_InvestmentHierarchy_lbl"
      xml:lang="en"
      xlink:role="http://www.xbrl.org/2003/role/label">Investment [Hierarchy]</label>
    <loc xlink:type="locator"
      xlink:label="pattern_InvestmentShares"
      xlink:href="GroupedReport.xsd#pattern_InvestmentShares" />
    <labelArc xlink:type="arc"
      xlink:arcrole="http://www.xbrl.org/2003/arcrole/concept-label"
      xlink:from="pattern_InvestmentShares"
      xlink:to="pattern_InvestmentShares_lbl" />
    <label xlink:type="resource"
      xlink:label="pattern_InvestmentShares_lbl"
      xml:lang="en"
      xlink:role="http://www.xbrl.org/2003/role/documentation">Documentation for Shares</label>
    <label xlink:type="resource"
      xlink:label="pattern_InvestmentShares_lbl"
      xml:lang="en"
      xlink:role="http://www.xbrl.org/2003/role/label">Investment Shares</label>
    <loc xlink:type="locator"
      xlink:label="pattern_InvestmentTermAxis"
      xlink:href="GroupedReport.xsd#pattern_InvestmentTermAxis" />
    <labelArc xlink:type="arc"
      xlink:arcrole="http://www.xbrl.org/2003/arcrole/concept-label"
      xlink:from="pattern_InvestmentTermAxis"
      xlink:to="pattern_InvestmentTermAxis_lbl" />
    <label xlink:type="resource"
      xlink:label="pattern_InvestmentTermAxis_lbl"
      xml:lang="en"
      xlink:role="http://www.xbrl.org/2003/role/documentation">Documentation for S&amp;P Rating</label>
    <label xlink:type="resource"
      xlink:label="pattern_InvestmentTermAxis_lbl"
      xml:lang="en"
      xlink:role="http://www.xbrl.org/2003/role/label">Investment Term [Axis]</label>
    <loc xlink:type="locator"
      xlink:label="pattern_InvestmentTypeAxis"
      xlink:href="GroupedReport.xsd#pattern_InvestmentTypeAxis" />
    <labelArc xlink:type="arc"
      xlink:arcrole="http://www.xbrl.org/2003/arcrole/concept-label"
      xlink:from="pattern_InvestmentTypeAxis"
      xlink:to="pattern_InvestmentTypeAxis_lbl" />
    <label xlink:type="resource"
      xlink:label="pattern_InvestmentTypeAxis_lbl"
      xml:lang="en"
      xlink:role="http://www.xbrl.org/2003/role/documentation">Documentation for S&amp;P Rating</label>
    <label xlink:type="resource"
      xlink:label="pattern_InvestmentTypeAxis_lbl"
      xml:lang="en"
      xlink:role="http://www.xbrl.org/2003/role/label">Investment Type [Axis]</label>
    <loc xlink:type="locator"
      xlink:label="pattern_InvestmentValueAtCost"
      xlink:href="GroupedReport.xsd#pattern_InvestmentValueAtCost" />
    <labelArc xlink:type="arc"
      xlink:arcrole="http://www.xbrl.org/2003/arcrole/concept-label"
      xlink:from="pattern_InvestmentValueAtCost"
      xlink:to="pattern_InvestmentValueAtCost_lbl" />
    <label xlink:type="resource"
      xlink:label="pattern_InvestmentValueAtCost_lbl"
      xml:lang="en"
      xlink:role="http://www.xbrl.org/2003/role/documentation">Documentation for Value</label>
    <label xlink:type="resource"
      xlink:label="pattern_InvestmentValueAtCost_lbl"
      xml:lang="en"
      xlink:role="http://www.xbrl.org/2003/role/label">Investment Value, at Cost</label>
    <loc xlink:type="locator"
      xlink:label="pattern_InvestmentsLineItems"
      xlink:href="GroupedReport.xsd#pattern_InvestmentsLineItems" />
    <labelArc xlink:type="arc"
      xlink:arcrole="http://www.xbrl.org/2003/arcrole/concept-label"
      xlink:from="pattern_InvestmentsLineItems"
      xlink:to="pattern_InvestmentsLineItems_lbl" />
    <label xlink:type="resource"
      xlink:label="pattern_InvestmentsLineItems_lbl"
      xml:lang="en"
      xlink:role="http://www.xbrl.org/2003/role/documentation">Documentation for Detail of Portfolio of Investments</label>
    <label xlink:type="resource"
      xlink:label="pattern_InvestmentsLineItems_lbl"
      xml:lang="en"
      xlink:role="http://www.xbrl.org/2003/role/label">Investments [Line Items]</label>
    <loc xlink:type="locator"
      xlink:label="pattern_M9RoboticsMember"
      xlink:href="GroupedReport.xsd#pattern_M9RoboticsMember" />
    <labelArc xlink:type="arc"
      xlink:arcrole="http://www.xbrl.org/2003/arcrole/concept-label"
      xlink:from="pattern_M9RoboticsMember"
      xlink:to="pattern_M9RoboticsMember_lbl" />
    <label xlink:type="resource"
      xlink:label="pattern_M9RoboticsMember_lbl"
      xml:lang="en"
      xlink:role="http://www.xbrl.org/2003/role/label">M9 Robotics [Member]</label>
    <loc xlink:type="locator"
      xlink:label="pattern_MicrocomMember"
      xlink:href="GroupedReport.xsd#pattern_MicrocomMember" />
    <labelArc xlink:type="arc"
      xlink:arcrole="http://www.xbrl.org/2003/arcrole/concept-label"
      xlink:from="pattern_MicrocomMember" xlink:to="pattern_MicrocomMember_lbl" />
    <label xlink:type="resource"
      xlink:label="pattern_MicrocomMember_lbl"
      xml:lang="en"
      xlink:role="http://www.xbrl.org/2003/role/label">Microcom [Member]</label>
    <loc xlink:type="locator"
      xlink:label="pattern_MoodyRating"
      xlink:href="GroupedReport.xsd#pattern_MoodyRating" />
    <labelArc xlink:type="arc"
      xlink:arcrole="http://www.xbrl.org/2003/arcrole/concept-label"
      xlink:from="pattern_MoodyRating" xlink:to="pattern_MoodyRating_lbl" />
    <label xlink:type="resource"
      xlink:label="pattern_MoodyRating_lbl"
      xml:lang="en"
      xlink:role="http://www.xbrl.org/2003/role/documentation">Documentation for Shares</label>
    <label xlink:type="resource"
      xlink:label="pattern_MoodyRating_lbl"
      xml:lang="en"
      xlink:role="http://www.xbrl.org/2003/role/label">Moody Rating</label>
    <loc xlink:type="locator"
      xlink:label="pattern_PortfolioOfInvestmentsTable"
      xlink:href="GroupedReport.xsd#pattern_PortfolioOfInvestmentsTable" />
    <labelArc xlink:type="arc"
      xlink:arcrole="http://www.xbrl.org/2003/arcrole/concept-label"
      xlink:from="pattern_PortfolioOfInvestmentsTable"
      xlink:to="pattern_PortfolioOfInvestmentsTable_lbl" />
    <label xlink:type="resource"
      xlink:label="pattern_PortfolioOfInvestmentsTable_lbl"
      xml:lang="en"
      xlink:role="http://www.xbrl.org/2003/role/documentation">Documentation for S&amp;P Rating</label>
    <label xlink:type="resource"
      xlink:label="pattern_PortfolioOfInvestmentsTable_lbl"
      xml:lang="en"
      xlink:role="http://www.xbrl.org/2003/role/label">Portfolio of Investments [Table]</label>
    <loc xlink:type="locator"
      xlink:label="pattern_ShortTermInvestmentMember"
      xlink:href="GroupedReport.xsd#pattern_ShortTermInvestmentMember" />
    <labelArc xlink:type="arc"
      xlink:arcrole="http://www.xbrl.org/2003/arcrole/concept-label"
      xlink:from="pattern_ShortTermInvestmentMember"
      xlink:to="pattern_ShortTermInvestmentMember_lbl" />
    <label xlink:type="resource"
      xlink:label="pattern_ShortTermInvestmentMember_lbl"
      xml:lang="en"
      xlink:role="http://www.xbrl.org/2003/role/documentation">Documentation for S&amp;P Rating</label>
    <label xlink:type="resource"
      xlink:label="pattern_ShortTermInvestmentMember_lbl"
      xml:lang="en"
      xlink:role="http://www.xbrl.org/2003/role/label">Short-Term Investment [Member]</label>
    <loc xlink:type="locator"
      xlink:label="pattern_SingaporeMember"
      xlink:href="GroupedReport.xsd#pattern_SingaporeMember" />
    <labelArc xlink:type="arc"
      xlink:arcrole="http://www.xbrl.org/2003/arcrole/concept-label"
      xlink:from="pattern_SingaporeMember" xlink:to="pattern_SingaporeMember_lbl" />
    <label xlink:type="resource"
      xlink:label="pattern_SingaporeMember_lbl"
      xml:lang="en"
      xlink:role="http://www.xbrl.org/2003/role/documentation">Documentation for S&amp;P Rating</label>
    <label xlink:type="resource"
      xlink:label="pattern_SingaporeMember_lbl"
      xml:lang="en"
      xlink:role="http://www.xbrl.org/2003/role/label">Singapore [Member]</label>
    <loc xlink:type="locator"
      xlink:label="pattern_SoftwareMember"
      xlink:href="GroupedReport.xsd#pattern_SoftwareMember" />
    <labelArc xlink:type="arc"
      xlink:arcrole="http://www.xbrl.org/2003/arcrole/concept-label"
      xlink:from="pattern_SoftwareMember" xlink:to="pattern_SoftwareMember_lbl" />
    <label xlink:type="resource"
      xlink:label="pattern_SoftwareMember_lbl"
      xml:lang="en"
      xlink:role="http://www.xbrl.org/2003/role/label">Software [Member]</label>
    <loc xlink:type="locator"
      xlink:label="pattern_StandardAndPoorRating"
      xlink:href="GroupedReport.xsd#pattern_StandardAndPoorRating" />
    <labelArc xlink:type="arc"
      xlink:arcrole="http://www.xbrl.org/2003/arcrole/concept-label"
      xlink:from="pattern_StandardAndPoorRating"
      xlink:to="pattern_StandardAndPoorRating_lbl" />
    <label xlink:type="resource"
      xlink:label="pattern_StandardAndPoorRating_lbl"
      xml:lang="en"
      xlink:role="http://www.xbrl.org/2003/role/documentation">Documentation for Shares</label>
    <label xlink:type="resource"
      xlink:label="pattern_StandardAndPoorRating_lbl"
      xml:lang="en"
      xlink:role="http://www.xbrl.org/2003/role/label">Standard and Poor Rating</label>
    <loc xlink:type="locator"
      xlink:label="pattern_TelecomsMember"
      xlink:href="GroupedReport.xsd#pattern_TelecomsMember" />
    <labelArc xlink:type="arc"
      xlink:arcrole="http://www.xbrl.org/2003/arcrole/concept-label"
      xlink:from="pattern_TelecomsMember" xlink:to="pattern_TelecomsMember_lbl" />
    <label xlink:type="resource"
      xlink:label="pattern_TelecomsMember_lbl"
      xml:lang="en"
      xlink:role="http://www.xbrl.org/2003/role/documentation">Documentation for S&amp;P Rating</label>
    <label xlink:type="resource"
      xlink:label="pattern_TelecomsMember_lbl"
      xml:lang="en"
      xlink:role="http://www.xbrl.org/2003/role/label">Telecoms [Member]</label>
  </labelLink>
</linkbase>