<?xml version="1.0" encoding="UTF-8" standalone="no" ?><?xml-stylesheet type="text/xsl" href="file:/C:/Programs/XPE40/resources/System/XbrlFormula2008Trace-toHtml.xsl"?><formulaTrace type="Full Report" version="4.0.0.2125" date="Wed May 10 10:29:03 PDT 2017" baseURI="C:/Users/Charlie/Documents/CurrentVersions/DigitalFinancialReporting/Metapatterns/2017-05-07/03-RollForward/RollForward-SampleInstance.xml" xmlns:xlink="http://www.w3.org/1999/xlink" xmlns:link="http://www.xbrl.org/2003/linkbase" xmlns:xsi="http://www.w3.org/2001/XMLSchema-instance" xmlns:xbrli="http://www.xbrl.org/2003/instance" xmlns:iso4217="http://www.xbrl.org/2003/iso4217" xsi:schemaLocation="http://xbrl.org/2006/xbrldi xbrldi-2006.xsd" >
 <assertionTest cnt="1" id="RollForwardReconciles_Land_NEW" satisfied="satisfied" test="$VARIABLE_BalanceStart=1147000 + $Additions=400000 - $Disposals=200000 + $TranslationDifference=-200000 = $VARIABLE_BalanceEnd=1147000" type="valueAssertion" value="true" />
 <assertionTest cnt="2" id="RollForwardReconciles_Land_NEW" satisfied="satisfied" test="$VARIABLE_BalanceStart=1147000 + $Additions=1992000 - $Disposals=193000 + $TranslationDifference=2401000 = $VARIABLE_BalanceEnd=5347000" type="valueAssertion" value="true" />
 <assertionTest cnt="1" count="3" id="Exists_Land" message="SATISFIED: (OK) The reported fact for Land which is expected was found." satisfied="satisfied" test="[3]" type="existenceAssertion" value="3" />
 <assertionReport count="3">
 <assertionTest cnt="1" id="RollForwardReconciles_Land_NEW" satisfied="satisfied" test="$VARIABLE_BalanceStart=1147000 + $Additions=400000 - $Disposals=200000 + $TranslationDifference=-200000 = $VARIABLE_BalanceEnd=1147000" type="valueAssertion" value="true" />
 <assertionTest cnt="2" id="RollForwardReconciles_Land_NEW" satisfied="satisfied" test="$VARIABLE_BalanceStart=1147000 + $Additions=1992000 - $Disposals=193000 + $TranslationDifference=2401000 = $VARIABLE_BalanceEnd=5347000" type="valueAssertion" value="true" />
 <assertionTest cnt="1" count="3" id="Exists_Land" message="SATISFIED: (OK) The reported fact for Land which is expected was found." satisfied="satisfied" test="[3]" type="existenceAssertion" value="3" />
  </assertionReport>
 <summary notSatisfiedAssertionCount="0" firedAssertionCount="3" duration="831ms" outputContextCount="0" outputUnitCount="0" firedFormulaCount="0" compiledFormulaCount="0" satisifiedAssertionCount="3" outputFactCount="0" compiledAssertionCount="2" />
</formulaTrace>
