<?xml version="1.0" encoding="utf-8"?>
<linkbase
  xmlns="http://www.xbrl.org/2003/linkbase"
  xmlns:xsi="http://www.w3.org/2001/XMLSchema-instance"
  xmlns:xlink="http://www.w3.org/1999/xlink"
  xsi:schemaLocation="
    http://www.xbrl.org/2003/linkbase 
      http://www.xbrl.org/2003/xbrl-linkbase-2003-12-31.xsd
    ">
  <roleRef xlink:type="simple"
    xlink:href="RollForward.xsd#RollForwardOfLand"
    roleURI="http://xbrlsite.azurewebsites.net/DigitalFinancialReporting/ConceptArrangementPatterns/RollForward/RollForwardOfLand" />
  <calculationLink xlink:type="extended"
    xlink:role="http://xbrlsite.azurewebsites.net/DigitalFinancialReporting/ConceptArrangementPatterns/RollForward/RollForwardOfLand">
    <loc xlink:type="locator"
      xlink:label="pattern_LandPeriodIncreaseDecrease"
      xlink:href="RollForward.xsd#pattern_LandPeriodIncreaseDecrease" />
    <loc xlink:type="locator"
      xlink:label="pattern_LandAdditions"
      xlink:href="RollForward.xsd#pattern_LandAdditions" />
    <calculationArc xlink:type="arc"
      xlink:arcrole="http://www.xbrl.org/2003/arcrole/summation-item"
      xlink:from="pattern_LandPeriodIncreaseDecrease"
      xlink:to="pattern_LandAdditions"
      order="1"
      weight="1"
      use="optional" />
    <loc xlink:type="locator"
      xlink:label="pattern_LandDisposals"
      xlink:href="RollForward.xsd#pattern_LandDisposals" />
    <calculationArc xlink:type="arc"
      xlink:arcrole="http://www.xbrl.org/2003/arcrole/summation-item"
      xlink:from="pattern_LandPeriodIncreaseDecrease"
      xlink:to="pattern_LandDisposals"
      order="2"
      weight="-1"
      use="optional" />
    <loc xlink:type="locator"
      xlink:label="pattern_LandTranslationDifference"
      xlink:href="RollForward.xsd#pattern_LandTranslationDifference" />
    <calculationArc xlink:type="arc"
      xlink:arcrole="http://www.xbrl.org/2003/arcrole/summation-item"
      xlink:from="pattern_LandPeriodIncreaseDecrease"
      xlink:to="pattern_LandTranslationDifference"
      order="3"
      weight="1"
      use="optional" />
  </calculationLink>
</linkbase>