<?xml version="1.0" encoding="utf-8"?>
<!--
Taxonomy Label Links linkbase based on XBRL standard Version 2.1.
Created by UBmatrix Taxonomy Designer 3.0.3.2436 (2009-06-02 13:18).  
Contact www.ubmatrix.com
Copyright (c) 2002-2017 UBmatrix inc., All Rights Reserved
Produced on 2017-06-13 08:32:21
-->
<linkbase
  xmlns="http://www.xbrl.org/2003/linkbase"
  xmlns:xsi="http://www.w3.org/2001/XMLSchema-instance"
  xmlns:xlink="http://www.w3.org/1999/xlink"
  xsi:schemaLocation="
    http://www.xbrl.org/2003/linkbase 
      http://www.xbrl.org/2003/xbrl-linkbase-2003-12-31.xsd
    ">
  <roleRef xlink:type="simple"
    xlink:href="http://www.xbrl.org/lrr/role/negated-2009-12-16.xsd#negatedLabel"
    roleURI="http://www.xbrl.org/2009/role/negatedLabel" />
  <labelLink xlink:type="extended"
    xlink:role="http://www.xbrl.org/2003/role/link">
    <loc xlink:type="locator"
      xlink:label="pattern_ShareOwnershipPlan1Member"
      xlink:href="RollForwardInCompoundFact.xsd#pattern_ShareOwnershipPlan1Member" />
    <labelArc xlink:type="arc"
      xlink:arcrole="http://www.xbrl.org/2003/arcrole/concept-label"
      xlink:from="pattern_ShareOwnershipPlan1Member"
      xlink:to="pattern_ShareOwnershipPlan1Member_lbl" />
    <label xlink:type="resource"
      xlink:label="pattern_ShareOwnershipPlan1Member_lbl"
      xml:lang="en"
      xlink:role="http://www.xbrl.org/2003/role/documentation">Sed magna felis, accumsan a, fermentum quis, varius sed, ipsum. Nullam leo. Donec eros.</label>
    <label xlink:type="resource"
      xlink:label="pattern_ShareOwnershipPlan1Member_lbl"
      xml:lang="en"
      xlink:role="http://www.xbrl.org/2003/role/label">Share Ownership Plan 1 [Member]</label>
    <loc xlink:type="locator"
      xlink:label="pattern_ShareOwnershipPlanDescriptionGeneralTermsAndConditions"
      xlink:href="RollForwardInCompoundFact.xsd#pattern_ShareOwnershipPlanDescriptionGeneralTermsAndConditions" />
    <labelArc xlink:type="arc"
      xlink:arcrole="http://www.xbrl.org/2003/arcrole/concept-label"
      xlink:from="pattern_ShareOwnershipPlanDescriptionGeneralTermsAndConditions"
      xlink:to="pattern_ShareOwnershipPlanDescriptionGeneralTermsAndConditions_lbl" />
    <label xlink:type="resource"
      xlink:label="pattern_ShareOwnershipPlanDescriptionGeneralTermsAndConditions_lbl"
      xml:lang="en"
      xlink:role="http://www.xbrl.org/2003/role/documentation">Praesent fringilla feugiat magna. Suspendisse et lorem eu risus convallis placerat. Suspendisse potenti.</label>
    <label xlink:type="resource"
      xlink:label="pattern_ShareOwnershipPlanDescriptionGeneralTermsAndConditions_lbl"
      xml:lang="en"
      xlink:role="http://www.xbrl.org/2003/role/label">Share Ownership Plan, Description, General Terms and Conditions</label>
    <loc xlink:type="locator"
      xlink:label="pattern_ShareOwnershipPlanHierarchy"
      xlink:href="RollForwardInCompoundFact.xsd#pattern_ShareOwnershipPlanHierarchy" />
    <labelArc xlink:type="arc"
      xlink:arcrole="http://www.xbrl.org/2003/arcrole/concept-label"
      xlink:from="pattern_ShareOwnershipPlanHierarchy"
      xlink:to="pattern_ShareOwnershipPlanHierarchy_lbl" />
    <label xlink:type="resource"
      xlink:label="pattern_ShareOwnershipPlanHierarchy_lbl"
      xml:lang="en"
      xlink:role="http://www.xbrl.org/2003/role/documentation">Sed mauris. Nulla facilisi. Fusce tristique posuere ipsum.</label>
    <label xlink:type="resource"
      xlink:label="pattern_ShareOwnershipPlanHierarchy_lbl"
      xml:lang="en"
      xlink:role="http://www.xbrl.org/2003/role/label">Share Ownership Plan [Hierarchy]</label>
    <loc xlink:type="locator"
      xlink:label="pattern_ShareOwnershipPlanIdentifierAxis"
      xlink:href="RollForwardInCompoundFact.xsd#pattern_ShareOwnershipPlanIdentifierAxis" />
    <labelArc xlink:type="arc"
      xlink:arcrole="http://www.xbrl.org/2003/arcrole/concept-label"
      xlink:from="pattern_ShareOwnershipPlanIdentifierAxis"
      xlink:to="pattern_ShareOwnershipPlanIdentifierAxis_lbl" />
    <label xlink:type="resource"
      xlink:label="pattern_ShareOwnershipPlanIdentifierAxis_lbl"
      xml:lang="en"
      xlink:role="http://www.xbrl.org/2003/role/documentation">Maecenas tincidunt, ipsum in fringilla hendrerit, dolor metus eleifend neque, vel tincidunt mi nunc a purus.</label>
    <label xlink:type="resource"
      xlink:label="pattern_ShareOwnershipPlanIdentifierAxis_lbl"
      xml:lang="en"
      xlink:role="http://www.xbrl.org/2003/role/label">Share Ownership Plan, Identifier [Axis]</label>
    <loc xlink:type="locator"
      xlink:label="pattern_ShareOwnershipPlanLineItems"
      xlink:href="RollForwardInCompoundFact.xsd#pattern_ShareOwnershipPlanLineItems" />
    <labelArc xlink:type="arc"
      xlink:arcrole="http://www.xbrl.org/2003/arcrole/concept-label"
      xlink:from="pattern_ShareOwnershipPlanLineItems"
      xlink:to="pattern_ShareOwnershipPlanLineItems_lbl" />
    <label xlink:type="resource"
      xlink:label="pattern_ShareOwnershipPlanLineItems_lbl"
      xml:lang="en"
      xlink:role="http://www.xbrl.org/2003/role/documentation">Etiam feugiat massa nec nibh. Curabitur fermentum mattis eros. Pellentesque pede felis, rhoncus accumsan, luctus ut, facilisis vitae, tortor.</label>
    <label xlink:type="resource"
      xlink:label="pattern_ShareOwnershipPlanLineItems_lbl"
      xml:lang="en"
      xlink:role="http://www.xbrl.org/2003/role/label">Share Ownership Plan [Line Items]</label>
    <loc xlink:type="locator"
      xlink:label="pattern_ShareOwnershipPlanShareOptionsExercised"
      xlink:href="RollForwardInCompoundFact.xsd#pattern_ShareOwnershipPlanShareOptionsExercised" />
    <labelArc xlink:type="arc"
      xlink:arcrole="http://www.xbrl.org/2003/arcrole/concept-label"
      xlink:from="pattern_ShareOwnershipPlanShareOptionsExercised"
      xlink:to="pattern_ShareOwnershipPlanShareOptionsExercised_lbl" />
    <label xlink:type="resource"
      xlink:label="pattern_ShareOwnershipPlanShareOptionsExercised_lbl"
      xml:lang="en"
      xlink:role="http://www.xbrl.org/2003/role/documentation">In vel justo at urna rutrum ultrices. Cras consectetuer orci non lorem.</label>
    <label xlink:type="resource"
      xlink:label="pattern_ShareOwnershipPlanShareOptionsExercised_lbl"
      xml:lang="en"
      xlink:role="http://www.xbrl.org/2003/role/label">Share Ownership Plan, Share Options Exercised</label>
    <label xlink:type="resource"
      xlink:label="pattern_ShareOwnershipPlanShareOptionsExercised_lbl"
      xml:lang="en"
      xlink:role="http://www.xbrl.org/2009/role/negatedLabel">Share Ownership Plan, Share Options Exercised</label>
    <loc xlink:type="locator"
      xlink:label="pattern_ShareOwnershipPlanShareOptionsExpired"
      xlink:href="RollForwardInCompoundFact.xsd#pattern_ShareOwnershipPlanShareOptionsExpired" />
    <labelArc xlink:type="arc"
      xlink:arcrole="http://www.xbrl.org/2003/arcrole/concept-label"
      xlink:from="pattern_ShareOwnershipPlanShareOptionsExpired"
      xlink:to="pattern_ShareOwnershipPlanShareOptionsExpired_lbl" />
    <label xlink:type="resource"
      xlink:label="pattern_ShareOwnershipPlanShareOptionsExpired_lbl"
      xml:lang="en"
      xlink:role="http://www.xbrl.org/2003/role/documentation">Nam non tortor non leo porta bibendum.</label>
    <label xlink:type="resource"
      xlink:label="pattern_ShareOwnershipPlanShareOptionsExpired_lbl"
      xml:lang="en"
      xlink:role="http://www.xbrl.org/2003/role/label">Share Ownership Plan, Share Options Expired</label>
    <label xlink:type="resource"
      xlink:label="pattern_ShareOwnershipPlanShareOptionsExpired_lbl"
      xml:lang="en"
      xlink:role="http://www.xbrl.org/2009/role/negatedLabel">Share Ownership Plan, Share Options Expired</label>
    <loc xlink:type="locator"
      xlink:label="pattern_ShareOwnershipPlanShareOptionsForfeited"
      xlink:href="RollForwardInCompoundFact.xsd#pattern_ShareOwnershipPlanShareOptionsForfeited" />
    <labelArc xlink:type="arc"
      xlink:arcrole="http://www.xbrl.org/2003/arcrole/concept-label"
      xlink:from="pattern_ShareOwnershipPlanShareOptionsForfeited"
      xlink:to="pattern_ShareOwnershipPlanShareOptionsForfeited_lbl" />
    <label xlink:type="resource"
      xlink:label="pattern_ShareOwnershipPlanShareOptionsForfeited_lbl"
      xml:lang="en"
      xlink:role="http://www.xbrl.org/2003/role/documentation">Vestibulum bibendum aliquet augue. Proin venenatis ultricies risus.</label>
    <label xlink:type="resource"
      xlink:label="pattern_ShareOwnershipPlanShareOptionsForfeited_lbl"
      xml:lang="en"
      xlink:role="http://www.xbrl.org/2003/role/label">Share Ownership Plan, Share Options Forfeited</label>
    <label xlink:type="resource"
      xlink:label="pattern_ShareOwnershipPlanShareOptionsForfeited_lbl"
      xml:lang="en"
      xlink:role="http://www.xbrl.org/2009/role/negatedLabel">Share Ownership Plan, Share Options Forfeited</label>
    <loc xlink:type="locator"
      xlink:label="pattern_ShareOwnershipPlanShareOptionsGranted"
      xlink:href="RollForwardInCompoundFact.xsd#pattern_ShareOwnershipPlanShareOptionsGranted" />
    <labelArc xlink:type="arc"
      xlink:arcrole="http://www.xbrl.org/2003/arcrole/concept-label"
      xlink:from="pattern_ShareOwnershipPlanShareOptionsGranted"
      xlink:to="pattern_ShareOwnershipPlanShareOptionsGranted_lbl" />
    <label xlink:type="resource"
      xlink:label="pattern_ShareOwnershipPlanShareOptionsGranted_lbl"
      xml:lang="en"
      xlink:role="http://www.xbrl.org/2003/role/documentation">Donec id sem. Integer sit amet diam ac nibh consequat vestibulum.</label>
    <label xlink:type="resource"
      xlink:label="pattern_ShareOwnershipPlanShareOptionsGranted_lbl"
      xml:lang="en"
      xlink:role="http://www.xbrl.org/2003/role/label">Share Ownership Plan, Share Options Granted</label>
    <loc xlink:type="locator"
      xlink:label="pattern_ShareOwnershipPlanShareOptionsOutstandingRollForward"
      xlink:href="RollForwardInCompoundFact.xsd#pattern_ShareOwnershipPlanShareOptionsOutstandingRollForward" />
    <labelArc xlink:type="arc"
      xlink:arcrole="http://www.xbrl.org/2003/arcrole/concept-label"
      xlink:from="pattern_ShareOwnershipPlanShareOptionsOutstandingRollForward"
      xlink:to="pattern_ShareOwnershipPlanShareOptionsOutstandingRollForward_lbl" />
    <label xlink:type="resource"
      xlink:label="pattern_ShareOwnershipPlanShareOptionsOutstandingRollForward_lbl"
      xml:lang="en"
      xlink:role="http://www.xbrl.org/2003/role/documentation">Ut venenatis, velit a accumsan interdum, odio metus mollis mauris, non pharetra augue arcu eu felis. Ut eget felis.</label>
    <label xlink:type="resource"
      xlink:label="pattern_ShareOwnershipPlanShareOptionsOutstandingRollForward_lbl"
      xml:lang="en"
      xlink:role="http://www.xbrl.org/2003/role/label">Share Ownership Plan, Share Options Outstanding [Roll Forward]</label>
    <loc xlink:type="locator"
      xlink:label="pattern_ShareOwnershipPlanShareOptionsOutstanding"
      xlink:href="RollForwardInCompoundFact.xsd#pattern_ShareOwnershipPlanShareOptionsOutstanding" />
    <labelArc xlink:type="arc"
      xlink:arcrole="http://www.xbrl.org/2003/arcrole/concept-label"
      xlink:from="pattern_ShareOwnershipPlanShareOptionsOutstanding"
      xlink:to="pattern_ShareOwnershipPlanShareOptionsOutstanding_lbl" />
    <label xlink:type="resource"
      xlink:label="pattern_ShareOwnershipPlanShareOptionsOutstanding_lbl"
      xml:lang="en"
      xlink:role="http://www.xbrl.org/2003/role/documentation">Sed magna felis, accumsan a, fermentum quis, varius sed, ipsum. Nullam leo. Donec eros.</label>
    <label xlink:type="resource"
      xlink:label="pattern_ShareOwnershipPlanShareOptionsOutstanding_lbl"
      xml:lang="en"
      xlink:role="http://www.xbrl.org/2003/role/periodEndLabel">Share Ownership Plan, Share Options Outstanding, Ending Balance</label>
    <label xlink:type="resource"
      xlink:label="pattern_ShareOwnershipPlanShareOptionsOutstanding_lbl"
      xml:lang="en"
      xlink:role="http://www.xbrl.org/2003/role/periodStartLabel">Share Ownership Plan, Share Options Outstanding, Beginning Balance</label>
    <label xlink:type="resource"
      xlink:label="pattern_ShareOwnershipPlanShareOptionsOutstanding_lbl"
      xml:lang="en"
      xlink:role="http://www.xbrl.org/2003/role/label">Share Ownership Plan, Share Options Outstanding</label>
    <loc xlink:type="locator"
      xlink:label="pattern_ShareOwnershipPlanTable"
      xlink:href="RollForwardInCompoundFact.xsd#pattern_ShareOwnershipPlanTable" />
    <labelArc xlink:type="arc"
      xlink:arcrole="http://www.xbrl.org/2003/arcrole/concept-label"
      xlink:from="pattern_ShareOwnershipPlanTable"
      xlink:to="pattern_ShareOwnershipPlanTable_lbl" />
    <label xlink:type="resource"
      xlink:label="pattern_ShareOwnershipPlanTable_lbl"
      xml:lang="en"
      xlink:role="http://www.xbrl.org/2003/role/documentation">Suspendisse vestibulum augue eu justo. Pellentesque habitant morbi tristique senectus et netus et malesuada fames ac turpis egestas.</label>
    <label xlink:type="resource"
      xlink:label="pattern_ShareOwnershipPlanTable_lbl"
      xml:lang="en"
      xlink:role="http://www.xbrl.org/2003/role/label">Share Ownership Plan [Table]</label>
  </labelLink>
</linkbase>