<?xml version="1.0" encoding="utf-8"?>
<!--
Taxonomy Definition Links linkbase based on XBRL standard Version 2.1.
Created by UBmatrix Taxonomy Designer 3.0.3.2433 (2009-05-15 09:36).  
Contact www.ubmatrix.com
Copyright (c) 2002-2011 UBmatrix inc., All Rights Reserved
Produced on 2011-07-21 11:18:19
-->
<linkbase
  xmlns="http://www.xbrl.org/2003/linkbase"
  xmlns:xsi="http://www.w3.org/2001/XMLSchema-instance"
  xmlns:xlink="http://www.w3.org/1999/xlink"
  xmlns:xbrldt="http://xbrl.org/2005/xbrldt"
  xsi:schemaLocation="
    http://www.xbrl.org/2003/linkbase 
      http://www.xbrl.org/2003/xbrl-linkbase-2003-12-31.xsd
    http://xbrl.org/2005/xbrldt  http://www.xbrl.org/2005/xbrldt-2005.xsd
    ">
  <roleRef xlink:type="simple"
    xlink:href="RollForwardInCompoundFact.xsd#ShareOwnershipPlans"
    roleURI="http://xbrlsite.azurewebsites.net/DigitalFinancialReporting/BusinessUseCases/RollForwardInCompoundFact/ShareOwnershipPlans" />
  <arcroleRef xlink:type="simple"
    xlink:href="http://www.xbrl.org/2005/xbrldt-2005.xsd#domain-member"
    arcroleURI="http://xbrl.org/int/dim/arcrole/domain-member" />
  <arcroleRef xlink:type="simple"
    xlink:href="http://www.xbrl.org/2005/xbrldt-2005.xsd#all"
    arcroleURI="http://xbrl.org/int/dim/arcrole/all" />
  <arcroleRef xlink:type="simple"
    xlink:href="http://www.xbrl.org/2005/xbrldt-2005.xsd#hypercube-dimension"
    arcroleURI="http://xbrl.org/int/dim/arcrole/hypercube-dimension" />
  <arcroleRef xlink:type="simple"
    xlink:href="http://www.xbrl.org/2005/xbrldt-2005.xsd#dimension-domain"
    arcroleURI="http://xbrl.org/int/dim/arcrole/dimension-domain" />
  <definitionLink xlink:type="extended"
    xlink:role="http://xbrlsite.azurewebsites.net/DigitalFinancialReporting/BusinessUseCases/RollForwardInCompoundFact/ShareOwnershipPlans">
    <loc xlink:type="locator"
      xlink:label="pattern_ShareOwnershipPlanLineItems"
      xlink:href="RollForwardInCompoundFact.xsd#pattern_ShareOwnershipPlanLineItems" />
    <loc xlink:type="locator"
      xlink:label="pattern_ShareOwnershipPlanHierarchy"
      xlink:href="RollForwardInCompoundFact.xsd#pattern_ShareOwnershipPlanHierarchy" />
    <definitionArc xlink:type="arc"
      xlink:arcrole="http://xbrl.org/int/dim/arcrole/domain-member"
      xlink:from="pattern_ShareOwnershipPlanLineItems"
      xlink:to="pattern_ShareOwnershipPlanHierarchy"
      order="1"
      use="optional" />
    <loc xlink:type="locator"
      xlink:label="pattern_ShareOwnershipPlanDescriptionGeneralTermsAndConditions"
      xlink:href="RollForwardInCompoundFact.xsd#pattern_ShareOwnershipPlanDescriptionGeneralTermsAndConditions" />
    <definitionArc xlink:type="arc"
      xlink:arcrole="http://xbrl.org/int/dim/arcrole/domain-member"
      xlink:from="pattern_ShareOwnershipPlanHierarchy"
      xlink:to="pattern_ShareOwnershipPlanDescriptionGeneralTermsAndConditions"
      order="1"
      use="optional" />
    <loc xlink:type="locator"
      xlink:label="pattern_ShareOwnershipPlanShareOptionsOutstandingRollForward"
      xlink:href="RollForwardInCompoundFact.xsd#pattern_ShareOwnershipPlanShareOptionsOutstandingRollForward" />
    <definitionArc xlink:type="arc"
      xlink:arcrole="http://xbrl.org/int/dim/arcrole/domain-member"
      xlink:from="pattern_ShareOwnershipPlanLineItems"
      xlink:to="pattern_ShareOwnershipPlanShareOptionsOutstandingRollForward"
      order="2"
      use="optional" />
    <loc xlink:type="locator"
      xlink:label="pattern_ShareOwnershipPlanShareOptionsOutstanding"
      xlink:href="RollForwardInCompoundFact.xsd#pattern_ShareOwnershipPlanShareOptionsOutstanding" />
    <definitionArc xlink:type="arc"
      xlink:arcrole="http://xbrl.org/int/dim/arcrole/domain-member"
      xlink:from="pattern_ShareOwnershipPlanShareOptionsOutstandingRollForward"
      xlink:to="pattern_ShareOwnershipPlanShareOptionsOutstanding"
      order="1"
      use="optional" />
    <loc xlink:type="locator"
      xlink:label="pattern_ShareOwnershipPlanShareOptionsGranted"
      xlink:href="RollForwardInCompoundFact.xsd#pattern_ShareOwnershipPlanShareOptionsGranted" />
    <definitionArc xlink:type="arc"
      xlink:arcrole="http://xbrl.org/int/dim/arcrole/domain-member"
      xlink:from="pattern_ShareOwnershipPlanShareOptionsOutstandingRollForward"
      xlink:to="pattern_ShareOwnershipPlanShareOptionsGranted"
      order="2"
      use="optional" />
    <loc xlink:type="locator"
      xlink:label="pattern_ShareOwnershipPlanShareOptionsForfeited"
      xlink:href="RollForwardInCompoundFact.xsd#pattern_ShareOwnershipPlanShareOptionsForfeited" />
    <definitionArc xlink:type="arc"
      xlink:arcrole="http://xbrl.org/int/dim/arcrole/domain-member"
      xlink:from="pattern_ShareOwnershipPlanShareOptionsOutstandingRollForward"
      xlink:to="pattern_ShareOwnershipPlanShareOptionsForfeited"
      order="3"
      use="optional" />
    <loc xlink:type="locator"
      xlink:label="pattern_ShareOwnershipPlanShareOptionsExercised"
      xlink:href="RollForwardInCompoundFact.xsd#pattern_ShareOwnershipPlanShareOptionsExercised" />
    <definitionArc xlink:type="arc"
      xlink:arcrole="http://xbrl.org/int/dim/arcrole/domain-member"
      xlink:from="pattern_ShareOwnershipPlanShareOptionsOutstandingRollForward"
      xlink:to="pattern_ShareOwnershipPlanShareOptionsExercised"
      order="4"
      use="optional" />
    <loc xlink:type="locator"
      xlink:label="pattern_ShareOwnershipPlanShareOptionsExpired"
      xlink:href="RollForwardInCompoundFact.xsd#pattern_ShareOwnershipPlanShareOptionsExpired" />
    <definitionArc xlink:type="arc"
      xlink:arcrole="http://xbrl.org/int/dim/arcrole/domain-member"
      xlink:from="pattern_ShareOwnershipPlanShareOptionsOutstandingRollForward"
      xlink:to="pattern_ShareOwnershipPlanShareOptionsExpired"
      order="5"
      use="optional" />
    <loc xlink:type="locator"
      xlink:label="pattern_ShareOwnershipPlanTable"
      xlink:href="RollForwardInCompoundFact.xsd#pattern_ShareOwnershipPlanTable" />
    <definitionArc xlink:type="arc"
      xlink:arcrole="http://xbrl.org/int/dim/arcrole/all"
      xlink:from="pattern_ShareOwnershipPlanLineItems"
      xlink:to="pattern_ShareOwnershipPlanTable"
      order="3"
      use="optional"
      xbrldt:contextElement="segment"
      xbrldt:closed="true" />
    <loc xlink:type="locator"
      xlink:label="frm_LegalEntityAxis"
      xlink:href="http://xbrlsite.azurewebsites.net/DigitalFinancialReporting/Schemas/2017-05-07/frm.xsd#frm_LegalEntityAxis" />
    <definitionArc xlink:type="arc"
      xlink:arcrole="http://xbrl.org/int/dim/arcrole/hypercube-dimension"
      xlink:from="pattern_ShareOwnershipPlanTable"
      xlink:to="frm_LegalEntityAxis"
      order="1"
      use="optional" />
    <loc xlink:type="locator"
      xlink:label="frm_ConsolidatedEntityMember"
      xlink:href="http://xbrlsite.azurewebsites.net/DigitalFinancialReporting/Schemas/2017-05-07/frm.xsd#frm_ConsolidatedEntityMember" />
    <definitionArc xlink:type="arc"
      xlink:arcrole="http://xbrl.org/int/dim/arcrole/dimension-domain"
      xlink:from="frm_LegalEntityAxis" xlink:to="frm_ConsolidatedEntityMember"
      order="1"
      use="optional" />
    <loc xlink:type="locator"
      xlink:label="pattern_ShareOwnershipPlanIdentifierAxis"
      xlink:href="RollForwardInCompoundFact.xsd#pattern_ShareOwnershipPlanIdentifierAxis" />
    <definitionArc xlink:type="arc"
      xlink:arcrole="http://xbrl.org/int/dim/arcrole/hypercube-dimension"
      xlink:from="pattern_ShareOwnershipPlanTable"
      xlink:to="pattern_ShareOwnershipPlanIdentifierAxis"
      order="2"
      use="optional" />
    <loc xlink:type="locator"
      xlink:label="pattern_ShareOwnershipPlan1Member"
      xlink:href="RollForwardInCompoundFact.xsd#pattern_ShareOwnershipPlan1Member" />
    <definitionArc xlink:type="arc"
      xlink:arcrole="http://xbrl.org/int/dim/arcrole/dimension-domain"
      xlink:from="pattern_ShareOwnershipPlanIdentifierAxis"
      xlink:to="pattern_ShareOwnershipPlan1Member"
      order="1"
      use="optional" />
  </definitionLink>
</linkbase>